--[[ Aether 7.0 PRO+ ]]
return (function(...)
local function _IillIIIil1l_8c()
    local _safe = true
    if hookfunction and isexecutorclosure then
        local testFn = function() return 1 end
        pcall(function()
            if not isexecutorclosure(testFn) then
                while true do end
            end
        end)
    end
    local env = (getgenv and getgenv()) or (getfenv and getfenv()) or _G
    if setreadonly and getrawmetatable then
        pcall(function()
            local mt = getrawmetatable(game)
            if mt and isreadonly and not isreadonly(mt) then
                setreadonly(mt, true)
            end
        end)
    end
    if debug and debug.getconstants then
        pcall(function()
            local decoy = function() return "\100\101\99\111\121" end
            local c = debug.getconstants(decoy)
        end)
    end
    return _safe
end
pcall(_IillIIIil1l_8c)

local _II_lll1l1_l1i_m9 = {
    140,113,63,251,180,54,11,219,185,71,5,195,151,89,13,238,172,161,99,72,202,214,9,82,134,215,30,89,162,138,75,1,193,178,60,
    5,209,159,120,99,252,255,83,21,8,206,191,47,3,168,171,54,105,178,171,4,108,170,232,38,31,180,249,204,15,39,152,203,20,20,
    197,128,79,30,193,137,74,74,137,212,22,54,247,181,117,62,176,145,161,74,59,253,137,65,53,211,233,73,54,166,240,51,108,162,224,
    52,117,178,241,222,22,90,139,194,29,82,149,206,30,74,149,219,4,91,153,231,53,122,249,184,112,114,10,223,134,69,16,203,143,112,
    116,179,248,100,49,230,165,124,34,170,248,126,39,227,240,204,15,90,221,152,80,82,223,156,12,4,193,138,46,11,198,254,52,114,173,
    230,195,14,71,138,223,15,68,136,192,46,124,164,248,39,100,162,249,46,56,226,173,104,100,238,175,157,93,22,152,169,5,45,220,167,
    29,35,225,138,21,43,233,178,112,5,22,133,208,19,76,199,137,82,12,140,142,113,53,233,189,62,98,163,228,57,96,170,253,54,119,
    174,224,206,21,90,221,152,80,120,220,129,79,11,196,198,123,83,145,151,177,7,61,251,185,113,0,198,183,121,6,154,192,35,124,178,
    190,99,58,241,164,103,35,228,224,47,100,238,175,157,93,22,152,169,64,82,141,206,87,90,208,209,66,6,74,220,212,22,64,133,192,
    28,17,138,154,67,16,215,146,112,124,197,172,77,119,205,164,46,103,170,253,91,100,231,174,154,21,82,145,252,93,20,144,198,74,11,
    196,149,101,30,29,212,156,22,92,129,198,30,89,138,213,27,68,154,212,55,117,186,172,126,49,252,240,98,35,233,169,106,100,221,169,
    183,117,51,212,154,88,30,249,130,29,53,230,160,32,3,92,201,140,68,29,220,151,0,30,207,158,67,22,209,133,54,126,198,233,38,
    102,206,233,57,16,187,248,49,24,179,240,207,30,83,152,147,90,22,186,130,103,37,229,174,32,97,21,214,148,90,69,251,156,66,51,
    198,161,111,59,192,131,62,97,186,240,101,49,254,181,109,56,170,169,104,32,162,179,155,80,31,219,130,28,85,175,237,36,102,188,250,
    48,7,80,154,203,2,71,155,208,16,76,155,216,15,68,195,142,122,124,225,232,110,101,164,226,111,42,247,232,105,54,162,174,151,80,
    112,209,144,48,102,225,171,124,46,170,164,108,81,19,200,208,91,21,198,152,0,28,195,193,6,89,159,192,39,117,186,172,126,49,252,
    240,98,35,233,169,106,100,221,159,183,13,51,221,155,89,127,197,166,100,15,219,160,102,30,65,154,155,89,6,221,133,90,5,196,141,
    8,7,208,133,127,40,255,240,112,33,252,179,122,37,229,166,46,109,162,165,144,124,127,180,183,126,42,134,166,103,37,229,174,32,97,
    35,214,177,90,61,251,193,66,0,245,132,23,59,192,135,62,97,186,240,62,99,164,231,63,108,160,232,55,118,183,181,250,61,118,166,
    242,45,115,172,243,49,127,173,226,97,80,24,154,158,67,26,209,132,71,3,196,192,15,68,208,133,106,41,232,182,54,100,234,228,106,
    41,236,251,38,69,48,248,250,119,36,180,188,121,34,134,163,110,102,172,234,52,13,68,154,211,22,67,155,208,4,76,154,200,24,68,
    147,208,46,117,186,172,126,49,252,240,98,35,233,197,142,0,1,240,182,71,9,248,190,124,34,211,251,100,47,219,160,106,30,65,154,
    149,87,0,218,222,64,3,195,155,67,76,151,210,44,104,182,248,34,103,170,252,46,24,79,132,135,78,58,150,182,119,53,245,190,48,
    17,197,131,97,119,232,243,95,97,53,243,148,7,61,237,146,69,76,151,200,14,2,215,142,125,40,243,183,120,124,187,140,134,71,5,
    197,142,0,1,232,250,37,118,239,226,104,118,187,168,56,126,168,226,50,11,79,143,133,22,6,215,132,91,30,196,200,121,16,249,195,
    65,40,186,243,54,5,51,140,143,70,2,141,202,9,84,245,188,56,126,242,179,124,61,233,234,105,40,224,226,40,12,69,131,200,22,
    73,143,208,31,95,157,193,15,68,214,136,123,50,186,216,157,83,15,192,202,119,10,149,142,17,50,240,133,113,31,221,187,79,17,211,
    168,102,102,185,226,115,74,14,211,150,81,90,192,149,88,9,216,155,67,76,128,188,47,8,68,232,203,7,50,157,218,31,58,149,210,
    17,124,181,250,125,56,240,216,124,33,239,171,100,102,219,174,49,82,16,229,177,127,69,251,185,66,93,195,129,121,6,205,156,199,24,
    94,199,151,92,11,207,158,8,7,202,134,0,45,249,182,125,53,224,250,55,109,171,230,40,112,189,240,51,18,92,142,200,5,93,146,
    206,14,93,154,193,6,33,16,216,218,67,70,204,145,2,86,152,151,8,9,214,194,78,55,240,208,113,48,180,250,125,47,248,162,38,
    32,232,173,111,76,84,215,153,66,28,156,128,71,69,138,249,63,96,71,149,218,76,30,209,156,16,2,195,137,73,10,132,189,76,23,
    240,235,113,31,248,141,124,7,197,149,106,52,164,255,32,93,19,200,151,67,0,219,158,75,102,229,182,103,33,10,217,210,94,3,218,
    145,68,7,195,132,0,79,132,135,78,58,181,250,125,56,240,216,124,33,239,171,100,102,219,174,108,82,16,214,148,127,24,222,133,67,
    23,217,166,113,96,67,156,210,16,65,135,198,0,78,134,202,25,84,150,203,0,123,188,232,56,107,169,242,41,119,181,227,40,39,234,
    166,32,88,9,212,155,66,57,225,162,34,97,166,182,103,52,11,206,148,24,70,204,150,4,12,158,219,8,3,202,134,0,49,238,250,
    118,63,248,216,121,40,172,226,32,117,183,245,32,21,92,141,253,50,122,174,252,42,118,166,245,50,112,87,156,142,80,19,218,210,92,
    1,207,139,68,70,251,171,127,50,173,182,41,103,248,190,121,34,211,168,126,102,185,226,109,95,44,254,250,124,63,231,191,111,96,183,
    252,55,119,82,156,201,11,65,152,210,0,71,140,143,70,2,174,142,79,61,253,182,56,9,165,187,124,127,211,166,57,119,205,243,149,
    83,7,244,163,50,109,174,228,108,61,232,167,118,41,17,210,210,17,86,216,157,83,15,192,202,119,18,132,223,0,37,172,162,125,111,
    166,228,32,98,172,248,62,119,86,227,252,104,61,226,161,96,62,174,147,126,19,165,155,118,96,85,156,207,101,86,209,156,84,71,132,
    195,34,15,194,194,8,56,253,182,107,51,180,179,126,42,172,226,208,21,81,170,252,39,101,182,224,35,99,167,229,42,60,238,161,108,
    96,18,211,153,89,26,148,173,89,2,157,219,97,47,237,189,105,23,240,235,81,9,246,168,48,115,72,213,144,80,9,240,187,52,42,
    243,162,119,34,253,169,34,106,218,245,50,114,34,133,205,100,71,132,197,108,95,156,219,10,79,132,135,78,58,150,182,119,53,245,190,
    204,117,1,239,173,78,9,242,176,69,105,223,157,126,15,237,252,42,117,166,236,113,37,18,217,153,76,86,213,156,84,78,223,143,68,
    3,199,150,8,121,191,253,52,118,68,153,213,24,68,134,210,16,73,190,226,58,105,166,253,50,49,224,168,42,51,182,188,97,120,31,
    140,201,69,86,219,128,16,0,197,134,34,15,194,194,8,51,253,174,156,28,22,194,131,69,26,142,137,67,20,246,242,106,49,191,244,
    47,109,174,245,35,104,242,172,103,46,94,208,149,91,23,216,210,111,49,157,131,68,57,237,171,76,111,73,223,171,81,67,142,209,10,
    11,201,150,77,21,234,181,116,61,184,183,96,53,239,184,111,96,224,177,108,35,10,213,149,86,94,157,210,85,0,200,195,8,3,202,
    134,246,86,23,213,149,94,80,241,179,70,89,239,141,107,41,247,149,43,7,245,224,50,109,174,228,34,127,181,241,48,96,84,156,201,
    10,79,157,210,21,78,158,202,21,91,160,135,197,3,81,150,149,92,20,142,138,95,6,197,144,75,15,240,244,51,120,228,177,102,37,
    252,162,42,120,254,243,96,37,27,142,218,93,24,208,210,95,28,140,132,109,46,138,215,154,26,80,158,192,5,66,142,199,10,95,143,
    196,8,64,174,252,36,120,167,228,34,121,174,184,98,45,232,228,110,47,29,221,150,24,41,216,158,111,2,228,170,53,115,236,210,181,
    115,20,218,171,81,71,142,209,10,5,199,144,74,78,240,179,115,43,243,252,39,98,187,245,38,104,178,243,48,108,94,140,211,24,19,
    218,150,6,38,231,165,101,46,160,225,163,86,73,218,152,91,28,159,128,70,89,202,187,67,64,163,252,97,120,237,229,43,101,162,254,
    63,121,170,246,54,117,82,141,195,1,11,188,238,119,120,186,245,40,112,180,139,208,8,76,142,216,3,73,151,192,24,89,158,153,14,
    64,229,237,35,106,186,230,39,97,162,254,63,125,170,245,59,121,82,141,195,35,47,188,238,119,120,185,255,40,112,181,141,208,8,75,
    133,216,0,65,154,192,24,90,150,200,16,80,167,240,40,105,175,248,32,99,187,224,59,112,180,232,51,118,71,180,231,34,99,237,226,
    44,49,186,244,53,110,178,138,196,22,74,131,196,30,66,159,213,6,90,150,208,14,81,167,232,54,105,175,226,111,124,174,183,56,120,
    181,232,48,41,105,180,228,39,97,188,255,53,115,164,244,49,114,172,140,205,9,84,135,205,5,92,156,220,26,68,151,210,18,76,175,
    229,42,37,186,244,105,97,183,245,38,122,179,145,242,46,110,161,250,38,102,160,226,62,122,188,234,54,112,177,146,206,11,78,154,198,
    2,66,130,221,28,88,138,213,17,82,178,237,45,96,186,229,42,96,162,253,57,23,78,145,237,46,118,169,229,44,126,161,253,62,55,
    164,230,127,112,176,138,208,8,76,129,216,0,67,151,192,24,88,149,200,19,89,166,240,40,106,164,169,62,112,245,154,212,22,78,146,
    236,40,118,170,227,36,126,162,254,52,102,186,244,53,110,178,138,200,22,74,135,196,30,66,159,220,6,89,145,214,14,81,166,234,54,
    105,174,230,62,29,92,144,202,21,87,146,242,45,108,170,250,37,96,168,226,61,126,176,187,40,98,251,140,206,8,84,132,198,6,92,
    156,217,26,68,148,212,26,76,172,238,43,116,164,133,220,0,88,153,208,8,80,146,238,48,107,174,225,56,99,168,255,113,102,168,189,
    54,115,185,146,206,15,73,154,198,1,73,130,221,19,81,219,200,2,27,172,237,35,24,64,133,223,0,88,155,223,8,83,153,231,97,
    118,184,173,38,99,169,226,62,127,185,234,54,113,185,146,205,3,65,154,198,7,65,130,222,26,81,138,214,19,82,178,138,199,13,15,
    156,206,87,88,153,223,8,80,149,239,48,104,171,239,56,99,169,247,113,102,168,189,54,115,185,146,206,15,73,154,198,1,73,130,221,
    19,81,219,200,2,71,75,129,195,24,67,137,216,0,88,153,208,8,80,147,234,48,104,168,230,56,96,162,252,32,120,185,247,40,112,
    177,142,208,11,78,134,216,3,73,158,145,6,72,221,242,206,8,86,138,194,3,94,130,221,21,70,154,214,23,78,145,231,36,118,170,
    228,38,47,188,238,119,120,184,247,40,112,180,143,208,8,76,142,216,0,64,152,192,27,125,176,236,204,14,72,148,196,5,66,156,220,
    24,91,132,215,28,81,140,239,42,98,180,231,44,96,188,255,58,114,245,234,36,57,178,140,207,22,74,130,193,30,66,156,254,42,117,
    187,243,210,14,74,136,218,5,75,133,194,29,83,157,155,8,66,219,236,46,105,180,228,32,103,188,252,62,124,245,234,36,57,178,142,
    207,22,74,131,199,30,126,185,251,42,117,187,249,131,16,90,195,196,4,65,156,220,30,95,132,212,16,85,140,236,44,108,180,228,37,
    106,188,252,61,123,164,247,61,117,172,140,205,3,84,135,230,62,96,187,254,52,104,179,242,199,16,75,129,199,24,67,133,222,0,91,
    155,209,8,83,149,233,48,107,172,224,105,126,176,181,62,120,177,234,54,112,180,146,206,9,109,190,226,63,124,166,250,55,124,174,241,
    205,4,86,137,195,6,94,129,218,25,70,153,222,23,78,145,233,47,118,169,224,32,126,162,250,56,102,185,245,48,110,177,140,225,58,
    101,167,229,34,125,191,240,42,117,177,246,210,13,74,138,218,5,64,134,194,21,93,132,215,22,86,140,230,46,118,174,238,56,100,165,
    226,53,123,164,241,54,110,111,162,244,37,98,190,227,57,96,187,249,62,104,180,240,210,5,86,136,218,13,67,156,219,24,70,154,212,
    19,78,146,235,45,118,170,226,39,126,162,250,52,102,185,240,214,50,109,174,239,58,101,167,226,34,125,184,241,42,117,182,249,210,13,
    77,128,218,5,69,129,194,29,92,158,202,21,85,153,242,45,109,161,250,37,97,165,226,61,126,86,142,210,44,109,182,233,34,108,190,
    233,57,96,187,249,54,104,187,246,210,9,66,148,199,4,71,156,217,24,70,153,211,8,81,140,230,48,98,171,250,32,101,188,250,223,
    10,87,155,204,47,108,175,165,58,116,233,225,63,122,178,228,55,117,186,245,210,13,66,143,218,5,64,132,215,0,91,153,222,21,78,
    145,239,41,104,180,231,37,100,88,134,217,23,81,144,204,47,109,175,238,58,101,163,229,60,96,184,252,53,104,179,242,200,13,86,137,
    196,7,65,156,223,30,94,155,202,21,83,153,231,48,107,170,230,197,2,93,152,218,16,72,147,208,38,104,182,233,38,109,165,252,63,
    125,187,240,42,113,181,236,207,12,78,137,218,5,66,133,219,0,91,152,211,17,78,145,238,47,98,88,131,192,28,84,134,217,23,80,
    155,204,47,108,169,234,58,101,163,226,58,96,187,249,52,118,174,241,206,9,72,148,193,4,94,133,216,0,92,153,155,8,66,219,236,
    200,5,88,128,196,31,64,152,219,21,72,144,208,38,112,168,232,38,120,163,233,58,96,184,250,52,104,179,243,202,65,86,152,141,5,
    74,136,194,30,94,159,202,22,86,69,150,201,15,77,158,193,26,88,134,217,21,80,142,209,45,110,182,234,39,109,190,226,61,126,166,
    250,50,124,174,242,205,9,86,138,197,6,94,129,220,20,70,153,223,55,18,78,139,193,26,70,130,199,2,93,159,218,10,82,147,204,
    45,100,182,233,39,97,190,225,60,120,166,250,50,104,176,243,210,15,86,137,197,24,67,130,194,31,88,168,243,50,13,80,143,205,26,
    69,130,201,2,93,154,221,10,93,151,204,39,105,182,238,46,120,161,224,34,125,189,241,123,104,162,187,204,12,73,148,196,0,67,156,
    220,59,117,168,240,48,6,80,136,200,6,88,131,201,26,64,152,218,20,72,147,211,42,33,182,248,109,101,170,232,34,126,190,255,42,
    118,182,249,210,13,67,129,218,5,70,184,230,57,117,176,238,49,13,78,150,202,7,77,158,194,29,94,134,218,18,92,142,210,45,105,
    182,234,37,102,190,225,60,116,166,249,63,115,174,242,207,5,86,138,198,39,98,189,255,58,106,178,243,44,13,68,150,201,7,65,158,
    193,28,88,134,218,18,72,144,211,50,111,182,233,37,120,163,226,34,127,184,228,55,118,177,236,203,9,86,165,226,41,98,189,250,61,
    106,189,247,44,7,73,150,206,14,88,129,192,2,93,157,209,91,72,130,155,44,110,168,244,36,102,170,252,60,120,184,228,52,116,182,
    236,204,45,101,184,224,33,121,160,248,57,116,168,240,49,13,80,139,206,6,88,131,200,26,17,134,200,93,86,144,210,50,110,175,233,
    58,102,166,230,34,125,179,241,42,118,176,168,246,41,111,162,254,34,127,188,230,58,119,181,191,44,30,7,136,202,4,88,128,194,26,
    64,152,221,22,72,144,208,42,112,168,232,35,120,160,224,55,96,187,241,49,12,108,173,226,101,122,180,169,34,127,181,230,58,118,188,
    238,49,7,74,150,202,6,77,158,194,30,88,134,217,31,82,142,209,39,105,182,234,39,97,190,225,57,125,166,149,213,17,114,173,236,
    40,122,166,230,36,98,189,249,49,106,181,247,53,18,77,136,192,26,69,135,194,83,64,138,147,23,93,149,204,44,110,174,244,36,103,
    171,252,60,25,86,136,208,21,110,176,232,41,101,184,227,41,121,160,248,56,118,168,243,55,12,80,139,207,3,88,131,200,28,17,134,
    200,93,86,147,217,50,110,170,224,58,101,171,154,198,26,86,157,206,18,110,168,246,41,111,162,254,33,119,185,230,58,119,177,238,49,
    9,77,150,201,1,69,158,193,24,92,134,218,18,80,142,209,45,101,182,233,35,5,66,157,216,16,74,149,215,18,35,176,250,99,100,
    167,234,60,124,184,250,36,116,183,251,44,15,69,130,212,4,68,134,220,28,94,154,196,20,86,144,204,44,108,170,152,195,6,94,128,
    219,17,86,136,211,23,110,176,232,44,98,184,227,36,119,160,251,60,114,168,243,53,11,1,150,216,77,70,129,200,2,94,158,216,10,
    86,145,217,50,9,79,140,222,2,94,152,198,26,84,148,206,18,108,174,246,42,102,164,254,33,120,188,230,57,127,180,238,49,9,76,
    150,202,2,64,158,193,26,85,134,217,18,80,142,141,207,13,11,152,210,75,92,159,210,4,84,144,210,12,108,175,227,52,103,173,234,
    60,124,188,254,36,116,182,242,44,12,78,136,212,4,68,130,220,31,90,154,196,23,121,78,144,203,15,70,152,192,4,90,128,219,28,
    95,136,211,20,106,176,235,45,99,233,254,48,53,189,243,63,106,182,240,52,18,78,137,193,26,70,131,192,2,94,159,244,46,114,79,
    143,214,9,79,131,222,2,94,156,198,25,81,150,206,17,105,169,246,41,110,166,175,60,110,247,248,57,127,168,240,48,6,80,139,193,
    0,88,128,192,23,100,180,244,54,108,79,133,204,20,71,141,199,28,92,157,223,4,87,147,211,12,111,171,235,52,103,162,226,60,124,
    184,254,36,119,183,251,44,15,73,143,212,7,70,138,224,59,125,180,185,46,96,5,142,201,0,90,134,198,0,66,158,217,17,74,149,
    219,24,114,174,234,44,122,166,224,32,98,190,248,58,106,182,242,48,18,77,140,200,26,97,183,252,38,121,177,244,46,114,74,136,214,
    9,66,141,222,1,90,152,198,25,83,145,159,12,126,231,232,41,111,184,224,36,127,160,248,60,117,168,240,48,13,80,136,228,32,124,
    188,254,58,100,180,245,50,108,79,137,194,20,71,134,203,28,95,154,211,4,87,147,218,12,111,164,232,52,103,167,224,60,127,185,254,
    36,119,177,244,44,15,109,174,248,35,100,182,224,59,121,176,185,46,96,5,142,202,12,90,134,192,5,66,158,217,17,74,150,210,21,
    114,173,233,47,122,166,230,36,98,189,243,63,106,182,243,233,54,105,161,237,62,97,184,245,38,122,178,247,46,113,77,139,214,9,66,
    129,222,1,90,157,198,25,85,156,206,17,106,170,246,42,100,165,254,36,122,160,251,56,116,76,175,237,47,116,175,227,62,96,162,253,
    63,100,181,244,46,119,73,144,203,9,90,135,202,28,90,152,198,25,87,151,206,17,111,171,246,41,100,163,254,40,120,160,248,213,14,
    86,167,240,40,97,186,229,37,97,162,253,60,120,251,232,34,59,76,140,206,20,68,134,199,28,92,159,211,4,84,148,215,12,111,175,
    237,52,100,160,228,60,124,89,146,200,16,80,170,240,43,110,174,248,32,99,184,224,56,125,183,232,51,114,72,143,214,9,68,135,202,
    28,95,158,222,28,74,149,208,20,105,176,232,42,101,233,254,204,81,89,159,211,14,82,172,233,54,106,162,226,62,97,183,249,38,121,
    191,253,46,114,76,143,214,10,68,134,222,2,95,148,151,4,70,223,208,19,111,176,232,42,99,92,156,223,24,68,148,213,22,76,172,
    236,42,116,167,237,32,124,188,253,62,100,180,244,54,108,79,139,205,69,90,148,137,2,92,157,198,26,82,145,206,18,109,175,246,198,
    3,68,211,192,10,19,148,215,19,76,172,238,47,116,164,231,32,124,188,253,62,100,180,244,50,108,79,133,200,20,68,133,198,28,92,
    156,222,4,87,147,213,93,114,88,205,198,3,71,130,222,24,95,138,214,23,84,178,237,35,97,186,229,43,105,162,254,56,127,170,246,
    51,112,82,142,202,12,90,133,197,9,66,157,220,29,74,149,213,202,22,73,143,197,79,92,142,151,24,88,144,200,16,81,174,240,40,
    107,165,248,35,105,187,224,59,113,176,232,48,113,77,144,200,10,67,152,192,2,93,128,219,30,95,172,143,196,15,84,135,204,0,13,
    130,204,81,90,150,208,14,82,172,233,54,106,165,237,62,98,190,249,38,121,181,243,46,114,74,138,214,10,71,128,222,2,94,152,198,
    53,116,184,146,206,9,78,154,197,6,68,130,221,18,89,138,213,22,81,178,237,41,106,186,229,33,104,162,253,62,113,170,245,49,119,
    82,141,202,1,90,133,194,5,66,185,244,50,110,177,140,200,22,64,133,137,30,80,213,221,19,95,138,214,16,85,178,238,46,110,186,
    229,43,101,162,253,51,113,170,246,48,115,82,142,200,10,90,134,195,52,55,164,230,127,112,176,136,208,8,77,135,216,0,68,153,192,
    24,88,144,200,16,80,170,240,40,105,167,248,35,105,187,224,56,121,179,232,51,118,73,144,203,14,70,188,255,52,120,164,247,50,123,
    253,146,220,65,73,143,198,30,66,155,221,6,90,147,209,14,81,167,229,54,105,175,227,111,124,174,183,56,122,183,232,48,116,75,144,
    200,39,97,188,252,61,126,245,234,36,57,178,142,203,22,74,131,199,30,66,154,219,6,90,150,210,14,82,174,239,54,106,164,231,62,
    98,191,248,38,122,182,240,46,113,72,169,250,37,97,169,226,61,124,190,234,53,117,185,195,208,26,3,132,196,5,92,156,217,25,68,
    148,208,21,76,172,236,44,116,164,228,33,124,188,254,57,100,180,245,54,48,104,168,226,56,99,166,255,32,123,187,255,40,115,182,136,
    208,11,79,143,137,30,80,213,222,26,92,138,214,16,85,178,238,41,97,186,230,34,101,162,253,57,127,170,146,235,41,118,169,239,45,
    126,162,255,53,102,185,241,53,110,178,141,202,22,73,133,199,30,65,151,221,6,89,149,211,14,81,172,229,54,105,162,228,62,97,187,
    248,38,21,87,146,242,47,108,180,224,32,126,161,252,63,102,185,246,61,63,172,158,135,8,74,133,216,0,68,159,192,24,91,147,200,
    16,80,168,240,43,97,164,248,32,97,191,132,212,21,86,140,236,44,104,180,231,34,98,188,255,58,114,164,247,54,122,172,143,203,14,
    84,135,192,0,92,159,217,30,68,151,208,16,76,175,232,47,116,167,225,32,81,70,136,157,22,82,148,242,46,104,173,250,38,97,169,
    226,62,122,189,234,53,113,183,146,206,14,77,154,198,2,71,130,222,26,90,138,213,21,82,178,237,44,106,186,129,214,28,70,153,209,
    17,78,145,237,42,118,169,227,33,126,161,253,57,102,186,247,48,110,177,134,203,22,73,134,205,30,65,156,221,6,89,151,221,95,76,
    190,167,43,13,69,156,220,30,95,132,212,16,84,140,239,37,111,180,231,45,107,188,252,62,121,164,244,54,112,172,140,205,2,84,135,
    193,3,92,159,218,25,68,151,220,26,76,175,143,194,24,67,135,217,0,91,155,209,8,83,149,233,48,107,171,230,105,126,176,181,62,
    123,191,234,54,119,177,146,206,14,76,154,198,2,70,211,192,10,19,148,213,21,16,72,141,199,24,64,132,218,0,88,152,208,89,78,
    128,165,46,104,171,250,38,102,161,226,62,121,189,234,54,114,182,146,205,3,74,154,198,3,65,130,222,27,92,138,242,206,14,86,137,
    192,4,94,129,216,20,70,153,212,28,78,145,233,40,118,169,226,38,126,161,251,56,102,185,242,54,110,177,138,201,22,73,131,198,79,
    92,142,151,24,116,177,236,204,9,73,148,196,7,65,156,223,21,83,132,212,23,85,140,236,45,105,180,228,37,102,188,252,61,122,164,
    247,50,114,172,143,197,10,84,135,194,2,92,159,255,62,104,179,243,200,16,75,141,196,73,94,144,149,30,91,159,202,22,87,145,242,
    46,110,172,250,38,98,166,179,32,106,243,244,53,117,172,140,201,11,84,132,192,6,96,184,248,48,57,174,224,133,14,75,143,218,6,
    71,129,194,30,94,156,202,22,82,150,163,48,122,227,228,36,97,188,252,57,121,164,244,55,113,172,143,197,3,84,132,227,54,96,187,
    241,49,104,176,242,204,16,72,137,206,24,67,134,222,81,70,136,157,22,82,147,242,46,111,171,250,38,97,163,226,61,115,177,234,54,
    118,185,146,206,10,109,190,225,55,123,166,250,54,118,255,236,222,71,72,138,199,24,64,132,219,0,88,155,213,8,80,145,234,97,118,
    184,173,37,107,162,226,62,126,185,234,54,113,178,146,234,38,102,190,226,58,117,166,250,54,125,174,241,199,11,86,138,198,6,15,156,
    206,87,88,154,213,8,80,148,239,48,104,171,227,56,96,160,248,32,123,177,244,40,112,109,171,244,36,101,166,252,60,124,184,228,55,
    114,178,236,207,10,66,148,199,6,74,156,223,27,94,132,215,16,80,140,239,41,110,180,231,32,96,188,255,56,127,164,247,213,44,33,
    182,248,109,102,163,231,34,126,185,248,42,118,176,246,210,14,73,141,218,5,75,137,194,29,83,158,202,22,83,144,242,46,106,172,250,
    37,100,164,226,61,125,81,142,209,40,107,182,233,34,101,190,225,61,122,166,249,51,114,174,241,205,9,86,137,207,5,94,129,221,27,
    70,145,209,8,83,144,236,97,118,184,173,38,98,162,226,218,18,81,142,210,42,106,182,233,47,109,190,226,61,125,166,250,54,125,174,
    242,207,4,86,138,199,13,15,156,206,87,88,152,213,8,80,149,237,48,104,171,229,56,99,85,147,196,20,84,149,204,44,109,173,244,
    36,100,170,252,60,125,190,228,55,115,181,236,207,10,67,148,199,2,67,156,223,25,93,132,215,22,90,140,239,47,105,180,231,195,22,
    17,134,200,93,86,146,212,50,110,174,239,58,102,161,233,34,126,186,251,42,117,187,248,210,14,72,138,139,24,82,203,220,29,92,132,
    212,22,90,140,236,41,111,88,131,201,27,64,152,218,23,72,144,209,45,112,168,235,39,120,160,225,62,96,187,254,50,104,179,248,207,
    16,75,128,196,24,67,134,214,0,91,144,215,8,83,147,235,212,7,70,138,220,31,89,158,196,23,83,150,204,47,109,168,244,39,100,
    164,252,63,124,184,228,55,118,182,189,210,28,1,138,198,5,94,130,218,25,70,154,213,29,78,77,131,205,75,88,146,139,31,85,156,
    196,20,87,147,204,44,109,162,244,39,109,161,252,60,126,187,228,52,117,181,236,207,5,73,148,196,5,75,205,194,12,17,154,215,55,
    18,78,143,201,26,70,134,196,2,94,154,222,10,86,145,209,50,110,170,225,58,102,163,232,34,126,187,241,123,104,162,187,204,12,74,
    148,196,7,68,156,220,31,83,168,240,48,13,80,139,193,15,88,128,193,27,64,155,209,18,72,144,209,43,112,171,224,36,120,163,230,
    58,96,187,240,52,104,179,246,198,65,86,152,141,6,66,131,194,58,115,183,238,50,13,79,150,201,15,77,158,194,29,84,134,217,31,
    83,142,210,44,110,182,234,39,108,190,225,56,124,247,228,38,63,176,242,205,16,72,140,199,24,64,191,255,36,116,180,244,44,15,69,
    136,212,4,69,131,220,28,93,158,196,20,84,144,204,47,106,170,244,39,98,170,252,63,126,178,228,55,115,182,236,207,8,72,148,199,
    37,122,160,251,60,116,168,243,52,11,80,139,205,4,9,158,208,85,94,155,223,10,86,145,208,50,110,168,238,58,102,161,229,34,125,
    179,241,42,117,187,246,210,14,75,164,254,34,126,184,230,57,112,176,238,49,9,73,150,201,0,67,158,193,26,93,134,217,21,82,142,
    209,43,106,182,233,37,97,190,225,55,125,166,249,53,115,174,249,201,52,103,164,224,109,98,172,177,58,118,182,238,50,10,73,150,202,
    2,66,158,193,23,85,134,218,21,85,142,210,46,101,182,234,39,108,190,226,63,117,247,228,38,63,176,172,233,52,100,161,225,60,124,
    191,249,36,119,189,251,44,12,76,141,212,4,69,133,220,28,92,146,196,20,85,150,204,47,107,173,244,39,98,171,252,63,122,187,228,
    55,21,105,176,235,42,110,184,227,35,125,160,251,59,126,249,238,32,69,78,138,204,26,70,134,199,2,94,153,209,10,86,146,211,50,
    109,163,224,58,102,160,226,115,96,170,223,208,17,105,176,232,43,102,184,224,34,120,160,248,60,112,168,243,57,6,80,136,204,5,88,
    128,193,24,64,152,217,22,72,147,214,39,112,171,238,47,120,163,231,56,4,87,147,214,12,111,171,227,52,103,160,227,60,127,185,248,
    36,119,177,243,44,15,72,137,212,15,66,207,220,14,23,152,216,23,72,144,212,43,112,168,235,47,120,163,149,223,85,74,132,153,18,
    110,168,246,42,100,161,254,34,125,181,230,58,118,177,238,49,13,75,150,202,4,67,158,194,31,92,134,218,23,84,142,209,40,101,182,
    234,37,6,66,157,222,28,74,149,218,23,114,173,238,47,122,165,231,37,98,190,250,63,106,182,240,50,18,77,141,193,26,76,134,220,
    25,94,134,221,31,25,142,192,101,109,163,128,222,2,92,155,198,26,82,145,206,17,103,165,246,42,103,173,175,60,110,247,248,58,116,
    168,240,50,10,80,136,203,5,88,128,192,29,64,155,209,31,72,144,209,43,20,68,134,199,28,92,158,217,4,87,146,219,12,111,164,
    239,52,103,172,224,109,98,172,177,58,116,181,238,50,10,68,150,202,2,64,158,194,31,88,215,196,6,31,144,142,200,20,68,128,202,
    28,92,152,222,4,84,149,214,93,114,188,161,42,102,165,254,34,122,189,230,58,115,180,238,50,14,74,150,202,6,64,158,193,23,88,
    134,217,31,118,82,142,203,12,90,133,197,2,66,157,210,16,27,136,194,91,111,165,232,52,100,161,227,60,124,185,255,36,119,189,251,
    44,15,69,141,133,26,84,201,193,23,91,134,246,48,117,82,142,206,14,90,133,203,5,66,157,211,17,74,150,208,19,114,174,232,42,
    122,166,227,40,98,189,255,57,106,181,244,51,18,77,130,192,26,69,133,196,2,121,177,243,46,113,77,139,214,9,67,131,222,1,93,
    156,151,4,70,223,211,25,106,176,232,43,102,184,224,37,123,160,251,49,127,168,240,49,7,80,136,202,1,88,131,245,51,100,180,245,
    59,108,79,138,204,20,71,128,192,28,95,154,220,4,87,157,210,12,111,175,238,52,103,160,227,60,127,185,255,117,106,164,185,50,12,
    79,150,202,2,97,162,254,57,125,170,246,50,118,82,141,195,10,90,134,195,1,66,158,219,28,74,150,210,18,114,173,236,40,122,165,
    228,40,98,189,248,48,106,181,245,52,18,77,142,230,62,97,187,248,38,121,178,246,46,113,74,137,214,9,67,134,143,28,78,215,216,
    26,85,136,208,20,111,176,232,43,99,184,224,32,120,160,251,49,116,168,240,49,15,116,164,229,38,124,188,252,56,100,183,242,50,108,
    79,138,194,20,71,134,202,28,95,155,222,4,87,144,208,12,111,169,238,52,103,160,224,60,127,184,255,36,119,177,240,161,54,120,237,
    229,43,100,162,254,57,120,170,246,55,117,82,141,195,1,90,134,195,9,66,158,222,17,74,150,211,17,35,176,250,99,100,164,230,60,
    124,184,253,36,116,83,167,240,40,104,165,248,35,105,182,224,56,122,180,185,46,96,5,142,202,12,90,134,198,7,66,158,222,16,74,
    149,219,25,114,174,235,47,122,165,235,38,98,190,254,220,14,82,174,232,54,105,160,229,62,97,184,245,38,121,176,245,127,108,94,199,
    203,1,66,152,192,3,94,128,216,29,83,136,211,25,103,176,232,41,111,184,224,36,119,68,148,213,19,29,178,252,97,105,175,224,62,
    98,189,252,38,122,179,241,46,113,71,133,214,10,71,141,222,2,90,149,198,26,87,149,159,12,126,231,232,40,98,184,224,216,29,68,
    148,215,27,76,172,236,41,116,167,237,42,124,188,254,56,53,170,228,121,114,78,138,214,10,67,133,222,2,90,154,198,26,87,148,206,
    17,103,171,246,42,103,67,130,221,19,93,138,214,19,89,178,237,41,96,186,229,43,96,162,253,50,123,170,245,59,113,82,141,206,15,
    11,152,210,75,92,158,216,4,84,150,218,12,108,169,238,216,3,73,157,192,24,89,158,153,14,64,229,238,42,110,186,230,38,101,162,
    254,57,123,251,232,34,59,76,140,204,20,68,129,195,28,92,152,221,4,84,148,215,12,108,73,143,137,30,80,213,221,19,92,138,214,
    17,80,178,238,47,109,186,229,43,105,162,254,59,113,170,246,48,119,82,141,195,1,90,134,195,9,66,157,220,30,74,149,214,207,22,
    73,142,204,30,65,150,222,6,89,146,214,14,81,171,232,103,116,182,175,32,98,189,224,56,125,181,232,48,116,72,144,200,8,79,201,
    222,16,21,157,211,28,74,178,141,204,22,74,131,193,30,65,151,213,6,90,151,221,14,82,172,235,54,105,175,237,62,98,191,245,38,
    121,176,242,46,113,75,132,214,9,78,130,222,1,86,159,198,53,118,182,195,208,26,3,132,198,0,92,156,222,18,68,148,215,17,76,
    172,236,41,116,167,237,43,124,188,253,63,100,183,253,52,61,82,156,129,9,79,128,222,2,93,184,234,54,119,181,146,205,3,65,154,
    198,3,73,130,222,24,95,138,213,27,89,178,238,43,97,186,229,36,102,162,253,63,113,170,245,52,115,82,141,204,0,90,133,193,58,
    102,185,245,48,110,177,141,202,22,73,133,199,79,92,142,151,24,90,149,200,16,85,173,240,40,108,160,248,32,98,187,224,59,113,190,
    232,48,114,78,144,200,9,64,188,252,60,126,245,234,36,57,177,135,200,22,74,133,196,30,66,155,217,6,89,159,221,14,82,175,229,
    54,106,164,227,62,97,183,245,38,122,183,253,46,113,72,138,214,37,103,168,226,61,114,190,234,53,122,179,146,205,12,74,154,197,1,
    69,130,221,25,89,138,213,23,83,178,237,46,107,235,248,50,43,188,252,62,100,180,240,53,108,76,171,239,56,96,160,253,32,123,177,
    254,40,112,178,140,129,22,88,205,198,2,70,130,222,31,89,138,214,22,87,178,238,42,110,186,230,34,100,162,254,59,121,170,245,59,
    41,118,170,229,34,126,161,248,60,102,185,254,51,110,177,137,196,22,73,128,204,30,65,157,223,87,68,134,159,19,89,170,240,40,107,
    166,248,32,101,187,224,59,113,191,140,236,45,99,180,228,32,107,188,252,61,123,245,234,36,57,177,135,206,22,74,131,199,30,66,154,
    217,6,89,149,212,14,82,175,228,54,106,167,231,62,98,191,245,38,22,83,144,242,46,104,161,250,37,106,168,226,61,124,185,234,53,
    117,185,146,205,9,72,154,197,6,65,130,222,26,95,138,214,16,82,178,238,42,109,186,231,36,124,187,156,202,17,82,140,239,46,106,
    180,225,34,126,167,251,32,125,245,234,36,57,178,142,200,22,74,132,193,30,66,157,213,6,90,150,209,14,81,173,235,54,106,162,224,
    62,30,91,152,202,22,83,144,242,45,109,170,250,37,106,166,226,61,114,186,234,53,116,184,146,205,15,74,154,198,2,64,130,221,19,
    81,138,213,16,82,170,240,43,106,164,136,194,29,91,152,213,8,83,145,238,44,118,169,230,35,99,188,255,60,124,189,234,53,115,179,
    139,208,11,76,203,216,18,11,159,213,29,68,148,214,23,76,172,232,44,24,67,137,219,0,91,145,223,8,80,146,237,48,104,170,228,
    56,96,161,246,113,102,168,189,54,114,177,146,206,14,73,154,198,6,71,130,222,26,91,138,214,16,83,178,138,199,7,94,129,215,27,
    70,153,223,29,78,145,234,37,118,169,225,39,126,161,248,61,102,185,241,48,63,172,158,135,11,65,132,216,0,69,159,192,24,93,147,
    200,19,5,67,148,199,13,69,205,194,12,17,154,212,22,78,146,236,40,118,170,226,32,126,161,247,63,102,185,255,48,110,178,140,196,
    22,73,143,192,30,66,158,216,6,89,144,247,210,13,76,139,139,24,82,203,223,21,88,132,212,17,83,140,236,41,111,180,231,45,107,
    188,255,53,125,245,234,36,57,177,135,197,22,74,131,197,30,66,154,213,6,118,177,245,210,14,74,141,139,24,82,203,220,30,89,132,
    212,16,83,140,236,47,111,180,228,36,100,188,255,53,120,164,244,53,115,172,140,205,14,84,132,196,0,92,159,254,54,104,179,246,198,
    16,75,138,206,24,67,135,218,0,91,156,212,8,83,149,234,48,107,172,228,56,99,164,251,32,123,189,244,121,110,160,197,206,10,76,
    154,198,6,123,166,250,53,125,174,242,206,15,86,137,207,12,94,130,220,30,23,132,198,95,80,145,233,48,104,171,230,56,96,162,248,
    32,120,188,240,40,115,185,134,208,8,76,133,252,60,125,188,228,52,117,179,236,207,4,75,148,199,2,66,156,223,20,88,132,215,19,
    86,140,239,47,104,180,231,34,96,188,255,62,114,164,247,48,122,253,146,220,65,101,171,233,34,126,191,249,42,118,182,249,210,14,73,
    141,218,6,66,133,147,0,74,211,215,29,91,140,236,41,107,180,228,32,107,188,252,63,127,164,244,52,119,253,146,248,109,102,160,227,
    34,126,190,249,42,118,177,245,210,14,74,142,218,5,75,130,194,30,91,153,202,22,83,148,242,46,106,170,250,37,100,160,226,61,124,
    176,234,53,112,100,182,233,33,96,190,225,58,126,166,249,51,112,174,241,202,14,86,137,194,1,94,129,219,30,23,132,198,95,83,153,
    231,48,104,173,231,56,96,164,247,32,120,187,243,204,44,108,175,165,58,116,233,226,60,125,166,250,50,124,174,242,203,12,86,138,199,
    13,94,130,222,24,70,153,223,16,78,145,231,42,39,180,246,111,99,169,247,32,120,81,147,204,44,104,163,244,36,103,167,252,60,124,
    191,181,42,100,249,242,206,8,86,138,194,3,94,130,221,21,70,154,214,23,78,145,231,36,118,170,228,38,47,188,238,147,20,84,148,
    204,44,105,171,244,36,96,165,252,60,124,188,228,52,116,182,236,204,13,75,148,199,13,71,156,220,31,92,132,215,18,82,140,239,36,
    109,180,231,35,106,64,155,222,30,72,147,211,45,33,182,248,109,102,160,227,34,126,190,249,42,118,177,245,210,14,74,142,218,5,75,
    130,194,30,91,153,202,22,83,148,242,46,106,170,250,193,24,92,134,217,16,92,142,209,44,100,182,233,33,96,190,225,58,126,166,249,
    51,112,174,241,202,14,86,137,194,1,94,129,219,30,23,132,198,95,80,144,234,48,104,70,135,220,28,95,147,196,20,84,151,204,47,
    111,173,244,36,102,171,252,63,117,179,228,52,117,181,236,207,4,73,148,199,3,65,156,223,20,89,132,215,29,83,140,239,193,5,88,
    131,200,26,64,155,219,23,72,147,213,45,112,171,235,33,41,190,240,117,125,179,252,42,118,176,247,210,14,78,141,218,5,75,137,194,
    30,91,145,155,8,66,7,136,202,4,88,128,194,26,64,152,219,21,72,144,208,45,112,171,225,47,120,160,225,59,96,184,250,51,104,
    176,242,205,16,75,142,207,24,67,136,219,0,91,144,212,125,18,92,193,202,6,69,158,194,26,93,134,218,19,84,142,210,46,106,182,
    234,38,96,190,225,55,120,166,249,63,114,174,242,207,8,86,137,193,6,94,129,214,20,23,168,226,123,12,78,139,212,4,70,135,220,
    28,95,153,196,23,93,145,204,47,101,169,244,36,100,171,252,63,117,188,228,52,117,187,236,207,4,72,197,218,20,9,130,223,63,106,
    182,241,55,18,78,142,192,26,70,130,197,2,93,147,208,10,86,144,210,50,110,174,237,58,102,162,227,34,125,189,255,42,117,186,244,
    210,13,66,128,218,5,74,188,183,36,102,255,240,50,13,80,136,204,7,88,128,195,27,64,152,216,16,72,147,217,44,112,168,233,39,
    120,160,225,58,96,184,248,52,104,179,246,206,16,75,142,206,60,127,190,242,36,119,179,246,44,15,72,136,212,7,65,134,220,31,88,
    152,196,23,80,151,204,47,105,168,165,58,116,233,226,62,123,166,250,52,113,174,242,204,10,86,166,225,37,98,190,248,57,106,182,243,
    51,18,78,139,192,75,88,146,139,28,92,158,196,20,81,146,204,44,104,175,244,36,100,167,252,60,124,178,228,52,117,181,236,204,41,
    97,184,224,33,121,160,248,58,127,168,243,53,8,80,139,192,14,88,131,199,30,64,155,220,30,72,147,213,44,112,168,232,33,120,163,
    231,54,96,187,252,62,104,179,173,227,52,103,164,228,60,127,189,248,36,119,181,245,44,8,69,150,192,3,9,158,208,85,94,152,217,
    10,86,150,216,50,110,175,232,58,102,163,233,34,126,186,252,42,17,103,168,246,41,111,162,175,60,110,247,248,58,119,168,240,53,15,
    80,136,203,3,88,128,193,27,64,152,217,17,72,147,211,46,33,182,248,109,102,162,225,34,126,190,149,206,18,106,171,246,42,102,167,
    254,34,124,191,230,58,119,183,238,49,7,75,150,201,15,77,158,194,28,85,134,217,21,85,142,209,40,111,182,233,33,96,190,225,61,
    30,74,149,209,21,114,173,232,33,122,165,225,35,51,160,234,115,119,189,240,44,12,73,137,212,4,64,135,220,28,92,153,196,23,93,
    148,204,47,101,173,244,36,101,170,128,219,29,94,136,211,21,110,176,235,32,98,184,227,39,118,160,251,62,126,168,243,52,8,1,150,
    216,77,70,130,192,2,94,159,216,10,86,145,217,50,109,163,225,58,2,95,149,198,25,82,144,206,17,103,170,246,42,102,166,254,33,
    120,184,230,57,127,180,238,49,8,76,150,202,3,68,158,194,30,93,134,217,18,84,142,209,45,100,182,133,198,4,66,157,223,30,74,
    149,211,19,114,173,234,43,122,165,226,34,98,185,253,36,116,181,238,49,10,1,150,216,77,69,139,194,2,94,159,219,10,86,150,213,
    50,10,70,135,222,1,87,154,198,25,95,147,206,18,111,164,246,41,99,172,254,33,123,189,230,57,112,189,238,49,8,72,150,201,14,
    67,158,193,26,91,134,217,18,84,142,142,202,15,90,133,202,7,66,157,222,30,74,149,210,22,114,173,235,40,122,165,226,39,51,160,
    234,115,116,180,242,44,12,73,138,212,4,71,139,220,31,85,147,196,20,113,71,144,203,12,66,152,192,1,86,128,216,25,83,136,211,
    23,111,176,232,43,96,184,227,41,126,160,251,48,119,168,243,52,13,80,139,204,7,88,131,197,30,17,134,228,121,113,71,142,214,10,
    66,129,222,2,92,155,198,26,86,151,206,17,103,170,246,41,111,163,254,34,127,180,230,57,115,188,238,49,11,77,150,201,0,77,158,
    193,24,124,170,245,58,119,82,141,206,15,90,133,198,0,66,158,218,31,74,149,218,23,114,173,238,46,122,165,226,38,98,189,251,56,
    106,181,242,55,67,80,154,131,4,68,130,224,56,125,182,232,48,115,71,144,203,1,79,152,192,1,87,128,219,28,82,136,208,17,102,
    176,232,42,101,184,227,40,119,160,248,59,112,168,243,57,14,80,139,192,7,124,191,248,57,100,183,240,51,108,79,137,202,69,90,148,
    137,2,94,152,198,26,84,145,206,18,109,165,246,42,102,161,254,33,125,187,230,58,114,176,238,50,15,76,150,230,35,96,162,253,61,
    122,170,245,58,118,82,141,194,10,90,133,196,8,66,157,223,26,74,150,210,16,114,173,227,33,122,165,224,34,123,160,251,58,119,183,
    238,49,14,96,164,248,35,96,182,251,38,121,182,241,52,108,79,140,207,15,90,133,194,5,93,128,219,25,84,144,206,17,111,175,232,
    52,103,164,224,41,98,189,251,59,127,168,243,236,44,37,186,244,105,97,183,251,38,122,180,241,46,114,74,138,214,9,79,129,222,1,
    87,149,198,26,84,151,206,18,108,174,246,42,103,172,175,60,110,247,248,56,119,76,172,232,43,116,164,224,37,124,188,252,57,100,180,
    246,49,108,76,141,201,20,71,141,197,28,95,149,211,4,87,144,215,12,111,165,234,52,103,162,228,60,127,180,255,200,19,83,166,161,
    54,120,237,229,43,105,162,254,63,121,170,246,54,121,82,142,201,13,90,134,194,5,19,128,202,83,84,148,211,12,108,168,235,52,100,
    160,229,60,124,88,149,200,16,82,173,240,40,105,165,248,35,105,185,224,59,113,191,232,51,116,71,144,203,15,69,152,195,6,95,128,
    219,31,82,217,206,0,37,173,227,42,122,166,231,221,6,90,147,209,14,81,167,229,54,105,175,227,111,124,174,183,56,122,180,232,48,
    114,74,144,200,12,66,152,195,9,93,128,219,17,82,136,208,18,102,176,235,33,98,92,156,220,30,68,151,210,21,76,175,234,41,37,
    186,244,105,98,188,255,38,122,178,245,46,114,77,137,214,10,70,130,222,1,87,158,198,26,87,149,206,18,111,168,246,198,2,66,130,
    221,28,88,138,213,20,88,178,237,40,96,186,229,37,100,162,253,62,122,170,245,55,116,82,141,206,10,90,133,198,5,66,157,223,26,
    27,136,194,91,108,72,130,216,0,68,153,192,24,91,159,200,16,80,173,240,43,97,174,248,32,98,188,177,38,104,253,246,51,119,82,
    142,201,8,90,134,192,6,66,158,222,30,74,149,219,196,22,74,130,199,30,66,159,218,6,90,151,213,14,81,166,237,54,105,160,228,
    62,97,182,254,38,121,177,240,46,113,77,142,214,9,64,134,222,1,92,148,198,25,82,184,195,208,26,3,135,205,11,92,156,217,27,
    68,148,208,27,76,172,239,47,116,164,228,39,45,162,236,113,122,180,245,46,114,74,132,214,10,67,132,222,2,95,149,198,54,114,180,
    146,205,3,76,154,197,11,70,211,192,10,19,151,221,16,76,172,233,41,116,164,231,32,124,188,252,51,100,183,253,48,108,76,142,201,
    20,68,133,197,28,92,187,240,40,115,182,142,208,11,64,129,216,3,71,150,192,27,94,158,200,19,83,173,240,43,96,161,248,35,101,
    187,224,59,125,183,232,51,116,77,144,203,9,79,201,222,44,49,186,244,54,110,178,140,200,22,74,131,196,30,66,158,212,87,68,134,
    159,16,82,175,240,40,108,174,248,32,101,190,224,56,121,191,232,48,112,74,144,203,1,66,188,255,53,124,245,234,36,57,177,135,206,
    22,74,131,199,30,66,157,222,6,90,150,221,14,81,167,238,54,106,164,231,62,98,191,251,38,122,181,242,46,113,72,140,214,37,106,
    167,226,61,125,176,234,53,116,184,146,205,9,75,154,197,10,71,130,221,31,93,138,213,23,81,178,237,46,107,186,229,35,105,243,224,
    42,51,180,246,51,108,76,172,238,56,96,165,254,32,120,185,255,40,112,176,138,208,11,65,130,216,3,73,152,145,6,72,221,213,27,
    82,178,238,47,107,186,230,33,98,162,254,58,113,170,245,59,46,118,170,228,39,126,162,255,59,102,186,245,50,110,177,136,204,22,73,
    142,195,30,65,153,212,6,89,144,220,14,81,173,239,54,105,174,227,62,97,187,249,38,121,179,145,242,45,110,171,250,37,99,169,179,
    32,106,243,244,48,123,172,140,200,15,84,132,192,11,92,156,220,28,68,148,212,22,29,178,252,97,106,162,237,62,98,186,249,38,22,
    86,153,242,46,106,174,250,38,98,164,179,32,106,243,247,61,112,172,140,201,11,84,132,192,7,92,159,213,19,68,148,212,26,76,172,
    238,44,116,164,229,34,124,188,152,215,8,83,150,234,48,107,161,230,56,99,168,253,113,102,168,189,54,115,183,146,206,9,72,154,198,
    1,72,130,221,19,91,138,213,27,84,227,240,58,35,164,228,35,0,88,156,215,8,80,148,233,48,104,168,229,56,96,162,253,32,120,
    185,245,40,115,185,137,208,11,65,143,216,3,68,155,192,27,81,150,200,19,86,168,240,43,96,163,156,223,31,82,213,202,4,25,146,
    238,40,118,170,226,35,126,162,253,53,102,186,246,55,110,177,135,196,22,74,132,198,79,92,142,151,24,90,148,200,16,82,170,240,40,
    1,66,156,220,28,82,132,212,22,83,140,236,40,110,180,228,37,98,188,252,61,122,164,247,51,112,172,143,196,12,84,135,204,0,92,
    159,218,18,68,151,209,16,76,175,142,196,24,67,130,214,0,91,156,222,89,78,128,165,45,99,161,250,38,103,161,226,62,126,177,234,
    54,114,185,195,208,26,3,135,205,4,92,156,216,19,68,148,209,18,16,75,129,193,24,64,128,218,81,70,136,157,22,80,153,242,46,
    104,172,250,38,97,169,226,62,123,184,234,53,118,183,146,205,15,65,154,197,7,66,130,222,26,89,138,241,201,4,86,137,206,3,94,
    130,219,31,70,153,208,28,78,145,234,46,118,169,229,44,126,161,253,61,102,185,243,55,110,177,141,207,22,76,132,216,3,64,154,192,
    27,118,183,236,207,13,76,148,199,1,94,135,222,0,83,155,202,19,82,140,230,37,118,173,227,56,99,160,255,32,123,185,246,40,118,
    185,146,201,3,84,143,197,30,73,158,228,49,115,174,247,201,16,75,143,192,24,67,136,214,0,91,158,223,8,83,151,234,48,107,174,
    225,56,99,165,249,32,123,189,240,121,110,160,197,206,10,78,154,198,3,124,166,250,53,119,174,241,199,9,86,137,207,2,94,130,223,
    31,23,132,198,95,83,153,231,48,104,173,231,56,96,164,247,32,120,187,246,40,112,176,142,208,11,65,128,252,60,125,190,181,42,100,
    249,242,204,13,86,138,194,12,94,130,219,28,70,154,215,29,78,146,238,40,118,169,239,32,126,161,247,58,55,164,230,127,115,185,140,
    208,8,97,161,252,60,127,184,228,52,116,187,236,207,5,72,148,196,6,65,156,220,29,93,132,212,23,84,140,239,42,106,180,231,44,
    101,188,255,59,114,164,247,50,122,172,143,235,37,120,163,232,57,96,187,253,51,104,179,245,207,16,75,140,197,24,67,129,215,81,70,
    136,157,22,80,147,242,46,110,169,250,38,97,165,226,62,122,190,234,53,123,110,182,234,39,101,190,226,63,120,166,250,54,118,174,241,
    200,12,86,137,192,12,94,129,220,20,70,153,209,16,78,145,234,46,118,169,227,32,126,161,250,62,102,185,242,213,50,109,175,234,107,
    120,178,171,63,117,179,228,52,113,179,236,204,8,67,148,196,7,71,156,220,28,95,213,202,4,25,146,236,45,118,170,226,44,126,162,
    251,60,102,86,147,217,50,110,170,236,58,101,171,228,34,125,179,254,123,104,162,187,207,5,67,148,196,1,67,156,220,24,83,132,212,
    23,87,140,236,44,111,229,250,52,41,162,254,220,10,86,150,215,50,110,169,225,58,102,162,227,34,125,179,240,42,118,176,242,131,16,
    90,195,196,4,68,156,220,25,91,132,212,16,85,140,236,44,108,180,228,36,102,64,152,217,23,72,147,217,43,112,168,235,32,120,163,
    230,62,96,187,240,49,104,179,247,198,16,75,142,206,24,67,131,221,81,70,136,157,22,80,145,242,46,110,160,250,194,27,92,134,218,
    23,93,142,210,46,104,182,233,47,96,190,225,55,122,247,228,38,63,179,249,204,16,72,141,197,24,64,131,220,0,88,152,223,8,83,
    153,236,48,104,70,129,220,28,93,157,196,20,87,148,204,47,106,170,244,39,108,165,252,63,123,178,228,55,114,186,236,207,15,73,148,
    199,12,69,156,223,25,95,132,215,17,83,140,239,204,5,88,131,193,23,17,134,200,93,86,144,209,50,110,174,224,58,102,167,224,34,
    126,187,241,42,118,178,244,210,13,67,140,218,5,75,134,147,0,74,211,215,29,80,80,136,205,5,88,128,195,28,64,152,216,31,72,
    147,217,44,112,168,234,37,120,160,225,57,96,184,251,48,104,179,246,206,16,75,128,193,24,67,135,214,0,91,158,222,44,15,79,137,
    212,7,76,133,220,31,89,159,196,23,81,147,204,47,104,169,244,39,101,171,173,34,108,241,250,52,117,174,242,202,4,86,138,195,4,
    94,130,223,21,70,182,242,52,18,77,131,204,26,69,139,198,83,64,138,147,23,93,144,204,44,105,169,244,36,103,160,252,60,124,179,
    228,55,125,176,236,204,14,73,148,196,5,69,156,220,59,112,168,243,54,14,80,139,192,1,88,131,199,22,64,155,222,30,72,147,211,
    45,112,171,224,33,120,163,229,59,96,187,253,55,104,179,244,205,16,75,137,207,73,94,172,177,58,116,183,238,50,10,77,150,202,5,
    65,158,194,30,90,134,217,31,86,142,210,47,109,182,234,39,96,190,226,62,126,166,249,48,116,174,241,200,4,86,137,196,40,98,189,
    253,60,106,181,246,50,18,77,143,204,26,69,134,194,2,93,158,221,10,85,151,210,99,112,186,163,39,109,171,252,60,121,187,228,52,
    112,187,236,204,15,79,184,224,32,123,241,230,40,61,182,240,49,18,78,142,192,26,70,135,192,2,94,155,209,10,86,146,212,50,109,
    163,236,58,101,171,230,115,96,170,179,55,125,187,236,204,45,103,184,224,36,119,160,248,59,115,168,240,48,11,1,150,216,77,70,130,
    196,2,94,158,223,10,86,145,217,50,110,170,235,58,101,171,232,34,126,184,250,123,104,162,231,232,40,96,184,224,37,127,160,248,60,
    113,168,240,48,8,80,136,200,2,88,128,193,31,64,155,209,19,72,144,211,40,112,171,238,38,120,163,232,57,96,187,255,62,12,111,
    170,226,52,103,167,225,109,98,172,177,58,116,181,238,50,10,68,150,202,3,68,158,194,31,85,134,218,22,80,142,209,39,104,182,233,
    47,98,239,252,46,55,187,157,208,12,108,169,233,52,100,167,224,60,124,188,243,36,119,189,240,44,12,78,137,212,4,69,133,220,28,
    95,156,196,23,82,146,204,47,100,173,244,39,99,170,252,63,30,94,136,211,19,109,176,235,32,97,184,227,37,123,160,251,61,119,168,
    243,52,13,80,139,201,15,9,158,208,85,94,152,219,10,86,150,209,50,110,169,237,58,102,162,154,198,25,95,150,206,18,111,173,246,
    42,103,160,254,34,126,190,230,57,112,180,238,49,8,68,150,201,4,76,158,193,25,88,134,217,18,86,142,209,43,104,182,233,34,2,
    66,157,222,29,74,149,215,18,35,176,250,99,100,166,225,60,124,184,255,36,116,176,250,44,15,69,131,133,26,84,201,194,30,88,134,
    218,20,81,142,210,45,101,182,134,194,5,66,157,217,31,74,150,208,22,114,174,235,44,122,166,224,33,98,189,252,56,106,182,241,54,
    18,77,136,192,26,69,133,192,2,93,153,218,10,85,150,209,50,9,69,141,143,28,78,215,216,24,82,136,208,18,107,176,232,43,111,
    184,224,32,123,160,251,59,113,168,240,50,8,80,136,201,2,88,128,194,31,64,155,222,22,72,144,143,204,20,68,129,195,28,95,159,
    221,4,87,144,219,12,111,175,237,52,103,166,235,60,127,184,252,36,119,177,244,44,15,77,130,212,7,69,131,220,27,85,215,196,6,
    59,79,133,200,20,68,128,199,28,92,152,216,4,84,148,214,93,114,188,161,42,103,162,254,34,123,188,230,58,114,182,238,50,14,73,
    150,201,15,77,158,194,27,89,134,245,59,121,82,142,203,1,90,133,202,3,66,157,221,27,74,149,212,23,114,173,237,33,122,165,230,
    34,98,189,249,60,59,168,226,123,15,69,141,212,4,70,135,220,28,124,176,232,51,121,75,144,203,1,79,152,192,2,93,128,216,26,
    84,136,208,17,102,225,246,56,45,166,224,33,98,190,254,48,106,182,247,48,18,78,139,193,26,70,130,248,38,121,191,240,46,113,71,
    138,135,20,86,207,192,2,95,128,216,28,94,136,208,21,110,176,232,41,111,184,224,32,122,160,251,49,114,168,243,57,8,1,150,216,
    77,98,188,253,38,122,178,252,46,114,75,140,214,10,71,141,222,2,94,152,198,25,95,144,206,17,103,170,167,52,118,239,224,34,127,
    160,248,60,126,168,240,53,14,80,136,229,43,124,188,252,62,100,183,253,54,108,79,133,204,69,90,148,137,2,94,158,198,26,83,149,
    206,18,107,172,246,42,102,162,254,34,122,181,230,58,118,189,238,49,7,111,186,230,34,98,243,224,42,51,180,246,51,108,76,136,207,
    20,68,135,193,28,92,157,222,85,74,132,153,18,110,173,246,42,98,165,254,34,122,180,230,57,127,177,238,237,35,111,235,248,50,43,
    188,252,59,100,180,240,51,108,76,136,194,20,71,141,199,28,95,149,221,85,74,132,153,18,110,174,246,42,99,165,254,34,123,188,230,
    58,118,86,178,238,41,108,186,230,35,102,162,254,59,120,170,246,48,113,82,141,205,12,90,133,202,8,66,157,210,16,74,149,213,25,
    114,173,238,43,122,165,231,38,51,160,234,159,16,82,175,240,40,108,163,248,32,99,189,224,56,121,178,185,46,96,5,142,202,9,90,
    134,198,1,66,158,222,16,74,149,219,21,114,173,227,47,43,184,242,107,124,88,151,200,16,84,175,240,40,108,174,248,35,105,187,224,
    59,113,177,185,46,96,5,142,202,14,90,134,199,2,66,158,223,28,74,149,219,19,114,173,227,44,122,165,235,222,6,90,151,210,14,
    82,175,233,54,105,161,229,62,97,182,248,119,100,166,191,51,121,76,144,200,12,71,152,192,3,92,128,216,24,84,136,208,20,103,176,
    232,40,111,92,159,213,29,68,148,212,16,29,178,252,97,106,166,230,62,98,187,253,38,122,179,244,46,114,78,138,214,10,66,141,222,
    2,94,149,198,25,95,147,206,18,110,174,167,216,18,11,156,222,27,68,148,208,23,76,172,239,41,116,164,229,38,45,162,236,113,122,
    183,243,46,114,76,139,214,10,67,128,222,1,87,149,198,25,95,157,206,18,108,79,154,198,3,64,130,222,26,92,138,213,21,89,178,
    237,44,109,186,229,37,102,162,253,51,121,251,232,34,59,76,140,204,20,68,129,192,28,92,153,222,4,87,157,209,208,11,65,130,216,
    3,73,156,192,24,89,144,200,16,81,171,240,43,111,167,248,35,104,186,177,38,104,253,245,59,114,82,142,206,9,90,134,193,2,66,
    158,218,26,74,178,138,197,22,74,134,205,30,65,151,219,6,90,150,214,95,76,190,167,40,104,160,248,32,97,190,224,56,123,181,232,
    51,121,75,144,203,1,64,152,192,1,93,128,216,54,119,172,140,206,9,84,135,194,11,92,159,212,31,68,151,220,16,29,178,252,97,
    106,166,226,62,98,191,252,38,122,181,247,46,113,71,137,214,9,79,130,222,2,95,187,234,54,112,181,146,206,8,75,154,197,4,73,
    130,221,18,93,138,213,26,82,227,240,58,35,164,228,36,124,188,253,58,100,180,247,49,108,79,133,207,20,71,141,196,32,120,185,245,
    40,112,178,139,208,8,74,133,216,3,70,151,192,27,80,147,200,19,88,172,161,54,120,237,230,34,102,162,254,59,120,170,246,49,115,
    82,141,195,13,90,161,247,58,102,186,247,55,110,178,140,201,22,74,132,199,30,65,152,213,6,89,158,209,14,81,166,238,103,116,182,
    175,32,96,186,224,56,122,179,232,48,115,71,144,200,36,103,188,255,63,125,164,244,54,116,172,140,205,14,84,132,198,3,92,159,218,
    26,68,148,215,20,76,172,233,43,116,167,225,36,124,191,254,50,100,183,241,55,108,79,173,227,56,96,161,250,32,120,184,254,40,113,
    182,146,202,13,84,135,198,1,92,159,220,19,68,144,210,14,87,172,240,34,110,186,230,42,45,162,236,113,121,191,246,46,46,110,173,
    250,38,102,162,226,62,122,188,187,40,98,251,140,205,12,84,132,193,2,92,156,216,24,68,148,212,23,76,175,229,35,116,164,225,39,
    124,191,245,51,100,180,145,231,48,107,160,229,56,99,167,253,32,123,190,241,40,115,183,135,208,11,76,132,216,3,67,154,145,6,72,
    221,213,27,87,178,238,40,109,186,230,38,102,162,253,51,17,78,145,231,37,118,170,228,39,126,162,252,62,102,186,247,60,63,172,158,
    135,8,74,135,216,0,68,150,192,24,93,150,200,16,81,167,240,40,104,162,248,35,105,186,132,215,29,84,221,242,60,33,170,228,37,
    126,162,250,52,102,186,243,52,110,178,143,197,22,74,134,192,30,65,151,216,6,89,159,210,95,76,190,167,40,106,167,248,32,24,82,
    132,212,17,82,140,236,45,99,180,228,36,102,188,255,53,126,164,247,61,116,253,146,220,65,74,132,197,30,66,154,212,6,90,147,212,
    14,82,175,229,54,106,166,132,194,29,83,156,202,21,91,150,163,48,122,227,228,37,101,188,252,62,125,164,244,49,118,172,143,197,3,
    84,135,205,11,92,156,222,29,68,148,213,18,76,172,236,46,24,67,135,215,0,91,158,211,8,83,151,232,48,107,161,231,105,126,176,
    181,62,122,190,234,54,119,178,146,206,15,76,154,197,11,67,130,221,19,92,138,213,27,82,178,138,199,2,94,130,223,25,70,153,209,
    21,78,145,230,40,39,180,246,111,99,169,252,32,120,188,247,40,112,179,140,208,8,72,132,216,0,68,151,192,24,88,159,200,19,5,
    77,148,196,4,64,205,194,12,17,154,214,18,78,146,239,44,118,170,229,39,126,161,247,57,102,185,255,50,110,178,143,207,22,74,132,
    193,30,66,156,223,6,89,144,249,210,13,66,141,218,5,74,130,147,0,74,211,212,20,86,140,236,46,111,180,228,39,107,188,252,60,
    127,164,247,55,117,172,140,200,14,84,135,205,5,92,156,221,31,104,179,246,205,16,75,128,194,24,64,132,221,0,91,155,208,8,83,
    146,230,48,107,171,239,56,99,163,246,113,102,168,189,53,123,178,146,206,14,77,154,198,6,66,130,250,54,112,255,236,222,71,72,137,
    192,24,64,133,222,0,88,156,212,8,80,144,235,48,107,161,239,56,96,165,251,32,123,177,255,40,112,177,135,208,11,64,133,216,3,
    123,185,228,55,114,181,236,207,11,67,148,199,0,64,156,223,31,94,213,202,4,25,145,231,43,118,170,228,33,126,162,250,58,102,185,
    255,49,110,177,135,197,22,74,132,227,34,126,184,250,42,118,179,248,131,16,90,195,196,6,67,156,220,24,82,132,212,17,82,140,236,
    45,99,180,228,36,102,188,255,53,126,164,247,61,116,253,146,220,65,102,160,225,34,126,190,240,42,118,183,240,210,14,75,129,218,6,
    66,132,194,29,83,156,202,21,91,150,163,48,122,227,228,38,99,188,252,56,114,164,244,49,114,172,140,233,47,120,160,224,58,96,187,
    241,50,104,179,249,200,65,86,152,141,6,64,129,194,30,94,144,202,22,87,144,242,46,107,161,250,38,98,164,226,61,115,188,234,53,
    123,106,231,244,54,47,160,226,63,96,184,252,62,104,176,245,206,16,72,137,207,24,64,128,218,0,91,145,210,8,83,153,232,97,118,
    184,173,38,103,163,226,62,120,188,234,210,45,110,231,244,54,47,160,226,63,96,184,252,62,104,176,245,206,16,72,137,207,24,64,128,
    218,0,91,145,210,8,83,153,232,97,118,184,173,38,103,163,226,62,120,80,142,210,45,110,231,244,54,47,160,226,63,96,184,252,62,
    104,176,245,206,16,72,137,207,24,64,128,218,0,91,145,210,8,83,153,232,97,118,184,173,38,96,161,226,218,18,92,142,210,43,108,
    182,234,39,109,190,226,62,120,166,249,63,112,174,241,199,10,7,148,214,79,64,130,223,0,88,156,222,8,80,149,238,48,104,169,239,
    56,96,92,158,196,23,93,150,204,47,101,172,165,58,116,233,226,62,120,166,250,52,113,174,242,205,5,86,138,198,1,94,130,221,21,
    70,154,214,29,78,145,231,43,118,170,231,193,2,94,152,209,10,85,151,209,50,109,163,233,58,101,170,231,34,125,190,253,42,117,183,
    245,210,13,78,143,218,5,70,137,194,29,94,145,202,29,85,140,239,44,110,88,131,194,31,64,155,216,19,72,149,217,50,107,162,244,
    32,96,190,230,59,96,189,241,42,119,178,189,210,28,1,137,207,6,94,130,218,25,70,154,210,22,78,146,238,204,75,88,146,139,28,
    93,156,196,20,81,146,204,44,104,168,244,36,100,167,252,63,117,179,228,52,113,183,236,207,5,67,148,196,5,75,156,223,20,89,132,
    215,19,81,80,139,206,1,88,131,199,23,64,155,220,20,72,147,211,42,33,182,248,109,101,171,231,34,126,184,253,42,118,182,246,210,
    13,67,141,218,5,75,137,194,30,88,155,202,50,12,78,150,202,7,76,207,220,14,23,152,218,23,72,144,212,38,112,168,237,38,120,
    160,225,55,96,184,248,50,104,179,249,202,16,75,129,192,73,94,144,149,30,88,181,238,50,10,68,150,202,3,68,158,194,31,85,134,
    218,22,80,142,209,39,104,182,233,47,98,239,252,46,55,184,250,55,104,176,244,198,16,72,141,198,24,64,129,215,36,116,180,246,44,
    15,69,142,212,7,77,132,141,2,76,209,217,31,87,142,210,42,105,182,234,37,97,190,226,62,117,247,228,38,63,176,240,202,16,72,
    138,195,24,64,191,243,36,116,180,247,44,15,79,141,212,4,70,132,220,28,93,158,196,20,86,147,204,47,106,170,244,36,103,164,252,
    63,120,179,228,55,124,181,236,207,8,77,148,199,35,125,160,251,59,114,168,243,53,12,80,139,205,2,88,129,198,2,95,159,196,23,
    84,148,212,50,109,170,238,37,120,163,224,59,126,166,249,54,112,180,236,207,12,78,164,254,34,118,241,230,40,61,182,247,53,18,78,
    142,205,26,70,134,200,2,93,147,209,10,86,144,209,50,110,171,235,58,101,171,230,34,126,186,250,123,104,162,187,204,42,100,184,224,
    34,122,160,248,61,118,168,240,48,10,80,136,200,3,88,128,192,23,64,155,209,17,72,144,209,38,33,182,248,109,102,167,229,34,126,
    190,253,42,118,182,164,246,41,111,173,254,34,124,189,230,58,119,183,238,49,7,74,150,202,6,70,158,193,27,88,134,217,17,84,142,
    209,41,100,182,233,32,109,190,225,58,117,247,228,38,91,108,172,233,52,100,160,231,60,124,191,248,36,116,181,246,125,18,92,193,202,
    3,65,158,194,26,89,134,218,18,92,142,209,39,101,182,234,36,101,190,226,63,127,166,149,219,22,114,174,234,42,122,166,230,38,51,
    160,234,115,116,180,243,44,12,79,138,212,4,64,128,220,31,85,156,196,20,86,147,157,50,124,225,234,38,96,190,226,60,29,74,150,
    209,25,114,174,234,45,122,165,235,38,98,190,250,49,106,181,251,53,18,78,139,205,26,69,133,192,2,93,156,218,91,72,130,155,47,
    111,175,244,36,102,165,128,216,28,84,136,208,16,106,176,235,45,97,184,227,35,118,160,248,60,112,168,240,49,6,80,139,206,7,88,
    131,196,28,64,155,208,30,72,147,214,44,112,168,232,39,77,66,140,145,25,80,149,206,17,102,172,246,42,99,167,254,34,127,185,230,
    57,127,189,238,50,15,77,150,201,15,65,158,194,31,89,134,217,17,84,142,209,40,110,182,134,199,1,66,157,210,25,74,149,209,17,
    114,173,233,40,122,165,225,40,98,189,254,49,106,181,241,55,18,72,138,212,2,71,158,193,31,90,134,217,23,92,142,214,41,20,78,
    134,222,9,93,128,216,16,74,145,214,12,103,165,246,41,102,162,254,33,127,191,230,57,116,180,238,53,10,80,138,212,1,67,158,193,
    22,64,152,216,10,86,144,137,214,10,67,134,222,2,92,155,198,25,94,151,206,18,109,168,246,42,102,161,254,34,126,189,230,58,116,
    181,238,49,9,74,150,202,4,65,158,194,29,94,134,218,21,121,82,142,206,14,90,134,199,3,66,157,211,30,74,150,210,19,114,174,
    235,40,122,165,230,41,98,189,251,57,106,181,242,48,18,77,139,201,26,69,128,193,2,90,154,232,53,119,82,133,207,20,79,134,222,
    2,90,128,216,4,87,148,208,12,107,171,246,45,111,184,231,35,98,190,249,36,114,168,243,56,18,77,130,212,7,70,158,193,25,123,
    170,246,48,119,82,142,206,9,90,134,198,0,66,157,211,30,74,150,210,19,114,174,235,33,122,165,231,34,98,190,249,59,106,181,244,
    49,18,77,141,193,26,69,132,250,38,122,178,244,46,114,77,136,214,9,79,141,222,2,94,154,198,26,87,151,206,18,108,172,246,43,
    99,184,230,34,98,184,243,36,115,178,238,49,15,68,150,206,2,124,191,255,38,113,182,232,53,120,82,136,205,20,71,132,199,28,93,
    154,198,30,85,136,215,25,114,173,235,52,103,164,224,60,118,191,230,49,118,168,243,54,15,80,139,226,42,124,191,251,63,100,183,252,
    48,108,79,132,195,20,71,135,192,28,95,159,211,4,87,144,212,12,111,169,233,52,100,166,230,60,127,180,250,36,119,179,243,44,15,
    110,167,248,35,102,182,224,59,123,190,232,51,115,76,144,203,13,70,152,195,3,87,128,216,24,95,136,211,17,105,176,235,40,98,184,
    227,33,121,160,251,56,114,168,245,235,54,111,167,248,35,97,182,224,60,113,170,252,51,108,74,140,214,9,70,140,222,1,95,156,198,
    25,84,150,206,17,107,176,232,33,122,166,254,33,124,184,230,49,117,76,175,234,46,116,167,227,35,124,191,251,50,100,183,252,55,108,
    79,142,194,20,71,135,199,28,95,152,216,4,87,144,219,12,111,169,236,52,100,166,229,60,124,191,254,200,19,86,172,240,43,96,163,
    248,35,102,183,224,59,123,183,232,51,121,78,144,203,12,67,152,195,4,93,128,219,25,94,136,219,22,114,173,232,46,122,165,227,34,
    98,89,150,221,14,81,173,240,47,116,163,227,62,98,184,224,51,127,170,245,50,116,82,141,203,9,90,133,195,8,66,157,216,29,74,
    146,218,12,105,169,246,42,101,184,224,223,6,90,148,220,14,81,170,237,54,105,161,224,62,97,182,253,38,121,190,252,46,113,77,141,
    214,10,70,131,222,2,92,159,198,26,84,148,206,17,102,173,246,41,96,67,130,221,28,91,138,213,21,86,178,238,46,106,186,230,33,
    98,162,253,63,112,170,245,55,115,82,141,207,11,90,134,194,2,66,154,217,4,81,147,206,17,111,165,246,197,0,70,130,213,19,68,
    145,213,14,88,169,240,41,104,235,248,50,43,191,250,59,100,183,252,50,108,76,137,201,20,68,133,199,28,95,149,211,4,84,149,211,
    12,111,65,131,216,0,65,155,192,27,95,150,200,19,86,172,240,40,109,167,248,35,104,191,224,59,123,183,232,51,115,78,144,203,11,
    78,152,195,4,87,128,219,27,81,136,214,204,22,76,133,216,3,65,152,192,27,89,158,200,20,87,178,228,40,116,175,231,62,98,182,
    224,63,124,170,253,59,108,79,140,204,20,71,133,193,28,95,158,218,4,83,180,146,204,22,79,129,216,3,72,130,222,26,68,148,214,
    23,76,172,233,40,116,164,230,37,124,191,244,57,100,180,247,54,108,76,140,207,20,68,132,195,28,92,158,219,40,115,183,136,208,8,
    74,131,216,0,67,156,192,24,91,159,200,16,84,168,240,40,109,165,248,35,105,184,224,56,120,181,232,48,113,78,144,203,12,79,152,
    195,1,95,164,247,52,114,172,143,205,11,84,135,198,3,92,152,220,6,95,145,200,27,85,178,229,40,116,164,224,62,98,162,253,58,
    122,170,241,53,108,75,133,214,13,69,152,192,63,102,188,234,53,122,172,143,196,22,73,132,216,3,71,157,192,24,90,145,200,16,84,
    175,240,40,108,166,248,35,105,184,224,56,120,181,232,48,113,71,144,203,13,68,188,252,63,121,164,247,50,115,172,143,203,3,84,135,
    194,4,92,156,216,26,68,148,215,22,76,175,229,35,116,164,228,36,124,188,253,57,100,180,246,50,108,77,137,214,32,96,188,250,53,
    102,189,240,40,115,177,134,208,12,76,154,197,1,92,151,220,6,95,158,200,22,87,178,237,42,109,186,231,36,124,184,255,38,125,191,
    232,51,113,82,169,230,38,126,168,253,32,115,184,234,53,116,177,146,205,12,64,154,197,5,69,130,221,18,90,138,213,26,89,178,237,
    41,106,186,229,33,105,162,253,62,126,170,245,55,47,118,170,228,32,126,161,246,60,102,185,241,53,110,177,136,205,22,73,128,204,30,
    65,157,212,6,89,149,214,14,81,171,236,54,105,165,237,62,98,190,245,38,121,183,151,242,45,106,172,250,37,99,167,226,61,122,188,
    234,51,117,172,137,205,22,73,134,196,30,72,150,192,25,88,138,213,16,80,178,237,42,96,186,226,35,124,186,251,38,21,80,140,231,
    36,118,175,239,56,106,166,226,53,121,164,247,50,118,172,143,203,11,84,135,195,10,92,159,212,31,68,151,214,26,76,175,239,47,116,
    167,224,32,124,191,156,223,8,83,149,232,48,107,175,224,56,99,167,255,32,123,190,241,40,115,184,135,208,11,76,134,216,3,67,159,
    192,27,93,149,200,19,82,166,240,43,108,160,248,35,28,82,132,215,21,82,140,231,37,118,174,229,56,103,165,226,56,125,164,247,54,
    110,177,135,208,8,78,154,205,5,92,159,220,30,68,151,213,19,76,175,237,34,116,167,130,219,0,91,132,211,8,80,146,242,45,107,
    173,250,37,100,160,226,61,124,191,234,53,117,180,146,205,2,73,154,198,6,73,130,222,26,93,138,214,18,86,178,237,34,3,94,130,
    220,29,70,154,214,29,78,145,232,46,118,170,228,44,126,162,252,62,102,185,241,54,110,177,141,197,22,73,133,193,30,65,151,218,6,
    90,150,209,14,81,167,137,218,13,69,156,223,28,94,132,209,21,78,145,239,43,118,175,230,56,101,169,226,58,125,164,254,55,110,178,
    143,129,22,88,205,197,4,65,130,221,18,88,138,214,23,15,86,138,199,1,94,129,215,21,70,154,215,21,78,145,231,41,118,170,231,
    33,126,161,249,60,102,185,240,54,110,178,139,205,22,73,128,205,30,65,154,213,6,89,149,247,210,13,79,141,218,5,70,135,194,30,
    91,154,202,21,86,140,234,47,118,173,230,56,103,167,226,60,102,176,242,40,117,181,146,202,15,84,129,198,30,68,156,192,25,114,174,
    245,202,16,78,139,218,5,67,131,194,27,70,154,210,8,82,140,236,44,118,170,230,45,126,162,253,58,102,186,242,53,110,178,140,196,
    22,74,130,197,30,66,158,251,42,117,182,240,210,13,78,138,218,5,71,132,194,29,93,144,202,21,90,152,242,45,109,172,250,37,100,
    162,226,61,114,188,234,54,113,184,146,206,10,75,154,198,3,124,166,250,55,115,174,243,204,16,67,142,218,5,66,135,194,21,93,132,
    215,22,80,140,233,44,118,174,238,56,101,161,226,61,124,164,244,54,110,177,142,200,22,76,128,252,59,122,166,253,62,104,179,241,210,
    8,86,139,195,24,67,136,194,31,91,132,212,16,84,140,236,46,109,180,228,33,97,188,252,61,115,164,244,52,119,172,143,197,12,120,
    163,228,61,96,187,251,63,104,179,245,201,16,75,128,197,24,67,137,223,0,91,159,223,8,83,151,237,48,107,171,229,56,96,163,249,
    32,120,184,240,40,112,177,141,244,36,102,162,252,61,121,166,249,52,117,174,241,207,14,86,137,199,4,94,129,220,30,70,153,215,19,
    78,151,236,48,108,172,250,35,107,188,250,63,102,187,255,40,119,105,182,235,32,120,163,225,54,96,189,254,42,117,178,242,210,4,73,
    148,207,4,94,129,216,29,70,153,208,28,78,146,235,45,118,170,226,35,126,162,253,52,102,186,246,215,50,109,169,235,58,101,171,227,
    34,126,186,249,42,117,180,241,210,13,77,142,218,5,68,128,194,30,95,155,202,21,90,150,242,45,111,168,250,37,97,162,226,61,126,
    82,142,209,42,108,182,233,35,100,190,225,62,121,166,241,63,104,180,240,210,9,74,148,194,4,94,137,194,29,92,132,212,23,78,147,
    238,48,107,168,231,56,99,160,246,196,23,85,151,204,47,110,168,244,36,102,190,224,34,122,166,250,48,104,176,244,210,13,76,140,218,
    6,65,134,194,30,94,159,202,22,81,151,242,45,99,160,250,37,107,88,134,217,31,86,142,209,39,105,182,233,34,108,190,226,61,120,
    166,250,52,124,174,241,201,4,86,137,206,4,94,129,215,28,70,153,210,23,78,145,236,36,118,169,224,199,2,93,159,208,10,93,155,
    204,47,110,168,244,39,102,165,252,63,126,187,228,63,113,174,247,205,16,76,140,218,5,75,156,215,24,70,156,208,8,84,150,242,45,
    107,69,158,193,31,84,134,217,20,81,142,214,38,112,173,237,58,108,160,252,54,117,166,249,48,116,174,241,200,11,86,137,193,0,94,
    129,214,29,70,153,222,28,78,146,239,201,26,70,130,193,2,94,154,208,10,86,147,210,50,110,171,233,58,102,161,232,34,125,189,249,
    42,117,180,241,210,13,66,137,218,5,64,137,194,29,95,159,202,21,87,79,150,201,3,70,158,193,26,88,134,220,19,72,145,215,50,
    110,175,244,35,108,190,225,34,116,166,249,51,104,176,242,210,14,67,148,199,4,66,156,223,28,93,132,215,49,10,80,139,202,7,88,
    132,196,2,91,155,196,17,92,142,216,43,112,163,234,58,101,164,227,34,126,185,248,42,118,183,244,210,14,79,137,218,6,71,132,194,
    30,90,182,238,49,10,77,150,201,15,76,158,194,28,94,134,217,17,92,142,210,45,111,182,234,37,99,190,226,58,123,166,249,62,113,
    174,241,205,14,86,137,196,13,94,129,219,56,106,181,251,50,18,75,138,212,7,68,139,220,31,94,153,196,16,93,142,209,44,108,182,
    224,32,120,171,227,34,117,187,228,63,116,174,243,201,16,75,137,199,73,94,172,177,57,112,176,238,49,11,68,150,201,14,67,158,193,
    29,92,134,217,21,83,142,209,42,104,182,233,35,101,190,225,59,116,166,250,52,125,174,242,205,10,86,138,194,35,98,190,255,56,106,
    181,251,51,18,78,138,200,26,70,130,199,2,94,155,220,10,86,144,209,50,111,172,244,39,100,161,252,63,126,191,228,55,118,176,236,
    200,9,86,163,231,60,127,184,230,63,119,168,250,57,18,72,140,212,5,67,158,195,25,64,156,217,10,80,150,204,41,108,182,224,38,
    120,170,228,34,117,166,250,53,117,174,242,202,33,122,165,229,32,98,190,250,49,106,182,246,55,18,78,138,203,26,70,130,192,2,94,
    158,221,10,86,147,209,50,109,173,225,58,101,170,231,34,125,178,255,42,117,182,165,246,41,110,165,254,33,122,189,230,57,117,177,238,
    49,11,76,150,202,6,77,207,220,14,23,155,222,18,72,147,213,38,112,171,224,33,120,163,227,62,96,187,251,49,12,111,168,238,52,
    103,161,227,60,127,185,242,36,116,182,251,44,12,79,140,212,4,64,129,220,28,89,154,196,23,93,145,204,44,108,170,244,36,100,165,
    252,60,125,190,136,208,18,111,176,233,46,122,165,226,35,98,189,248,61,106,181,240,50,18,74,143,212,1,65,158,193,26,64,157,216,
    10,92,155,204,42,101,182,238,38,120,167,230,34,29,95,136,215,24,114,174,235,52,97,163,254,39,125,160,243,57,106,182,246,48,18,
    78,137,206,26,70,135,195,2,94,158,208,10,86,145,212,50,109,163,234,58,102,160,159,198,25,82,147,206,18,111,165,246,41,97,161,
    254,33,121,190,230,58,117,189,238,49,8,72,150,201,14,64,158,193,29,91,134,217,21,86,142,209,45,104,182,233,35,6,66,157,219,
    29,74,146,211,12,105,174,246,41,100,160,254,33,127,184,230,63,119,168,243,48,6,80,130,192,26,67,134,220,25,90,134,221,22,72,
    147,212,50,106,170,152,199,0,66,157,222,4,87,151,206,24,102,225,246,56,45,165,228,36,98,189,255,48,106,181,250,55,18,77,137,
    200,26,69,129,199,2,93,158,220,10,85,151,209,50,9,67,140,222,2,92,149,198,26,85,146,206,18,106,175,246,42,99,164,254,33,
    119,191,230,58,118,180,238,50,14,75,150,202,7,64,158,194,28,93,134,219,16,72,147,140,201,20,71,134,199,28,95,158,216,4,80,
    145,206,23,107,176,235,44,122,163,226,60,118,181,230,59,114,168,247,55,18,74,136,212,3,64,158,193,28,64,153,196,21,113,82,142,
    214,9,78,152,192,2,91,128,216,27,80,136,211,23,104,176,235,47,102,184,227,41,126,160,251,60,119,168,240,50,13,80,136,201,2,
    88,128,192,30,64,155,252,49,108,79,138,203,20,71,131,192,28,95,155,211,4,87,147,214,12,111,165,236,52,103,167,234,60,127,185,
    252,36,119,177,245,44,13,78,150,204,1,88,131,194,27,100,183,245,48,108,79,141,202,20,78,129,222,6,89,128,210,26,74,157,209,
    12,105,170,246,41,100,160,254,33,127,160,252,57,106,177,241,44,8,80,142,207,26,70,135,224,63,100,183,247,46,114,74,141,214,10,
    70,131,222,2,91,157,198,26,82,151,206,18,110,169,246,42,102,160,254,33,125,185,183,36,102,255,243,54,10,80,139,192,6,124,188,
    248,62,100,180,244,58,108,79,143,205,20,71,141,199,28,92,157,218,4,84,148,214,12,111,171,227,52,103,162,231,60,127,187,252,36,
    119,189,243,44,15,72,140,248,32,97,190,224,59,126,191,232,51,117,71,144,203,12,65,152,203,6,66,155,221,4,87,150,209,12,111,
    172,237,52,110,167,254,40,125,160,251,56,127,168,251,51,18,96,163,248,38,103,162,248,60,100,183,246,51,61,82,156,129,9,64,128,
    222,1,86,156,198,26,82,144,206,18,110,164,246,41,101,163,254,33,119,185,230,58,119,180,238,238,42,108,186,229,37,105,162,253,60,
    125,170,245,53,118,82,141,195,9,90,133,198,6,66,158,219,24,74,149,212,25,114,173,239,33,122,165,230,39,98,181,252,36,113,87,
    178,237,40,107,186,229,34,103,162,244,57,100,190,247,46,113,78,133,214,1,69,152,202,5,66,152,221,4,82,146,206,17,108,173,167,
    52,118,239,227,38,122,160,251,220,27,76,175,235,34,116,167,226,42,124,191,255,61,100,183,240,54,108,79,137,203,20,71,129,202,28,
    92,158,211,4,84,151,212,12,108,168,233,52,100,161,226,60,127,81,149,200,16,80,174,240,40,104,161,248,32,97,186,224,56,122,183,
    232,49,118,82,136,201,20,67,132,222,5,89,128,218,4,81,136,211,20,114,165,234,52,97,172,254,213,19,68,159,220,14,83,171,240,
    44,105,186,225,34,124,183,224,56,125,170,245,53,108,70,144,203,14,68,152,192,3,92,128,216,29,82,136,208,20,109,176,235,33,102,
    92,159,216,27,68,148,214,16,76,172,237,46,116,164,229,39,124,191,251,62,100,183,252,58,108,79,139,202,20,71,130,199,28,92,159,
    219,4,87,146,208,12,111,175,234,216,3,69,152,192,27,93,145,200,21,80,178,237,43,104,186,229,32,100,162,253,58,122,170,245,50,
    116,82,133,204,20,64,130,222,8,86,128,210,28,74,157,211,12,111,73,134,137,30,80,213,221,28,92,138,213,26,80,178,238,46,108,
    186,230,34,104,162,253,57,127,170,245,59,116,82,142,203,8,90,134,195,1,66,157,221,24,74,149,218,200,22,73,142,198,30,65,152,
    213,6,90,151,221,14,81,169,232,54,105,165,224,62,97,187,254,38,121,179,247,46,118,72,144,195,0,90,141,196,28,95,156,220,4,
    94,180,146,205,10,72,154,195,2,92,151,222,6,80,150,200,17,89,178,229,34,37,186,244,105,97,184,248,38,121,190,253,46,113,73,
    132,214,9,64,140,222,1,93,155,198,53,118,180,146,205,15,73,154,197,7,72,130,222,24,81,138,214,17,86,178,238,46,107,186,230,
    39,96,162,253,51,123,170,246,50,112,82,142,202,15,90,134,195,4,66,186,244,53,110,179,136,208,14,75,154,193,2,92,159,221,24,
    68,145,212,14,87,178,229,41,116,174,228,62,105,189,224,62,112,170,247,53,108,72,143,214,9,71,152,199,52,102,186,246,40,112,183,
    146,206,3,84,132,192,30,66,157,221,6,89,144,221,14,82,172,228,54,106,163,225,62,98,187,253,38,122,182,247,46,113,72,138,214,
    9,66,167,226,61,127,188,234,54,112,181,146,206,9,74,154,198,1,73,130,222,30,94,138,214,23,83,178,237,35,110,186,230,34,99,
    162,254,59,120,170,246,51,119,82,143,200,56,97,169,226,56,124,164,243,55,110,182,142,208,9,84,135,196,30,65,153,192,24,92,138,
    220,17,76,170,237,54,108,160,248,39,99,162,249,63,100,176,242,46,113,78,180,228,44,126,162,252,32,120,187,234,54,113,178,146,206,
    8,74,154,198,6,70,130,222,30,95,138,214,18,86,178,238,40,104,186,230,34,98,162,253,63,120,170,245,48,36,118,170,228,44,126,
    161,246,56,102,185,254,55,110,177,134,200,22,73,130,195,30,65,157,218,6,89,148,220,14,81,168,234,54,105,163,231,62,97,191,255,
    38,121,180,148,242,45,104,168,250,37,96,163,226,61,120,186,234,54,122,172,143,204,13,84,143,199,30,72,155,192,25,80,138,213,23,
    76,171,235,54,107,161,248,38,101,162,253,61,8,86,151,242,46,109,180,231,45,126,162,253,59,102,186,245,50,110,177,136,203,71,84,
    150,143,3,70,154,192,27,80,150,200,16,84,170,240,40,104,174,248,35,99,185,132,215,29,87,140,236,45,106,180,228,38,97,188,255,
    52,120,164,247,50,113,172,143,196,3,84,135,199,5,92,159,223,24,68,151,209,22,76,175,233,41,116,167,225,43,0,91,157,222,8,
    91,151,242,40,99,180,238,32,126,161,255,62,102,191,254,40,116,183,146,205,10,76,154,205,0,92,153,212,6,92,158,200,20,82,178,
    237,34,116,162,136,194,25,94,132,215,20,78,153,242,37,104,229,250,52,41,161,248,56,102,185,254,52,110,178,138,200,22,74,134,204,
    30,65,157,219,6,89,159,209,14,82,175,236,54,6,64,131,194,29,82,154,202,21,84,147,242,45,98,161,250,37,97,167,226,61,121,
    186,234,53,119,180,146,205,15,75,154,197,7,73,130,221,31,80,138,221,21,76,170,129,218,12,70,156,223,29,88,132,209,28,78,150,
    233,48,107,168,226,56,107,162,226,59,114,164,242,60,110,182,140,208,11,64,154,192,10,92,155,216,6,89,150,200,27,16,67,138,139,
    24,82,203,223,26,94,132,215,17,90,140,239,36,109,180,231,39,98,188,255,63,125,164,247,48,118,172,143,201,11,84,135,193,10,92,
    156,222,19,68,148,243,200,16,72,140,197,24,64,133,222,0,91,145,213,8,80,144,238,48,104,168,225,56,96,161,250,32,120,186,247,
    40,113,182,146,200,9,84,131,196,30,69,153,192,26,104,181,248,210,11,72,148,196,5,94,137,219,0,94,159,202,16,81,140,235,42,
    118,173,229,56,99,163,226,63,102,184,234,54,117,172,143,201,22,74,133,197,30,65,152,241,42,118,176,248,210,14,79,141,218,6,71,
    129,194,30,90,155,202,21,84,150,242,45,110,175,250,37,103,164,226,62,120,189,234,54,113,178,146,206,9,65,154,198,6,122,166,250,
    51,119,174,241,199,10,86,138,198,7,94,130,223,28,70,154,215,19,78,147,236,48,105,161,250,32,100,188,251,63,102,190,246,40,113,
    172,143,204,22,73,129,252,60,120,166,251,55,104,179,240,204,16,75,136,207,24,67,129,216,0,92,153,202,21,81,140,236,43,118,160,
    230,56,96,167,226,62,125,164,244,48,113,172,140,207,9,120,160,229,59,96,187,240,48,104,179,245,200,16,75,139,192,24,64,130,222,
    0,88,153,215,8,80,144,239,48,107,175,224,56,99,166,252,32,123,176,254,40,115,185,142,244,39,96,165,252,60,124,187,228,55,113,
    181,236,207,8,78,148,199,1,69,156,223,29,88,132,215,20,83,140,239,46,109,180,239,32,126,161,254,53,102,191,245,40,116,104,182,
    234,34,120,160,231,34,120,179,228,50,112,174,243,200,16,73,141,218,1,71,156,223,29,70,153,215,8,82,140,230,40,118,170,226,38,
    126,162,253,59,102,186,245,216,50,110,168,225,58,102,166,226,34,126,186,250,42,118,183,245,210,14,72,137,218,5,71,131,194,29,92,
    156,202,21,84,152,242,45,99,174,250,38,102,165,226,62,127,86,142,209,39,105,182,234,38,102,190,226,62,117,166,250,55,114,174,242,
    204,15,86,139,206,24,70,133,194,25,88,132,211,29,78,146,242,37,118,169,224,56,96,163,226,219,22,72,147,208,47,112,171,232,46,
    120,163,225,59,96,187,250,52,104,180,245,210,11,72,148,193,13,94,136,216,0,83,155,202,21,84,148,242,45,109,169,250,37,101,84,
    134,218,18,84,142,209,39,100,182,233,37,97,190,225,55,126,166,250,55,124,174,242,206,12,86,138,196,3,94,129,217,31,70,153,222,
    20,78,145,233,46,118,169,238,197,2,93,153,217,10,85,145,209,50,109,169,232,58,102,163,225,34,120,185,228,53,125,174,241,207,9,
    86,137,196,7,94,129,220,27,70,159,208,8,84,149,242,37,108,88,139,197,2,95,152,196,19,93,142,211,44,112,175,238,58,102,170,
    252,54,96,189,228,62,118,174,241,205,16,72,139,196,24,64,130,216,0,88,154,210,8,83,152,239,212,4,65,134,220,28,92,147,196,
    20,84,149,204,44,108,162,244,36,101,163,252,63,121,179,228,55,114,177,236,207,10,73,148,199,3,68,156,220,28,83,132,215,29,86,
    80,136,200,7,88,128,192,22,64,152,217,19,72,144,210,44,112,169,239,58,96,166,252,59,125,166,253,62,104,179,236,198,16,75,141,
    218,6,64,156,220,21,70,153,214,48,18,77,138,207,26,69,131,196,2,93,152,217,10,82,150,204,41,109,182,239,46,120,170,229,34,
    117,184,228,55,114,177,236,207,11,74,148,199,3,69,156,223,20,94,168,243,57,15,80,136,200,1,88,128,192,29,64,155,220,30,72,
    144,209,40,112,171,239,34,120,163,230,54,96,187,240,51,104,179,248,200,16,75,140,198,24,67,130,214,36,119,182,251,44,15,73,140,
    212,7,64,128,220,31,92,154,196,19,84,142,215,46,112,171,232,39,120,171,226,34,125,184,181,42,100,249,241,200,8,86,137,206,4,
    94,190,249,49,106,182,242,50,18,78,138,204,26,70,128,194,2,93,146,209,10,85,151,216,50,110,168,225,58,102,161,230,34,126,190,
    251,42,118,183,240,210,13,67,139,218,34,126,188,230,58,118,179,238,50,15,72,150,202,4,69,158,195,24,64,158,219,10,81,146,204,
    43,107,182,232,58,99,190,225,58,96,184,249,42,118,186,236,199,5,86,165,226,38,98,189,251,59,106,181,240,48,18,77,136,207,26,
    67,130,220,25,91,134,208,18,72,155,209,50,109,172,234,58,101,164,233,34,125,189,254,42,117,186,243,210,42,99,167,254,34,126,189,
    230,58,118,177,238,50,15,68,150,202,7,65,158,193,26,91,134,217,17,87,142,209,40,110,182,233,46,97,190,225,56,117,166,249,52,
    125,174,174,234,33,122,165,234,39,98,189,255,57,106,181,243,56,18,77,138,204,26,69,130,193,2,93,155,218,10,83,155,204,41,108,
    182,224,46,120,165,225,34,117,185,228,49,23,114,173,235,40,122,167,225,60,122,181,230,60,115,168,245,44,11,80,131,202,26,76,133,
    141,2,76,209,217,16,80,142,209,43,100,182,233,46,99,190,225,61,124,166,149,209,23,114,173,238,44,122,165,231,33,98,189,255,48,
    106,182,240,57,18,78,137,206,26,70,134,195,2,94,159,216,10,85,155,211,50,110,170,232,58,102,162,231,34,26,87,144,206,18,108,
    173,246,43,96,184,230,35,98,185,250,36,115,179,238,48,18,75,150,201,2,88,128,193,2,94,146,196,31,93,142,209,46,106,182,233,
    39,103,190,157,216,24,74,149,208,23,114,171,234,52,97,163,254,40,122,160,248,60,106,182,241,56,18,78,137,202,26,70,134,201,2,
    94,159,216,10,86,146,212,50,109,163,234,58,1,87,159,198,26,84,148,206,18,110,170,246,41,96,160,254,34,122,190,230,57,117,176,
    238,49,6,72,150,201,1,69,158,193,29,85,134,217,20,92,142,209,43,109,182,133,197,0,66,157,218,25,74,149,211,23,114,173,232,
    40,122,165,227,34,98,189,251,56,106,181,243,44,9,76,150,192,2,88,133,200,2,85,154,196,18,86,142,217,41,20,71,133,196,77,
    66,140,145,25,80,144,206,17,107,164,246,41,110,163,254,33,125,188,230,57,117,179,238,49,10,72,150,201,3,69,158,193,27,84,134,
    218,20,93,142,142,201,14,90,134,198,3,66,158,223,24,74,149,219,19,114,174,234,40,122,166,226,39,98,190,251,60,106,182,240,49,
    18,79,140,212,2,71,158,197,30,64,159,223,10,112,82,139,214,9,66,152,192,1,66,158,210,4,95,157,206,17,110,170,246,41,103,
    167,254,33,124,188,230,57,116,179,238,55,14,80,141,207,26,76,134,220,28,88,134,246,49,120,82,142,201,10,90,134,198,9,66,158,
    223,24,74,150,210,20,114,173,227,42,122,165,235,35,98,190,248,56,106,182,242,54,18,77,140,204,26,70,134,194,2,121,181,240,46,
    113,70,136,214,9,65,133,222,1,93,149,198,25,84,156,206,17,107,173,246,41,97,164,254,33,126,189,230,57,119,179,238,49,12,76,
    150,201,7,70,158,253,59,120,170,245,51,108,73,140,214,0,66,152,197,8,66,149,218,4,82,150,206,25,105,176,235,41,96,233,254,
    48,53,189,252,60,106,181,247,56,18,77,130,207,26,97,189,252,38,121,181,243,46,113,74,136,214,9,67,133,222,1,91,148,198,26,
    84,157,206,18,109,170,246,42,98,167,254,34,123,188,230,57,127,183,238,50,14,76,150,230,34,103,162,254,59,124,170,246,48,113,82,
    143,204,20,66,135,222,5,94,128,223,31,74,148,206,23,114,173,238,52,100,165,254,34,118,160,243,49,106,181,242,54,18,105,167,231,
    62,97,188,252,38,121,180,243,46,119,78,144,205,15,90,140,198,28,92,152,198,26,85,156,206,18,109,174,246,42,98,173,254,34,123,
    188,230,58,118,176,238,237,35,106,186,229,43,99,162,254,56,120,170,246,50,118,82,141,204,12,90,134,198,2,66,157,217,28,74,149,
    218,20,114,173,237,41,122,165,225,41,98,189,248,48,106,81,171,237,54,105,161,228,62,97,190,253,38,121,183,243,46,113,76,140,214,
    9,71,134,222,1,95,156,198,25,87,136,213,16,114,164,238,52,97,172,254,41,126,160,254,214,14,81,174,236,54,97,162,248,35,98,
    189,224,60,126,170,243,49,108,70,140,214,0,65,152,203,4,66,157,220,29,74,149,213,18,114,173,237,33,122,165,234,38,98,89,148,
    221,14,81,173,234,54,105,162,231,62,97,187,252,38,121,179,243,46,114,76,132,214,10,69,129,222,2,90,158,198,26,82,157,206,17,
    103,174,246,41,111,173,254,222,26,94,138,214,19,83,178,238,40,104,186,231,39,124,186,254,38,124,191,232,55,118,82,141,200,10,90,
    131,198,28,87,152,198,16,87,136,218,18,114,175,236,52,103,64,155,192,31,89,138,209,27,76,168,239,54,105,164,248,35,124,189,255,
    38,123,183,232,48,115,72,144,200,11,71,152,192,5,95,128,216,28,85,136,211,22,105,176,232,199,5,92,156,221,28,68,148,208,17,
    76,175,232,47,37,186,244,105,97,184,248,38,121,190,244,46,114,77,133,214,10,70,134,222,2,94,152,198,26,84,150,206,17,102,65,
    154,197,7,72,130,222,24,81,138,214,17,86,178,238,46,107,186,230,39,96,162,253,51,123,170,246,50,112,82,142,202,15,90,134,195,
    4,66,158,216,25,74,151,212,208,14,75,154,193,2,92,155,219,6,88,138,211,14,81,170,240,40,105,186,230,42,124,183,245,38,121,
    182,242,46,113,79,143,214,9,68,132,222,1,92,155,198,31,86,172,137,203,22,64,130,216,11,65,130,221,28,90,138,213,20,89,178,
    237,45,110,186,229,42,99,162,254,63,123,170,246,50,113,82,142,202,13,90,134,195,8,66,158,219,49,110,177,138,203,22,73,129,199,
    30,65,152,222,6,89,158,209,14,81,168,229,54,105,164,237,62,98,190,245,38,121,190,244,46,113,74,136,214,9,71,128,222,9,86,
    164,255,55,110,177,143,206,22,73,135,196,30,72,155,192,29,81,138,210,21,76,175,234,54,96,165,248,33,101,162,249,51,100,178,253,
    46,117,75,144,205,0,90,131,193,113,102,168,189,53,116,180,146,205,15,64,154,197,10,71,130,221,25,88,138,213,17,87,178,237,46,
    108,186,229,39,97,162,253,63,112,170,246,48,121,82,142,201,14,90,162,250,63,102,186,243,52,110,177,135,207,22,74,134,196,30,66,
    158,219,6,90,151,208,14,82,172,237,54,107,160,248,38,99,162,249,58,100,179,243,46,112,82,139,214,37,102,188,252,61,102,186,254,
    40,123,185,146,205,10,78,154,197,3,67,130,221,24,88,138,213,16,87,178,235,42,116,161,227,62,104,186,224,56,124,170,246,49,120,
    82,170,229,38,126,162,250,53,102,186,243,52,110,178,142,200,22,73,143,198,30,65,151,223,6,90,148,212,14,82,174,234,54,105,160,
    224,62,98,186,254,38,121,181,243,46,45,99,169,250,37,101,165,226,61,120,177,234,53,122,180,146,205,15,73,154,197,1,73,130,221,
    27,80,138,221,26,76,175,238,46,116,160,229,62,97,191,254,38,127,182,140,231,46,118,160,226,56,106,164,226,61,115,164,247,52,112,
    253,146,220,65,73,128,192,30,65,155,212,6,89,158,211,14,81,173,236,54,105,165,227,62,97,186,248,38,21,87,145,242,45,111,160,
    250,38,96,169,226,62,121,190,234,54,118,179,146,206,15,72,154,197,11,67,130,222,26,88,138,214,18,87,178,238,43,108,186,230,32,
    97,162,155,208,8,86,147,242,41,106,180,227,35,126,160,226,59,102,185,242,40,112,177,146,206,2,84,143,205,30,65,158,218,6,89,
    151,215,14,81,172,236,54,105,164,227,62,27,90,132,209,19,78,152,234,48,104,172,250,38,97,168,226,62,121,186,234,54,118,185,146,
    206,15,72,154,198,2,68,130,221,19,90,138,213,27,83,178,238,40,104,186,130,222,26,70,153,208,16,78,146,234,46,118,169,229,35,
    126,161,247,61,102,185,241,49,110,177,140,197,22,73,142,192,30,65,155,221,6,89,149,221,14,81,175,228,54,13,74,156,223,30,94,
    132,208,21,78,145,239,46,118,175,230,56,107,162,226,52,126,164,254,48,110,177,135,208,11,72,132,137,30,80,213,221,28,92,138,213,
    23,88,178,137,206,3,94,129,221,28,70,153,213,19,78,145,234,40,118,169,227,37,126,161,251,52,102,186,244,61,110,178,141,202,22,
    74,130,199,30,66,155,220,6,89,159,215,14,14,74,136,218,6,66,135,194,30,91,156,202,22,80,145,242,47,108,180,226,39,126,165,
    254,32,127,191,234,52,110,183,146,205,14,84,132,197,30,66,150,192,19,81,138,241,206,10,86,137,199,7,94,129,220,28,70,153,212,
    19,78,151,238,48,109,175,250,44,102,188,252,56,102,186,245,60,110,178,141,206,22,74,130,205,30,66,155,220,6,118,178,244,210,13,
    67,138,218,5,75,131,194,30,88,152,202,22,82,150,242,45,108,172,250,38,102,162,226,61,121,191,234,53,123,177,146,205,13,77,154,
    197,0,73,130,249,62,112,174,241,203,13,86,137,197,13,94,129,223,20,70,145,222,8,83,146,234,48,108,169,250,37,99,162,226,59,
    122,164,255,54,110,184,138,208,2,76,154,198,0,96,189,254,42,117,178,249,210,13,75,142,218,5,64,131,194,26,92,132,209,23,78,
    152,238,48,98,175,250,45,102,188,255,58,127,164,247,51,112,172,143,203,3,84,135,232,56,96,187,250,63,104,179,243,200,16,75,140,
    197,24,67,133,222,0,91,157,209,8,80,146,230,48,104,171,227,56,96,164,252,32,120,188,255,40,115,185,140,208,11,109,171,252,60,
    124,188,228,52,117,177,236,204,14,74,148,197,1,94,132,220,0,91,153,208,8,83,145,230,48,107,170,229,56,102,164,226,61,121,164,
    244,52,110,178,137,244,47,108,190,225,62,121,166,249,55,118,174,241,207,5,86,137,196,2,94,134,215,0,93,158,202,28,81,140,231,
    44,118,169,224,37,126,161,248,52,102,185,241,49,110,109,162,234,58,101,170,233,34,125,185,250,42,117,177,249,210,13,78,142,218,5,
    71,131,194,30,88,156,202,22,81,145,242,46,105,160,250,38,102,165,226,62,127,186,234,209,39,105,182,234,38,102,190,225,61,127,166,
    249,51,119,174,241,202,12,86,137,198,13,94,131,219,0,83,145,202,21,80,146,242,43,111,180,239,39,126,162,250,32,125,72,147,214,
    50,109,171,239,58,101,160,225,34,125,184,250,42,124,178,236,200,9,86,143,196,24,69,137,194,20,92,132,223,23,78,145,232,40,118,
    169,225,37,126,161,249,208,10,85,154,213,50,109,168,224,58,101,161,229,34,125,190,250,42,117,182,249,210,13,79,142,218,6,64,135,
    194,30,89,156,202,22,86,145,242,46,110,160,250,38,103,89,134,217,31,92,142,210,46,105,182,234,39,102,190,226,63,117,166,251,50,
    104,179,240,198,16,75,138,192,24,67,129,219,0,88,152,202,17,78,145,236,48,107,161,250,194,24,64,147,223,10,85,146,212,50,109,
    171,233,58,101,163,232,34,125,184,253,42,114,186,236,201,9,86,128,196,24,74,137,194,29,92,152,202,21,84,151,242,45,109,64,158,
    193,22,93,134,217,30,92,142,209,45,109,182,233,37,108,190,226,63,126,166,250,55,112,174,242,207,5,86,138,198,0,94,130,221,27,
    70,154,210,16,78,146,235,201,26,69,139,196,2,94,154,217,10,86,146,216,50,110,171,237,58,102,160,226,34,127,189,228,50,112,174,
    245,207,16,79,128,218,5,94,136,194,29,95,132,212,22,78,68,130,212,2,70,158,196,25,64,146,208,10,85,144,209,50,106,174,244,
    33,101,190,231,54,96,178,253,42,125,176,236,207,10,73,148,199,3,66,156,223,27,93,132,215,56,10,80,139,193,7,88,131,195,26,
    64,152,216,22,72,144,209,38,112,168,234,37,120,160,227,59,96,187,241,51,104,176,244,206,16,72,140,193,24,64,133,218,0,91,189,
    245,44,12,76,142,212,4,69,131,220,28,93,146,196,21,87,142,212,46,112,174,239,58,97,166,252,56,125,166,240,54,104,181,244,210,
    10,79,148,206,6,94,129,223,56,106,176,250,44,10,75,150,206,6,88,134,192,2,91,159,196,31,81,142,216,38,112,171,233,34,120,
    171,229,34,125,188,254,42,117,181,243,210,13,66,136,218,5,74,187,230,57,117,180,238,49,13,75,150,201,2,64,158,194,31,92,134,
    218,22,92,142,209,40,109,182,233,47,108,190,226,58,127,166,250,51,116,174,241,199,15,86,138,198,32,98,189,249,48,106,181,247,50,
    18,77,143,203,26,64,135,220,31,64,155,217,31,72,147,209,39,112,172,224,58,101,166,252,61,122,166,254,48,104,186,245,210,8,79,
    184,227,34,120,160,251,56,113,168,240,53,18,73,131,212,4,88,135,199,2,94,157,196,20,92,142,210,44,101,182,234,36,109,190,226,
    58,121,166,249,63,117,255,236,222,99,103,162,227,60,127,180,250,36,116,177,241,44,12,77,143,212,7,77,139,220,28,93,155,196,23,
    93,151,204,44,109,175,244,39,99,162,252,63,122,184,228,52,113,179,176,235,46,111,184,227,36,119,160,251,59,113,168,243,53,11,80,
    139,204,1,88,128,193,28,64,155,220,10,80,145,204,43,108,182,237,33,120,162,252,54,120,166,255,51,12,104,169,246,47,100,184,230,
    34,98,191,252,36,115,176,238,52,13,80,139,201,5,88,133,220,28,88,134,216,10,86,146,204,47,101,172,244,36,97,163,252,60,120,
    191,136,208,20,108,176,232,41,97,184,224,32,122,160,248,56,116,168,243,57,7,80,136,200,7,88,128,194,27,64,152,220,19,72,144,
    211,39,112,171,238,35,120,163,230,55,4,87,151,209,12,111,169,227,52,103,161,227,60,124,184,249,36,117,182,238,51,7,80,142,206,
    26,65,129,220,31,94,153,196,17,84,142,217,42,112,162,239,58,109,161,128,210,25,74,144,218,12,111,172,235,52,103,166,231,60,127,
    189,253,36,119,168,247,44,15,75,150,203,6,88,131,201,2,93,147,221,10,86,151,212,50,110,174,238,58,2,91,153,198,26,85,148,
    206,17,103,175,246,42,102,165,254,33,119,184,230,57,115,179,238,50,10,69,150,202,5,65,158,193,24,93,134,217,17,87,142,209,44,
    101,182,133,198,7,66,157,217,17,74,150,215,21,114,174,232,40,122,167,231,60,122,190,230,60,127,168,243,48,9,80,139,202,0,88,
    138,192,2,91,152,196,23,84,145,204,39,12,90,129,198,28,88,157,198,29,81,136,215,23,114,169,237,52,100,166,254,38,118,160,243,
    56,106,181,243,50,18,77,140,201,26,69,132,200,2,93,157,221,10,85,154,142,214,10,69,135,222,1,87,155,198,26,87,146,206,18,
    111,171,246,41,99,165,254,33,121,181,230,57,126,183,238,49,9,73,150,201,0,70,158,193,25,84,134,218,22,115,82,141,206,8,90,
    133,193,2,66,157,223,24,74,149,215,22,114,173,235,44,122,165,226,32,98,189,248,59,106,181,243,55,18,77,138,212,6,88,135,200,
    2,94,153,232,49,112,82,141,202,9,90,133,194,8,66,157,219,29,74,149,208,18,114,170,239,52,97,166,254,34,122,160,249,56,106,
    182,242,44,12,79,136,212,4,71,138,220,31,127,190,232,48,117,74,144,203,1,65,152,192,1,95,128,216,24,86,136,208,16,102,176,
    232,41,102,184,227,40,127,160,248,58,112,168,240,52,6,80,136,204,0,88,131,244,50,100,183,247,58,108,79,136,202,20,71,129,197,
    28,95,153,218,4,80,156,206,17,108,175,246,41,103,163,254,33,127,184,230,48,127,168,245,54,18,75,142,212,1,97,162,254,60,100,
    181,243,46,115,71,144,204,1,90,133,195,8,66,157,216,29,74,146,218,12,105,169,246,32,100,184,234,41,98,189,252,56,106,181,244,
    55,18,77,141,224,62,97,182,253,38,121,190,252,46,113,77,141,214,10,71,140,222,2,95,156,198,26,87,147,206,18,111,173,246,41,
    97,164,254,34,124,181,230,57,113,188,238,49,9,108,186,229,38,96,162,253,57,112,170,245,49,114,82,141,207,0,90,133,198,5,66,
    157,218,31,74,151,212,12,107,164,246,41,96,184,227,60,118,160,251,61,106,182,240,240,40,97,186,229,34,96,162,253,58,127,170,245,
    51,116,82,141,200,9,90,130,198,28,89,157,198,31,94,136,218,21,114,165,232,52,103,162,225,60,127,187,250,36,116,85,173,240,40,
    108,161,248,32,101,188,224,59,113,191,232,51,121,77,144,203,12,78,152,192,1,88,128,219,31,82,136,211,22,102,176,235,32,99,184,
    227,40,120,160,251,208,18,76,175,238,34,116,167,230,43,124,191,249,60,100,183,240,48,108,79,140,202,20,66,132,222,5,94,128,223,
    28,74,149,208,18,114,170,227,52,97,164,254,40,121,68,149,200,21,76,173,232,54,109,174,248,36,124,187,251,38,121,177,232,48,120,
    82,142,206,20,68,131,222,2,88,128,219,31,82,217,206,0,37,173,236,44,122,165,229,216,6,90,148,213,14,82,174,239,54,105,175,
    237,62,98,191,254,38,122,178,245,46,114,79,137,214,9,78,135,222,1,87,157,198,25,80,147,206,17,107,175,246,41,101,71,130,221,
    24,81,138,213,17,81,178,237,46,110,186,230,35,99,243,224,42,51,183,242,54,108,79,137,194,20,71,140,197,28,95,159,218,4,87,
    151,213,12,111,168,238,216,3,69,159,192,27,93,158,200,16,82,167,240,40,107,160,248,32,100,189,224,56,125,182,232,51,121,77,144,
    200,8,70,152,192,0,89,128,216,25,82,136,208,18,111,84,133,194,30,68,157,192,31,88,138,209,21,76,174,240,45,104,186,226,38,
    124,182,253,38,122,190,232,49,118,82,136,201,20,64,132,222,6,95,128,219,25,85,136,215,206,22,64,154,192,30,66,157,192,24,91,
    147,200,16,83,170,240,40,108,167,248,32,98,185,224,56,125,183,232,51,121,77,144,200,13,67,152,195,9,87,128,216,25,85,172,143,
    203,3,84,135,194,11,92,159,218,18,68,151,211,27,76,172,232,41,116,167,226,34,124,191,255,50,100,183,247,54,108,79,137,200,20,
    79,140,222,1,94,158,198,53,112,181,146,205,11,74,154,197,3,65,130,222,31,68,151,212,26,76,166,228,54,96,160,248,43,97,162,
    252,38,123,176,232,49,120,82,136,202,20,68,134,222,4,92,164,244,48,110,179,142,208,11,64,154,198,0,69,130,221,28,92,219,200,
    2,27,175,234,46,116,167,225,42,124,191,244,61,100,183,247,50,108,79,143,205,20,71,128,198,32,123,189,247,40,115,181,134,208,8,
    74,143,216,0,67,152,192,24,92,149,200,16,85,174,240,43,97,165,248,32,96,190,224,56,120,177,232,48,113,74,144,200,10,71,188,
    253,58,102,188,245,40,119,176,146,201,13,84,134,216,5,64,130,218,30,68,158,213,14,82,166,240,41,110,186,224,33,124,184,252,38,
    126,183,232,51,113,77,144,207,38,126,168,226,56,102,186,245,40,112,179,139,208,8,75,130,216,0,68,159,192,24,90,145,200,16,85,
    175,240,43,97,165,248,32,101,187,224,59,113,191,232,48,113,77,180,231,35,107,188,255,58,115,164,247,50,122,172,143,203,3,84,132,
    192,1,92,159,218,26,68,151,215,26,76,175,239,46,116,167,225,32,124,183,244,38,121,182,246,46,45,104,173,250,37,99,162,226,61,
    123,185,234,53,113,172,143,206,11,84,128,205,30,72,153,192,29,95,138,215,23,76,175,237,35,116,167,236,62,101,190,224,59,122,170,
    145,237,48,111,172,250,39,98,188,255,62,102,186,242,50,110,178,138,196,22,74,134,204,30,66,154,222,6,90,150,212,14,81,167,234,
    54,106,166,231,62,97,187,244,119,8,66,219,239,42,110,180,231,33,106,188,255,52,125,164,247,55,114,172,143,207,13,84,135,192,6,
    92,159,217,27,68,151,209,26,76,172,238,35,116,164,231,36,124,188,156,213,8,80,149,238,48,107,161,229,56,96,160,254,32,120,184,
    241,40,112,177,138,208,8,74,135,216,1,70,130,216,25,68,147,212,14,85,169,240,42,116,161,228,62,26,94,132,222,21,78,146,230,
    48,105,174,250,32,97,188,248,60,102,190,247,40,115,177,141,208,15,74,154,204,30,68,130,222,25,68,148,215,23,76,172,239,46,116,
    164,132,223,0,88,154,209,8,80,149,239,48,107,161,229,56,96,165,251,32,123,177,255,40,112,177,141,208,11,79,143,216,3,70,151,
    192,27,94,158,200,19,87,167,240,40,0,65,156,223,26,90,132,215,23,90,140,239,47,110,180,231,33,96,188,247,52,102,185,246,54,
    110,177,140,201,22,73,135,198,30,65,159,221,6,89,149,200,19,82,175,148,192,13,94,136,217,0,93,159,202,23,87,140,231,37,118,
    169,238,56,100,162,226,63,102,186,255,40,119,172,139,208,8,79,154,198,0,69,130,221,18,90,138,214,19,15,86,138,194,7,94,130,
    222,27,70,154,214,16,78,146,237,47,118,170,228,39,126,162,254,59,102,185,254,55,110,177,135,205,22,73,130,193,30,65,153,219,6,
    89,149,247,210,13,73,129,218,5,65,136,194,30,88,153,155,8,66,219,239,42,110,180,231,33,106,188,255,52,125,164,247,55,114,172,
    143,207,13,84,135,192,6,92,159,217,27,104,179,245,198,16,72,138,207,24,64,131,216,0,88,156,213,8,80,149,238,48,107,161,229,
    56,96,160,254,32,120,184,241,40,112,177,138,208,8,74,135,216,1,70,130,241,62,104,179,241,200,16,79,143,218,2,69,156,217,25,
    70,159,223,8,91,146,242,36,107,180,231,35,126,164,249,32,124,184,234,49,119,172,138,207,22,75,154,195,5,96,186,228,55,125,174,
    242,205,13,86,138,197,5,94,129,219,24,70,153,222,23,78,145,231,44,118,169,229,39,126,161,250,60,102,185,242,51,110,177,139,200,
    22,74,132,229,34,126,185,250,42,118,177,249,210,14,78,142,218,6,71,131,194,29,83,158,202,22,82,147,242,46,107,168,250,38,99,
    167,226,63,120,164,245,61,110,180,136,208,15,103,190,230,62,96,188,252,42,115,178,236,198,12,86,128,199,24,74,130,194,30,90,132,
    210,20,78,149,233,48,111,170,250,38,96,188,255,62,102,191,242,40,116,178,146,233,32,120,160,228,61,96,184,250,49,104,176,244,198,
    16,72,141,195,24,64,132,220,0,88,152,211,8,80,146,239,48,107,161,228,56,96,161,248,32,123,176,244,40,112,110,173,244,36,97,
    163,252,60,125,187,228,55,125,176,236,207,5,67,148,196,4,68,156,220,29,89,132,212,22,82,140,237,41,118,172,228,56,102,169,226,
    57,124,164,240,211,50,106,182,233,37,120,160,224,34,126,189,228,63,124,174,241,206,9,86,141,197,24,71,135,194,25,82,132,215,21,
    83,140,233,42,118,160,229,56,107,160,226,61,124,85,142,209,40,100,182,233,33,97,190,225,54,126,166,249,62,125,174,241,205,14,86,
    137,197,13,94,129,218,26,70,153,211,23,78,145,232,41,118,169,224,45,126,161,249,216,10,86,151,210,50,110,171,236,58,101,171,229,
    34,126,186,250,42,118,178,249,210,14,75,142,218,6,64,131,194,31,82,132,210,17,78,149,236,48,111,161,250,38,126,85,134,217,16,
    72,148,215,50,101,175,244,35,96,190,227,55,96,187,250,51,104,182,245,210,12,86,137,218,6,69,156,215,24,70,159,212,8,83,151,
    237,48,107,170,239,220,31,91,146,196,23,92,151,204,47,110,162,244,39,103,167,252,63,120,184,228,55,112,187,236,207,9,76,148,196,
    6,69,156,223,27,95,132,215,29,83,140,239,36,98,88,128,193,29,64,155,209,30,72,144,208,43,112,168,233,36,120,160,225,55,96,
    187,248,53,104,179,240,205,16,75,137,192,24,68,130,194,30,90,132,208,16,78,150,232,212,14,67,158,193,23,64,157,221,10,82,145,
    204,45,100,182,237,32,120,163,224,59,96,179,252,42,112,176,236,204,14,86,138,207,24,64,129,220,0,88,155,212,8,80,79,137,212,
    4,64,128,220,28,88,154,196,23,93,154,204,47,111,170,165,58,116,233,225,56,125,166,249,62,116,174,242,203,15,86,138,199,1,94,
    129,215,21,70,154,215,49,18,77,131,205,26,70,131,197,2,93,157,216,10,85,148,210,50,110,175,233,58,101,164,233,34,125,190,241,
    42,117,177,247,210,13,79,141,218,5,70,135,194,30,91,182,238,49,10,80,142,203,26,65,130,220,27,91,134,216,10,92,150,204,41,
    105,182,238,35,120,165,226,34,120,184,228,53,114,174,245,202,16,78,139,218,5,67,131,194,63,106,182,246,44,14,80,136,200,26,69,
    139,195,2,94,153,216,10,86,151,210,50,110,175,233,58,102,167,225,34,125,179,240,42,118,179,246,210,14,78,138,218,6,67,184,230,
    57,113,183,238,49,10,78,150,201,14,77,158,193,25,85,134,217,30,80,142,209,38,110,182,233,34,102,190,225,61,127,166,249,51,118,
    174,241,207,8,86,129,207,60,127,190,255,36,115,183,238,51,13,80,137,212,14,77,158,198,23,64,146,209,10,83,151,204,45,105,182,
    239,39,120,163,225,56,96,187,250,53,104,180,246,210,11,73,184,224,35,98,189,242,36,119,180,238,50,12,75,150,202,5,71,158,194,
    27,95,134,218,21,82,142,209,45,107,182,233,36,109,190,225,60,117,166,250,55,113,174,242,206,40,122,165,229,38,98,189,252,60,106,
    181,246,53,18,77,130,202,26,69,134,192,2,93,153,209,10,85,145,217,50,109,175,232,58,101,161,230,34,122,188,228,55,116,176,176,
    235,42,99,184,235,36,98,189,250,49,106,178,245,44,9,78,150,202,6,88,132,220,23,84,134,221,30,72,145,214,50,105,174,244,34,
    102,190,224,34,125,186,250,42,24,109,176,227,40,122,165,228,33,98,189,252,48,106,182,247,50,18,78,142,207,26,70,129,197,2,93,
    147,219,10,86,150,216,50,110,171,237,58,102,162,229,34,125,178,148,206,17,105,168,246,41,96,164,254,33,121,180,230,57,113,177,238,
    50,14,79,150,201,15,65,158,194,27,93,134,218,23,82,142,210,44,111,182,235,46,120,166,229,34,17,80,136,211,18,108,176,226,41,
    122,162,228,60,125,188,230,62,126,168,245,56,18,79,140,212,3,77,158,198,31,64,155,217,18,72,149,204,44,101,182,233,58,102,163,
    128,211,4,84,151,213,12,108,174,226,52,100,161,224,60,127,187,253,36,119,183,245,44,15,75,137,212,7,64,128,220,31,88,147,196,
    23,81,148,204,44,110,173,244,36,3,90,128,216,28,87,136,208,20,102,176,232,45,99,184,227,36,123,160,251,59,117,168,243,53,9,
    80,139,205,7,88,131,192,29,64,158,217,10,85,147,217,50,109,171,128,222,1,94,154,198,30,81,136,213,19,114,165,233,52,97,162,
    254,33,126,185,230,49,113,168,251,55,18,73,143,212,2,68,158,193,24,64,158,196,18,93,142,210,44,20,68,135,196,28,92,159,223,
    4,84,151,215,12,108,168,236,52,100,167,224,60,124,190,252,36,119,189,250,44,12,78,139,212,4,65,134,220,28,92,159,196,23,82,
    145,144,203,14,78,152,192,4,90,128,219,17,87,136,211,20,111,176,232,42,97,184,224,32,118,160,248,57,115,168,240,50,12,80,137,
    207,26,64,134,220,27,93,134,221,30,108,79,144,194,20,71,129,222,2,92,128,216,17,74,145,208,12,106,172,246,45,103,184,231,35,
    98,189,248,36,113,189,238,56,18,76,150,201,14,88,128,194,26,64,152,241,54,108,76,136,194,20,68,128,197,28,92,152,219,4,87,
    144,208,12,111,175,232,52,103,173,226,60,127,185,255,36,116,182,244,44,12,79,137,212,4,64,130,220,28,124,177,232,48,117,74,144,
    203,1,65,152,192,0,90,128,216,25,87,136,208,17,102,176,233,43,122,160,226,60,122,187,230,61,114,168,244,49,18,72,150,207,7,
    88,139,255,38,113,182,232,49,115,82,136,201,20,71,133,194,28,93,149,198,29,81,136,211,25,114,171,238,52,97,162,254,40,118,160,
    248,60,106,182,241,49,18,78,136,204,26,98,186,253,38,121,176,245,46,114,76,133,214,10,70,128,222,1,87,154,198,26,84,156,206,
    18,111,165,246,41,110,167,254,33,118,186,230,57,126,178,238,49,6,73,150,229,33,98,162,253,51,122,251,232,34,59,79,138,206,20,
    71,129,202,28,95,148,221,4,87,151,210,12,111,175,237,52,103,160,230,60,127,185,251,36,119,177,250,44,12,106,175,248,32,99,184,
    224,56,124,181,232,48,117,78,144,203,1,69,152,192,0,94,128,216,24,81,136,208,17,106,176,232,42,103,184,225,38,98,189,250,59,
    106,181,240,233,54,105,164,230,62,102,187,224,61,125,170,245,54,108,73,141,214,0,79,152,198,6,66,159,221,4,85,147,206,22,111,
    176,238,44,122,163,226,60,118,188,230,48,114,76,167,240,40,107,167,248,32,100,183,224,59,127,182,232,48,112,71,144,200,12,65,152,
    192,0,93,128,216,24,86,136,208,20,107,176,232,41,103,184,227,39,119,160,251,220,21,76,175,228,45,116,167,224,43,124,191,244,59,
    100,183,240,51,108,79,143,207,20,71,129,194,28,92,156,211,85,74,132,153,17,104,168,246,41,99,172,254,33,118,95,138,213,17,80,
    178,237,41,111,186,229,38,100,162,253,63,121,170,245,55,120,82,142,200,1,90,134,193,6,66,158,222,27,74,150,215,16,114,173,227,
    43,122,166,226,220,6,90,150,211,14,82,175,232,54,106,164,229,62,99,184,224,59,120,181,232,51,114,75,144,203,10,68,152,196,5,
    66,155,223,4,87,144,206,23,110,176,226,33,122,68,151,192,28,88,138,209,20,76,171,229,54,109,174,248,32,97,162,251,61,100,177,
    247,46,121,79,144,200,12,70,152,192,3,88,128,216,29,85,136,208,20,102,176,232,199,6,92,159,213,24,68,148,214,17,76,175,232,
    45,116,164,229,43,124,191,251,63,100,183,243,48,108,76,143,195,20,71,130,198,28,95,148,222,4,87,151,213,12,111,75,132,216,3,
    67,154,192,27,93,144,200,19,81,171,240,44,105,186,227,32,124,191,254,62,100,183,245,54,108,73,141,214,9,70,140,222,8,86,128,
    221,28,74,147,212,208,15,72,154,197,6,92,152,220,6,93,150,200,19,84,178,237,41,116,174,236,111,124,174,183,59,126,178,232,51,
    117,70,144,203,0,65,152,195,3,94,128,219,27,81,172,143,200,14,84,135,193,3,92,159,217,18,68,148,214,27,76,172,239,44,116,
    164,224,33,124,188,249,58,100,183,253,49,108,76,140,202,20,68,132,197,28,92,157,222,40,112,178,143,208,9,78,154,197,2,67,130,
    221,24,93,138,213,16,82,178,234,47,116,161,225,62,97,186,224,61,120,170,252,59,108,77,136,214,13,65,152,196,2,66,189,242,40,
    115,178,146,207,22,75,135,216,0,92,159,212,6,90,148,209,14,82,173,234,54,105,161,226,62,97,185,252,38,121,191,244,46,113,74,
    141,214,10,68,135,222,62,123,188,234,54,114,176,146,205,2,75,154,197,4,65,130,221,29,90,138,213,21,89,178,237,45,108,186,229,
    43,102,162,253,57,112,170,245,55,118,82,141,207,15,90,163,252,32,126,191,234,53,112,181,146,205,11,74,154,197,3,64,130,212,31,
    68,144,211,14,88,172,240,35,107,186,227,36,124,191,254,62,100,183,245,46,118,79,144,207,39,126,166,226,56,125,164,244,49,110,181,
    146,205,9,84,132,192,3,92,156,220,29,68,148,209,19,76,172,232,41,116,164,228,39,124,188,252,62,100,183,247,55,61,82,184,173,
    37,100,164,226,61,114,184,234,54,118,180,146,206,10,64,154,197,1,71,130,221,19,93,138,214,19,80,178,238,42,108,186,229,37,105,
    162,253,60,125,170,245,53,42,118,169,239,37,126,161,250,58,102,186,247,52,110,177,136,197,22,73,131,205,30,65,154,219,6,81,144,
    200,21,87,178,237,40,107,186,229,34,103,162,244,57,100,190,147,242,45,106,161,250,45,97,188,246,57,102,188,241,40,118,182,146,205,
    8,73,203,216,18,11,159,218,30,68,151,220,18,76,172,232,46,116,164,228,42,124,191,255,61,8,83,153,235,48,104,169,230,56,96,
    160,250,32,123,191,255,40,115,182,139,208,11,79,128,216,3,73,159,192,27,92,144,200,16,81,174,240,43,110,175,248,35,101,183,132,
    215,16,85,140,231,42,118,175,225,56,99,162,253,32,123,184,241,40,122,179,146,196,9,84,135,196,11,92,151,223,6,80,147,200,22,
    87,178,232,44,116,167,230,35,81,70,136,157,21,84,148,242,45,98,161,250,37,101,168,226,61,124,176,234,53,113,183,146,205,14,76,
    154,197,7,65,130,221,31,80,138,214,16,89,178,238,41,110,186,130,218,31,70,154,211,20,78,145,231,47,118,170,230,36,126,162,254,
    59,102,186,247,48,110,178,140,205,22,75,128,216,6,67,130,217,26,68,147,211,14,80,178,235,54,5,70,156,215,28,70,159,222,8,
    91,153,242,37,98,180,229,33,126,166,255,32,127,184,234,61,110,178,139,208,11,79,154,204,30,65,152,222,6,90,149,214,14,82,171,
    140,218,6,70,131,194,29,83,152,202,21,86,145,242,46,104,170,250,38,99,164,226,62,123,189,234,53,117,180,146,205,2,64,154,197,
    5,64,130,221,28,93,138,214,17,13,86,137,192,6,94,129,221,28,70,153,211,18,78,145,235,43,118,175,230,56,99,161,254,32,123,
    186,242,40,115,176,140,208,11,72,130,216,11,70,130,218,28,68,158,248,210,4,78,148,207,5,94,129,223,28,23,132,198,95,83,150,
    234,48,107,160,230,56,96,164,250,32,120,184,254,40,115,179,137,208,11,65,130,216,0,65,158,192,24,117,179,236,207,11,74,148,199,
    12,70,156,223,20,88,132,215,18,91,140,236,45,99,180,231,35,102,188,255,63,126,164,247,49,112,172,143,201,9,84,128,194,30,73,
    150,228,63,114,174,241,206,10,86,128,194,24,67,128,222,0,93,152,202,29,80,140,230,44,118,171,239,56,107,168,179,32,106,243,247,
    50,118,172,143,196,3,84,135,195,10,96,187,254,62,104,179,243,201,16,75,140,194,24,67,133,223,0,91,157,222,8,80,146,231,48,
    104,171,224,56,96,164,253,32,120,189,246,40,115,185,141,208,8,72,134,252,60,124,189,228,52,117,182,236,204,14,75,148,197,2,94,
    132,221,0,95,152,202,21,83,146,242,43,106,180,225,56,107,163,226,52,122,164,255,55,110,180,134,208,9,99,190,230,61,96,187,249,
    42,113,186,236,204,12,86,138,193,24,64,137,194,30,94,132,212,23,83,140,239,42,99,180,228,38,106,188,252,57,127,164,244,49,115,
    172,140,232,37,120,163,230,56,96,187,252,49,104,179,245,202,16,72,138,195,24,64,131,220,0,88,155,223,8,80,148,232,48,104,173,
    229,56,99,169,248,32,120,184,245,40,112,109,170,244,36,101,165,252,61,126,166,251,63,104,182,246,210,9,73,148,192,4,94,131,194,
    29,90,132,215,19,78,146,234,48,98,171,250,32,99,188,250,58,102,189,245,204,43,105,182,238,32,120,163,224,34,126,178,228,52,118,
    174,242,205,16,72,139,196,24,64,130,220,0,88,156,208,8,80,148,233,48,104,168,224,56,96,162,254,32,120,84,144,204,47,105,170,
    244,39,102,170,252,60,126,178,228,55,124,182,236,207,4,73,148,199,12,70,156,223,24,93,132,215,23,84,140,239,46,98,180,231,34,
    100,188,255,221,21,72,147,209,45,112,171,234,34,120,163,226,62,96,187,250,53,104,179,242,204,16,72,128,218,5,66,135,194,21,89,
    132,222,17,78,147,230,48,107,173,250,33,101,64,153,223,10,80,151,204,47,107,182,236,33,120,160,231,34,125,179,228,52,119,181,236,
    204,15,76,148,199,2,69,205,194,12,17,153,208,16,78,145,230,44,118,170,226,196,2,94,154,208,10,85,145,215,50,109,163,237,58,
    102,163,224,34,126,184,251,42,117,186,242,210,13,76,139,218,5,74,137,194,29,89,159,202,21,81,146,242,45,111,64,158,193,27,95,
    134,217,19,93,142,209,43,100,182,225,33,120,166,233,34,116,190,228,55,117,176,236,201,4,86,142,193,24,67,128,218,0,83,154,202,
    19,90,140,234,192,26,66,128,220,31,84,134,220,30,72,151,212,50,109,170,244,47,120,171,226,115,96,170,179,55,114,182,236,207,4,
    74,148,196,0,70,156,220,28,82,132,215,23,85,80,139,193,3,88,128,193,30,64,152,218,21,72,147,216,44,112,171,238,37,120,163,
    232,55,96,187,251,49,104,179,243,204,16,75,141,194,24,67,133,221,0,91,157,223,44,15,73,130,212,15,67,158,196,23,64,146,220,
    10,85,147,210,50,107,162,244,32,99,190,225,62,120,166,241,52,104,181,248,210,8,66,148,192,6,94,129,214,0,94,188,238,53,10,
    80,139,200,26,77,158,201,28,17,134,200,93,85,148,212,50,109,175,224,58,101,170,231,34,125,185,248,42,117,177,247,210,13,78,140,
    218,5,71,129,194,57,115,188,238,50,12,69,150,202,5,66,158,194,26,95,134,218,19,84,142,209,39,111,182,234,38,100,190,226,62,
    123,166,250,55,112,174,242,204,13,86,139,192,24,70,191,230,61,118,168,247,55,18,76,150,207,14,88,133,194,2,94,155,196,31,81,
    142,212,41,112,174,235,58,97,164,252,59,127,166,249,53,104,177,236,206,16,72,143,218,33,123,160,248,59,119,168,243,54,7,80,136,
    202,14,88,128,197,27,64,152,221,23,72,144,208,45,112,171,238,32,120,163,228,57,96,187,253,50,104,176,242,203,16,72,167,224,60,
    124,191,243,36,116,176,244,44,12,73,137,212,7,77,132,220,28,92,153,196,20,85,146,204,44,109,173,244,37,102,190,227,55,96,190,
    254,42,113,177,236,200,40,122,167,254,33,126,160,251,63,106,182,246,44,13,77,150,201,6,70,158,193,30,85,134,217,23,82,142,214,
    47,112,171,235,58,102,165,252,54,124,166,250,49,104,176,171,246,42,98,167,254,34,125,191,230,58,115,177,238,49,6,74,150,201,3,
    66,158,193,29,90,134,218,20,84,142,210,47,109,182,234,38,101,190,225,57,122,166,249,48,18,114,173,226,32,122,165,235,32,98,189,
    254,63,106,182,242,49,18,77,143,207,26,69,134,196,2,93,159,223,10,85,147,210,50,109,170,233,58,101,160,231,34,117,190,136,211,
    16,103,176,237,43,122,162,230,60,124,184,230,58,113,168,246,57,18,72,142,212,5,66,158,195,27,64,159,221,10,85,147,204,47,109,
    182,232,58,108,166,252,60,28,84,136,208,19,105,176,232,43,110,184,224,34,119,160,248,60,116,168,240,48,12,80,136,205,3,88,128,
    194,31,64,155,221,21,72,147,214,42,112,171,238,46,120,163,149,220,4,84,144,215,12,108,169,232,52,103,173,231,60,124,188,248,36,
    116,180,251,44,12,77,140,212,4,70,129,220,29,84,134,220,19,72,151,210,50,105,163,244,36,28,87,128,219,30,74,150,209,12,109,
    172,246,41,102,165,254,33,126,180,230,57,119,177,238,49,12,78,150,206,3,88,133,194,2,91,147,196,30,82,142,217,45,112,171,130,
    198,28,95,155,219,4,87,147,218,12,108,168,234,52,103,173,234,60,127,191,255,36,119,189,240,44,12,77,130,212,4,68,130,220,28,
    94,157,196,23,83,145,204,47,0,70,152,195,7,92,128,219,16,83,136,211,19,111,176,235,43,103,184,227,35,126,160,248,57,119,168,
    246,51,18,79,131,212,7,69,129,220,23,84,134,217,22,82,142,139,206,20,71,133,195,28,87,158,198,16,80,136,214,21,114,168,239,
    52,98,160,254,35,122,160,248,48,106,188,238,55,18,73,136,212,7,69,158,194,28,85,134,218,20,118,82,141,205,12,90,134,192,5,
    66,158,222,28,74,149,219,24,114,173,227,46,122,165,230,37,98,190,251,48,106,182,242,53,18,77,140,203,26,69,133,194,2,93,147,
    245,46,114,75,141,214,9,69,129,222,1,93,153,198,25,82,156,206,18,107,175,246,42,100,166,254,35,121,160,254,60,106,177,243,44,
    11,68,150,201,26,76,158,193,27,100,180,246,46,114,71,144,203,8,70,152,195,0,89,128,219,25,82,136,211,18,111,176,236,44,122,
    163,227,60,121,180,230,48,115,168,251,50,18,77,140,203,26,69,133,252,38,121,177,243,46,113,70,136,214,9,79,133,222,1,93,152,
    198,25,82,149,206,17,106,164,246,41,99,161,254,33,121,189,230,57,113,177,238,50,10,76,150,201,14,96,162,253,61,112,170,245,49,
    114,82,141,201,11,90,133,199,8,66,157,220,16,74,149,210,16,114,173,234,41,122,173,228,60,119,180,230,57,116,180,238,51,14,80,
    131,236,62,102,187,224,59,122,182,232,51,112,74,193,214,24,13,133,196,4,66,157,210,24,74,150,209,25,114,174,234,42,122,166,226,
    36,98,190,248,58,106,181,250,57,18,105,163,236,62,98,188,245,38,122,181,242,46,114,74,143,214,10,67,132,222,1,87,159,198,26,
    86,148,206,18,110,171,246,42,103,160,254,34,124,189,230,59,112,168,246,239,54,109,166,248,39,103,162,252,38,127,170,245,54,108,76,
    141,214,10,78,152,203,9,66,157,218,30,74,149,211,19,114,173,232,40,122,165,224,39,98,187,250,36,113,87,178,228,46,116,175,229,
    62,97,184,254,38,121,176,253,46,113,73,138,214,9,78,135,222,2,91,159,198,26,86,149,206,18,110,169,246,42,103,172,254,34,127,
    185,230,213,22,87,178,237,45,107,186,229,36,98,162,253,50,125,170,245,52,121,82,141,200,1,90,134,194,9,66,157,210,31,74,149,
    215,17,114,173,235,32,122,165,226,36,98,89,150,213,14,81,175,238,54,111,175,248,37,96,162,244,50,100,177,245,46,121,77,144,205,
    15,90,133,195,0,66,159,217,4,82,157,206,20,107,176,237,52,99,184,235,222,6,80,145,153,14,64,229,237,44,108,186,229,39,104,
    162,253,50,127,170,245,49,112,82,141,201,15,90,133,198,4,66,157,223,25,74,149,215,24,114,174,232,33,122,66,157,218,6,90,146,
    215,14,82,171,236,54,105,175,231,62,98,190,252,38,122,182,243,46,114,79,136,214,10,68,133,222,3,88,128,222,27,74,145,210,12,
    107,171,246,196,30,71,130,221,30,68,148,213,14,82,166,240,35,97,186,229,34,102,162,253,59,123,170,245,48,112,82,141,200,15,90,
    131,194,28,89,155,198,16,82,136,208,20,114,74,133,204,30,66,157,222,6,90,146,221,14,82,171,236,54,106,166,224,62,97,183,254,
    38,121,191,247,46,114,76,140,214,10,70,130,222,1,88,152,198,26,82,150,206,205,9,76,154,197,10,68,130,221,29,89,138,213,17,
    89,178,237,40,96,186,229,39,97,162,253,61,120,170,245,50,113,82,141,203,15,90,133,192,0,66,157,219,26,74,177,143,204,22,73,
    135,216,5,64,130,212,30,68,145,220,14,89,174,240,46,106,186,237,37,124,191,253,60,53,170,228,121,113,72,136,214,9,67,140,222,
    1,86,155,198,53,113,176,146,205,9,79,154,197,6,68,130,221,31,89,138,213,23,88,178,238,40,97,186,230,33,102,162,254,62,123,
    170,246,55,112,82,141,195,11,90,134,194,0,66,186,246,51,110,178,143,200,22,74,132,197,30,67,152,192,30,91,138,209,18,76,171,
    235,54,104,186,227,62,97,186,224,56,121,170,246,58,108,71,133,214,9,70,130,222,61,123,187,234,53,112,176,146,205,8,79,154,195,
    2,92,153,219,6,80,146,200,16,84,178,238,41,96,186,230,33,98,162,254,62,113,170,246,55,112,82,142,202,12,90,161,247,62,102,
    185,255,55,110,178,140,204,22,74,134,194,30,65,152,216,6,90,146,214,14,81,173,232,54,105,174,224,62,97,185,253,38,121,181,253,
    46,113,76,132,214,37,103,161,226,61,125,184,234,53,114,177,146,205,11,79,154,197,0,64,130,221,27,90,138,213,19,80,178,237,43,
    116,161,228,62,104,186,224,61,112,170,253,50,108,74,170,250,45,101,188,255,61,124,245,234,36,57,177,136,200,22,73,131,204,30,65,
    150,219,6,89,149,212,14,81,173,235,54,105,162,224,62,97,187,253,38,121,179,252,46,46,104,161,250,38,97,166,226,62,126,187,234,
    54,119,176,146,205,3,75,154,198,2,64,130,222,26,95,138,214,19,84,178,238,40,105,186,231,36,124,186,255,38,125,182,140,235,43,
    118,168,250,35,126,161,250,32,120,185,234,54,122,172,135,197,22,73,134,194,30,65,159,223,6,89,148,212,14,85,166,240,43,104,186,
    231,34,124,191,251,38,21,90,140,236,46,98,180,231,34,107,188,252,56,121,164,244,49,115,172,140,201,15,84,132,196,6,92,159,213,
    25,68,148,214,23,76,172,238,41,116,167,227,32,124,191,158,209,8,83,152,233,48,107,175,239,56,96,163,255,32,123,191,245,40,115,
    181,140,208,11,79,143,216,0,64,151,145,6,72,221,213,20,84,178,237,34,104,186,230,33,21,70,154,214,22,78,146,238,40,118,170,
    228,38,126,161,246,53,102,185,243,60,110,178,140,197,22,74,133,194,30,66,154,223,6,90,147,212,14,81,167,239,54,106,166,128,194,
    30,90,159,202,22,83,148,242,46,104,169,250,39,100,188,250,63,102,189,246,40,119,183,146,204,22,79,154,197,6,92,156,221,6,90,
    158,200,27,89,178,237,42,2,94,129,223,31,70,153,212,20,78,145,236,43,118,175,230,56,101,167,226,52,126,164,255,53,110,177,136,
    206,22,73,128,205,30,65,153,218,6,89,158,215,14,82,171,139,218,6,66,129,194,30,90,157,202,22,83,152,242,46,107,173,250,37,
    102,167,226,61,125,187,234,53,116,178,146,205,2,77,154,197,4,73,130,221,24,81,138,214,18,5,86,137,206,4,94,129,218,24,70,
    153,215,16,78,153,230,48,99,171,250,37,99,162,226,61,123,184,234,60,119,172,137,197,22,78,129,216,3,70,130,212,25,68,149,245,
    210,9,67,148,194,13,94,133,219,0,93,144,202,19,81,221,242,60,33,169,224,32,126,161,251,52,102,185,254,51,110,177,141,204,22,
    73,133,195,30,65,154,216,6,117,183,241,210,13,79,128,218,6,64,137,194,30,89,158,202,22,86,147,242,46,111,168,250,37,107,163,
    226,62,122,184,234,54,114,183,146,206,11,76,154,198,0,65,130,251,48,104,182,243,210,9,74,148,195,3,94,128,194,27,70,153,210,
    8,80,145,242,46,98,180,239,45,126,161,254,58,102,185,247,55,110,177,140,204,22,73,132,195,30,123,186,228,49,115,174,248,202,16,
    72,140,218,6,65,136,194,30,89,154,202,22,86,153,242,46,111,168,250,38,98,164,226,61,115,186,234,53,123,179,146,206,8,72,154,
    226,62,122,166,249,48,112,174,242,202,14,86,137,197,3,94,129,215,29,70,153,209,17,78,145,236,37,118,169,238,32,126,161,251,61,
    102,185,245,61,110,177,143,196,22,109,170,252,63,126,190,228,48,117,174,241,207,14,86,143,198,24,75,130,194,20,94,132,222,16,78,
    145,231,48,107,168,228,105,126,176,181,61,124,188,234,53,119,184,146,233,46,99,190,225,61,124,166,249,53,115,174,241,202,8,86,137,
    195,5,94,129,219,20,70,154,212,29,78,146,237,42,118,170,226,39,126,162,251,60,102,185,255,55,110,110,170,232,58,102,162,231,34,
    126,187,252,42,118,176,241,210,15,76,148,194,7,94,133,222,0,95,159,202,20,78,151,242,45,110,180,228,37,126,162,246,32,115,177,
    234,209,46,106,182,233,39,103,190,225,60,124,166,249,52,115,174,247,206,16,77,143,218,12,70,156,220,24,70,154,213,28,78,146,237,
    46,118,170,226,45,126,162,251,60,102,86,146,212,50,109,163,234,58,101,171,227,34,126,184,248,42,118,178,246,210,13,76,140,218,6,
    70,130,194,29,89,159,202,21,91,145,242,45,109,173,250,37,96,169,226,217,30,80,142,209,43,109,182,233,37,109,190,225,63,116,166,
    241,62,104,179,242,202,16,76,137,218,5,67,130,194,27,90,132,223,22,78,152,234,48,98,172,250,37,107,64,155,216,20,25,142,192,
    101,109,172,236,58,101,167,232,34,125,178,255,42,117,177,240,210,13,73,143,218,5,70,132,194,29,95,153,202,21,87,152,242,46,104,
    161,250,194,29,90,134,218,18,87,142,210,43,108,182,233,47,103,190,226,62,124,166,250,54,115,174,242,207,8,86,138,196,5,94,131,
    216,0,94,155,202,17,82,140,235,43,118,68,158,199,2,93,158,196,20,85,142,210,38,112,163,225,58,101,162,230,34,125,187,251,42,
    117,176,240,210,9,66,148,206,24,75,156,223,30,92,132,223,21,78,145,232,202,26,69,132,201,2,93,157,222,10,85,154,211,50,109,
    163,232,58,101,161,227,34,125,190,248,42,117,182,247,210,13,79,140,218,6,64,133,194,30,89,154,202,22,81,69,150,202,2,66,158,
    194,27,95,134,217,31,82,142,210,46,111,182,234,39,100,190,226,63,123,166,251,52,104,177,249,210,8,76,148,195,7,94,134,222,0,
    89,132,215,48,18,77,141,212,4,64,158,199,27,64,153,209,10,82,144,204,40,111,182,233,39,99,190,226,63,96,178,228,52,113,174,
    243,210,4,76,148,199,12,67,156,223,26,88,168,243,54,13,80,139,207,3,88,131,195,24,64,155,222,20,72,147,212,45,112,171,237,
    38,120,163,229,57,96,184,250,62,104,176,243,203,16,72,140,196,24,64,132,215,36,119,189,240,44,15,69,131,212,4,68,132,220,28,
    93,153,196,20,86,146,204,45,105,182,236,36,120,166,233,34,121,188,228,48,119,174,246,210,13,73,148,196,4,94,190,253,36,127,188,
    238,49,14,73,150,201,7,70,158,197,30,64,158,208,10,85,142,209,46,110,182,224,37,120,171,224,34,125,188,249,42,117,180,248,210,
    13,77,141,218,33,118,190,230,57,126,189,238,49,13,78,150,201,5,77,158,193,26,90,134,217,19,87,142,210,44,104,182,234,37,101,
    190,226,61,116,166,250,50,113,174,242,203,14,86,165,235,37,98,190,250,58,106,182,242,57,18,78,139,206,26,69,135,196,2,93,154,
    220,10,85,146,213,50,111,170,244,35,109,190,226,34,117,166,249,48,104,176,243,210,43,102,184,227,32,127,160,251,56,126,168,243,49,
    11,80,139,202,4,88,132,197,2,91,152,196,17,93,142,216,40,112,163,235,58,101,164,228,34,126,185,240,42,118,183,174,246,42,99,
    167,254,33,121,188,230,57,117,177,238,49,10,78,150,201,2,77,158,193,27,90,134,218,20,83,142,210,45,104,182,234,34,101,190,226,
    58,116,166,250,51,21,114,173,227,32,122,166,226,37,98,190,251,58,106,182,243,57,18,79,142,212,2,69,158,196,22,64,155,218,21,
    72,147,209,45,112,173,232,58,99,165,252,55,121,166,150,212,12,109,168,246,43,96,184,230,38,98,186,249,36,114,188,238,51,11,80,
    136,212,4,68,158,193,29,64,155,222,22,72,147,216,40,112,171,239,34,120,160,227,63,4,84,144,219,12,108,173,235,52,103,160,230,
    60,124,184,253,36,116,180,251,44,12,76,131,212,7,66,128,220,31,95,147,196,23,92,155,204,47,106,163,244,39,96,167,128,219,29,
    81,136,211,23,103,176,235,45,111,184,227,37,127,160,251,56,115,168,243,48,10,80,143,193,75,88,146,139,31,90,158,196,23,81,154,
    204,47,100,173,244,39,3,94,128,219,27,81,136,211,20,106,176,235,45,103,184,227,37,118,160,248,58,127,168,240,51,8,80,136,204,
    5,88,128,197,30,64,155,209,21,72,144,208,46,112,168,132,197,28,92,157,222,4,84,150,211,12,109,170,246,44,101,184,231,32,98,
    185,253,36,118,168,245,48,18,74,142,212,14,69,158,194,22,64,158,209,10,80,149,204,45,11,90,133,195,8,66,158,221,4,81,136,
    208,21,114,174,235,52,100,161,254,34,124,187,230,58,115,180,238,50,10,73,150,202,4,76,158,193,24,88,134,218,20,83,142,141,195,
    15,90,134,192,1,66,158,216,26,74,149,209,21,114,173,236,41,122,165,234,41,98,189,252,61,106,181,244,57,18,77,140,207,26,69,
    129,193,2,93,159,221,10,113,74,133,214,9,70,132,222,4,89,209,198,8,29,149,212,20,114,173,239,32,122,165,234,39,98,189,249,
    56,106,181,241,55,18,77,142,204,26,69,135,193,2,93,159,252,46,114,76,133,214,10,69,130,222,2,90,159,198,26,83,148,206,17,
    103,175,246,42,102,164,254,34,126,187,230,58,119,176,238,50,12,77,150,203,0,88,134,195,2,125,182,232,55,119,82,140,214,15,70,
    152,196,4,66,148,219,4,84,156,206,20,103,176,238,47,122,167,225,60,127,189,242,36,116,179,238,55,18,78,143,212,4,69,158,254,
    63,100,180,246,53,108,76,137,202,20,68,128,199,28,92,158,210,4,87,147,212,12,108,168,236,52,100,165,228,60,124,190,250,36,116,
    180,242,44,15,74,142,212,4,100,188,224,59,123,177,232,51,121,79,144,203,15,79,152,195,2,86,128,219,31,85,136,211,21,107,176,
    235,43,111,184,227,33,123,160,251,57,115,168,245,55,18,77,136,225,62,97,191,251,38,127,191,232,53,120,82,142,207,69,90,148,137,
    1,88,152,198,25,83,156,206,17,102,171,246,41,101,164,254,33,125,187,230,57,114,176,238,49,11,105,186,229,39,104,162,254,56,113,
    170,246,49,118,82,142,206,11,90,134,199,0,66,157,211,27,74,150,210,16,114,174,234,47,122,166,227,36,98,190,248,57,106,183,244,
    240,46,107,186,225,34,124,187,251,38,120,170,243,50,108,72,136,214,0,71,152,192,8,66,152,211,4,82,147,206,19,109,176,235,41,
    110,184,224,39,98,187,230,58,115,76,172,237,54,106,163,248,32,98,185,224,56,125,182,232,48,116,75,144,200,10,78,152,195,7,88,
    128,216,28,80,136,208,17,104,176,232,42,102,184,224,32,126,160,251,210,22,76,172,239,42,116,167,231,37,124,191,251,51,100,183,252,
    58,108,79,136,206,20,71,129,202,28,95,158,210,4,87,145,212,12,111,172,234,52,96,165,254,39,124,68,151,214,22,76,175,237,46,
    116,161,229,62,97,190,244,38,112,190,232,53,116,82,139,204,20,67,132,222,1,90,128,220,24,74,145,210,12,111,168,246,41,101,184,
    234,212,87,68,134,159,19,86,170,240,43,109,174,248,35,104,185,224,59,123,182,232,51,115,73,144,203,12,66,152,195,5,95,128,219,
    29,94,136,208,18,103,176,232,43,96,92,156,216,25,68,148,209,18,76,175,229,41,116,164,228,34,124,188,252,61,100,180,245,54,108,
    76,142,203,20,69,130,222,9,86,128,219,25,80,136,215,23,114,170,237,216,5,69,130,219,19,68,159,214,14,88,175,240,46,116,165,
    225,62,101,187,224,62,124,170,245,48,119,82,141,194,20,67,152,195,7,66,158,219,4,87,151,212,12,111,78,143,216,3,71,152,192,
    27,80,149,200,19,89,174,240,43,107,165,248,35,100,190,224,59,124,177,232,51,117,74,144,200,10,67,152,192,3,92,128,216,27,95,
    136,208,200,12,84,132,193,1,92,159,213,28,68,148,212,17,76,172,237,42,116,164,229,37,124,189,254,38,123,191,232,54,118,82,141,
    203,0,90,133,195,2,66,154,220,4,80,183,146,197,8,84,135,198,5,92,150,218,6,91,148,200,23,87,178,237,43,104,186,229,42,
    124,191,254,38,123,183,232,49,113,82,142,194,20,68,131,222,2,95,152,198,54,113,179,146,206,8,77,154,198,1,70,130,221,19,94,
    138,214,19,88,178,237,41,109,186,229,39,105,162,253,50,123,170,246,48,120,82,142,201,13,90,134,198,2,66,186,242,61,110,177,135,
    206,22,73,143,205,30,66,158,218,6,90,151,215,14,82,172,236,54,107,163,248,38,98,162,248,51,100,179,242,46,118,77,144,204,20,
    71,135,222,52,123,164,254,49,110,179,134,208,12,79,154,197,3,66,130,221,27,81,138,213,16,86,178,234,35,116,161,226,62,104,189,
    224,51,120,170,245,52,113,82,141,204,0,90,161,249,57,102,185,254,54,110,177,134,197,22,73,133,198,30,65,157,213,6,89,146,210,
    14,81,171,239,54,105,161,230,62,97,184,244,38,121,177,247,46,113,70,140,214,37,101,166,226,61,115,189,234,53,118,178,146,205,14,
    76,154,197,6,69,130,221,30,95,138,213,16,87,178,235,40,116,175,236,62,97,188,250,38,127,176,232,59,115,82,169,224,56,99,160,
    226,63,122,164,243,49,110,180,143,208,9,77,154,205,4,92,157,213,6,89,138,213,14,81,166,240,47,97,186,230,33,103,162,254,62,
    113,170,246,48,41,118,170,229,35,126,162,252,59,102,186,246,51,110,177,135,197,22,74,135,195,30,66,159,218,6,90,149,209,95,76,
    190,167,43,110,162,248,35,101,182,224,59,112,177,140,239,47,106,180,231,39,101,188,255,56,126,164,247,49,115,172,143,201,2,84,132,
    198,11,92,156,223,28,68,148,208,17,76,172,233,42,116,167,237,33,124,188,252,58,8,80,144,233,48,104,169,226,56,96,162,255,32,
    121,190,234,48,113,172,139,204,22,77,129,216,2,92,153,220,6,94,146,200,26,81,178,238,34,116,162,237,62,100,185,132,213,23,78,
    145,239,36,118,169,229,56,97,188,254,32,120,191,234,53,119,172,140,207,11,84,132,193,2,92,159,219,26,68,148,212,27,76,172,232,
    45,116,164,228,33,0,88,152,214,8,80,148,235,48,104,169,231,56,99,167,247,32,123,176,241,40,115,184,137,208,11,76,143,216,3,
    72,159,192,27,92,151,200,19,83,171,240,43,109,166,156,220,28,83,213,202,4,25,145,232,40,118,169,227,44,126,161,246,59,102,185,
    245,52,110,177,141,203,22,73,130,192,30,65,155,221,6,89,147,220,14,82,172,229,54,6,65,134,194,30,94,155,202,22,87,144,242,
    45,99,171,250,38,98,160,226,62,122,191,234,54,115,180,146,206,8,73,154,199,4,92,154,223,6,93,150,200,23,87,178,136,218,3,
    66,156,216,24,70,144,215,8,80,152,242,40,99,180,226,35,126,163,253,32,123,185,254,40,115,179,146,207,22,72,154,198,5,92,159,
    217,6,90,149,213,14,14,79,136,218,5,75,128,194,30,91,152,202,22,81,146,242,45,99,170,250,37,107,164,226,61,115,177,234,54,
    118,185,146,205,13,76,154,197,4,70,130,221,18,95,138,241,200,8,86,137,193,12,94,129,221,26,70,153,213,17,78,145,235,45,118,
    169,229,45,126,165,246,32,124,189,234,53,114,179,146,205,8,75,154,197,0,64,130,221,26,117,174,246,201,16,76,143,218,3,71,156,
    217,25,70,157,202,23,85,140,232,45,118,173,227,56,100,188,248,57,55,164,230,127,115,182,138,208,11,77,142,216,3,72,153,228,55,
    119,178,236,207,15,77,148,199,0,70,156,223,25,91,132,215,17,90,140,236,46,99,180,228,39,100,188,252,56,121,164,244,49,114,172,
    143,197,9,84,132,196,2,96,184,248,49,104,176,241,202,16,72,138,199,24,65,134,194,21,82,132,215,21,84,140,235,43,118,174,238,
    56,101,160,226,59,123,164,254,61,110,182,135,208,12,84,128,224,34,121,184,228,51,112,174,244,205,16,77,136,218,5,64,156,220,26,
    70,155,215,8,83,150,236,48,104,171,225,56,96,164,255,32,120,189,242,40,112,180,140,208,8,102,162,252,60,127,185,228,55,125,181,
    236,204,14,73,148,199,3,71,156,223,20,82,132,212,16,87,140,239,41,99,180,231,35,102,188,255,58,127,164,247,61,119,253,146,248,
    109,101,164,228,34,125,178,248,42,118,177,249,210,14,74,138,218,6,66,132,194,30,88,154,202,21,90,153,242,45,111,160,250,38,96,
    169,226,62,121,190,234,54,118,111,182,234,35,100,190,225,55,127,166,250,54,116,174,242,206,11,86,138,199,0,94,130,220,29,70,155,
    208,8,86,147,242,41,106,180,227,35,126,160,226,59,102,185,242,204,44,109,182,234,46,120,171,233,34,120,190,228,51,114,174,244,204,
    16,79,128,218,6,67,156,218,0,91,145,202,22,83,140,236,46,109,180,228,38,107,188,255,52,126,72,144,212,45,112,168,237,35,120,
    160,224,58,96,187,241,52,104,176,240,204,16,72,141,195,24,67,136,221,0,91,159,213,8,83,150,239,48,107,174,228,56,96,164,253,
    196,23,83,147,204,47,111,169,244,39,99,165,252,63,120,179,228,55,116,183,236,199,4,86,129,192,24,75,135,194,20,83,132,222,17,
    78,151,231,48,99,173,250,35,100,64,155,209,10,85,146,210,50,105,174,244,36,101,190,229,56,96,184,250,42,116,174,243,207,16,72,
    141,218,13,70,156,223,20,94,132,215,19,80,221,242,60,33,170,226,192,2,93,146,209,10,85,150,213,50,109,169,232,58,101,161,231,
    34,125,190,252,42,117,183,241,210,13,79,128,218,6,64,137,194,30,89,158,202,22,86,147,242,46,111,68,158,193,23,95,134,218,22,
    84,142,210,46,107,182,234,39,96,190,226,60,125,166,251,48,104,182,243,210,9,74,148,195,3,94,128,194,27,70,158,208,8,91,144,
    242,193,3,88,129,196,2,95,146,196,23,85,145,204,43,101,182,237,39,120,165,252,58,96,184,253,42,114,179,236,204,8,77,148,196,
    7,67,156,220,24,89,132,215,28,81,80,139,206,5,88,131,195,29,64,152,216,22,72,144,209,46,112,168,233,39,120,163,231,61,96,
    187,255,49,104,179,243,198,16,75,142,198,24,67,136,218,0,91,155,222,44,15,73,131,212,4,68,130,220,31,85,155,196,23,84,151,
    204,47,108,175,244,39,100,164,252,54,127,166,249,55,115,174,248,207,16,66,129,218,2,75,156,223,30,89,168,250,55,18,72,141,212,
    5,71,158,196,22,64,155,217,19,25,142,192,101,109,172,236,58,101,167,232,34,125,178,255,42,117,177,240,210,13,73,143,218,5,70,
    132,194,57,115,181,238,49,11,68,150,202,4,77,158,194,29,90,134,218,18,87,142,210,43,108,182,233,47,103,190,226,62,124,166,250,
    54,115,174,242,207,8,86,138,196,5,94,191,252,36,114,183,238,53,14,80,143,207,26,68,158,199,22,64,157,218,10,86,147,204,39,
    105,182,236,33,120,166,227,34,121,188,228,51,119,174,242,203,16,75,129,218,35,98,190,249,36,127,181,238,50,12,75,150,202,5,69,
    158,194,26,88,134,217,30,87,142,210,43,111,182,234,38,101,190,226,62,121,166,250,55,124,174,242,207,9,86,165,225,37,98,189,242,
    49,106,181,244,49,18,77,130,201,26,70,129,193,2,93,157,219,10,85,151,210,50,109,173,225,58,102,162,233,115,96,170,179,55,114,
    182,236,207,32,102,184,224,35,119,160,248,56,116,168,240,48,10,80,136,202,4,88,131,200,23,64,155,221,30,72,144,210,39,112,168,
    235,32,120,160,228,61,96,184,253,54,104,179,165,233,52,100,164,226,60,124,188,253,36,116,181,246,44,12,78,139,212,5,66,158,196,
    29,64,159,216,10,81,149,204,46,112,173,244,39,96,190,226,63,96,184,240,42,25,103,176,235,40,96,184,227,33,125,160,251,58,118,
    168,243,50,9,80,143,212,7,88,128,193,2,93,146,196,20,87,155,204,44,108,173,244,36,102,171,252,60,120,179,136,208,21,109,176,
    235,45,111,184,224,34,119,160,248,58,119,168,240,48,10,80,139,207,2,88,131,198,29,64,155,223,22,72,147,211,45,112,171,224,34,
    120,163,229,62,4,87,145,213,12,111,169,235,52,103,167,235,60,122,188,230,60,112,168,246,44,11,79,150,206,6,88,129,220,31,92,
    134,217,17,72,144,212,50,111,171,244,39,100,160,128,219,24,95,136,211,17,104,176,235,42,101,184,228,38,98,187,249,36,126,180,238,
    56,9,80,131,204,26,69,132,197,2,93,157,218,10,85,149,217,50,109,162,238,58,1,87,154,198,25,95,156,206,18,110,175,246,41,
    110,172,254,33,123,187,230,58,116,188,238,50,13,73,150,202,2,70,158,194,26,85,134,217,31,86,142,209,39,101,182,134,194,6,66,
    158,219,27,74,150,208,16,114,175,239,52,98,166,254,36,119,160,255,62,106,178,241,44,8,80,141,202,26,76,138,220,25,94,134,219,
    31,72,148,215,50,9,71,134,222,1,95,149,198,25,84,146,206,22,103,176,237,46,122,172,225,60,119,188,230,57,112,181,238,49,8,
    68,150,201,1,65,158,193,22,94,134,217,30,93,142,141,201,10,90,133,193,9,66,157,222,30,74,149,215,19,114,174,232,44,122,166,
    225,33,98,190,249,48,106,182,246,53,18,77,141,206,26,69,134,192,2,93,153,223,10,113,74,136,214,9,66,140,222,2,92,159,198,
    25,86,149,206,25,105,176,235,41,97,184,227,33,122,160,253,49,106,181,242,57,18,68,139,212,15,64,158,200,28,64,156,244,46,113,
    78,132,214,9,71,132,222,1,92,158,198,25,95,136,211,19,114,175,235,52,97,162,254,37,119,160,248,59,113,168,240,50,7,80,136,
    204,0,88,128,194,29,100,180,244,51,108,76,141,201,20,68,134,195,28,95,149,217,4,84,145,215,12,111,171,235,52,103,162,225,60,
    127,180,243,36,119,188,250,44,12,72,141,133,26,84,201,253,60,124,170,245,55,120,82,141,194,15,90,133,193,0,66,157,217,31,74,
    149,214,20,114,173,239,41,122,165,231,40,98,190,248,49,106,182,241,54,18,78,142,203,26,98,187,252,38,121,191,247,46,114,78,140,
    214,10,70,131,222,2,95,152,198,26,84,149,206,19,104,176,238,43,122,161,226,60,123,187,230,56,106,179,238,49,10,80,136,229,62,
    98,182,224,57,124,170,247,52,108,75,143,214,9,68,132,222,4,91,128,217,4,84,157,206,25,110,176,238,41,122,166,225,33,98,190,
    248,48,106,182,247,53,18,106,164,227,62,98,187,253,38,122,183,240,46,113,75,140,214,10,66,129,222,2,95,157,198,25,81,145,206,
    17,105,174,246,41,101,163,254,33,119,189,230,57,113,177,238,237,47,105,186,229,39,105,162,253,61,127,170,245,54,117,82,141,202,13,
    90,133,194,7,66,157,218,30,74,146,211,93,114,188,161,41,96,160,254,33,123,180,230,57,126,87,178,237,41,104,186,229,33,103,162,
    253,62,124,170,245,55,113,82,141,207,0,90,134,192,9,66,158,217,30,74,150,214,19,114,174,239,40,122,165,235,35,98,190,250,212,
    14,82,174,235,54,106,167,224,62,98,188,253,38,123,176,232,54,115,82,137,202,20,67,131,222,0,66,155,210,4,81,150,206,18,111,
    176,227,45,122,160,229,60,122,91,138,209,20,76,171,239,54,106,161,248,37,124,186,224,56,124,170,246,46,113,72,142,214,10,69,134,
    222,2,91,152,198,26,82,151,206,17,103,172,246,41,111,172,254,221,19,90,138,214,19,80,178,238,43,105,186,229,37,98,162,253,62,
    120,170,245,53,116,82,141,195,9,90,133,197,7,66,157,223,31,74,150,210,25,114,173,226,47,122,65,157,212,6,94,147,200,22,87,
    227,240,58,35,167,226,38,124,191,244,58,100,180,247,59,108,76,140,200,20,68,132,198,28,92,158,216,4,87,156,219,12,111,169,226,
    216,0,66,151,192,24,91,144,200,16,84,173,240,40,109,166,248,35,105,189,224,56,120,182,232,48,112,73,144,200,9,66,152,192,2,
    95,128,217,30,74,144,209,12,107,72,154,193,5,92,158,192,29,68,151,208,14,82,175,240,40,96,186,237,43,124,191,252,60,100,183,
    245,49,108,79,142,202,20,71,134,197,28,91,128,219,4,84,149,206,205,2,84,132,199,11,92,156,220,31,68,148,208,19,76,172,233,
    46,116,164,224,32,124,188,254,58,100,183,241,50,108,76,137,202,20,68,133,192,28,95,148,217,4,87,182,137,208,11,78,130,216,3,
    71,151,192,27,92,148,200,19,82,167,240,43,109,165,248,35,99,188,224,59,125,176,232,51,113,74,144,206,15,90,135,203,28,93,157,
    198,50,114,172,141,208,11,72,154,197,5,92,156,216,6,91,151,200,19,80,172,240,43,104,175,248,35,97,184,224,59,122,181,232,52,
    118,82,139,201,20,78,132,222,8,89,164,255,48,110,177,136,201,22,73,129,198,30,65,153,213,6,89,158,210,14,81,172,229,54,106,
    166,225,62,97,183,255,38,122,183,244,46,113,70,143,214,10,68,140,222,62,121,189,234,54,118,178,146,206,14,65,154,197,11,66,130,
    221,19,81,138,214,18,86,178,238,43,107,186,230,32,96,162,255,63,100,178,246,46,116,71,144,207,14,90,166,253,32,124,164,247,55,
    110,184,143,208,2,77,154,199,10,92,152,219,6,89,151,214,14,81,175,229,54,105,164,226,62,102,183,224,61,126,170,252,49,108,71,
    140,214,37,100,161,226,61,124,176,234,53,117,181,146,205,2,74,154,197,10,73,130,221,19,91,138,213,27,87,178,238,43,108,186,229,
    38,100,162,254,58,122,170,246,49,113,82,170,229,44,126,162,250,57,102,186,243,54,110,177,135,201,22,74,134,198,30,66,158,213,6,
    90,151,210,14,82,172,239,54,107,174,248,38,101,162,249,56,100,183,245,51,48,108,175,250,45,98,188,247,61,102,186,243,40,117,179,
    146,207,12,84,133,195,30,67,151,192,27,89,146,200,26,80,178,228,34,116,161,228,62,97,188,248,38,113,181,140,239,42,110,180,231,
    35,99,188,255,59,114,164,247,60,119,172,143,206,2,84,135,199,7,92,159,216,24,68,148,212,26,76,172,237,42,116,167,226,37,124,
    191,245,56,8,80,148,239,48,104,172,238,56,96,165,251,32,123,177,254,40,115,179,136,208,11,77,130,216,3,69,151,192,30,91,138,
    215,14,81,175,235,54,105,164,229,62,97,188,154,202,21,80,140,237,36,118,174,238,56,106,163,226,56,125,164,247,54,118,172,143,205,
    13,84,132,199,30,69,153,192,26,68,149,221,14,81,167,240,40,111,186,230,32,21,70,154,213,17,78,145,232,42,39,180,246,111,96,
    162,252,32,120,186,254,40,112,180,140,208,8,72,130,216,3,67,153,192,24,89,151,200,16,81,168,240,40,104,165,156,223,27,91,132,
    215,28,86,140,236,40,105,180,231,35,98,188,255,63,120,164,247,49,118,172,140,204,13,84,135,192,11,92,159,223,24,68,151,212,17,
    76,175,236,41,24,67,129,215,81,70,136,157,22,80,146,242,46,104,160,250,38,102,162,226,62,122,188,234,53,113,183,146,206,11,74,
    154,198,3,64,130,222,27,88,138,213,20,84,178,137,206,5,94,130,218,31,70,154,210,22,78,145,234,42,118,169,226,37,126,161,250,
    60,102,185,243,55,110,177,138,203,22,65,128,216,3,66,158,192,31,81,219,200,2,71,72,136,194,24,64,130,219,0,88,155,223,8,
    80,144,235,48,107,171,225,56,96,162,249,32,123,177,255,40,112,177,139,208,11,79,135,216,0,67,152,192,27,90,158,236,207,11,78,
    148,199,6,74,156,223,31,94,132,215,23,91,140,239,41,107,180,231,32,97,188,247,58,102,188,245,40,119,184,146,205,11,73,132,216,
    2,92,159,220,31,119,174,241,206,8,74,148,199,4,65,136,194,29,90,154,222,8,83,144,236,36,118,169,231,33,99,188,255,60,126,
    184,234,53,114,181,142,208,11,73,133,199,30,65,159,249,52,104,179,241,206,9,86,129,197,73,94,144,149,30,88,155,202,22,86,145,
    242,46,105,173,250,38,98,166,226,61,115,186,234,54,115,177,146,206,11,76,154,198,2,126,166,249,48,116,174,241,200,4,86,137,196,
    12,94,129,217,24,70,153,210,22,78,145,235,40,118,169,226,38,126,161,250,57,102,185,243,54,63,172,158,135,8,72,135,252,60,120,
    191,228,52,119,187,236,207,5,79,148,196,4,65,156,220,28,83,132,215,29,84,140,236,45,99,180,231,44,96,237,226,44,49,186,244,
    54,110,178,140,196,22,102,166,226,34,126,186,252,42,117,187,249,210,14,75,139,218,5,75,135,194,30,90,157,155,8,66,219,236,46,
    104,180,228,38,106,188,252,56,120,164,244,52,118,172,140,235,32,120,163,233,54,96,184,249,54,104,176,240,198,16,75,143,193,73,94,
    144,149,30,88,154,202,22,80,148,242,46,111,168,250,38,98,164,226,62,122,189,234,54,114,101,182,233,47,99,190,226,63,116,247,228,
    38,63,176,240,205,16,72,139,198,24,64,133,218,0,91,145,223,89,78,128,165,46,104,171,250,38,102,161,226,62,121,189,234,210,46,
    106,182,233,47,102,190,226,63,125,166,250,55,112,174,242,206,14,86,137,192,4,94,129,216,20,70,153,212,28,78,145,233,40,118,169,
    226,38,126,161,251,56,102,85,150,210,50,109,174,237,58,101,167,226,115,96,170,179,52,118,177,236,204,8,75,148,196,0,68,156,220,
    28,95,132,212,22,83,140,236,45,105,180,231,45,100,237,226,200,93,86,144,210,50,110,174,233,58,102,161,227,34,126,187,250,42,117,
    187,242,210,14,75,137,218,6,67,128,194,30,90,157,155,8,66,219,236,46,104,180,228,38,106,64,152,220,20,72,144,208,42,112,171,
    225,47,120,160,225,61,96,187,241,49,104,176,243,200,16,75,142,198,24,67,134,223,0,91,144,222,8,83,151,234,48,107,171,228,220,
    31,89,159,149,10,68,217,210,44,110,182,234,36,108,190,226,58,126,166,250,54,112,255,236,222,71,72,138,196,24,64,130,218,0,88,
    157,214,8,80,144,234,48,104,68,135,220,28,92,147,196,23,93,149,204,44,109,162,165,58,116,233,226,62,120,166,250,52,113,174,242,
    205,5,86,138,198,1,94,129,221,27,70,154,212,19,78,145,231,193,26,70,131,197,2,93,157,217,10,86,145,214,50,109,175,237,58,
    101,164,227,34,125,190,253,42,117,182,241,210,13,79,143,218,6,67,132,194,30,91,155,202,21,82,69,137,212,2,71,158,193,30,90,
    158,196,23,84,148,211,50,109,170,237,39,120,163,224,59,121,166,249,55,118,187,236,207,12,72,140,218,5,67,132,215,0,91,152,212,
    53,18,77,139,204,2,88,131,193,29,89,134,217,23,86,150,204,47,109,162,165,58,116,233,226,60,127,166,250,50,117,174,242,205,9,
    86,138,198,2,94,129,215,30,70,182,243,49,18,78,139,204,26,70,130,194,2,93,156,216,10,85,148,216,50,109,168,224,58,101,165,
    228,34,125,190,250,42,117,183,244,210,13,78,138,218,5,70,133,194,57,115,182,191,44,30,7,136,200,7,88,128,196,27,64,152,219,
    31,72,147,217,43,112,168,232,37,120,160,224,55,96,187,241,48,104,176,241,199,16,75,128,196,73,94,172,177,58,116,182,238,50,12,
    68,150,202,2,70,158,194,30,88,134,217,31,93,142,210,47,111,182,233,47,99,190,226,62,121,247,228,38,63,176,242,204,16,72,138,
    206,60,124,184,248,36,116,180,246,44,12,79,140,212,7,77,138,220,28,93,154,196,20,84,154,204,47,107,173,165,58,116,233,225,55,
    123,166,250,53,115,174,242,205,9,86,165,235,41,98,190,251,49,59,168,226,123,12,76,137,212,4,71,130,220,28,89,158,196,23,93,
    155,157,50,124,225,233,37,97,190,226,60,123,166,250,50,118,174,242,206,44,122,165,231,39,98,189,249,48,106,182,246,54,18,78,139,
    192,26,69,132,193,2,93,158,218,10,85,154,216,50,109,172,234,58,102,162,225,115,96,170,179,55,114,179,176,235,32,102,184,224,37,
    125,160,248,57,115,168,243,57,7,80,136,201,7,88,131,201,27,64,152,217,19,72,147,215,46,112,171,238,36,120,160,229,63,96,187,
    240,55,12,111,175,235,52,103,167,226,60,127,191,242,36,119,176,251,44,15,79,141,212,2,68,158,196,29,64,155,217,16,72,147,209,
    38,112,172,239,58,108,160,252,55,127,166,150,218,12,107,168,246,33,111,184,227,32,120,160,251,57,117,168,243,50,14,80,143,204,26,
    68,158,199,25,64,155,208,10,86,146,204,44,110,175,244,36,97,160,252,60,26,81,136,211,24,109,176,232,43,98,184,224,32,123,160,
    248,56,119,168,240,50,15,80,139,207,0,88,128,194,27,64,152,219,20,72,144,211,39,112,168,236,32,120,160,153,217,4,87,157,212,
    12,108,172,233,52,100,165,226,60,127,184,243,36,119,181,243,44,15,76,138,212,7,69,131,220,31,94,155,196,16,84,142,216,43,112,
    173,237,58,9,93,128,216,28,74,150,206,17,110,174,246,43,98,184,231,36,98,184,243,36,113,168,243,48,18,72,150,192,15,88,134,
    194,2,94,152,220,10,86,150,212,50,110,169,133,222,1,90,152,198,25,84,157,206,17,109,170,246,41,98,167,254,33,123,188,230,57,
    115,179,238,50,12,68,150,202,5,65,158,194,26,94,134,217,17,82,142,209,45,12,90,133,203,9,66,157,223,26,74,149,214,24,114,
    173,238,44,122,167,231,60,127,188,253,36,119,182,245,44,15,78,142,212,0,71,158,200,30,64,157,222,10,92,154,144,200,15,90,130,
    194,28,95,157,220,4,87,149,208,93,114,188,161,41,97,167,254,34,124,184,230,58,114,183,238,49,7,69,150,201,15,77,158,193,22,
    90,134,217,19,113,82,141,207,0,90,134,192,9,66,158,217,30,74,150,214,19,114,174,239,40,122,165,235,35,98,190,250,56,106,182,
    242,55,18,78,139,204,26,70,128,193,2,95,156,232,51,114,78,144,203,9,79,152,195,0,87,128,210,28,74,147,218,12,104,168,246,
    32,100,184,229,41,98,189,250,49,106,177,250,44,13,74,150,204,4,88,132,192,2,121,178,232,51,114,82,139,214,11,70,152,192,0,
    87,128,216,28,95,136,208,20,103,176,232,44,111,184,224,35,121,160,248,60,119,168,240,49,13,80,139,193,3,88,128,254,57,100,180,
    246,55,108,76,136,207,20,68,135,203,28,95,154,218,4,87,156,218,12,111,175,236,52,100,166,231,60,124,189,250,36,116,181,245,44,
    13,78,150,203,15,124,186,250,38,125,181,232,52,112,82,143,214,9,70,152,195,7,66,158,222,4,85,149,206,21,109,176,238,44,122,
    167,230,60,120,190,230,60,127,168,243,50,18,72,150,231,62,98,189,224,56,123,179,232,48,115,75,144,200,10,66,152,195,7,86,128,
    219,27,80,136,211,22,108,176,235,44,101,184,227,37,126,160,251,61,113,168,240,50,6,116,164,231,39,124,188,248,56,100,180,240,59,
    108,79,133,200,20,71,135,194,28,95,158,210,4,87,144,215,12,108,168,236,52,101,161,254,36,124,160,254,49,106,177,244,240,43,106,
    164,248,37,98,162,251,57,100,176,246,46,121,74,144,206,12,90,128,199,28,95,158,219,4,95,151,206,20,111,176,235,42,122,166,254,
    39,127,160,252,60,106,81,167,238,54,106,165,226,62,98,189,249,38,122,183,246,46,114,74,142,214,10,68,132,222,1,93,157,151,4,
    70,223,211,22,111,176,235,32,102,184,224,37,125,160,248,213,23,76,175,229,35,116,164,229,35,124,191,245,63,100,180,245,55,108,79,
    139,202,20,71,130,192,28,92,153,219,4,87,156,211,12,111,175,235,52,103,167,226,60,127,91,158,200,19,84,167,240,43,107,161,248,
    38,96,162,248,57,100,183,245,52,108,79,141,194,20,64,131,222,8,92,128,211,27,74,150,218,12,107,168,246,33,111,184,227,220,28,
    68,151,213,17,76,175,238,42,116,163,224,62,96,162,251,61,100,183,252,46,114,78,144,200,10,67,152,192,5,92,128,216,26,81,136,
    211,24,109,176,232,43,98,92,156,220,31,68,148,212,19,76,172,238,43,116,167,227,36,124,188,254,63,100,180,247,48,108,76,143,195,
    20,68,128,196,28,92,153,217,4,87,157,212,12,108,172,233,216,0,65,158,192,27,92,159,200,19,81,175,240,43,104,166,248,35,97,
    191,224,59,122,183,232,52,112,82,139,205,20,79,129,222,9,92,128,216,28,74,150,206,17,110,74,154,193,5,92,155,213,6,93,149,
    200,16,83,178,232,54,105,174,248,35,104,162,253,56,100,183,243,49,108,76,142,205,20,68,128,195,28,92,152,218,4,87,157,212,208,
    8,72,133,216,0,65,151,192,27,93,148,200,16,83,173,240,43,110,167,248,35,103,183,224,59,126,176,232,48,116,78,144,200,11,66,
    152,195,9,87,128,216,24,80,172,140,205,9,84,132,198,2,92,157,217,6,92,148,200,22,89,178,233,44,116,167,229,42,124,184,248,
    38,121,181,232,59,112,82,139,194,20,66,131,222,1,94,153,198,55,116,172,136,207,22,77,143,216,3,65,130,221,26,90,138,220,17,
    76,167,236,54,105,160,229,62,97,184,244,38,121,177,241,46,113,70,142,214,9,78,141,222,1,93,186,234,53,113,185,146,205,14,78,
    154,197,7,67,130,222,24,92,138,213,26,80,178,237,45,105,186,229,36,97,162,253,60,112,170,245,49,120,82,141,201,10,90,133,199,
    60,102,185,245,61,110,178,142,197,22,73,135,204,30,65,156,220,6,89,150,214,14,81,172,236,54,111,162,248,37,98,162,250,61,100,
    190,246,46,113,78,133,214,13,69,188,253,59,102,190,247,40,118,177,146,207,8,84,131,216,2,92,157,192,27,81,138,214,22,80,178,
    237,45,105,186,229,37,101,162,253,50,125,170,246,50,118,82,142,203,36,126,161,247,57,102,185,255,53,110,177,139,202,22,74,132,195,
    30,66,157,216,6,90,146,213,14,82,170,228,54,106,163,225,62,97,183,244,38,122,182,241,46,114,79,170,250,38,99,169,226,63,126,
    164,242,53,110,185,135,208,11,73,142,216,3,64,154,192,28,92,138,213,16,87,178,228,44,116,161,236,62,101,189,224,57,123,170,247,
    49,48,110,161,250,32,100,188,249,58,102,190,240,40,115,178,142,208,2,65,154,197,4,64,130,221,28,95,138,213,21,84,178,237,34,
    105,186,229,42,104,162,253,57,121,170,145,237,36,118,170,231,38,126,162,255,56,102,186,247,61,110,178,142,200,22,74,133,195,30,66,
    154,216,6,90,147,213,14,81,167,232,54,105,162,228,62,97,187,244,38,21,86,151,242,46,110,172,250,45,100,188,247,52,102,185,247,
    61,110,181,143,208,14,75,154,205,7,92,153,220,6,80,158,200,27,76,175,238,44,116,167,228,62,101,186,132,208,21,78,149,236,48,
    98,180,239,56,99,168,226,61,124,164,244,55,114,172,143,202,8,5,154,212,73,65,152,221,6,89,158,212,14,82,171,239,54,106,167,
    225,62,29,83,145,202,22,83,145,242,45,99,173,250,38,99,165,226,61,125,184,234,53,116,178,146,206,15,73,154,197,4,73,130,221,
    30,81,138,213,17,87,178,237,47,109,186,129,218,27,70,154,215,22,78,145,234,48,110,171,250,33,98,188,251,59,102,184,234,60,118,
    172,137,201,22,78,131,216,5,66,130,216,24,68,149,210,14,85,170,240,46,7,94,129,223,31,70,159,202,22,86,140,238,48,104,168,
    250,38,99,160,226,62,127,186,234,54,112,182,146,206,14,76,154,198,6,70,130,221,19,94,138,214,16,83,178,138,199,0,94,130,221,
    31,70,153,209,19,78,145,232,45,118,169,224,37,126,161,248,57,102,186,243,55,110,178,143,203,22,74,134,199,30,65,156,213,6,89,
    146,213,14,5,77,148,199,5,71,156,223,28,93,132,213,21,78,150,238,48,105,180,231,36,126,161,249,32,115,189,234,61,114,172,139,
    204,22,76,133,216,6,73,130,217,25,68,148,240,210,10,79,148,206,13,94,136,215,0,89,153,202,22,86,144,242,46,110,160,250,38,
    103,162,226,62,122,186,234,54,115,178,146,206,11,64,154,198,2,68,130,222,24,118,174,242,204,12,86,137,206,7,94,129,217,24,70,
    153,212,29,78,145,232,37,118,169,229,35,126,161,253,59,102,185,243,51,110,178,143,207,22,73,143,199,30,67,155,228,55,118,179,236,
    207,12,75,148,199,6,67,156,223,28,93,132,208,19,78,147,231,48,104,168,250,38,101,188,247,52,102,185,246,49,110,179,139,208,15,
    76,154,192,2,96,186,228,48,119,174,242,204,16,75,140,218,6,70,133,194,30,88,157,202,22,80,149,242,46,110,169,250,38,97,168,
    226,61,126,184,234,53,113,176,146,205,2,76,154,225,59,127,166,250,52,112,174,242,205,13,86,138,197,12,94,129,216,29,70,153,222,
    29,78,145,234,40,118,169,228,45,126,162,252,63,102,185,245,61,110,177,138,207,22,101,162,227,34,125,184,250,42,117,176,242,210,9,
    75,148,192,12,94,137,220,0,83,156,202,28,86,140,233,40,118,172,226,56,97,165,226,58,123,164,247,53,118,172,137,234,58,109,170,
    252,57,117,166,240,48,104,187,243,210,13,76,140,218,5,69,129,194,29,93,144,202,21,90,149,242,45,104,160,250,38,98,168,226,61,
    115,176,234,54,112,108,182,234,38,108,190,225,56,122,166,250,53,112,174,241,198,14,86,137,206,13,94,129,217,29,70,153,212,28,78,
    145,237,42,118,169,227,32,126,161,250,61,102,188,244,204,45,110,182,238,36,120,163,225,54,96,187,248,49,104,186,241,210,10,77,148,
    207,13,94,135,215,0,95,153,202,16,81,140,237,37,118,173,227,56,102,166,226,61,102,81,148,204,44,112,171,238,58,102,161,232,34,
    126,190,252,42,117,181,244,210,14,78,137,218,6,70,131,194,29,92,145,202,21,81,152,242,45,110,173,250,37,103,162,226,217,19,93,
    142,210,45,108,182,234,37,99,190,226,58,120,166,250,51,117,174,241,199,8,86,138,198,5,94,130,222,20,70,154,215,17,78,145,234,
    46,118,169,230,38,126,93,154,209,10,85,144,215,50,109,171,224,58,109,190,231,54,96,179,248,42,124,186,236,199,8,86,140,206,24,
    65,132,194,26,91,132,211,17,78,151,236,48,109,160,250,193,30,92,134,208,19,72,155,210,50,109,172,235,58,101,165,224,34,125,189,
    255,42,117,186,244,210,13,67,137,218,5,65,132,194,29,94,153,202,21,86,152,242,45,111,65,158,194,28,90,134,218,21,87,142,210,
    42,108,182,234,34,99,190,226,59,120,166,249,53,115,174,241,205,13,86,137,194,0,94,129,219,25,70,153,214,29,78,148,238,212,7,
    70,134,220,31,92,152,196,23,85,148,204,41,104,182,238,47,120,170,231,34,123,191,228,63,114,174,241,204,14,86,137,199,4,94,133,
    222,0,92,153,202,21,86,80,139,205,26,67,135,220,24,95,134,218,16,72,144,212,44,112,168,234,36,120,160,228,63,96,184,251,53,
    104,176,241,204,16,75,129,196,24,64,129,223,0,88,153,214,44,15,73,138,133,26,84,201,193,24,88,134,217,17,80,142,210,44,109,
    182,234,38,103,190,225,55,117,166,250,55,118,174,242,202,13,86,138,199,1,94,129,214,31,70,181,251,49,18,77,140,207,26,69,135,
    195,2,93,153,223,10,85,144,217,50,109,169,233,58,101,166,230,34,126,187,251,123,104,162,187,207,10,78,148,199,1,74,156,223,48,
    113,168,243,51,14,80,139,203,1,88,131,196,26,64,155,221,23,72,147,213,38,112,168,234,47,120,160,227,56,96,184,252,53,104,176,
    245,206,16,75,129,197,24,64,188,250,36,116,180,245,44,12,77,142,212,4,70,131,220,29,90,134,220,21,72,151,208,50,105,173,244,
    38,120,165,224,34,122,190,228,62,117,174,242,198,16,73,142,218,36,125,160,252,56,106,178,243,44,15,77,137,212,3,70,158,200,2,
    88,134,218,21,72,144,211,43,112,168,235,34,120,160,228,63,96,184,250,49,104,176,245,207,16,75,173,225,60,124,185,255,36,119,189,
    251,44,12,77,137,212,7,67,139,220,31,90,147,196,23,82,154,204,47,107,163,244,36,96,161,252,63,122,186,228,55,119,186,236,207,
    43,98,184,227,37,124,160,243,48,106,181,242,50,18,77,136,205,26,69,131,194,2,93,155,217,10,86,151,204,47,108,162,244,46,108,
    190,232,56,96,179,249,42,116,174,175,236,52,101,172,254,36,126,160,248,58,106,176,240,44,12,72,150,203,6,88,131,200,2,94,152,
    221,10,85,148,212,99,112,186,163,39,98,166,252,63,121,178,228,55,24,105,176,235,43,102,184,227,35,121,160,251,60,114,168,243,53,
    15,80,139,205,14,88,128,194,23,64,152,219,16,72,144,212,45,112,168,237,38,120,163,233,61,96,184,148,210,12,108,172,237,52,100,
    165,230,60,124,190,251,36,117,178,238,52,13,80,143,200,26,65,133,220,30,64,157,216,10,82,150,204,38,109,182,234,46,120,161,230,
    34,28,85,136,212,16,114,170,235,52,103,165,225,60,123,190,230,48,106,176,238,50,13,80,136,203,3,88,128,195,26,64,152,220,23,
    72,144,210,41,112,168,237,39,120,163,149,217,4,84,145,215,12,111,165,227,52,100,165,225,60,127,187,243,36,119,178,251,44,15,74,
    130,212,7,67,139,220,28,88,153,196,23,82,146,204,47,111,162,244,39,3,90,128,219,29,84,136,219,24,114,173,234,42,122,165,224,
    37,98,189,251,58,106,181,243,49,18,77,137,212,7,70,131,220,24,89,134,208,23,72,154,209,50,104,170,152,198,0,66,159,210,4,
    82,148,206,24,102,176,238,47,122,166,231,60,124,185,230,58,112,168,243,57,11,80,136,202,15,88,128,194,27,64,152,219,21,72,144,
    209,45,20,68,135,199,28,95,149,211,4,84,150,209,12,108,172,227,52,103,162,226,60,124,190,253,117,106,164,185,49,8,72,150,201,
    3,76,158,193,22,91,134,217,21,84,142,141,201,15,90,133,198,4,66,157,223,25,74,149,215,24,114,174,232,33,122,166,225,38,98,
    190,254,59,106,182,247,48,18,77,131,203,26,70,130,192,2,94,154,223,10,114,79,136,214,10,68,133,222,3,88,128,211,16,74,149,
    211,22,114,169,237,52,110,167,254,40,121,160,253,57,106,189,243,44,6,78,150,203,14,88,135,198,2,93,155,247,46,116,74,144,207,
    13,90,135,222,3,66,157,216,30,74,157,211,12,111,170,232,52,103,162,235,60,127,187,252,36,119,188,241,44,15,69,138,212,7,71,
    129,220,31,124,182,232,51,116,73,144,203,13,66,152,192,2,91,128,216,27,84,136,208,19,103,176,232,44,96,184,224,37,125,160,251,
    49,112,168,240,48,13,80,136,201,6,88,128,253,61,100,181,246,46,113,79,138,214,9,68,130,222,1,92,152,198,25,87,144,206,23,
    105,176,237,33,122,162,229,60,124,160,251,58,119,168,246,55,18,74,137,212,2,105,162,244,38,127,170,246,53,108,72,144,203,0,90,
    133,192,28,95,155,217,4,84,145,215,12,108,168,236,52,100,167,234,60,124,189,249,36,119,189,241,44,15,69,137,248,32,96,183,224,
    56,120,176,232,48,115,74,144,203,0,65,152,195,6,89,128,219,31,87,136,211,19,111,176,235,44,101,184,227,36,125,160,251,59,114,
    168,243,53,13,116,174,228,62,97,188,254,38,121,180,244,46,113,79,132,214,9,70,140,222,1,95,152,198,16,82,136,212,24,114,165,
    238,52,103,165,226,60,127,188,255,36,117,177,238,233,42,116,162,230,62,97,185,224,63,100,180,253,46,114,71,144,200,12,68,152,195,
    6,88,128,216,29,83,136,208,18,105,176,232,43,111,184,227,41,119,160,251,49,115,76,172,237,43,116,164,228,32,124,191,250,63,100,
    183,240,58,108,79,133,202,20,71,140,202,28,95,155,210,4,87,144,214,12,111,171,235,52,103,161,228,60,127,185,251,200,19,83,166,
    240,43,104,162,248,35,98,191,224,60,121,170,245,53,108,76,144,195,20,71,130,222,2,93,128,217,24,74,149,210,17,114,173,234,32,
    122,165,227,37,98,89,148,214,14,86,171,240,45,106,186,227,43,124,182,250,38,113,181,232,51,118,74,144,203,15,71,152,192,4,89,
    128,216,28,83,136,208,17,111,176,235,33,98,184,227,218,30,68,151,208,27,76,175,233,44,116,164,230,37,124,188,255,62,100,180,240,
    51,108,76,136,194,20,68,129,199,28,95,149,210,4,84,148,215,12,108,173,232,52,100,65,151,192,25,92,138,208,19,76,170,228,54,
    109,163,248,36,98,162,249,38,121,180,232,51,121,82,142,204,20,67,128,222,4,95,128,220,25,74,145,212,12,111,173,237,137,30,80,
    213,221,28,92,138,213,23,88,178,237,34,111,186,229,33,96,162,253,57,127,170,245,54,116,82,141,207,9,90,133,199,8,66,158,216,
    17,74,150,209,22,114,74,130,199,30,66,155,220,6,89,159,215,14,82,174,236,54,106,166,227,62,98,191,248,38,122,180,245,46,115,
    72,144,203,9,70,152,195,2,90,128,219,26,83,136,214,206,22,79,154,197,6,92,156,221,6,90,158,200,27,89,178,237,42,110,186,
    229,35,99,162,253,56,120,170,245,48,119,82,139,202,20,65,131,222,8,90,128,217,24,74,178,141,202,22,74,133,195,30,65,150,217,
    6,89,147,211,14,81,167,236,54,105,165,231,62,97,186,252,38,121,178,243,46,113,75,136,214,10,68,129,222,2,93,158,198,54,113,
    185,146,206,14,78,154,198,7,67,130,221,19,94,138,214,18,83,178,237,41,108,186,229,39,98,162,253,59,125,170,245,50,120,82,143,
    200,20,79,140,222,1,92,189,234,51,118,172,135,200,22,74,131,216,11,92,159,219,6,89,151,209,14,81,174,236,54,97,162,248,35,
    98,189,224,60,126,170,243,49,108,70,140,214,0,65,152,203,56,102,185,240,49,110,177,137,206,22,74,130,194,30,66,154,216,6,89,
    159,211,14,81,168,238,54,105,162,231,62,97,187,252,38,121,179,243,46,114,76,132,214,9,65,164,226,61,114,176,234,53,122,185,146,
    206,10,73,154,198,1,71,130,221,25,81,138,213,23,85,178,237,47,106,186,224,32,124,190,224,59,120,180,232,51,113,77,144,203,37,
    97,188,255,52,102,186,245,40,115,177,137,208,3,77,154,199,10,92,155,192,30,81,138,209,17,76,171,229,54,97,186,226,42,45,162,
    236,113,121,191,252,46,114,75,171,250,38,97,169,226,62,122,177,234,53,113,183,146,206,11,73,154,198,3,70,130,222,26,91,138,213,
    21,81,178,237,34,108,186,230,38,99,162,253,61,120,170,245,49,46,118,169,227,32,126,162,254,59,102,185,242,61,110,177,141,206,22,
    73,134,199,30,65,158,223,6,89,151,221,95,76,190,167,40,104,162,248,32,98,187,224,56,123,191,140,236,44,111,180,231,39,101,188,
    252,57,127,164,247,61,123,172,140,205,3,84,135,195,3,92,156,223,28,68,151,209,16,76,175,235,35,116,167,224,43,124,191,249,63,
    8,80,144,233,48,104,170,228,56,99,162,255,62,102,187,240,40,115,176,137,207,22,73,134,194,10,92,159,220,31,80,138,213,18,84,
    166,240,43,105,164,228,62,97,190,157,215,8,83,145,234,44,118,169,231,33,98,188,255,61,121,191,234,53,115,180,142,208,11,73,133,
    199,30,65,159,223,87,68,134,159,16,82,173,240,40,108,167,248,32,31,95,132,212,20,84,140,239,37,104,180,228,37,99,188,252,61,
    126,164,244,52,112,172,143,202,10,84,135,194,10,92,159,222,18,68,151,211,22,76,175,232,40,116,167,133,218,0,91,156,212,8,83,
    148,235,48,107,173,228,105,126,176,181,62,122,185,234,54,118,177,146,206,14,64,154,198,2,69,130,222,27,81,138,214,18,89,178,237,
    35,1,94,130,223,25,70,153,209,20,78,145,232,46,118,169,227,38,126,161,249,53,102,185,242,61,63,172,158,135,8,72,135,216,0,
    68,159,192,24,92,158,200,16,80,171,148,196,5,75,156,220,28,83,132,215,29,87,140,236,45,111,180,231,35,98,188,255,58,120,164,
    247,49,112,172,143,203,3,84,135,192,11,92,159,219,24,68,151,215,26,16,75,141,194,24,67,131,216,0,91,154,210,8,83,145,238,
    97,118,184,173,38,96,163,226,62,126,185,234,54,119,178,146,206,11,77,154,197,11,71,130,222,26,81,138,241,199,11,86,138,195,7,
    94,129,217,26,70,153,223,21,78,145,232,43,118,169,238,37,126,161,250,60,102,185,244,61,110,177,138,197,22,73,131,197,30,65,157,
    219,6,117,178,249,210,13,74,136,218,5,64,132,194,20,88,132,209,23,78,152,237,97,118,184,173,38,98,161,226,62,126,185,234,54,
    118,183,146,206,11,77,154,198,2,73,130,250,55,119,174,242,202,8,86,138,198,7,94,129,214,30,70,153,222,16,78,145,230,36,118,
    169,238,39,126,161,253,58,102,185,242,50,110,177,138,206,22,73,133,196,30,125,190,240,42,117,178,247,210,13,74,137,218,12,75,156,
    223,29,88,132,222,16,31,140,254,103,104,168,224,56,96,162,251,32,120,187,244,40,112,177,138,208,11,65,142,252,60,126,187,228,52,
    118,176,236,207,5,76,148,199,2,70,156,223,20,94,132,215,28,84,140,239,36,107,180,231,32,97,188,255,58,121,164,247,55,118,172,
    143,207,10,41,190,240,117,126,186,250,42,118,183,243,210,14,73,143,218,5,75,137,194,30,91,145,202,21,86,148,242,46,111,170,250,
    38,99,165,226,61,125,191,234,54,113,182,146,234,35,101,190,225,60,121,184,228,55,117,186,247,210,13,72,139,194,24,67,129,215,21,
    70,153,212,21,81,140,239,46,105,169,250,37,98,167,248,32,123,184,254,50,110,109,171,232,34,120,167,231,34,125,186,252,52,104,179,
    241,204,10,86,137,198,1,67,156,220,29,70,153,214,23,90,140,239,45,110,175,250,37,99,165,254,32,123,184,243,208,50,109,168,232,
    58,101,163,226,59,96,187,249,55,124,174,241,206,11,75,148,199,4,75,136,194,29,90,145,209,8,83,151,239,97,118,184,173,38,96,
    163,226,62,126,85,142,210,45,105,182,234,38,98,190,225,55,126,166,250,55,117,174,242,207,8,86,138,198,6,94,129,216,28,70,153,
    208,28,78,145,236,36,118,169,225,32,126,161,250,218,10,85,151,212,50,109,174,234,58,101,166,229,34,125,191,250,123,104,162,187,204,
    12,75,148,196,0,67,156,220,24,82,132,212,20,87,140,236,45,99,180,228,36,107,64,155,209,19,72,144,209,43,112,171,239,38,120,
    163,230,60,96,187,253,52,104,179,247,199,16,75,140,207,73,94,144,149,30,90,153,202,22,86,145,242,46,110,160,250,194,30,89,134,
    218,23,93,142,210,46,101,182,233,47,97,190,226,63,121,166,249,49,116,174,241,200,14,86,137,195,6,94,129,217,21,70,153,210,29,
    78,145,233,46,118,69,129,200,2,93,159,220,10,85,145,214,50,109,168,236,58,101,163,224,115,96,170,179,52,118,177,236,204,8,75,
    148,196,1,64,156,220,29,95,132,215,29,85,140,236,200,15,88,131,201,25,64,152,221,21,72,147,215,40,112,171,225,39,120,163,230,
    57,96,187,240,55,104,179,244,206,16,75,138,207,24,67,132,215,0,91,157,215,8,83,79,141,212,7,68,139,220,31,92,154,196,23,
    86,150,204,38,110,182,239,37,120,170,227,115,96,170,179,52,116,179,236,204,8,75,148,196,0,69,156,220,29,95,132,212,48,7,80,
    136,201,5,88,128,196,26,64,152,216,21,72,147,216,44,112,171,224,34,120,163,232,54,96,187,240,53,104,179,243,200,16,75,140,192,
    24,67,132,220,0,91,183,242,44,15,72,130,212,7,68,133,220,31,92,155,196,30,93,142,209,47,110,182,224,34,41,190,240,117,126,
    186,254,42,118,176,245,210,14,73,138,218,6,67,132,194,57,127,188,238,50,12,77,150,202,4,70,158,193,23,90,134,217,16,80,142,
    209,38,104,182,233,46,98,190,225,54,125,166,249,50,119,174,241,200,15,86,137,197,0,94,189,249,56,59,168,226,123,12,76,142,212,
    4,70,135,220,28,95,147,196,20,84,151,204,47,111,173,244,36,97,167,252,63,117,179,228,52,117,187,236,207,11,75,148,196,35,120,
    160,251,60,112,168,243,56,12,80,139,204,7,88,128,192,30,64,155,223,20,72,147,211,47,112,171,236,36,120,163,225,60,96,187,248,
    54,104,179,242,201,16,75,165,224,60,119,188,230,63,118,168,251,48,18,69,136,212,14,71,158,196,27,64,155,216,16,72,144,214,50,
    104,163,244,34,103,190,226,63,96,189,255,42,125,176,236,207,40,111,167,254,33,124,189,252,36,119,182,243,51,18,77,139,192,15,88,
    131,193,23,90,134,217,20,87,150,204,47,109,173,238,58,101,163,231,62,96,187,253,50,57,174,188,161,42,100,167,254,34,122,189,230,
    58,117,177,238,50,14,74,150,201,15,70,158,194,31,93,134,218,23,80,142,210,46,110,182,233,32,100,190,225,56,116,166,249,52,24,
    114,173,237,44,122,165,230,34,98,189,255,60,106,181,246,50,18,77,142,205,26,69,135,194,83,64,138,147,20,84,147,204,44,104,171,
    244,36,96,170,252,60,124,191,136,208,17,103,176,232,40,111,184,227,41,123,160,248,57,115,168,243,55,14,80,139,206,4,88,131,197,
    28,64,155,223,31,72,147,212,39,33,182,248,109,102,162,225,34,26,82,149,206,18,106,164,246,42,102,161,254,34,127,181,230,58,118,
    189,238,49,7,73,150,202,7,65,158,193,25,92,134,217,16,86,142,209,43,110,182,233,33,109,190,157,222,17,74,149,213,18,114,173,
    233,32,122,165,231,36,98,189,249,62,106,181,240,52,18,77,139,200,75,88,146,139,28,94,153,196,20,80,147,204,44,105,168,244,36,
    1,91,128,219,17,81,136,208,16,103,176,235,33,97,184,224,37,125,160,251,63,112,168,243,57,15,80,139,206,1,88,131,200,31,64,
    155,220,22,72,147,210,39,112,171,128,203,28,95,153,219,4,87,151,213,12,111,172,227,52,103,164,226,60,127,190,254,36,126,182,238,
    55,13,80,130,203,75,88,146,139,28,92,155,196,20,80,147,204,44,12,65,152,192,1,91,128,216,24,95,136,208,17,109,176,232,44,
    98,184,224,32,125,160,251,48,116,168,243,56,10,80,139,192,14,88,131,200,29,64,155,219,16,72,147,136,204,20,71,128,192,28,95,
    159,218,4,87,144,218,12,111,172,237,52,103,164,227,60,118,181,230,57,119,182,238,56,10,1,150,216,77,70,130,198,2,94,152,221,
    10,114,77,142,214,10,71,128,222,1,87,148,198,26,84,149,206,18,108,174,246,41,111,162,254,33,120,184,230,57,126,176,238,49,6,
    74,150,201,14,69,158,193,26,95,134,245,52,115,82,141,201,12,90,133,193,0,19,128,202,83,87,151,215,12,108,174,237,52,100,160,
    224,60,124,188,254,36,119,177,245,44,15,79,130,212,4,64,132,220,28,121,190,232,51,118,79,144,203,12,68,152,195,8,86,128,219,
    30,84,136,208,16,111,225,246,56,45,165,228,33,98,189,242,56,106,182,247,51,18,78,139,205,26,69,139,245,38,122,183,245,46,113,
    71,137,214,10,71,129,222,1,89,156,198,25,80,150,206,18,107,173,246,41,110,165,254,33,125,189,230,57,117,180,238,49,13,68,150,
    201,2,105,162,253,57,127,170,240,50,108,74,143,214,9,71,130,222,1,95,148,198,30,81,136,218,18,114,165,233,52,100,172,254,37,
    122,160,243,49,106,181,242,54,18,77,139,231,62,97,188,252,38,125,178,232,50,108,73,139,214,9,78,152,192,0,66,158,216,29,74,
    150,215,18,114,174,232,47,122,165,234,35,98,190,249,60,106,182,242,53,18,106,166,229,62,98,188,253,38,121,177,242,46,114,76,137,
    214,10,69,134,222,2,93,149,198,26,82,146,206,18,107,175,246,41,111,162,254,34,126,191,230,58,119,180,238,237,46,97,186,229,35,
    97,162,253,58,120,170,245,51,113,82,141,200,9,90,130,194,28,86,153,198,31,83,136,219,19,114,174,238,52,100,184,227,32,124,160,
    249,60,106,85,170,240,46,97,186,227,62,97,190,224,62,100,190,253,46,116,76,144,200,10,66,152,192,4,90,128,216,27,87,136,211,
    20,106,176,235,42,111,184,227,35,120,160,251,208,17,76,175,233,42,116,167,225,37,124,188,254,50,100,180,247,55,108,76,136,200,20,
    71,131,196,28,95,159,222,4,87,157,219,12,111,169,232,52,103,160,234,60,127,92,146,200,17,85,178,237,42,111,186,229,32,103,162,
    253,56,124,170,242,49,108,70,140,214,15,64,152,202,8,66,158,221,4,80,148,206,17,111,170,246,41,103,166,175,192,10,19,151,211,
    17,76,172,238,46,116,164,224,33,124,191,245,51,100,183,253,59,108,79,132,204,20,71,129,195,28,95,153,210,4,84,150,219,12,108,
    175,236,52,100,68,157,192,24,93,150,200,19,89,173,240,40,104,166,248,32,96,185,224,56,121,178,232,48,114,79,144,201,14,90,133,
    192,0,66,157,219,17,74,149,210,25,114,164,238,216,5,72,130,218,30,68,158,214,14,87,167,240,43,104,175,248,38,97,162,249,61,
    100,179,241,46,116,73,144,201,15,90,133,192,28,88,128,223,27,74,150,208,23,114,74,132,204,30,66,154,217,6,89,158,215,14,81,
    168,239,54,105,165,231,62,98,191,244,38,122,183,244,46,114,79,136,214,10,70,135,222,2,93,158,198,26,85,157,206,206,14,78,154,
    198,7,67,130,221,19,94,138,214,18,83,178,238,43,104,186,230,35,103,162,255,56,100,181,253,46,116,72,144,207,11,90,133,195,1,
    66,154,220,4,95,178,146,196,14,84,135,196,5,92,151,220,6,93,150,200,23,87,178,234,43,116,163,231,62,101,162,254,60,100,190,
    252,46,121,74,144,203,9,64,152,195,6,91,128,219,51,112,172,143,203,3,84,135,204,4,92,159,222,19,68,151,215,20,76,175,232,
    41,116,167,225,34,124,188,253,60,100,183,243,50,108,79,139,207,20,68,133,196,28,92,188,255,40,115,185,140,208,11,65,143,216,0,
    64,152,192,27,92,146,200,19,84,168,240,43,104,165,248,34,124,191,253,60,100,183,245,58,108,79,142,201,20,71,129,222,63,115,164,
    240,51,110,184,140,208,14,76,154,197,0,69,130,221,26,94,138,214,16,76,171,228,54,105,186,224,36,124,188,244,38,122,170,245,52,
    121,3,144,218,67,71,166,255,32,123,176,246,40,112,181,141,208,8,73,131,216,3,73,151,192,24,89,151,200,19,89,171,240,40,105,
    163,248,35,103,190,224,59,126,180,232,48,117,79,144,203,44,99,188,255,63,123,164,247,55,114,172,143,207,2,84,135,192,11,92,159,
    223,29,68,146,212,14,84,173,240,43,105,160,248,35,97,182,224,60,127,170,252,48,108,71,171,250,38,106,188,251,56,102,177,255,40,
    115,176,136,208,11,73,133,216,3,66,158,192,31,92,138,212,14,87,169,240,43,96,186,230,34,124,188,254,63,100,180,241,48,48,104,
    170,225,56,99,168,253,32,120,187,242,40,112,176,139,208,8,72,135,216,0,66,159,192,27,95,144,200,16,82,171,240,40,107,164,248,
    32,99,183,224,56,124,176,140,236,41,105,180,231,45,100,188,252,60,121,164,244,53,114,172,143,200,3,84,135,197,3,92,159,220,26,
    68,151,213,19,76,175,238,43,116,160,228,62,104,187,224,61,17,78,153,237,48,104,172,250,38,126,161,254,62,102,187,242,40,119,180,
    146,200,3,84,129,216,3,64,130,216,6,80,159,200,22,82,178,238,40,108,186,230,38,100,162,154,213,21,78,145,234,40,118,169,228,
    45,126,161,253,58,102,185,242,55,110,177,139,204,22,73,131,195,30,66,156,212,6,90,149,209,14,82,170,238,54,105,161,226,62,29,
    89,156,202,21,91,153,242,45,111,170,250,37,102,168,226,61,126,188,234,55,119,172,143,204,13,84,135,198,5,92,159,222,30,68,144,
    215,14,88,174,240,45,110,186,136,214,0,88,159,202,18,82,140,239,45,108,180,231,37,96,237,226,44,49,185,241,55,110,178,140,200,
    22,74,130,199,30,65,151,213,6,89,159,221,14,81,166,234,54,5,71,129,194,29,95,144,202,22,80,153,242,46,105,174,250,38,102,
    163,226,62,127,184,234,53,123,179,146,206,10,72,154,198,2,71,130,222,27,92,138,214,16,81,178,139,192,24,67,130,222,0,91,153,
    223,8,83,144,231,48,98,172,250,35,106,188,248,56,102,176,244,40,117,185,146,205,10,65,154,192,3,92,155,219,6,93,147,200,22,
    11,86,139,193,24,67,130,194,26,70,158,214,8,80,145,235,48,107,161,228,56,96,161,252,32,123,176,245,40,115,182,141,208,11,75,
    133,216,0,65,150,192,24,89,150,236,204,13,78,148,196,4,65,156,220,31,88,132,212,23,91,140,236,40,108,180,228,33,97,188,255,
    53,124,164,244,52,113,172,140,205,10,84,132,197,5,92,157,222,6,119,187,236,202,10,86,141,197,24,67,129,223,0,92,158,202,29,
    80,140,230,40,118,169,230,35,126,169,254,32,127,184,234,49,117,172,136,205,22,77,133,216,7,92,156,254,42,124,186,236,199,8,86,
    137,199,2,94,129,216,25,70,153,209,22,78,145,233,37,118,169,238,34,126,161,252,53,102,185,245,50,110,177,138,207,22,73,131,196,
    30,126,187,254,42,117,181,240,210,13,77,141,218,6,67,134,194,30,94,145,202,21,91,146,242,45,99,161,250,38,98,166,226,61,126,
    188,234,53,118,182,146,205,10,75,154,224,34,125,187,254,42,117,179,248,210,13,72,139,218,5,71,156,221,21,70,158,209,8,90,146,
    242,40,110,180,231,38,103,188,255,60,124,164,244,54,110,181,134,208,11,120,167,230,34,126,178,228,52,125,174,242,205,12,86,138,196,
    12,94,130,221,24,70,153,223,20,31,140,254,103,107,174,231,56,99,168,254,32,120,189,245,40,112,177,139,244,39,109,171,252,60,125,
    187,228,55,125,183,236,204,13,79,148,199,3,66,156,223,26,88,132,212,17,83,140,239,42,99,180,231,32,107,188,255,63,125,164,247,
    49,119,112,171,236,33,120,160,225,60,96,187,252,42,112,177,236,203,12,86,141,193,24,66,156,214,24,70,159,211,8,84,149,242,43,
    104,180,226,38,126,163,248,32,127,188,234,212,45,112,171,233,37,120,165,252,60,120,166,248,42,118,178,236,207,5,73,148,196,6,71,
    156,220,25,95,132,212,23,83,140,239,37,106,180,231,33,96,188,255,56,122,72,147,217,44,112,168,232,32,120,163,230,62,96,187,240,
    62,104,179,247,206,16,72,138,198,24,64,133,221,0,91,145,208,8,80,144,237,48,104,169,230,56,99,165,246,196,23,84,147,204,47,
    109,175,244,39,100,166,252,63,125,184,228,55,117,182,236,198,9,86,138,218,6,70,156,220,30,70,145,210,8,87,145,242,41,109,180,
    227,45,126,94,158,196,23,84,142,214,50,108,182,224,33,120,164,231,34,125,188,253,42,118,183,245,210,14,73,137,218,6,71,129,194,
    30,91,155,202,22,82,149,242,45,108,173,250,193,27,92,134,217,19,83,142,210,44,100,182,234,37,97,190,225,56,125,166,249,62,112,
    174,241,203,12,86,137,197,4,94,129,214,21,70,153,210,16,78,145,237,42,118,69,131,201,2,85,147,196,23,86,149,204,47,110,173,
    244,39,100,170,252,63,120,166,252,42,114,176,236,204,11,86,129,206,24,67,128,219,0,91,153,212,8,81,149,242,206,5,88,128,194,
    2,91,134,209,21,72,155,204,44,104,171,244,36,103,161,252,60,120,178,228,52,112,186,236,207,4,75,148,199,13,70,156,220,30,88,
    132,212,22,82,80,136,201,14,88,131,200,30,64,155,223,18,72,147,214,47,112,171,224,33,120,160,228,58,96,184,248,52,104,176,242,
    202,16,72,136,207,24,64,129,216,0,88,154,213,44,13,68,150,204,3,88,135,194,2,89,147,196,20,72,155,212,50,100,162,244,47,
    96,190,232,60,96,185,250,42,117,178,248,210,9,72,148,192,7,94,130,223,0,91,176,238,49,14,80,136,204,26,69,131,220,31,91,
    152,196,23,82,144,204,47,100,162,244,36,96,170,252,60,125,185,228,52,117,179,236,207,5,73,148,196,0,68,156,220,57,116,168,243,
    55,12,80,139,192,0,88,128,196,31,64,155,208,30,72,147,215,40,112,168,235,32,120,160,224,59,96,184,249,52,104,176,241,199,16,
    73,140,218,0,67,160,254,48,106,177,247,44,8,78,150,205,26,69,128,220,31,85,134,218,16,72,150,217,50,104,169,244,34,98,190,
    229,54,96,190,241,42,115,180,236,207,15,86,143,218,34,125,160,248,58,113,168,240,52,13,80,136,203,7,88,128,197,30,64,152,220,
    20,72,147,211,39,112,171,235,39,120,163,232,57,96,187,253,52,104,179,245,199,16,72,167,226,60,124,191,253,36,116,176,246,44,12,
    73,139,212,7,77,134,220,28,92,155,196,20,84,154,204,44,109,175,244,36,102,160,252,61,123,166,252,50,104,183,241,210,45,110,184,
    227,60,120,180,230,62,114,168,250,53,18,69,136,212,2,68,158,193,30,91,134,216,10,82,146,204,47,107,182,233,46,120,163,225,34,
    122,166,240,42,117,187,174,246,42,100,162,254,34,123,184,230,58,117,182,238,49,7,77,150,201,3,65,158,193,26,93,134,218,23,85,
    142,210,47,100,182,233,33,97,190,225,57,126,166,250,53,20,114,173,238,44,122,165,234,39,98,189,254,61,106,181,251,49,18,77,143,
    200,26,69,129,198,2,93,155,209,10,93,149,204,47,108,162,244,39,101,167,252,59,127,247,136,194,91,111,170,238,52,103,163,230,60,
    124,188,254,36,119,189,247,44,15,69,136,212,7,77,132,220,28,88,155,196,20,84,155,204,47,100,169,244,39,96,161,252,63,16,81,
    136,211,23,103,176,235,44,103,184,227,36,126,160,251,49,127,249,238,32,69,77,140,204,26,69,135,200,2,93,146,223,10,85,145,208,
    50,109,169,239,58,101,166,152,198,25,83,149,206,17,107,164,246,42,100,173,254,34,125,186,230,58,114,183,238,50,11,76,150,201,15,
    71,158,194,30,92,134,218,22,83,142,210,47,104,182,234,36,1,66,159,220,4,82,151,206,21,110,176,239,47,122,164,254,34,119,160,
    251,58,119,168,250,52,18,68,143,212,3,65,158,193,28,64,156,218,10,80,144,204,44,100,182,133,198,28,90,128,216,28,74,151,211,
    12,111,171,234,101,122,180,169,33,120,184,230,57,115,188,238,49,6,75,150,201,5,68,158,193,29,91,134,217,18,80,142,209,43,9,
    90,133,199,8,66,158,216,17,74,150,209,22,114,174,238,43,122,166,231,32,98,189,243,59,106,182,242,48,18,78,138,207,26,70,131,
    196,2,94,152,217,10,87,148,144,206,11,90,129,194,28,91,155,198,24,74,150,219,12,111,174,235,52,110,160,254,40,123,160,255,61,
    106,181,240,44,8,78,150,204,4,88,128,200,2,93,158,196,18,108,76,136,214,11,71,152,195,7,94,209,198,8,29,149,212,20,114,
    173,239,32,122,165,234,39,98,189,249,56,106,181,241,55,18,77,142,204,26,69,135,193,2,93,159,252,46,114,76,133,214,10,69,130,
    222,2,90,159,198,26,83,148,206,17,103,175,246,42,102,164,254,34,126,187,230,58,119,176,238,50,12,77,150,203,0,88,134,195,2,
    125,182,232,55,119,82,140,214,10,79,152,195,2,95,128,210,28,74,156,215,12,107,169,246,41,100,184,228,34,98,184,248,36,116,188,
    238,49,10,80,142,212,4,64,158,255,59,100,183,243,50,61,82,156,129,9,64,128,222,1,91,148,198,25,94,147,206,17,109,172,246,
    41,101,163,254,33,122,184,230,57,115,181,238,49,11,68,150,202,4,105,162,254,57,126,170,246,54,115,82,142,207,8,90,133,203,3,
    66,158,218,24,74,150,210,23,114,174,235,44,122,166,224,33,98,191,252,36,114,183,238,53,14,80,143,227,62,96,162,254,51,100,183,
    246,51,108,70,136,214,0,67,152,199,5,66,157,216,4,80,150,206,20,108,176,232,32,122,165,230,60,122,160,248,60,106,183,243,44,
    15,111,166,169,62,112,245,253,60,124,170,245,55,120,82,141,194,15,90,133,193,0,66,157,217,31,74,149,214,20,114,173,239,41,122,
    165,231,40,98,190,248,49,106,182,241,234,54,106,162,231,62,98,187,252,38,121,191,247,46,114,78,140,214,10,70,131,222,2,95,152,
    198,26,84,149,206,19,104,176,226,33,122,165,227,41,98,189,250,60,106,88,171,240,44,110,186,237,33,124,184,249,38,121,180,243,46,
    116,77,144,201,15,90,135,193,28,87,148,198,26,84,136,218,12,108,171,246,42,97,184,227,38,98,190,249,213,14,82,175,228,54,106,
    162,225,62,98,188,245,38,122,181,246,46,113,71,142,214,10,68,134,222,1,91,153,198,26,86,149,206,17,104,168,246,41,110,172,254,
    33,118,95,138,213,27,81,178,237,45,97,186,229,33,97,162,253,63,122,170,246,48,112,82,141,207,12,90,133,194,4,66,157,218,28,
    74,149,208,22,114,164,236,52,103,166,231,192,18,89,138,213,18,80,178,228,42,116,174,225,62,105,190,224,59,120,176,232,51,112,71,
    144,201,1,90,130,192,28,92,158,198,26,95,136,208,21,114,174,239,52,100,69,130,222,30,94,138,213,20,82,178,238,46,104,186,230,
    38,98,162,254,58,126,170,246,51,118,82,142,201,14,90,134,195,5,66,158,218,31,74,149,209,17,114,173,239,204,30,65,155,217,6,
    89,147,211,14,82,174,237,54,106,165,227,62,98,190,250,38,122,183,247,46,114,76,140,214,11,67,152,198,2,66,152,211,4,83,146,
    206,22,109,84,128,216,3,67,130,222,26,68,148,211,14,83,167,240,41,97,186,225,32,124,191,254,60,100,190,240,46,118,71,144,205,
    14,90,140,193,28,87,156,198,25,80,149,206,205,12,64,154,197,5,69,130,221,18,90,138,213,26,89,178,237,41,106,186,229,33,105,
    162,253,62,126,170,246,50,117,82,141,204,9,90,133,202,0,66,157,220,29,74,178,139,205,22,73,129,197,30,65,157,220,6,89,149,
    213,14,81,173,239,54,106,166,236,62,98,190,254,38,124,177,232,53,108,75,142,214,13,79,152,192,28,87,128,219,50,110,178,141,208,
    9,72,154,197,2,65,130,216,27,68,144,213,14,86,172,240,43,104,161,248,37,98,162,251,51,100,190,242,46,121,77,144,200,10,67,
    152,192,2,87,164,244,48,116,172,143,203,12,84,135,195,2,92,159,213,30,68,151,221,16,76,172,236,35,116,167,224,43,124,188,252,
    59,100,183,252,59,108,79,132,206,20,71,140,192,32,120,187,243,40,112,178,142,208,11,79,132,216,3,68,154,192,27,93,159,200,20,
    84,178,237,42,106,186,229,34,100,162,250,57,53,170,228,121,113,72,141,214,9,78,160,226,62,127,187,234,54,115,181,146,205,3,65,
    154,198,3,65,130,221,19,93,138,214,19,85,178,237,45,104,186,229,36,98,162,254,63,121,170,245,58,113,82,141,201,37,126,161,253,
    60,102,185,245,60,110,177,138,197,22,73,133,195,30,68,158,192,30,91,138,213,19,86,178,237,43,96,186,226,37,124,182,254,38,113,
    181,232,48,120,82,173,226,56,107,169,226,61,122,190,234,53,115,179,146,205,8,72,154,193,6,92,158,192,29,95,138,213,26,76,172,
    236,54,106,164,225,62,98,187,254,38,122,180,243,46,45,98,171,250,38,97,164,226,62,122,189,234,54,114,177,146,206,8,73,154,197,
    5,70,130,222,24,93,138,214,17,82,178,238,41,97,186,230,38,102,162,254,63,123,170,145,231,42,118,170,230,39,126,162,255,60,102,
    185,242,61,110,177,143,205,22,73,134,196,30,65,159,221,6,89,148,213,14,86,174,240,34,109,186,227,39,124,183,255,38,22,86,140,
    236,48,107,168,228,56,97,164,226,57,126,164,242,61,110,183,146,205,10,84,130,216,10,73,130,216,24,68,148,214,22,76,172,232,46,
    116,164,231,35,124,191,156,210,8,83,146,231,48,107,171,224,56,99,164,253,32,123,189,246,40,115,181,137,208,8,74,142,216,0,67,
    155,192,24,92,148,200,19,87,168,240,43,107,162,248,35,21,83,132,215,17,80,140,239,40,98,180,231,32,102,188,253,57,102,185,246,
    51,110,177,140,203,22,73,132,192,30,70,157,192,18,88,138,211,20,76,166,228,54,106,161,156,216,28,70,153,215,18,78,145,239,46,
    39,180,246,111,99,167,253,32,120,186,242,40,112,180,141,208,11,65,143,216,3,73,151,192,27,80,144,200,19,85,175,240,43,1,74,
    156,220,30,83,132,212,23,84,140,236,40,105,180,228,33,98,188,255,53,121,164,244,52,114,172,140,204,13,84,132,197,6,92,156,222,
    27,68,149,210,14,81,172,136,218,5,67,137,194,29,90,145,202,28,86,140,233,36,118,174,226,56,106,162,226,59,115,164,247,52,123,
    172,141,201,22,78,133,216,4,66,130,216,24,68,148,213,14,8,86,138,193,24,64,129,194,29,83,155,202,22,81,146,242,46,104,174,
    250,38,99,167,226,62,127,189,234,54,114,176,146,206,10,73,154,197,6,71,130,221,25,93,138,242,204,9,86,137,207,4,94,129,217,
    24,70,153,222,18,78,146,239,41,118,169,239,34,126,162,254,63,102,186,247,52,110,178,143,203,22,75,132,216,1,73,130,216,28,104,
    183,243,210,10,74,148,197,24,67,128,194,29,93,132,209,17,78,153,234,48,110,160,250,32,98,188,249,32,124,186,234,54,112,172,140,
    197,22,74,131,216,0,69,130,250,51,104,176,244,200,16,75,142,194,24,67,136,216,0,91,156,210,8,83,146,231,48,107,171,224,56,
    99,164,253,32,123,189,246,40,115,181,137,208,8,74,142,216,0,127,191,228,52,112,176,236,207,4,66,148,199,0,64,156,223,31,91,
    132,212,22,90,140,236,45,105,180,228,38,98,188,253,57,102,188,244,40,115,177,136,208,11,73,142,252,63,126,185,228,50,112,174,247,
    204,16,67,136,218,13,71,156,223,28,93,132,208,19,78,147,231,48,108,170,250,32,106,188,246,61,102,176,240,40,119,176,146,207,10,
    120,160,226,55,96,184,248,52,104,176,242,202,16,72,139,206,24,67,136,223,81,70,136,157,21,84,145,242,45,98,168,250,38,103,163,
    226,62,123,189,234,53,123,185,146,234,39,101,190,225,55,121,166,250,55,113,174,241,201,12,86,137,192,6,94,130,219,29,70,153,222,
    21,78,145,237,45,118,169,229,36,126,161,253,52,102,185,242,61,110,109,169,239,58,96,162,252,58,127,166,249,55,114,174,241,207,4,
    86,142,193,24,74,130,194,21,89,132,212,28,78,149,234,48,99,161,250,37,98,166,226,61,123,187,234,209,44,108,182,237,34,120,162,
    252,57,123,166,249,62,104,176,240,210,14,72,141,218,6,71,130,194,30,88,159,202,21,90,147,242,46,105,172,250,38,98,165,226,62,
    122,85,142,210,44,109,182,233,33,98,190,226,60,121,166,250,53,118,174,242,205,5,86,138,194,2,94,130,219,31,70,153,223,18,78,
    146,238,47,118,170,231,36,126,161,250,209,10,85,147,209,50,109,170,232,58,101,163,225,34,125,184,249,42,114,178,236,198,9,86,143,
    195,24,75,131,194,30,94,132,212,8,83,144,236,48,105,172,250,33,102,64,158,209,10,83,142,209,46,112,174,244,46,109,190,228,60,
    96,184,250,50,104,176,244,202,16,72,139,199,24,67,132,218,0,91,154,223,8,83,147,232,48,107,172,229,220,31,89,154,196,23,81,
    149,204,44,110,162,244,36,103,167,252,60,120,184,228,55,115,180,236,207,15,78,148,199,13,75,156,223,25,88,132,215,16,90,140,239,
    40,110,88,129,197,2,93,154,223,10,85,144,215,50,109,168,236,58,98,161,252,54,124,166,255,48,104,186,248,210,14,77,148,192,4,
    94,129,223,26,70,153,215,22,31,140,254,131,7,67,129,220,28,94,158,196,20,80,145,204,47,101,163,244,39,109,171,252,63,116,188,
    228,55,113,179,236,207,9,66,148,196,6,75,156,220,31,92,132,212,16,81,80,136,205,6,88,131,201,29,64,152,216,22,72,144,208,
    41,112,168,233,34,120,160,226,63,96,185,254,42,117,176,240,210,13,75,129,218,5,66,137,194,20,94,132,209,56,18,74,142,212,14,
    70,158,199,23,64,155,216,31,72,145,213,50,106,169,244,32,102,190,228,60,96,184,249,42,112,174,242,201,16,72,137,218,5,75,131,
    194,30,89,182,238,50,12,74,150,202,6,76,158,194,30,95,134,218,21,82,142,210,45,110,182,233,34,99,190,225,61,121,166,250,52,
    113,174,241,199,12,86,137,193,0,94,129,214,62,106,182,243,53,18,77,131,206,26,70,130,195,2,94,155,216,10,86,147,215,50,111,
    168,244,37,109,190,228,56,96,191,251,42,114,178,236,205,16,75,136,218,5,69,160,253,61,106,189,246,44,10,68,150,204,6,88,133,
    220,24,94,134,218,20,72,144,217,50,110,175,244,36,97,190,226,59,96,184,252,48,104,179,246,202,16,75,128,192,60,127,184,254,36,
    119,182,251,44,15,79,140,212,7,64,129,220,31,89,154,196,23,81,149,204,44,110,162,244,36,103,167,252,60,120,184,228,55,124,186,
    236,207,8,72,184,227,35,127,160,248,58,126,168,240,49,13,80,136,202,6,88,129,197,2,88,152,196,23,85,148,204,47,109,162,244,
    39,102,161,252,58,120,166,255,52,104,187,240,210,33,99,184,227,32,121,160,252,63,106,183,251,44,8,78,150,204,14,88,138,193,2,
    84,156,196,19,84,142,211,46,112,168,234,47,120,160,226,62,96,184,250,50,104,176,168,235,52,100,161,226,60,124,188,250,36,116,180,
    244,44,15,73,142,133,26,84,201,193,24,93,134,217,30,84,142,210,43,111,182,234,39,97,190,225,55,117,166,250,55,17,114,173,227,
    45,122,166,227,37,98,189,253,56,106,181,244,50,18,78,143,201,26,69,132,201,2,93,158,209,10,85,145,215,50,109,175,237,58,101,
    166,231,34,126,187,150,206,17,106,176,238,43,122,161,226,60,123,187,230,56,106,188,246,44,9,73,150,206,3,88,133,194,2,88,152,
    196,21,82,142,213,42,112,174,235,58,101,163,227,34,31,74,150,214,12,110,176,232,40,122,166,226,35,98,190,249,57,106,182,246,54,
    18,78,136,206,26,70,129,199,2,94,154,220,10,85,155,213,50,110,168,233,58,101,167,152,198,26,83,150,206,18,109,174,246,41,110,
    172,254,33,120,190,230,57,126,188,238,49,10,72,150,201,2,70,158,194,26,84,134,218,23,83,142,211,44,112,169,225,58,4,88,128,
    219,25,82,136,211,18,111,176,226,47,122,163,228,60,118,184,230,48,112,168,245,51,18,77,139,200,26,69,130,192,2,93,152,218,10,
    81,154,204,44,111,182,134,203,28,93,157,198,30,84,136,211,22,114,174,232,47,122,166,230,41,98,190,248,60,106,182,246,51,18,78,
    138,206,26,69,139,200,2,93,158,219,10,85,145,217,50,9,67,131,222,1,86,159,198,25,95,149,206,17,105,165,246,41,97,167,254,
    33,125,191,230,58,117,179,238,50,14,74,150,202,7,71,158,194,28,92,134,219,19,72,147,142,203,20,71,133,192,28,95,157,218,4,
    87,150,208,12,111,173,237,52,97,166,254,38,122,160,253,49,106,176,241,44,13,69,150,205,3,88,129,198,2,93,155,208,10,119,72,
    144,203,8,68,152,202,3,66,149,218,4,87,146,211,12,111,170,226,52,100,161,227,60,124,184,253,36,116,183,250,44,12,76,141,212,
    7,71,129,220,31,85,153,232,48,112,79,144,203,14,71,152,195,7,88,128,219,30,86,136,208,21,109,176,235,32,96,184,227,37,126,
    160,251,59,116,168,243,52,8,80,139,204,6,88,131,197,30,100,183,244,55,108,71,133,214,14,70,152,199,0,66,152,218,4,95,136,
    211,22,114,174,233,52,101,164,254,33,126,189,230,57,118,188,238,49,15,73,150,201,4,70,158,254,56,100,182,232,52,108,76,138,214,
    10,66,152,195,6,90,128,216,27,80,136,208,20,105,176,232,43,97,184,227,41,118,160,251,49,114,168,243,57,12,80,139,193,3,124,
    191,248,50,100,180,247,54,108,76,142,194,20,71,131,196,28,95,155,217,4,87,147,211,12,111,175,237,52,103,162,230,60,127,185,254,
    36,119,177,245,44,15,77,131,248,35,98,188,224,59,122,183,232,51,114,78,144,203,9,68,152,199,28,89,158,198,17,84,136,214,24,
    114,165,237,52,103,164,230,60,127,189,251,36,119,181,250,44,15,106,163,248,36,104,162,251,63,100,190,246,46,120,71,144,203,14,70,
    152,195,6,89,128,219,31,82,136,208,18,103,176,232,45,99,184,227,41,122,160,251,49,126,168,240,238,43,116,167,224,38,124,188,253,
    61,100,183,243,59,108,79,138,201,20,71,140,193,28,95,155,223,4,87,151,219,12,111,175,238,52,103,161,234,60,124,190,249,36,116,
    81,171,240,43,109,186,224,38,124,187,253,38,125,190,232,51,108,70,144,203,13,90,134,192,28,92,149,198,25,86,148,206,17,110,171,
    246,41,103,160,254,33,124,189,230,210,22,76,169,237,54,111,174,248,42,101,162,253,60,100,180,247,52,108,76,143,201,20,68,128,194,
    28,92,152,222,4,87,157,211,12,108,168,238,52,100,164,226,60,127,81,145,200,16,80,168,240,43,110,161,248,35,104,184,224,59,126,
    178,232,51,117,70,144,203,15,64,152,195,3,95,128,219,29,85,136,211,18,102,176,235,44,97,184,227,221,26,68,151,212,16,76,170,
    235,54,108,165,248,36,97,162,250,61,100,177,240,46,121,75,144,195,10,90,133,192,2,66,156,198,28,85,136,209,19,114,173,239,52,
    96,92,156,216,6,95,138,213,21,76,172,228,54,106,164,227,62,97,184,249,119,100,166,191,51,118,74,144,203,15,66,152,192,0,90,
    128,219,17,83,136,211,25,108,176,235,205,4,92,156,216,27,68,148,212,27,76,175,228,41,116,167,224,33,124,191,244,61,100,183,243,
    59,108,79,136,203,20,71,128,194,28,95,149,211,85,74,132,153,17,104,76,154,197,7,72,130,221,18,95,138,213,17,80,178,237,41,
    111,186,229,38,100,162,253,63,121,170,245,55,120,82,142,200,1,90,134,193,6,66,158,222,27,74,150,215,204,22,73,143,199,30,66,
    158,220,6,90,150,211,14,82,175,232,54,106,164,229,62,99,184,224,62,123,170,241,50,108,75,139,214,8,90,134,203,28,95,158,219,
    4,94,180,146,196,15,84,131,193,30,65,156,192,28,90,138,208,16,76,172,228,54,105,162,248,38,124,188,248,38,123,183,232,51,119,
    78,193,214,24,13,133,196,4,66,157,223,60,110,177,134,203,22,73,133,196,30,65,157,219,6,89,146,208,14,81,171,237,54,105,163,
    236,62,98,188,245,38,122,181,242,46,114,74,143,214,10,67,132,222,1,87,187,234,54,114,176,146,206,10,79,154,198,3,68,130,222,
    24,89,138,215,20,76,170,239,54,109,166,248,39,103,162,252,38,122,191,232,51,114,79,144,194,12,90,140,199,32,127,189,234,53,112,
    172,136,206,22,76,132,216,0,72,130,221,30,68,146,200,16,84,178,239,43,116,167,227,34,45,162,236,113,121,176,240,46,113,75,132,
    214,9,78,167,226,61,121,184,234,53,113,183,146,205,14,76,154,197,7,65,130,221,31,80,138,214,16,89,178,238,41,110,186,230,38,
    99,162,254,63,120,170,245,59,115,82,142,202,36,126,162,254,59,102,186,247,48,110,178,140,205,22,75,128,216,6,67,130,217,26,68,
    147,211,14,80,178,238,35,116,167,230,35,124,182,248,38,112,179,232,55,117,82,169,228,56,100,162,226,56,120,164,244,60,110,177,138,
    208,14,84,132,192,30,67,159,192,27,95,150,153,14,64,229,237,44,108,186,229,39,104,162,253,50,127,170,245,49,44,118,169,229,35,
    126,161,250,56,102,185,243,53,110,177,139,196,22,74,132,205,30,66,157,218,6,90,146,215,14,82,171,236,54,105,175,231,62,98,190,
    252,38,122,182,151,242,46,107,172,250,38,96,161,226,63,124,164,242,55,110,181,142,208,15,79,154,196,30,66,151,192,27,90,151,200,
    26,84,178,228,47,116,163,225,62,97,188,224,60,22,78,148,236,48,104,160,250,37,102,188,250,32,120,188,234,55,115,172,143,203,10,
    5,154,212,73,65,152,216,6,89,147,220,14,81,166,235,54,105,165,228,62,97,189,159,202,21,86,148,242,45,111,169,250,37,103,168,
    226,62,120,177,234,54,113,182,146,206,14,75,154,198,7,64,130,221,19,91,138,214,18,80,178,238,42,111,186,230,35,24,70,154,212,
    21,78,147,232,48,98,161,250,37,99,169,226,61,122,188,234,60,119,172,136,202,22,65,133,216,4,69,130,221,27,95,138,208,23,76,
    170,232,54,107,160,156,218,31,70,157,210,8,91,140,237,48,109,160,250,33,98,188,252,63,124,164,244,49,119,172,140,201,15,84,132,
    193,0,92,156,217,27,68,148,208,20,76,172,236,43,24,67,137,221,0,88,152,210,8,83,150,234,48,107,160,224,56,96,163,255,32,
    123,190,243,40,115,184,138,208,11,76,130,216,3,69,151,192,27,93,147,200,19,85,175,148,199,4,65,156,223,29,92,132,213,22,78,
    145,236,40,118,169,231,32,126,166,247,32,115,189,234,50,116,172,134,205,22,64,134,216,6,64,130,221,30,68,147,215,14,8,75,148,
    194,0,94,136,194,30,83,132,215,28,78,152,236,48,107,174,227,56,96,165,251,32,120,188,240,40,112,179,134,208,8,73,133,216,3,
    73,157,192,27,81,149,236,204,12,67,148,196,4,68,156,220,31,94,132,215,18,80,140,239,36,98,180,231,45,99,188,255,56,115,164,
    247,48,122,172,143,207,15,84,135,193,6,92,159,216,28,104,180,244,210,13,74,143,218,13,75,156,215,25,70,159,210,8,83,145,239,
    48,107,168,227,56,96,169,226,56,115,164,255,60,110,177,142,201,22,73,135,198,30,65,159,241,42,117,176,246,210,10,67,148,193,2,
    94,136,221,0,83,152,202,21,84,145,242,45,108,160,250,37,101,165,226,62,126,187,234,54,118,179,146,205,3,74,154,197,1,124,166,
    249,62,112,174,241,203,15,86,138,196,0,94,130,221,29,70,154,213,28,78,146,234,41,118,170,227,38,126,161,247,57,102,186,246,54,
    110,178,142,197,22,74,135,230,34,126,184,251,42,119,186,236,207,14,75,148,199,5,69,156,223,28,94,132,209,23,78,151,242,43,107,
    180,238,34,126,168,249,32,126,177,234,53,114,176,146,205,10,102,190,225,63,121,166,249,54,115,174,247,204,16,77,129,218,12,68,156,
    215,31,70,153,208,16,78,145,233,45,118,169,225,44,126,161,246,57,102,185,255,51,110,178,142,233,58,102,162,226,34,125,179,249,42,
    117,183,246,210,14,72,143,218,6,65,132,194,30,94,153,202,21,90,153,242,45,109,175,250,37,97,160,226,61,115,190,234,54,119,104,
    182,233,35,108,190,225,62,116,166,249,54,125,174,245,201,16,72,129,218,5,66,133,194,27,92,132,208,18,78,151,242,44,118,168,250,
    32,102,188,250,63,102,186,234,213,46,112,169,244,39,102,190,227,62,96,184,240,42,117,180,248,131,16,90,195,199,2,67,156,223,20,
    90,132,212,17,81,140,236,45,111,180,231,45,107,188,252,61,123,72,147,217,43,112,168,233,35,120,163,231,62,96,187,254,52,104,176,
    245,207,16,75,142,207,24,67,132,215,0,91,155,209,8,83,149,235,48,107,172,225,56,96,161,252,196,23,80,142,212,45,112,175,232,
    58,97,165,252,62,96,178,252,42,115,183,236,200,9,86,143,196,24,70,130,194,31,92,132,211,16,78,148,237,48,107,169,229,56,101,
    64,152,220,10,84,142,210,46,112,171,225,46,120,160,227,60,96,184,252,63,104,176,245,207,16,72,139,199,24,67,131,221,0,91,156,
    211,8,83,148,233,48,104,168,231,220,31,84,155,196,23,82,155,204,47,100,173,244,39,99,171,252,60,125,191,228,55,125,180,236,204,
    12,73,148,196,5,66,156,220,29,93,132,215,20,81,140,231,36,118,69,128,194,2,93,155,221,10,85,144,209,50,107,173,244,47,102,
    190,226,59,96,187,255,42,117,181,236,205,5,86,141,192,24,65,130,194,25,88,132,213,28,78,152,242,202,3,88,128,199,2,91,134,
    217,16,81,142,209,41,107,182,233,33,109,190,226,61,127,166,250,55,119,174,242,206,13,86,138,199,13,94,130,223,29,70,153,222,23,
    78,78,136,192,26,70,129,197,2,94,158,218,10,86,150,217,50,109,174,239,58,101,161,228,34,125,191,250,42,117,182,244,210,13,77,
    141,218,5,66,130,194,29,88,158,202,49,14,77,150,201,7,71,158,193,31,95,134,222,19,72,155,212,50,110,162,244,39,108,190,231,
    60,96,187,248,51,104,179,241,204,16,75,137,207,24,67,130,216,0,91,179,238,49,13,80,138,212,7,67,158,193,25,89,134,218,19,
    85,142,210,43,105,182,234,34,99,190,226,61,120,166,250,54,118,174,241,205,13,86,138,199,6,94,130,222,60,106,181,245,52,18,77,
    140,204,26,69,138,198,2,93,146,208,10,85,149,217,50,109,174,233,58,101,171,228,34,126,187,254,42,118,182,242,210,14,72,139,218,
    7,74,160,254,61,106,177,240,44,11,69,150,202,26,77,158,193,24,64,156,220,10,92,148,204,42,104,182,235,36,120,167,228,34,125,
    184,250,42,114,174,241,205,16,72,143,218,33,120,160,248,60,106,182,241,52,18,78,143,203,26,69,138,198,2,93,157,222,10,85,150,
    210,50,109,163,224,58,102,163,233,34,125,179,251,42,118,179,241,210,13,73,161,254,33,121,189,230,57,126,176,238,49,6,76,150,201,
    0,66,158,193,23,84,134,217,21,83,142,209,43,105,182,234,34,101,190,227,58,96,190,249,42,112,186,236,203,45,122,162,224,60,123,
    160,251,58,106,181,251,44,12,74,150,193,1,88,131,192,26,64,155,217,23,72,145,216,50,106,168,244,35,120,165,252,61,124,166,240,
    55,104,176,175,234,52,100,160,224,60,124,190,254,36,116,176,244,44,12,79,136,212,4,68,128,220,31,85,157,196,20,86,145,204,47,
    104,174,244,39,97,162,252,60,124,190,228,52,19,105,176,232,44,98,184,224,37,127,160,251,49,114,168,240,48,15,80,136,200,14,88,
    128,193,27,64,152,218,20,72,145,215,50,104,174,244,35,101,190,229,54,96,187,136,218,12,111,169,246,42,100,184,234,33,98,184,249,
    36,114,180,238,53,15,80,143,203,26,66,134,220,29,64,155,221,10,86,154,204,47,106,182,234,35,100,190,226,62,31,74,150,209,17,
    114,174,239,43,122,166,230,33,98,190,251,56,106,181,246,49,18,77,137,207,26,69,135,197,2,93,156,221,10,85,148,216,50,109,162,
    225,58,101,165,148,198,26,84,156,206,17,104,174,246,41,101,163,254,33,125,185,230,57,112,189,238,49,14,76,150,201,4,70,158,193,
    28,93,134,217,20,83,142,209,44,106,182,238,35,28,93,209,198,8,29,149,212,20,114,173,237,44,122,166,224,33,98,190,250,59,106,
    181,251,57,18,78,139,202,26,70,134,193,2,94,155,221,10,85,154,211,50,109,163,133,222,1,88,155,198,25,83,151,206,17,109,171,
    246,41,100,173,254,33,125,189,230,57,114,178,238,50,15,79,199,212,22,15,131,198,26,64,155,221,30,72,147,216,41,20,71,135,194,
    28,95,159,221,4,87,144,214,12,111,169,235,52,103,161,234,60,124,190,243,36,116,183,244,44,12,72,137,212,4,65,130,220,31,85,
    153,196,20,84,146,144,200,8,65,152,192,1,90,128,216,26,87,136,209,22,114,168,233,52,99,164,254,37,121,160,250,36,113,180,238,
    54,10,80,130,201,26,70,138,220,29,90,134,220,21,108,72,140,214,14,71,152,195,1,93,128,223,26,74,156,206,20,114,174,233,52,
    100,167,231,60,124,191,254,36,116,176,243,44,12,78,141,212,4,65,131,220,31,85,153,232,48,117,75,144,203,1,79,152,192,1,93,
    128,219,31,95,136,211,22,103,176,235,46,110,184,227,39,119,160,248,60,117,168,243,56,12,80,139,204,4,88,131,197,23,100,183,241,
    50,108,79,141,204,20,79,140,222,1,92,153,198,28,81,136,219,16,114,171,238,52,96,172,254,40,123,160,251,58,112,168,250,54,18,
    73,136,212,0,70,158,255,56,100,180,240,46,113,78,144,202,20,68,140,222,1,87,128,210,30,27,136,194,91,111,170,238,52,103,161,
    234,60,127,180,253,36,119,183,242,44,15,79,141,212,7,100,186,224,59,125,183,232,51,117,70,144,200,10,79,152,192,3,88,128,216,
    28,85,136,208,21,110,176,235,33,101,184,224,32,126,160,248,56,113,168,240,49,10,80,136,230,35,124,189,250,38,124,181,232,55,112,
    82,137,205,20,70,152,197,0,66,154,222,4,94,149,206,18,102,176,233,46,122,160,225,60,120,188,230,62,119,168,243,49,13,116,163,
    230,62,104,162,248,38,122,181,232,48,115,75,144,200,11,66,152,192,4,95,128,216,26,81,136,208,21,111,176,235,33,101,184,224,37,
    123,160,251,49,127,168,240,237,41,116,167,227,43,124,191,250,51,100,183,242,58,108,79,139,195,20,68,128,193,28,95,148,216,4,87,
    144,208,12,111,169,227,52,103,161,226,60,127,189,252,36,127,88,178,237,40,109,186,225,43,124,182,245,38,112,179,232,53,121,82,133,
    207,20,65,130,222,1,92,152,198,28,87,136,209,21,114,175,232,52,98,165,254,33,125,160,255,200,16,88,178,237,34,116,167,230,62,
    97,183,253,38,122,182,246,46,114,75,140,214,10,66,128,222,1,87,155,198,26,85,156,206,17,103,164,246,41,111,162,254,34,126,94,
    138,213,21,86,178,237,41,110,186,229,42,102,162,253,61,126,170,245,54,112,82,141,201,9,90,133,203,8,19,128,202,83,87,146,214,
    12,111,169,226,52,103,172,229,192,27,91,150,200,19,83,169,240,43,108,162,248,35,101,191,224,59,125,190,232,48,114,71,144,200,11,
    64,152,192,4,93,128,216,29,86,136,211,25,109,176,232,40,102,92,156,220,29,68,148,213,22,76,172,238,43,116,165,226,62,105,182,
    224,59,121,176,232,55,119,82,138,194,20,65,132,222,7,95,128,210,17,74,146,219,12,104,176,236,196,30,69,156,192,31,92,138,208,
    17,76,169,236,54,105,164,248,32,102,162,255,59,100,183,242,48,108,76,143,205,20,68,128,195,28,92,153,222,4,84,144,208,12,108,
    74,134,216,0,67,157,192,27,81,145,200,16,82,173,240,43,111,163,248,35,104,182,224,56,124,179,232,51,117,71,144,203,15,66,152,
    195,6,91,128,219,17,83,217,206,220,65,73,128,192,30,65,150,220,6,90,149,221,14,82,174,238,54,106,166,224,62,98,188,254,38,
    121,190,253,46,113,75,132,214,10,68,141,222,2,93,154,198,26,82,179,146,206,15,72,154,197,11,67,130,222,26,88,138,214,18,87,
    178,238,43,108,186,230,32,97,162,255,60,100,178,247,46,117,78,144,207,15,90,132,222,7,66,157,222,40,112,177,146,206,2,84,143,
    205,30,68,154,192,31,94,138,208,16,76,171,228,54,106,167,248,38,124,191,245,38,122,183,232,48,114,73,144,200,10,79,152,195,8,
    90,164,244,48,113,172,140,201,15,84,132,196,6,92,159,213,24,68,148,212,16,76,172,233,47,116,167,236,33,124,191,251,57,100,183,
    242,51,108,79,138,200,20,68,128,193,32,123,191,247,40,115,179,141,208,11,79,129,216,3,68,151,192,27,88,147,200,27,88,178,229,
    44,116,175,227,62,104,183,224,50,125,170,243,59,108,71,137,214,15,64,188,255,53,102,185,246,54,110,181,138,208,8,73,154,193,4,
    92,156,222,6,88,138,215,19,76,172,233,54,97,162,248,35,104,186,224,59,127,180,185,46,96,5,142,206,36,126,161,246,53,102,185,
    242,49,110,177,141,204,22,73,133,195,30,65,154,216,6,89,147,213,14,81,171,228,54,106,164,237,62,98,189,250,38,122,178,247,46,
    114,75,168,250,37,107,163,226,62,122,184,234,54,114,183,146,206,11,76,154,198,0,65,130,223,28,68,146,215,14,85,174,240,47,111,
    186,228,62,103,162,250,60,100,191,244,46,37,111,180,229,32,126,163,246,32,123,185,245,40,119,185,146,201,11,84,129,216,6,92,156,
    217,6,94,151,200,16,84,169,240,40,107,167,248,32,100,189,224,59,112,181,140,239,42,105,180,231,39,97,188,252,60,122,164,244,53,
    114,172,140,205,11,84,135,195,1,92,159,219,29,68,151,215,26,76,175,234,42,116,167,236,38,124,191,255,50,8,83,149,231,48,104,
    168,230,56,99,169,255,32,123,184,243,40,115,176,139,208,11,72,128,216,10,67,130,221,27,95,138,220,19,76,166,229,54,110,175,248,
    35,98,189,132,222,19,78,148,233,48,105,171,250,32,106,188,255,61,127,245,234,36,57,177,136,200,22,73,131,204,30,65,150,219,6,
    89,149,212,14,81,173,235,54,105,162,224,62,29,95,153,202,21,87,152,242,46,104,161,250,38,97,166,226,62,126,187,234,54,119,176,
    146,205,3,75,154,198,2,64,130,222,26,95,138,214,19,84,178,238,40,105,186,131,216,0,94,155,202,17,82,140,235,43,118,168,250,
    35,106,188,249,62,102,186,247,40,123,181,146,200,13,84,130,199,30,69,152,192,31,91,138,214,23,76,175,229,54,7,94,130,221,0,
    83,153,202,22,80,151,242,46,105,169,250,38,102,164,226,61,114,187,234,54,119,179,146,206,10,73,154,198,2,69,130,222,27,80,138,
    214,19,85,178,137,197,1,94,129,214,21,70,153,208,21,78,145,230,45,118,170,229,37,126,161,249,63,102,185,243,54,110,177,137,197,
    22,74,134,205,79,92,142,151,27,94,146,200,19,4,74,148,196,7,75,156,220,28,88,132,212,20,86,140,236,46,104,180,231,44,107,
    188,255,57,114,164,244,54,123,172,140,207,12,84,132,192,1,92,156,217,26,68,151,249,205,16,72,136,198,24,64,128,217,0,88,153,
    210,8,80,146,239,48,105,174,250,32,97,188,251,60,102,189,241,40,114,172,137,208,11,76,154,198,3,92,156,212,6,125,187,236,207,
    12,76,148,199,5,65,156,223,30,90,132,215,22,85,140,235,48,107,180,228,37,126,161,246,32,120,187,255,40,112,176,137,208,8,74,
    143,216,0,68,151,228,52,113,177,236,207,9,67,148,196,6,75,156,220,30,91,132,212,20,86,140,239,43,110,180,231,34,97,188,255,
    59,122,164,247,55,113,172,143,196,14,84,135,193,2,96,187,253,49,104,179,245,207,16,75,139,207,24,70,128,194,24,92,132,210,8,
    87,147,242,42,106,180,229,56,99,160,226,61,125,164,244,48,110,179,143,208,11,72,132,252,63,124,179,228,55,117,180,236,207,14,73,
    148,192,2,94,135,221,0,82,152,202,28,85,140,231,40,118,169,224,33,126,161,249,62,102,185,241,61,110,177,134,202,22,101,171,230,
    34,125,179,240,42,118,178,243,210,13,66,128,218,5,71,135,194,30,88,144,202,22,81,149,242,46,110,170,250,38,102,169,226,61,115,
    186,234,53,123,185,146,234,38,98,190,226,63,127,166,250,52,116,174,243,203,16,78,138,218,0,75,156,219,26,70,158,213,8,84,140,
    233,46,118,160,238,56,101,162,226,63,115,164,240,51,110,109,171,234,58,101,163,233,34,125,184,254,42,114,187,236,201,10,86,128,197,
    24,75,128,194,29,92,153,202,21,84,152,242,45,109,173,250,37,106,162,226,61,114,177,234,209,45,110,182,233,37,109,190,225,58,122,
    166,249,51,119,174,242,204,8,86,138,197,5,94,130,221,20,70,154,210,17,78,145,233,42,118,169,226,36,126,161,253,59,102,85,150,
    212,50,109,174,224,58,102,160,227,34,125,186,249,42,125,181,236,207,13,77,148,199,5,70,156,217,21,70,153,212,23,78,152,235,48,
    99,168,250,44,99,188,250,209,10,80,147,204,47,109,175,244,39,100,161,252,56,121,166,249,51,104,179,244,210,14,77,148,196,0,94,
    129,215,28,70,154,214,16,78,146,234,43,118,170,229,35,126,94,158,219,10,85,155,212,50,110,168,232,58,101,171,229,34,126,187,251,
    42,117,180,240,210,13,77,141,218,6,70,137,147,0,74,211,215,18,86,140,239,43,110,180,228,194,31,64,152,216,21,72,147,217,39,
    112,168,233,36,120,160,228,63,96,184,249,51,104,179,248,205,16,75,129,199,24,67,134,217,0,91,157,213,8,83,147,233,48,107,70,
    139,220,31,95,155,196,23,80,148,204,44,109,169,165,58,116,233,225,56,120,166,249,51,124,174,241,198,11,86,137,197,4,94,129,221,
    27,70,153,210,16,78,145,235,201,26,69,135,200,2,94,152,209,10,86,145,214,50,110,174,235,58,102,167,224,34,125,179,251,42,118,
    178,240,210,14,74,143,218,6,67,132,194,30,88,153,202,23,84,80,142,203,26,65,130,220,27,91,134,216,10,83,142,209,42,112,168,
    233,58,102,170,252,61,120,166,251,48,104,183,243,210,13,72,136,218,1,68,156,217,0,90,132,215,55,18,68,143,212,4,68,138,220,
    28,95,156,196,20,86,150,204,44,105,171,244,36,96,165,252,63,117,178,228,52,116,183,236,207,5,67,148,196,6,65,156,223,26,95,
    168,243,53,11,80,139,192,1,88,131,200,27,64,155,223,19,72,147,211,45,112,171,236,38,120,163,229,63,96,184,249,51,104,186,242,
    210,5,66,148,207,13,94,129,220,58,106,181,242,52,18,75,138,212,14,77,158,193,31,64,155,218,16,72,154,214,50,104,170,244,34,
    101,190,225,54,96,191,248,42,117,180,236,204,10,86,140,218,1,64,160,248,58,106,182,241,54,18,78,136,204,26,70,134,199,2,93,
    157,208,91,72,130,155,47,106,174,244,39,97,170,252,63,116,189,228,55,119,178,236,207,15,77,148,199,36,122,160,251,61,119,168,243,
    53,6,80,136,202,15,88,128,195,24,64,152,220,21,72,144,213,46,112,171,225,37,120,160,224,62,96,184,248,49,104,176,241,202,16,
    72,166,227,60,125,186,230,60,117,168,247,48,18,73,141,212,6,88,133,200,2,91,152,196,20,85,142,217,43,112,174,239,58,96,161,
    252,59,122,166,253,53,104,179,243,210,43,122,164,254,34,121,160,251,61,106,182,241,49,18,77,140,193,26,70,134,193,2,94,158,209,
    10,86,151,208,50,109,169,235,58,102,162,231,34,126,184,251,42,118,179,165,246,41,96,172,254,33,120,185,230,57,115,179,238,49,9,
    69,150,201,1,66,158,193,29,85,134,217,19,93,142,209,43,109,182,233,47,97,190,231,61,96,187,249,48,12,105,165,246,46,103,233,
    254,48,53,189,252,60,106,181,250,48,18,78,137,193,26,70,130,194,2,94,154,220,10,86,144,210,50,109,162,225,58,101,167,232,34,
    126,184,157,206,18,109,170,246,42,98,167,254,34,123,188,230,57,127,183,238,50,14,76,150,202,6,67,158,194,31,88,134,218,20,85,
    142,211,40,112,174,235,58,97,162,252,59,31,74,148,206,23,114,173,238,52,100,165,254,34,118,160,243,49,106,181,242,54,18,77,139,
    203,26,69,128,192,2,93,152,223,10,81,142,209,50,110,171,244,39,108,190,158,217,17,74,150,211,25,114,174,238,45,122,166,231,32,
    98,190,254,57,106,182,242,57,18,78,138,201,26,69,129,199,2,94,158,219,10,85,149,213,50,109,163,232,58,1,88,156,198,25,94,
    157,206,17,102,168,246,41,110,167,254,33,122,190,230,57,116,188,238,49,10,79,150,201,6,69,158,193,31,91,134,219,30,72,148,208,
    50,110,168,152,193,28,95,156,198,25,81,136,208,20,114,175,235,52,103,164,224,60,127,188,243,36,119,181,244,44,15,78,137,212,0,
    66,158,199,29,64,146,216,10,92,149,204,39,12,90,133,196,5,66,157,221,26,74,149,213,25,114,173,226,46,122,165,224,41,98,189,
    249,62,106,182,242,50,18,78,139,206,26,70,131,199,2,94,154,222,10,86,145,137,214,10,66,134,222,2,90,149,198,25,95,150,206,
    17,103,165,246,42,102,162,254,34,127,191,230,58,116,180,238,51,11,80,142,202,26,64,139,220,27,90,134,222,21,108,72,144,203,11,
    90,134,194,28,87,152,198,28,82,136,214,21,114,165,234,52,103,165,235,60,127,190,252,36,112,189,238,55,8,80,130,203,26,77,130,
    220,31,90,155,232,51,118,70,144,203,15,67,152,195,8,92,128,219,16,95,136,211,19,108,176,232,40,96,184,224,34,126,160,248,58,
    119,168,240,51,13,80,136,200,3,88,128,195,22,100,180,240,55,108,76,137,200,20,71,141,199,28,92,156,216,4,84,148,219,12,108,
    173,236,52,100,166,225,60,125,180,230,60,115,168,247,50,18,73,131,212,14,66,158,251,56,100,176,243,46,121,76,144,203,14,90,129,
    194,28,90,153,198,29,94,136,214,22,114,171,233,52,96,160,254,41,123,160,251,60,106,179,250,44,12,79,138,212,7,103,191,224,59,
    113,183,232,51,120,75,144,203,12,66,152,192,2,93,128,219,29,81,136,211,19,108,176,235,44,111,184,224,35,122,160,251,49,116,168,
    240,52,15,80,136,224,42,124,188,249,63,100,183,253,58,108,76,140,207,20,68,133,192,28,92,157,211,4,85,144,206,17,110,164,246,
    41,100,162,254,33,127,185,230,58,118,168,247,44,15,106,186,229,43,124,188,250,38,123,176,232,49,120,82,136,201,20,71,134,197,28,
    86,155,198,25,74,145,206,18,108,176,226,40,122,165,225,40,98,190,254,56,106,182,241,237,54,106,163,229,62,97,184,244,38,121,179,
    247,46,114,77,137,214,10,71,135,222,2,92,156,198,26,82,151,206,17,104,171,246,41,97,161,254,33,121,187,230,57,126,83,178,238,
    42,106,235,248,50,43,191,245,56,100,180,241,49,108,76,136,207,20,71,135,194,28,92,157,221,4,87,157,214,12,108,174,232,52,100,
    166,227,60,127,186,250,200,16,83,168,240,40,109,167,248,32,99,186,224,59,113,181,232,48,113,77,144,200,8,65,152,195,5,92,128,
    219,28,80,136,209,22,114,173,234,43,122,165,224,35,98,89,151,210,14,87,173,240,34,107,186,227,111,124,174,183,59,113,180,232,48,
    116,75,144,200,10,65,152,195,3,94,128,216,25,81,136,211,25,106,176,232,42,100,184,224,222,27,68,151,210,18,76,172,239,44,116,
    164,225,35,124,188,254,61,100,180,245,52,108,76,140,195,20,68,133,198,28,92,156,221,4,87,157,212,12,104,173,246,45,102,92,154,
    223,6,93,145,200,16,89,178,235,54,110,162,248,43,96,162,254,50,100,178,243,46,115,75,144,204,8,90,128,203,28,90,159,198,31,
    95,217,206,0,37,174,232,198,30,66,156,212,6,90,147,208,14,81,167,239,54,105,175,230,62,98,191,248,38,122,180,246,46,114,76,
    141,214,10,68,141,222,1,89,153,198,25,81,156,206,17,104,64,154,197,11,67,130,221,25,92,138,213,22,82,178,237,47,109,186,229,
    39,98,162,255,60,100,181,241,46,113,79,133,214,9,71,130,222,8,94,128,210,27,74,156,213,208,8,73,154,197,30,73,151,192,30,
    91,138,210,19,76,171,238,54,105,164,227,62,97,187,224,57,100,190,240,46,121,82,142,200,15,90,134,193,1,66,158,222,31,74,178,
    138,206,22,73,142,199,79,92,142,151,24,88,146,200,16,82,171,240,40,107,175,248,32,96,187,224,59,123,177,232,48,116,76,144,203,
    1,66,152,195,9,87,128,216,54,123,172,143,200,9,84,135,195,10,92,159,218,18,68,151,208,20,76,172,236,42,116,167,237,43,124,
    191,254,56,125,170,245,48,113,71,144,203,8,78,130,222,1,94,177,240,40,115,176,136,197,22,73,134,194,7,92,159,220,30,93,138,
    213,19,82,171,240,43,108,186,229,34,99,188,224,59,120,181,247,46,113,79,136,201,20,71,133,198,60,102,185,246,48,114,172,143,204,
    15,72,154,197,3,67,155,192,27,88,144,208,14,81,174,234,42,116,167,229,34,96,162,253,59,120,180,232,51,118,76,144,203,10,70,
    165,226,61,123,176,242,40,115,178,138,203,22,73,135,205,2,92,159,221,29,94,138,213,16,85,171,240,43,109,162,169,62,112,245,254,
    56,123,170,246,54,113,82,142,201,33,126,162,254,58,102,185,255,54,110,178,143,205,22,74,135,192,30,66,158,222,6,89,144,212,14,
    81,168,228,54,105,164,236,62,97,185,248,38,121,178,246,46,113,75,172,250,37,102,162,226,61,126,189,234,53,119,178,195,208,26,3,
    132,198,3,92,156,216,18,68,148,209,18,76,172,237,35,116,164,228,38,124,191,245,62,100,183,253,52,97,118,184,173,38,98,161,226,
    62,126,189,234,54,113,185,146,205,3,77,203,216,18,11,159,213,30,68,148,214,21,76,172,232,47,116,167,237,43,124,188,252,63,100,
    180,148,237,48,104,169,226,56,96,160,250,32,123,176,244,121,110,160,197,206,8,75,154,198,6,65,130,222,25,93,138,214,18,86,178,
    237,35,106,186,230,35,97,162,254,59,16,78,146,238,46,118,169,224,36,126,161,248,52,102,185,244,60,110,177,137,200,22,73,130,198,
    30,65,155,216,6,89,146,214,14,81,170,233,54,105,163,230,111,124,174,211,212,22,81,140,236,40,107,180,228,32,100,188,252,60,127,
    164,244,54,115,172,140,205,9,84,135,205,4,13,130,204,81,90,148,214,14,82,170,237,54,106,165,231,62,30,91,154,202,21,91,146,
    242,46,107,169,250,38,99,160,226,62,122,189,187,40,98,251,140,204,12,84,132,192,7,92,156,223,25,68,148,208,19,76,175,229,41,
    116,164,130,221,0,91,145,223,8,80,147,233,48,107,174,230,56,99,169,254,32,123,190,243,40,115,183,135,208,11,75,134,216,3,68,
    159,145,6,72,221,214,16,81,178,238,40,1,94,130,221,31,70,153,223,23,78,145,231,47,118,170,230,45,126,161,247,58,102,186,247,
    61,110,177,141,200,22,73,129,199,30,65,152,221,87,68,134,159,19,81,169,141,218,5,64,131,215,0,91,153,222,28,78,145,239,43,
    109,180,231,37,106,160,226,61,123,190,243,40,115,177,139,197,22,73,131,204,30,65,156,219,25,68,151,214,21,10,86,137,199,3,75,
    156,223,30,95,152,202,21,80,148,234,48,107,170,226,36,126,162,255,63,102,186,247,48,63,172,158,135,11,79,133,216,3,65,150,219,
    6,89,151,249,203,16,75,139,198,73,94,144,149,29,91,158,222,8,83,145,230,41,118,169,238,35,126,161,252,56,115,164,247,53,122,
    177,146,205,11,77,132,216,3,65,152,216,6,117,179,245,204,16,75,137,195,2,94,129,223,25,88,132,212,16,81,140,239,46,110,160,
    250,37,99,168,248,32,123,186,245,61,110,177,140,207,3,84,135,198,2,68,130,249,52,116,179,236,205,10,7,148,214,79,67,129,215,
    27,70,153,215,28,87,140,239,45,99,169,250,37,99,168,254,32,123,186,243,60,110,177,140,202,12,84,135,193,3,96,184,251,62,104,
    179,247,200,16,75,129,198,24,67,135,216,0,91,159,222,8,83,146,230,48,107,173,227,56,99,163,246,32,123,176,247,40,115,181,136,
    208,11,73,142,252,58,127,166,249,54,115,179,236,207,12,76,128,218,4,94,129,222,25,90,132,215,20,87,148,242,45,106,171,224,56,
    99,160,253,62,102,185,247,48,112,172,143,205,14,103,239,252,46,55,187,241,52,104,176,245,205,16,72,139,196,24,67,137,221,81,70,
    136,157,22,82,147,242,46,111,169,250,38,97,163,226,61,115,187,234,54,114,180,146,233,34,96,190,226,59,125,166,250,54,125,174,241,
    200,8,86,137,192,12,94,130,218,31,70,153,211,21,78,145,236,36,118,169,227,38,47,188,238,119,123,177,244,40,112,105,171,244,36,
    97,167,252,63,117,179,228,55,125,181,189,210,28,1,138,196,7,94,130,218,25,70,154,210,28,78,145,231,37,118,169,229,35,126,162,
    252,52,102,186,247,208,50,110,171,232,58,101,164,224,34,125,178,240,42,117,186,248,210,13,76,128,218,5,70,137,194,29,95,157,155,
    8,66,219,239,37,111,180,228,33,99,188,252,56,127,72,147,217,39,33,182,248,109,101,171,231,34,126,184,253,42,118,182,246,210,13,
    67,141,218,5,75,137,194,30,88,155,202,22,80,146,242,46,107,160,171,56,114,235,252,217,16,72,144,213,46,112,168,236,36,120,160,
    224,59,96,187,241,63,104,176,245,203,16,75,129,207,24,64,129,215,0,91,144,213,8,83,151,237,48,107,174,225,56,99,91,147,196,
    23,80,144,204,47,111,174,165,58,116,233,226,63,122,166,250,51,116,174,242,202,14,86,138,198,1,94,129,215,21,70,154,211,17,78,
    145,231,37,118,170,231,201,2,93,146,219,10,85,149,211,50,109,172,239,58,101,165,233,34,125,190,250,42,117,177,244,131,16,90,195,
    196,4,70,156,220,30,95,132,212,23,91,140,236,44,111,88,131,195,25,64,152,221,20,72,144,209,40,112,168,232,47,120,163,232,63,
    96,184,251,48,104,179,244,200,16,75,128,196,24,67,132,223,0,88,152,214,8,83,153,231,212,7,66,135,220,31,89,152,196,23,84,
    147,204,47,110,170,244,39,102,167,252,63,125,179,228,54,104,179,242,210,13,78,148,199,6,68,156,214,25,70,157,211,8,87,75,150,
    201,7,71,158,193,31,89,134,217,20,83,142,213,45,112,168,225,58,102,171,252,60,125,166,250,50,117,174,241,200,12,7,148,214,79,
    64,130,221,0,88,156,215,44,12,79,143,212,4,68,132,220,31,85,152,196,20,85,147,204,44,109,174,244,36,100,160,252,63,122,186,
    228,55,114,186,236,207,14,66,148,199,3,70,156,223,24,88,168,243,53,10,80,139,204,4,88,131,196,27,64,155,221,20,25,142,192,
    101,110,168,235,58,102,166,225,34,126,190,254,42,118,178,245,210,14,72,137,218,6,67,131,194,57,127,178,191,44,30,7,136,202,4,
    88,128,196,31,64,152,219,21,72,144,209,44,112,171,225,36,120,160,225,63,96,184,249,54,104,176,240,203,65,86,152,141,6,67,187,
    230,58,117,180,238,50,10,72,150,202,7,68,158,193,23,95,134,218,22,85,142,210,44,100,182,234,39,109,190,225,56,120,166,249,63,
    117,174,241,198,4,86,137,206,32,98,189,253,49,106,181,246,49,18,77,137,200,26,69,135,195,2,93,153,223,10,93,149,204,47,110,
    170,165,58,116,233,226,62,122,166,250,50,124,174,242,203,12,86,166,226,35,98,189,243,62,106,182,247,50,18,78,139,200,26,70,130,
    192,2,93,156,216,10,85,148,208,50,109,168,225,58,101,171,225,34,125,191,248,42,117,177,247,210,41,99,163,254,33,122,186,183,36,
    102,255,240,48,13,80,136,203,6,88,128,197,26,64,155,209,31,25,142,192,101,110,168,233,58,102,161,224,34,126,191,252,42,118,178,
    171,246,41,111,166,254,33,119,187,230,58,119,188,191,44,30,7,136,200,0,88,128,197,31,64,152,220,19,72,144,208,39,112,168,234,
    38,120,160,226,63,96,184,249,50,12,108,174,234,52,103,162,235,60,127,186,243,36,119,182,250,44,15,69,139,212,7,64,133,220,31,
    89,146,196,23,87,150,204,47,104,163,244,39,97,160,252,54,122,166,149,211,16,114,173,232,47,122,165,227,40,98,180,254,36,112,178,
    238,57,13,1,150,216,77,70,130,198,2,94,159,217,10,86,150,213,50,110,170,225,58,102,160,224,34,26,84,149,206,18,111,172,167,
    52,118,239,224,32,127,160,248,60,119,168,240,52,6,80,136,200,3,88,128,193,23,64,152,216,31,72,147,217,43,112,168,233,35,120,
    163,155,218,4,87,146,208,12,111,169,232,52,103,163,235,60,127,184,243,117,106,164,185,50,14,77,150,202,2,69,158,194,26,84,134,
    218,22,81,142,210,47,101,182,234,38,9,66,157,211,29,74,150,211,21,114,173,237,40,122,165,228,34,98,189,255,58,106,181,245,57,
    18,77,142,193,26,69,133,194,2,93,153,208,10,85,151,212,50,109,169,130,222,1,92,152,198,25,87,148,159,12,126,231,232,42,101,
    184,224,36,127,160,248,61,116,168,240,49,11,80,139,193,1,88,128,192,23,64,155,209,17,72,144,213,45,20,71,131,196,28,95,149,
    219,4,87,146,213,12,111,164,235,52,103,160,226,60,127,190,243,36,119,176,251,44,15,73,139,212,7,71,133,220,31,92,147,196,23,
    84,146,144,203,10,66,152,202,2,66,155,217,4,94,151,159,12,126,231,232,40,103,184,224,36,127,160,248,60,113,168,240,49,11,80,
    136,200,15,88,128,193,29,64,152,220,18,108,76,140,201,20,71,140,192,28,95,148,222,4,87,156,218,12,111,164,233,52,103,167,228,
    60,127,184,252,36,119,176,240,44,15,79,138,212,7,64,138,220,31,92,157,232,51,112,79,144,194,1,90,133,195,2,66,148,222,85,
    74,132,153,18,110,170,246,42,100,161,254,34,125,190,230,58,119,176,238,49,7,68,150,202,4,69,158,194,28,122,170,245,59,118,82,
    141,204,12,90,133,202,4,66,157,210,30,74,149,218,17,114,173,238,43,122,165,228,35,98,189,249,60,106,181,241,48,67,80,154,131,
    4,70,129,224,56,124,183,232,48,115,75,144,200,8,64,152,195,9,92,128,216,25,87,136,208,17,106,176,232,40,100,184,227,38,126,
    160,251,62,126,168,243,50,6,80,139,207,2,124,191,248,56,100,183,241,54,108,79,136,200,20,71,128,199,28,95,153,216,85,74,132,
    153,18,110,173,246,42,98,161,254,34,125,181,230,57,127,177,238,50,14,79,150,230,34,105,162,253,51,126,170,246,51,121,82,141,194,
    10,11,152,210,75,92,158,216,4,84,150,218,12,108,168,232,52,100,164,230,60,127,181,243,36,116,181,241,44,15,97,161,248,32,96,
    187,177,38,104,253,246,48,114,82,142,200,0,90,134,198,2,66,158,218,28,74,150,209,22,114,173,227,32,122,166,227,32,98,190,250,
    48,106,181,245,235,103,116,182,175,32,98,188,224,56,122,178,232,48,117,78,144,200,8,66,152,192,0,91,128,216,24,95,136,211,25,
    105,176,232,41,110,233,254,48,53,190,250,59,106,82,173,236,54,106,163,224,62,97,183,245,119,100,166,191,51,121,73,144,200,11,65,
    152,192,3,91,128,219,17,95,136,208,17,103,225,246,56,45,166,226,35,98,190,249,212,14,82,171,232,54,105,175,237,111,124,174,183,
    56,122,180,232,48,114,70,144,200,12,68,152,192,0,90,128,219,17,95,136,208,17,109,176,235,33,97,184,224,35,120,68,151,210,18,
    76,175,234,43,116,167,236,42,124,191,251,62,100,183,247,48,108,79,137,207,69,90,148,137,2,92,158,198,26,84,156,206,18,106,174,
    246,42,102,160,175,192,10,19,148,214,16,76,172,238,46,116,164,225,34,124,188,252,62,100,180,244,55,108,76,140,195,20,71,141,197,
    28,92,157,210,85,74,132,153,17,103,171,246,42,101,71,130,222,25,93,138,213,27,89,178,238,43,97,235,248,50,43,188,252,62,100,
    180,246,55,108,76,143,195,20,68,132,199,28,95,159,221,4,84,144,209,12,108,173,227,216,0,66,157,192,27,95,148,200,19,86,175,
    240,40,108,165,248,35,100,188,224,59,124,180,232,51,115,79,144,203,11,78,152,195,5,92,128,219,28,84,217,206,0,37,74,132,199,
    30,66,154,221,6,90,149,209,14,82,174,234,54,105,175,230,62,98,191,253,38,122,183,240,46,114,78,142,214,9,64,132,222,1,88,
    148,198,25,84,156,206,205,13,76,154,197,6,66,130,221,31,92,138,213,22,82,178,237,46,109,186,229,39,98,243,224,42,51,180,244,
    49,108,76,143,202,20,68,129,198,28,95,149,211,85,74,160,197,206,10,76,154,198,0,69,130,222,25,81,138,214,18,85,178,237,41,
    111,186,230,32,105,162,253,51,126,170,246,51,121,82,142,200,1,90,133,193,6,66,157,210,54,110,177,134,206,22,73,130,204,30,65,
    154,216,6,89,149,220,14,82,175,232,54,105,160,236,62,97,191,250,38,121,182,252,46,121,72,144,203,10,70,152,196,8,66,190,240,
    40,115,180,146,205,8,78,154,204,7,92,155,217,87,68,134,159,16,82,173,240,40,108,167,248,32,99,187,224,56,120,176,232,51,121,
    76,144,200,9,71,152,192,61,126,164,244,52,112,172,143,202,10,84,135,194,10,92,159,222,18,68,151,211,22,76,175,232,40,116,167,
    225,38,124,191,248,56,100,183,240,55,108,79,137,200,69,90,176,181,62,122,185,234,54,118,177,146,206,14,79,154,198,3,69,130,222,
    26,81,138,214,19,83,178,238,40,110,186,230,34,102,162,253,60,122,170,245,59,112,82,141,205,44,126,161,247,60,102,185,245,54,110,
    177,136,207,22,73,133,192,30,65,157,220,87,68,134,159,16,80,170,240,40,106,163,248,32,99,183,224,56,120,179,232,51,115,73,180,
    228,38,101,188,252,61,114,164,244,54,113,172,143,196,9,84,135,204,6,92,156,216,25,68,151,215,21,76,175,239,40,116,167,231,32,
    124,191,255,59,100,180,245,54,48,104,169,229,56,99,160,247,63,102,185,246,60,113,172,143,204,13,72,154,197,3,64,152,192,27,88,
    146,221,14,87,178,237,42,109,166,248,35,96,189,249,38,121,183,148,230,48,107,169,226,45,126,161,255,56,127,164,247,53,113,181,146,
    205,11,74,135,216,3,66,153,192,27,89,150,209,14,81,175,237,45,116,167,229,34,98,162,253,58,29,91,140,239,46,106,173,250,37,
    100,160,179,32,106,243,247,61,118,172,140,206,13,84,132,192,7,92,159,213,19,68,148,213,27,29,178,252,97,106,164,230,62,98,188,
    156,202,22,81,147,242,46,106,171,250,37,107,169,226,62,123,189,234,54,112,181,146,206,8,75,154,197,4,73,130,221,18,93,138,213,
    26,82,227,240,58,35,164,230,35,0,88,156,222,8,80,148,234,48,104,169,226,105,126,176,181,62,120,186,234,54,118,184,146,206,14,
    76,154,198,3,68,211,192,10,19,148,212,19,76,172,232,43,116,164,133,222,0,88,152,208,8,80,144,234,48,107,161,226,56,99,169,
    248,32,120,185,242,40,115,183,140,208,11,64,142,137,30,80,213,221,19,90,138,214,23,81,178,238,47,1,94,129,215,21,70,153,223,
    19,31,140,254,103,107,161,225,56,96,162,251,32,120,188,240,40,115,185,139,208,11,65,143,216,0,66,157,192,24,90,148,200,16,81,
    166,148,199,1,67,156,223,26,89,132,215,28,90,140,239,43,110,180,231,35,101,188,255,63,125,164,247,49,117,172,143,207,10,5,154,
    212,73,65,151,216,6,90,149,212,14,14,79,141,218,5,75,137,194,30,91,145,202,22,80,151,242,45,99,161,250,38,99,169,226,61,
    124,190,234,53,118,178,146,205,12,78,154,197,11,64,130,221,25,92,138,241,202,13,86,137,195,1,15,156,206,87,88,154,213,8,80,
    148,239,48,104,171,227,56,96,160,248,32,123,177,244,40,112,177,143,208,8,73,130,216,0,64,156,192,27,114,178,236,207,10,66,148,
    199,6,74,156,223,27,94,132,215,16,80,140,239,41,110,180,231,32,96,188,255,56,127,164,247,49,112,253,146,220,65,74,132,199,30,
    66,154,249,42,118,177,245,210,14,74,142,218,5,75,130,194,30,91,153,202,22,83,148,242,46,106,170,250,37,100,160,226,61,124,176,
    234,53,112,184,146,205,13,76,154,197,6,126,166,249,51,112,174,241,202,14,86,137,194,1,94,129,219,30,23,132,198,95,83,153,234,
    48,104,171,230,56,96,165,251,32,123,177,255,40,112,177,135,208,8,76,143,252,60,125,187,181,42,100,249,242,206,8,86,138,194,3,
    94,130,221,21,70,154,214,23,78,145,231,36,118,170,228,38,47,188,238,119,120,184,242,40,112,180,137,208,8,96,170,252,63,117,179,
    228,52,117,181,236,207,5,76,148,196,0,74,156,220,28,94,132,215,18,83,140,239,42,99,180,231,34,99,237,226,44,49,185,255,48,
    110,178,141,232,58,102,167,229,34,125,179,241,42,118,179,249,210,14,78,129,218,6,67,129,147,0,74,211,215,29,86,140,236,47,106,
    180,228,33,103,188,255,53,115,164,244,53,123,112,168,236,47,120,160,225,63,49,166,232,125,118,178,244,210,14,78,143,218,6,65,137,
    194,30,90,155,202,21,91,152,242,46,104,170,171,56,114,235,252,60,124,164,244,213,47,112,168,236,32,120,160,225,62,96,187,241,49,
    104,176,241,205,16,75,129,195,24,64,129,215,0,91,155,222,8,83,153,238,48,107,160,229,56,99,169,255,32,123,80,149,157,50,124,
    225,234,36,102,190,226,60,116,166,250,51,112,174,241,199,15,86,138,199,12,15,156,206,87,88,152,208,8,80,148,235,48,104,171,229,
    105,126,176,181,218,22,82,142,210,43,109,182,234,34,99,190,226,62,121,166,250,55,125,255,236,222,71,75,129,194,24,64,131,222,0,
    88,157,211,8,83,153,231,48,104,169,239,56,96,94,157,196,23,93,155,204,44,109,163,244,39,98,164,252,63,120,185,228,55,124,186,
    236,207,4,72,148,199,0,64,156,223,25,94,213,202,4,25,146,236,47,118,170,227,195,2,94,158,222,10,86,146,217,99,112,186,163,
    39,109,166,252,60,127,186,228,52,113,183,236,207,5,67,148,196,5,75,156,220,30,93,132,215,29,91,140,236,45,99,88,131,198,24,
    64,155,221,30,72,147,216,40,112,171,224,37,120,163,228,56,49,166,232,125,118,176,242,210,14,72,128,218,6,65,131,194,30,90,155,
    202,21,91,153,242,202,7,65,158,193,23,90,215,196,6,31,147,217,42,112,168,235,38,120,160,229,59,96,187,241,63,104,176,241,199,
    16,72,138,193,24,67,137,215,0,88,153,223,8,83,74,140,212,7,65,139,220,31,90,153,196,23,82,154,204,47,111,172,244,39,103,
    166,252,63,127,188,228,55,119,177,189,210,28,1,138,196,7,94,130,219,31,70,154,210,54,18,78,136,205,26,69,139,200,2,94,152,
    216,10,86,147,214,50,110,170,236,107,120,178,171,63,117,190,228,52,119,178,236,204,9,79,148,199,13,75,156,220,29,83,168,240,50,
    9,80,139,193,15,88,128,193,23,64,155,222,16,72,147,213,38,112,171,224,32,120,163,232,61,96,187,254,52,104,179,243,203,16,75,
    139,199,24,67,133,221,36,119,176,241,125,18,92,193,202,6,64,158,194,26,91,134,218,21,93,142,210,46,111,182,233,47,108,190,226,
    60,126,247,228,38,63,176,240,200,16,72,141,199,24,64,184,253,36,116,180,244,44,12,76,142,212,4,69,131,220,31,85,159,196,20,
    87,148,204,47,106,170,244,39,108,165,252,63,123,178,228,55,114,186,236,207,15,73,197,218,48,53,189,243,60,106,182,241,48,18,78,
    143,205,26,69,139,201,2,94,155,209,10,86,150,217,50,110,171,233,107,120,178,171,63,127,191,228,52,118,181,236,204,8,72,184,224,
    32,122,160,251,61,112,168,243,51,6,80,136,204,0,88,128,193,22,64,155,222,23,72,147,212,44,112,171,224,46,120,163,230,60,96,
    184,248,55,57,174,224,133,41,96,165,254,33,118,188,230,58,115,183,238,50,15,73,150,201,15,77,158,194,31,93,134,217,31,81,142,
    210,47,105,182,233,33,100,190,225,56,126,166,250,51,117,174,173,226,41,122,165,225,33,98,189,249,56,106,181,241,56,18,77,142,193,
    26,69,129,199,2,88,154,196,18,87,142,209,47,106,182,233,39,108,190,230,57,96,178,250,42,25,109,176,232,32,122,161,230,60,119,
    181,230,57,118,178,238,49,15,79,150,201,4,68,158,197,26,64,154,196,17,83,142,209,38,112,168,232,58,102,160,229,34,126,191,150,
    206,18,108,171,246,41,110,167,254,34,125,184,230,58,118,177,238,50,14,77,150,202,4,69,158,193,25,90,134,218,20,81,142,210,45,
    110,182,234,37,109,190,226,58,30,74,150,215,19,114,173,227,46,122,166,226,35,98,190,251,56,106,181,246,57,18,77,139,201,26,69,
    130,192,2,93,155,217,10,85,144,209,50,106,170,244,46,97,190,155,223,4,95,151,206,18,106,176,232,52,103,164,224,60,125,184,230,
    61,114,168,246,57,18,75,150,201,6,88,134,220,22,85,134,220,20,72,144,210,42,112,168,236,34,28,92,159,219,4,87,144,214,12,
    111,174,227,52,103,167,228,60,127,184,249,36,119,177,242,44,15,73,141,212,4,70,138,220,28,95,159,196,20,80,144,204,47,107,172,
    152,195,3,90,128,219,17,95,136,211,21,108,176,235,44,110,184,227,36,122,160,249,61,106,181,242,55,18,77,136,207,26,69,128,196,
    2,90,153,196,30,84,142,215,40,20,78,140,222,2,89,128,220,24,74,149,211,22,114,173,235,42,43,184,242,107,127,187,249,36,116,
    182,246,44,12,72,137,212,7,77,139,220,31,85,147,196,23,92,148,144,203,13,71,152,195,5,86,128,216,26,95,136,208,19,104,176,
    232,44,101,184,224,37,126,160,251,49,117,168,240,48,14,80,136,200,1,88,128,193,26,64,152,218,23,108,77,138,214,9,68,132,222,
    1,95,149,198,25,86,157,206,24,106,176,237,32,122,162,230,60,118,190,230,63,127,168,243,48,7,80,142,201,26,66,128,220,27,88,
    134,240,54,108,79,133,214,8,90,133,197,28,91,156,198,26,82,146,206,18,109,170,246,42,99,167,254,33,118,191,230,57,112,183,238,
    49,13,79,150,202,7,76,158,194,31,120,170,246,51,116,82,142,202,11,90,134,193,2,66,158,217,17,74,150,214,22,114,174,239,43,
    122,165,235,38,98,190,250,59,106,182,243,48,18,78,139,207,26,71,128,224,57,113,170,240,52,108,75,143,214,9,71,133,222,6,88,
    128,211,26,74,156,214,12,111,172,237,52,111,164,254,37,126,160,255,63,106,178,243,44,11,79,150,205,26,98,184,224,50,112,170,253,
    54,108,79,141,204,20,71,130,199,28,95,155,216,4,87,147,219,12,111,164,236,52,103,166,235,60,127,191,252,36,119,176,241,44,15,
    73,138,248,32,97,184,224,59,127,182,232,51,119,75,144,200,9,64,152,192,4,87,128,219,17,84,136,211,25,103,176,232,40,96,184,
    227,36,122,160,251,60,112,168,243,48,13,116,166,248,35,97,184,224,59,121,190,232,51,114,77,144,203,13,90,135,203,28,88,155,198,
    16,84,136,214,20,114,173,232,44,122,165,226,38,98,190,248,36,115,188,238,237,54,109,160,248,32,104,162,254,51,100,180,247,50,108,
    76,142,194,20,68,135,198,28,95,149,218,85,74,132,153,17,104,173,246,41,110,164,254,34,123,191,230,58,119,85,178,237,35,97,186,
    230,35,97,162,253,51,125,170,246,51,117,82,141,205,8,90,133,196,2,66,158,223,25,74,149,212,25,114,173,238,33,122,165,225,39,
    98,189,255,209,14,81,170,235,54,106,167,230,62,97,186,224,62,123,170,241,50,108,75,139,214,8,90,140,198,28,89,153,198,30,83,
    136,213,18,114,168,232,52,101,162,254,37,122,68,146,215,14,81,175,239,54,111,186,230,38,124,190,224,56,120,170,245,59,115,82,142,
    201,8,90,134,199,4,66,158,216,16,74,150,209,21,114,174,234,40,122,166,226,221,6,89,146,211,14,81,173,233,54,106,164,225,62,
    97,182,251,38,121,190,243,46,113,70,143,214,9,64,141,222,1,92,149,198,26,84,145,206,18,111,172,246,42,103,71,130,223,24,68,
    149,221,14,81,174,233,54,105,167,230,62,97,190,248,38,126,191,232,53,121,82,133,207,20,65,140,222,2,93,128,219,25,87,136,219,
    25,114,169,233,216,6,70,130,222,24,68,144,200,23,81,178,238,46,116,167,226,62,98,186,250,38,122,178,253,46,114,75,136,214,10,
    67,129,222,1,92,149,198,25,82,157,206,17,106,75,154,197,11,71,130,222,26,89,138,213,20,85,178,237,35,105,186,229,42,99,162,
    254,59,121,170,245,59,114,82,141,195,1,90,134,194,6,66,158,219,27,74,149,214,207,22,65,142,216,3,66,154,192,27,89,144,200,
    21,85,178,237,40,106,186,236,32,124,182,245,38,113,181,232,58,117,82,143,205,20,67,140,222,1,92,156,198,25,84,182,146,196,14,
    84,128,205,30,71,152,192,18,91,138,221,18,76,172,232,47,116,164,231,33,124,188,249,56,100,180,241,49,108,79,139,195,20,68,133,
    199,28,92,157,211,40,112,177,143,208,8,72,128,216,3,71,154,192,24,91,159,200,19,86,166,240,43,110,166,248,35,103,182,224,59,
    122,190,232,51,117,70,144,203,13,68,152,195,5,95,164,247,48,119,172,138,202,22,75,128,216,1,64,130,217,19,68,148,200,27,76,
    175,234,54,106,165,248,33,96,162,253,58,121,170,245,50,120,82,143,204,20,67,132,222,52,102,188,234,53,114,172,134,202,22,74,128,
    216,0,66,155,192,24,93,147,200,16,84,170,240,40,109,164,248,32,96,184,224,56,120,191,232,51,115,74,144,203,13,64,188,255,56,
    124,164,247,50,112,172,143,197,11,84,135,194,7,92,159,212,25,68,151,209,20,76,175,239,45,116,167,231,35,124,191,255,63,100,183,
    240,48,108,79,141,203,56,99,160,246,32,126,176,234,53,115,181,146,205,11,75,154,192,5,92,159,222,6,89,159,200,16,86,178,229,
    45,116,167,228,38,124,191,253,59,100,183,245,58,108,79,170,227,56,100,168,226,59,127,164,254,54,110,184,135,208,8,76,134,216,0,
    66,150,192,24,91,159,200,16,84,167,240,40,108,166,248,35,99,183,224,56,120,178,232,51,37,108,180,228,37,102,188,252,62,122,164,
    247,51,122,172,143,202,14,84,135,204,5,92,159,212,27,68,148,212,16,76,175,229,40,116,164,225,34,124,188,253,63,100,180,146,236,
    48,105,175,250,32,102,188,251,61,102,189,254,40,115,172,134,208,11,77,154,198,0,92,156,213,6,89,150,212,14,81,174,235,54,105,
    167,224,62,97,188,253,38,18,86,140,239,45,118,169,250,38,96,188,252,53,102,186,245,61,110,177,137,204,22,74,130,198,30,66,154,
    219,6,90,146,213,14,82,175,239,54,106,167,226,62,98,191,159,202,22,80,146,242,46,104,174,250,38,102,164,226,62,126,184,234,53,
    117,182,146,205,3,73,154,197,1,70,130,221,25,95,138,214,18,81,178,237,34,97,186,229,34,28,70,153,212,16,78,153,236,48,107,
    169,227,56,99,161,255,32,114,186,234,50,116,172,134,205,22,65,132,216,3,64,154,145,6,72,221,213,20,84,178,237,34,110,186,130,
    222,29,70,153,223,29,78,145,231,42,118,170,228,39,126,161,247,57,102,186,247,61,110,177,134,206,22,74,132,194,30,65,156,212,6,
    89,159,213,14,81,170,235,54,5,71,136,194,29,89,156,202,21,86,153,242,45,111,170,250,37,99,169,226,63,125,164,254,53,110,177,
    143,196,22,79,142,216,10,68,130,213,27,68,158,220,14,89,173,148,197,7,94,131,214,0,95,154,202,21,83,140,235,36,118,170,230,
    56,96,167,226,62,115,164,244,48,110,178,141,205,22,74,135,205,30,66,154,217,6,90,147,212,14,14,78,137,218,6,66,137,194,30,
    90,153,202,21,91,146,242,45,110,160,250,37,97,160,226,61,124,191,234,53,116,177,146,205,12,77,154,197,4,72,130,221,25,95,138,
    241,202,14,86,138,194,12,94,130,223,27,70,155,212,8,81,153,242,40,108,180,227,39,126,166,254,32,121,164,247,52,110,177,137,208,
    8,76,154,199,3,92,159,220,24,104,179,240,199,16,75,137,192,24,67,130,221,0,92,158,202,20,78,146,236,48,98,175,250,38,107,
    188,252,63,126,164,244,54,116,172,140,206,14,84,132,199,11,92,156,248,50,104,176,240,203,16,75,140,197,24,67,137,218,0,88,153,
    213,8,83,150,239,48,107,174,227,56,96,161,248,32,120,188,255,40,115,185,140,208,11,65,143,216,0,124,188,228,52,117,177,236,204,
    14,74,148,197,1,94,132,220,0,94,145,202,17,84,140,232,47,118,174,250,37,97,188,252,60,102,186,241,40,123,184,146,205,10,77,
    154,225,63,126,166,249,55,125,174,241,204,10,86,142,218,7,94,130,215,0,83,132,212,16,86,140,236,46,99,180,228,39,102,188,255,
    59,120,164,244,53,112,172,140,204,8,120,160,226,63,96,184,250,55,104,176,241,206,16,75,142,195,24,67,132,214,0,91,159,215,8,
    83,150,233,48,107,175,230,56,99,163,250,32,123,189,244,40,112,177,137,244,39,103,171,252,63,121,190,228,55,117,182,236,207,14,75,
    148,199,6,71,156,223,29,93,132,208,29,78,153,238,48,105,168,250,44,102,188,246,61,102,188,245,40,116,111,182,235,46,120,167,229,
    34,120,166,251,53,104,176,247,210,13,67,148,199,2,94,129,217,31,70,153,212,29,78,145,233,36,118,169,238,33,126,161,252,52,102,
    185,245,213,50,109,174,234,58,101,166,233,34,125,191,254,42,118,176,247,210,14,73,140,218,6,70,129,194,30,94,144,202,22,87,149,
    242,45,99,160,250,38,98,165,226,62,123,86,142,210,47,101,182,233,38,103,190,225,62,127,166,249,55,114,174,242,199,16,76,138,218,
    1,94,129,220,0,91,145,202,22,84,140,231,43,118,169,230,32,126,161,255,217,10,85,147,216,50,109,168,237,58,98,170,252,57,121,
    166,250,53,104,176,243,210,14,72,128,218,5,69,132,194,29,89,154,202,21,90,145,242,45,98,160,250,37,97,93,134,217,21,92,142,
    209,42,105,182,233,35,102,190,225,59,117,166,250,53,116,174,242,205,11,86,138,194,0,94,130,219,29,70,153,223,16,78,145,235,43,
    118,169,226,197,2,93,153,218,10,85,150,217,50,104,169,244,39,102,161,252,63,125,190,228,55,117,183,236,198,9,86,136,218,6,75,
    156,221,29,70,157,211,8,83,144,238,48,107,68,133,220,31,93,158,196,23,86,147,204,40,104,182,239,39,120,165,232,34,116,191,228,
    52,113,174,242,205,11,86,138,197,12,94,129,219,25,70,153,222,16,78,145,231,201,26,69,129,196,2,93,158,217,10,86,146,217,50,
    110,171,235,58,101,164,230,34,126,184,252,42,118,179,248,210,13,77,128,218,5,69,134,194,29,88,145,202,21,91,75,150,202,2,77,
    158,193,26,93,134,217,22,80,142,209,46,110,182,237,46,120,166,228,34,117,184,228,48,112,174,247,199,16,75,137,196,24,74,134,194,
    25,92,132,215,49,15,1,150,216,77,69,132,193,2,93,146,216,10,86,151,211,50,110,171,237,58,101,171,233,34,126,187,249,42,117,
    187,245,210,14,75,141,218,5,69,128,194,29,92,182,238,50,11,77,150,201,14,69,158,193,29,93,134,217,21,84,142,209,45,100,182,
    233,34,109,190,225,61,123,166,252,54,104,182,243,210,13,75,142,218,5,67,136,194,62,113,168,250,50,18,69,137,212,4,76,158,197,
    26,64,147,209,10,85,146,214,50,109,171,235,58,101,160,224,34,121,190,228,54,104,181,247,210,13,66,148,196,4,94,190,248,61,106,
    182,247,50,18,78,136,207,26,69,138,195,2,94,153,220,10,86,146,213,50,110,170,233,58,102,160,225,34,125,189,254,42,118,176,245,
    210,14,73,138,218,34,125,181,230,58,114,178,238,50,11,79,150,201,15,66,158,194,30,95,134,218,23,84,142,209,42,101,182,233,39,
    101,190,225,62,124,166,249,55,117,174,241,204,13,86,162,226,60,118,185,230,63,115,168,251,51,18,78,142,212,4,88,131,192,28,64,
    153,220,10,81,150,204,42,101,182,239,58,101,162,252,58,96,178,241,42,112,176,236,204,42,98,184,224,36,122,160,248,59,119,168,243,
    52,10,80,139,202,15,88,131,195,24,64,155,220,21,72,147,213,46,112,171,237,33,120,160,226,54,96,184,251,51,104,176,168,232,52,
    103,163,228,60,127,191,254,36,119,189,251,44,15,73,136,212,7,64,138,220,31,88,158,196,21,81,142,209,46,107,182,233,36,99,190,
    225,60,120,166,254,53,12,102,172,246,47,96,184,234,40,98,190,253,36,112,180,238,49,15,74,150,201,7,70,207,220,14,23,155,223,
    21,72,144,210,42,112,168,236,37,120,163,233,55,96,187,157,219,12,111,164,236,52,103,161,227,60,127,185,242,36,116,182,251,44,12,
    79,140,212,4,64,129,220,28,89,154,196,23,93,145,204,44,108,170,244,36,100,165,252,60,25,82,136,208,18,111,176,233,46,122,165,
    224,32,98,189,251,49,106,181,242,57,18,68,142,212,1,76,158,198,26,64,146,218,10,83,155,204,47,108,163,244,35,108,190,159,220,
    4,82,150,206,22,110,176,235,44,122,165,224,60,121,160,249,56,106,182,242,51,18,78,143,203,26,70,134,197,2,94,159,216,10,85,
    155,208,50,109,175,234,58,1,90,156,198,25,95,147,206,18,111,165,246,41,97,167,254,33,119,184,230,58,117,189,238,50,10,74,150,
    202,3,71,158,193,23,90,134,218,22,87,142,210,47,108,182,134,195,7,66,159,216,4,85,157,206,20,104,176,239,43,122,162,226,60,
    118,188,230,63,115,168,245,49,18,69,137,212,7,68,138,220,29,89,134,221,17,72,145,210,50,13,70,152,195,2,66,157,222,4,85,
    136,219,21,114,164,237,52,103,160,225,60,127,187,248,36,119,179,251,44,15,68,140,212,7,70,139,220,31,95,156,196,23,80,145,144,
    203,13,70,152,195,5,89,128,219,30,87,136,211,22,107,176,235,32,100,184,224,33,127,160,251,49,116,168,243,57,7,80,136,200,0,
    88,128,193,29,64,155,221,21,108,79,140,195,20,71,133,194,28,92,155,198,25,84,145,206,17,111,175,246,46,96,184,230,60,120,190,
    230,63,112,168,246,51,18,79,131,212,7,68,131,220,31,92,147,232,49,113,82,141,214,0,90,135,203,28,92,157,198,26,85,148,206,
    18,109,165,246,42,100,163,254,34,122,191,230,57,126,181,191,44,30,7,139,206,7,88,131,200,30,100,180,241,49,108,76,141,207,20,
    71,141,203,28,92,157,219,4,87,157,215,12,108,173,239,52,103,163,226,60,127,186,248,36,116,177,243,44,15,74,131,212,7,64,139,
    224,59,123,177,232,51,117,75,144,203,12,65,152,192,1,92,128,219,28,74,144,209,12,107,172,246,45,97,184,226,60,118,184,230,63,
    115,168,244,53,18,75,136,212,2,98,162,255,60,100,179,240,46,116,77,144,203,9,69,152,197,28,92,152,198,24,74,150,210,12,108,
    173,234,52,100,161,224,60,124,190,252,36,116,176,246,44,12,72,140,248,35,105,184,224,56,122,181,232,48,113,74,144,203,13,66,152,
    192,5,92,128,216,27,84,136,211,24,102,176,235,46,100,184,227,40,118,160,251,60,114,168,243,52,12,116,164,224,42,124,188,253,61,
    100,181,246,46,115,71,144,206,14,90,133,195,4,66,157,216,25,74,156,213,12,105,170,246,32,98,184,234,38,98,187,249,36,119,181,
    242,240,43,104,166,248,35,98,188,224,63,112,170,246,49,108,76,133,214,11,71,152,193,9,66,157,219,4,84,144,213,12,108,175,227,
    52,100,161,227,60,124,185,251,36,116,81,174,240,40,104,163,248,35,100,189,224,59,123,191,232,51,117,73,144,203,0,69,152,195,9,
    95,128,219,31,95,136,211,23,109,176,235,43,101,184,224,35,121,160,248,212,20,76,172,237,41,116,164,230,34,124,189,249,38,121,180,
    245,46,113,79,142,214,9,71,132,222,1,92,158,198,25,87,147,206,23,108,176,236,44,122,163,235,60,122,91,138,215,27,76,171,233,
    54,107,160,248,35,97,182,224,61,126,170,245,50,114,82,132,201,20,79,132,222,1,88,157,198,25,80,156,206,18,107,173,246,42,98,
    163,254,222,25,80,138,214,18,87,178,237,41,107,186,229,43,99,162,254,58,121,170,245,52,113,82,141,205,14,90,133,196,0,66,158,
    223,27,74,149,218,22,114,173,239,40,122,65,157,222,6,89,146,210,14,81,170,236,54,105,163,228,62,97,190,249,38,113,191,232,52,
    112,82,137,202,20,66,132,222,9,66,157,220,4,84,151,206,19,110,176,235,196,3,92,159,220,18,68,151,213,23,76,175,238,40,116,
    164,230,62,96,162,250,38,122,176,232,48,116,82,141,204,12,90,134,193,6,66,158,222,31,74,150,209,23,114,73,143,204,30,65,151,
    216,6,89,159,214,14,81,167,233,54,105,162,236,62,98,189,248,38,122,180,252,46,113,73,138,214,9,65,135,222,1,89,157,198,25,
    85,147,206,205,2,65,154,197,0,73,130,221,25,95,138,221,21,76,167,235,54,105,167,231,62,97,190,252,38,121,180,247,46,117,82,
    139,200,20,79,134,222,4,86,128,211,31,74,177,142,200,22,73,135,197,30,65,159,212,6,89,148,209,14,86,166,240,45,109,186,236,
    32,124,182,245,38,121,176,244,46,113,72,139,214,9,65,128,222,2,92,149,198,54,119,181,146,205,3,76,154,197,11,72,130,222,24,
    89,138,213,22,84,178,238,43,111,186,229,37,105,162,253,60,123,170,245,58,115,82,141,205,13,90,133,193,9,66,185,245,48,110,177,
    139,196,22,74,132,199,30,66,159,217,6,89,147,200,22,84,178,233,43,116,163,236,62,97,162,244,38,121,179,232,48,114,82,142,195,
    20,71,132,194,32,123,184,241,40,115,177,138,208,11,74,135,216,4,68,130,219,27,68,145,220,14,88,171,240,43,105,186,230,32,102,
    162,254,62,112,170,246,55,117,82,141,205,14,11,188,238,119,123,190,242,40,115,181,134,208,11,64,129,216,3,67,158,192,27,91,145,
    200,19,84,170,240,43,109,167,248,35,101,182,224,56,122,191,232,48,115,72,144,200,32,97,188,252,57,122,164,247,61,113,172,140,204,
    10,84,135,199,10,92,159,217,24,68,151,209,17,76,170,233,54,105,186,225,34,124,187,251,38,120,170,243,46,113,74,180,228,37,126,
    162,246,32,115,177,234,53,114,182,146,205,11,75,154,197,0,64,130,221,24,95,138,213,26,76,175,238,54,111,186,229,36,124,191,251,
    56,100,180,241,54,48,104,172,231,56,96,165,250,32,120,187,242,40,115,180,143,208,11,77,133,216,3,69,154,192,27,95,144,200,16,
    82,171,240,40,107,164,248,32,99,183,224,56,124,176,140,236,41,105,180,231,45,100,188,252,60,121,164,244,53,114,172,143,201,12,84,
    135,197,2,92,151,213,6,92,138,209,17,76,168,236,54,107,186,229,34,124,182,248,38,28,84,140,231,45,118,169,231,37,126,167,255,
    32,126,177,234,49,113,172,136,208,12,76,154,197,0,66,130,220,6,90,149,200,16,83,171,240,43,96,163,248,35,102,183,132,212,21,
    91,140,239,37,109,180,228,36,102,188,252,57,123,164,244,53,117,172,140,205,2,84,135,194,1,92,159,218,29,68,151,220,17,76,172,
    232,43,37,186,244,105,29,92,153,202,21,90,144,242,46,111,171,250,38,99,165,226,61,115,177,234,54,115,177,146,205,3,77,154,198,
    3,69,130,221,29,88,138,213,20,82,178,238,47,105,186,129,216,21,70,153,210,29,78,145,237,43,118,169,227,33,126,161,250,59,102,
    186,247,54,110,177,138,208,14,75,154,193,2,92,155,219,6,88,138,210,22,76,169,233,54,2,71,156,215,28,70,155,222,8,81,150,
    242,47,99,180,231,37,96,188,255,61,114,164,241,54,110,177,139,208,8,76,154,198,2,92,156,222,31,68,148,214,20,76,172,136,207,
    24,64,132,215,0,88,157,211,8,80,144,239,48,104,169,229,56,99,169,247,32,120,185,247,40,115,182,140,208,11,64,129,216,0,67,
    151,192,24,91,147,200,16,9,73,148,199,1,67,156,223,25,83,132,215,16,85,140,239,40,107,180,231,36,99,188,255,63,102,188,240,
    40,119,179,146,202,10,84,133,216,11,68,130,212,26,68,145,245,210,4,78,148,199,4,70,156,216,30,70,155,208,8,87,152,242,46,
    107,180,225,56,106,168,226,61,125,164,247,53,110,178,141,201,22,74,133,205,30,66,157,221,6,118,182,243,210,14,74,142,218,5,75,
    136,194,29,89,157,202,21,87,153,242,45,98,171,250,38,96,168,226,62,121,189,234,54,118,178,146,206,14,65,154,197,11,66,130,249,
    63,125,174,242,206,10,86,138,199,7,94,129,221,21,70,153,214,19,78,153,231,48,107,170,227,56,99,162,251,32,124,187,234,50,119,
    172,137,206,22,78,130,216,11,127,166,251,63,104,177,249,210,15,66,148,199,6,69,156,223,29,83,132,209,17,78,145,234,48,105,169,
    250,38,99,188,252,62,124,164,244,54,117,172,140,204,12,84,132,228,54,96,184,253,52,104,176,240,206,16,72,137,198,24,67,137,214,
    0,88,152,222,8,83,150,237,48,107,160,230,56,96,163,246,32,123,191,241,40,115,183,135,208,8,103,161,252,60,124,184,228,52,116,
    187,236,204,13,76,148,196,6,65,156,221,20,70,156,211,8,87,146,242,41,99,180,228,56,107,188,255,58,102,186,245,40,117,180,146,
    235,32,120,164,227,34,121,188,228,55,117,180,236,204,14,86,129,218,2,94,130,194,20,95,132,215,28,83,140,239,36,109,180,231,44,
    101,188,255,56,125,164,247,54,122,112,171,235,35,120,163,228,60,96,187,252,63,104,179,245,200,16,72,138,193,24,64,131,218,0,88,
    156,215,8,83,152,231,48,107,175,225,56,99,163,254,32,120,187,247,204,44,109,168,244,36,101,171,252,61,120,166,252,55,104,179,241,
    201,16,75,138,199,24,67,130,220,0,91,154,202,23,90,140,230,42,118,160,226,56,97,167,226,53,125,72,148,217,50,111,169,244,35,
    102,190,225,62,96,179,252,42,115,176,236,203,10,86,138,196,12,94,130,220,27,70,154,214,16,78,146,236,40,118,170,229,38,126,162,
    255,221,10,85,155,215,50,110,168,235,58,101,166,228,115,96,170,179,55,114,179,236,207,4,74,148,196,1,65,156,220,29,95,132,215,
    29,91,140,236,45,107,180,231,45,103,64,152,217,19,72,147,215,46,112,171,238,36,120,160,229,63,96,184,252,53,104,176,243,203,16,
    72,136,198,24,64,128,217,0,88,153,210,8,80,146,239,48,107,169,224,220,31,94,155,196,23,86,145,204,47,109,163,244,46,96,190,
    225,59,49,166,232,125,117,180,244,210,13,79,128,218,5,74,135,194,29,89,152,202,21,81,151,242,45,110,64,158,194,31,85,134,218,
    22,93,142,209,40,106,182,233,33,103,190,225,55,125,166,250,51,116,174,241,205,9,86,137,195,3,94,129,220,21,70,153,210,29,78,
    145,237,207,26,69,130,201,2,93,154,216,10,85,144,212,50,105,173,244,46,100,190,232,59,96,189,249,42,125,179,236,201,14,86,137,
    193,24,70,135,194,26,90,132,211,17,78,72,137,212,5,88,129,192,2,85,152,196,23,85,142,210,44,107,182,234,35,101,190,226,58,
    121,166,250,50,125,174,242,205,8,86,137,197,3,94,129,218,28,70,154,215,56,18,78,139,202,26,69,132,197,2,93,157,219,10,85,
    148,209,50,109,172,234,58,102,166,228,34,126,185,240,42,118,178,243,210,14,75,136,218,6,67,135,194,31,88,168,241,57,18,72,140,
    212,3,71,158,198,30,64,157,220,10,82,154,204,38,105,182,225,37,120,170,225,34,121,186,228,55,116,187,236,207,12,79,148,199,6,
    65,156,223,57,106,179,238,50,14,80,139,192,26,69,132,220,28,88,155,196,23,83,144,204,44,105,168,244,36,103,160,252,63,126,179,
    181,42,100,249,241,205,9,86,137,206,4,94,189,242,63,106,181,241,48,18,77,137,207,26,69,134,196,2,93,159,217,10,85,151,216,
    50,110,168,225,58,101,165,224,34,125,178,240,42,117,180,248,210,13,67,139,218,33,118,191,230,57,127,177,238,50,15,72,150,201,3,
    76,158,193,30,84,134,209,30,72,147,210,40,112,171,234,35,120,162,252,57,116,166,254,50,104,176,241,210,11,76,184,225,36,98,191,
    255,36,117,177,238,52,13,80,139,201,15,88,128,194,2,93,152,196,16,72,145,208,50,110,169,238,58,102,167,227,34,125,189,248,42,
    118,178,248,210,42,99,165,254,34,126,181,230,58,117,189,238,50,15,69,150,202,7,69,158,193,25,95,134,217,17,86,142,209,38,101,
    182,233,33,109,190,225,57,117,166,250,54,112,174,173,227,44,122,166,227,41,98,190,251,63,106,181,242,48,18,77,138,204,26,64,158,
    197,29,64,156,216,10,87,142,209,46,112,171,239,58,102,166,252,61,125,166,249,54,18,114,173,234,33,122,165,227,38,98,189,248,59,
    106,178,244,44,14,80,136,202,26,76,133,220,28,85,134,218,21,83,142,210,44,101,182,234,35,97,190,226,59,120,166,149,215,21,114,
    174,232,45,122,166,224,32,98,190,254,63,106,181,246,57,67,80,154,131,7,66,134,220,31,84,154,196,20,80,150,204,44,108,162,244,
    39,103,165,252,60,25,87,136,208,18,109,176,232,41,99,184,227,38,119,160,251,62,126,168,240,51,13,80,139,204,1,88,131,196,24,
    64,155,222,31,72,147,217,39,33,182,248,109,101,164,152,198,25,94,148,206,18,106,168,246,42,102,172,254,33,125,187,230,58,119,181,
    238,50,12,79,150,202,7,65,158,193,24,85,134,217,16,92,142,210,45,111,182,233,34,7,66,157,222,30,74,149,212,25,114,173,227,
    33,43,184,242,107,127,186,254,36,119,188,242,44,12,79,131,212,4,68,128,220,28,92,158,196,20,86,144,204,47,100,163,152,195,5,
    86,128,216,26,95,136,208,19,104,176,232,44,101,184,224,37,126,160,251,49,117,168,240,48,14,80,136,200,1,88,128,193,26,64,152,
    218,23,72,145,214,50,12,69,152,199,0,66,153,221,4,86,136,213,12,103,168,246,47,103,184,234,37,98,184,255,36,112,182,238,49,
    12,77,150,204,15,88,134,201,2,94,134,208,10,86,148,144,203,13,90,133,196,2,66,157,220,31,74,149,219,16,114,173,226,43,122,
    166,231,35,98,190,250,61,106,181,251,55,18,78,136,203,26,70,128,194,2,94,159,217,10,113,74,143,214,9,65,132,222,1,88,158,
    198,25,83,145,206,17,106,169,246,41,101,161,254,33,123,180,230,57,126,183,238,57,9,80,139,200,0,88,131,192,25,64,156,245,46,
    117,77,144,203,8,90,135,192,28,95,155,198,26,82,136,209,17,114,173,234,42,122,165,226,41,98,189,251,62,106,181,240,51,18,74,
    140,212,1,71,158,200,30,100,190,243,46,121,74,144,200,10,66,152,192,2,88,128,216,28,81,136,211,20,106,176,235,42,111,184,227,
    35,120,160,251,60,117,168,243,53,14,80,139,205,1,88,128,254,50,100,180,247,55,108,76,136,200,20,68,128,203,28,95,149,216,4,
    87,157,219,12,108,172,236,52,103,161,228,60,127,185,254,36,117,177,238,52,15,80,139,201,2,124,191,253,56,100,183,245,58,108,73,
    136,214,15,69,152,195,4,66,157,216,28,74,151,219,12,104,173,246,41,111,184,228,35,98,185,255,36,127,168,250,44,15,80,137,229,
    62,98,189,245,38,121,176,244,46,113,72,138,214,9,78,134,222,1,88,159,198,25,85,150,206,17,107,169,246,41,98,162,254,34,126,
    185,230,57,112,188,238,49,8,106,186,229,36,96,162,254,56,123,170,246,55,114,82,141,195,13,90,134,194,2,66,158,218,17,74,150,
    211,22,114,174,232,43,122,167,234,60,122,185,230,61,116,168,247,229,54,106,186,237,62,97,184,224,56,123,170,247,50,108,79,140,203,
    20,64,132,222,3,93,128,223,25,74,149,215,12,108,164,246,46,103,184,227,41,98,189,252,36,116,83,171,240,40,109,163,248,32,100,
    185,224,56,123,178,232,51,115,72,144,203,1,64,152,195,9,86,128,216,26,86,136,208,16,102,176,235,46,97,184,224,35,126,160,248,
    208,19,76,175,235,45,116,167,227,37,124,191,255,58,100,183,247,52,108,79,137,206,20,71,128,193,28,93,152,198,27,95,136,212,18,
    114,169,239,101,122,180,169,33,120,92,138,213,23,88,178,237,34,111,186,229,33,96,162,253,57,127,170,245,54,116,82,141,207,9,90,
    133,199,8,66,158,216,17,74,150,209,22,114,174,238,43,122,166,231,220,6,89,159,215,14,82,174,236,54,105,165,236,62,97,187,254,
    38,121,179,247,46,113,74,144,206,11,90,129,194,28,91,155,198,24,74,147,206,17,106,176,232,41,122,66,150,192,25,80,138,215,20,
    76,171,239,54,96,164,248,35,98,185,224,61,120,170,243,53,108,70,136,214,11,70,152,192,3,88,128,216,27,81,136,211,21,106,176,
    235,204,1,92,159,213,26,68,151,215,17,76,175,232,42,116,167,237,39,124,188,252,58,100,183,242,58,108,79,138,204,20,71,140,197,
    28,95,159,216,4,87,156,214,12,111,75,129,216,3,67,156,192,27,91,146,200,19,85,168,240,43,105,163,248,38,103,162,253,58,125,
    170,245,51,118,82,141,203,11,90,131,194,28,95,154,198,25,87,156,206,197,9,84,129,193,30,66,159,192,30,88,138,215,26,76,170,
    233,54,105,167,248,35,96,162,254,59,100,191,241,127,108,94,199,203,14,66,152,195,8,87,128,219,28,83,172,143,207,10,84,135,199,
    5,92,159,216,30,68,151,209,19,76,172,236,44,116,167,236,33,124,191,250,63,100,183,252,59,108,79,139,206,20,68,132,195,77,66,
    140,145,53,116,180,146,205,15,64,154,198,7,68,130,222,26,92,138,214,18,85,178,237,47,107,186,229,42,105,162,254,58,121,170,245,
    53,114,82,141,204,10,90,134,193,0,66,186,244,48,110,177,136,204,22,73,130,196,30,65,157,213,6,89,158,212,14,81,173,234,54,
    105,167,230,62,97,188,251,38,121,180,241,46,113,79,133,214,0,11,152,210,119,123,190,247,40,115,184,142,208,8,77,133,216,0,65,
    155,192,27,81,159,200,16,81,175,240,43,97,163,248,32,97,187,224,59,127,182,232,51,118,76,144,200,13,71,188,252,56,121,164,244,
    55,119,172,140,204,10,84,132,196,5,92,156,221,30,68,148,214,19,76,175,237,35,116,167,228,36,124,191,252,58,100,183,246,54,108,
    79,141,207,56,100,166,226,53,122,164,240,49,110,184,139,208,14,77,154,192,7,92,157,216,6,89,151,214,14,81,175,228,54,105,166,
    236,62,103,185,224,50,124,170,253,51,108,79,174,228,56,96,164,247,32,120,186,240,40,112,181,138,208,8,76,134,216,0,64,151,192,
    27,91,148,153,14,64,229,237,44,108,186,229,39,104,162,254,63,124,170,246,50,40,118,170,230,33,126,161,251,63,102,185,254,61,110,
    178,142,205,22,73,129,198,30,65,152,222,6,90,149,212,14,82,172,232,54,105,160,228,62,97,186,252,38,121,181,153,242,45,98,168,
    250,37,97,166,226,61,123,186,234,53,112,183,146,205,8,77,154,197,3,73,130,212,87,68,134,159,19,86,175,240,43,96,166,248,32,
    101,189,224,56,21,87,140,239,37,99,180,228,37,99,188,255,53,127,164,244,53,119,172,143,203,10,84,135,194,0,92,156,217,27,68,
    148,208,17,76,172,239,47,116,164,228,34,124,188,152,209,8,80,145,234,48,104,170,231,56,99,160,250,32,123,184,246,40,115,177,139,
    208,11,74,131,216,3,65,155,192,28,94,138,221,18,76,168,233,54,96,163,248,38,25,70,156,211,8,81,148,242,45,107,170,250,37,
    99,168,226,61,122,176,234,51,117,172,134,200,22,65,135,216,3,70,156,192,24,92,159,200,16,82,168,240,40,109,162,156,220,24,90,
    132,212,20,91,140,239,47,104,229,250,52,41,161,248,56,102,185,243,60,110,178,139,200,22,74,134,192,30,66,158,217,6,89,147,215,
    14,81,166,229,54,6,67,135,194,29,92,152,202,21,90,148,242,45,98,169,250,37,107,161,226,61,126,187,234,53,119,184,146,205,3,
    65,154,198,0,67,130,222,27,89,138,213,19,89,178,137,196,7,94,129,223,21,70,153,212,16,78,150,230,48,109,180,231,45,126,162,
    255,32,125,177,234,55,122,172,136,206,22,75,129,216,6,73,130,216,19,68,151,200,17,12,86,129,198,24,65,129,194,30,94,152,202,
    22,80,148,242,46,105,168,250,38,102,162,226,62,122,189,234,54,115,179,146,206,10,73,154,198,3,68,130,222,24,90,138,242,206,15,
    86,137,193,1,94,129,217,28,70,153,208,22,78,145,230,43,118,169,228,45,126,161,253,63,102,185,245,54,110,178,142,197,22,76,135,
    216,6,65,130,221,24,112,174,241,207,10,86,137,196,3,94,135,222,0,91,154,215,8,84,149,242,37,105,180,239,36,126,163,250,32,
    123,184,255,40,115,176,139,208,11,74,133,216,3,71,130,249,52,104,182,236,205,16,72,139,218,6,65,133,194,30,89,157,202,22,80,
    148,242,45,98,168,250,38,99,161,226,62,122,185,234,54,114,180,146,206,11,73,154,198,1,116,166,249,62,116,174,241,201,8,86,137,
    206,7,94,129,214,21,70,154,213,16,78,145,236,36,118,169,229,45,126,161,252,53,102,185,243,48,110,177,142,206,22,73,134,224,34,
    125,186,251,42,112,186,236,203,8,86,128,218,13,70,156,216,24,70,145,214,8,86,152,242,41,98,180,231,37,96,188,255,60,124,164,
    247,54,116,172,140,206,22,109,190,231,34,125,190,228,52,119,176,236,204,15,74,148,196,7,64,156,220,30,83,132,215,19,91,140,239,
    37,104,180,228,36,100,188,252,62,120,164,244,52,122,172,143,224,36,120,163,230,60,96,187,240,62,104,179,247,204,16,75,140,197,24,
    67,133,223,0,91,155,223,8,83,147,239,48,107,171,239,56,96,164,251,32,115,191,234,53,114,104,182,225,32,120,163,226,59,96,189,
    249,42,115,179,236,201,12,86,139,199,24,64,131,194,29,90,159,202,18,81,140,232,46,118,173,239,56,99,163,226,56,102,185,246,204,
    42,112,163,235,58,101,170,229,34,125,189,249,42,118,176,245,210,14,79,138,218,6,67,130,194,30,91,153,202,21,91,153,242,46,107,
    161,250,38,99,169,226,61,125,82,142,210,44,100,182,233,46,101,190,225,54,117,166,249,49,125,174,241,202,15,86,137,195,1,94,129,
    218,25,70,153,213,19,78,145,236,47,118,174,238,56,99,162,255,196,23,86,147,204,38,111,182,239,34,120,164,230,34,116,188,228,48,
    115,174,247,203,16,78,143,218,0,64,156,221,24,70,157,223,8,83,140,235,48,110,180,238,37,126,93,156,209,10,85,148,217,50,110,
    169,238,58,102,167,226,34,126,191,249,42,117,187,246,210,14,74,143,218,5,75,133,194,29,95,154,202,21,81,144,242,46,105,168,250,
    193,23,92,134,217,17,83,142,209,41,105,182,233,35,100,190,225,60,116,166,249,51,124,174,241,202,8,86,137,194,5,94,132,221,0,
    91,152,210,8,83,145,230,48,107,69,138,220,25,94,134,209,18,72,149,212,50,106,162,244,32,108,190,233,34,120,184,228,50,118,174,
    242,206,16,75,141,218,13,94,129,223,0,91,154,202,21,83,152,242,202,4,76,158,194,29,85,134,218,20,93,142,210,43,104,182,234,
    35,100,190,226,62,124,166,250,55,125,174,241,203,10,86,137,194,2,94,130,221,26,70,153,209,16,78,77,140,202,26,69,138,194,2,
    93,156,208,10,85,155,215,50,110,170,225,58,102,163,225,34,125,190,249,42,117,179,240,210,13,72,138,218,5,66,128,194,29,90,153,
    202,49,14,69,150,206,15,88,133,194,2,84,157,196,20,87,142,215,50,105,169,244,34,99,190,227,59,96,191,251,42,118,177,236,207,
    5,86,137,196,7,94,136,194,29,89,168,240,51,7,80,136,202,1,88,128,194,26,64,155,223,31,25,130,157,20,48,245,187,119,56,
    178,143,98,32,195,129,79,13,203,241,146,13,37,241,191,88,67,239,140,40,123,164,164,117,80,31,206,145,89,26,154,153,74,20,131,
    226,6,68,130,192,114,51,249,185,122,116,205,188,98,32,230,164,55,40,179,172,146,80,22,212,154,107,17,172,247,40,25,219,174,49,
    82,16,211,148,7,24,222,193,66,51,203,179,79,0,218,189,20,124,186,248,54,61,244,240,96,35,254,232,89,40,238,172,146,80,75,
    212,199,124,34,224,166,100,42,219,161,32,74,20,223,150,22,6,215,132,91,30,196,200,4,70,130,133,112,56,144,248,54,116,178,188,
    97,47,235,164,38,27,238,172,161,80,22,165,155,124,34,224,149,97,25,224,226,61,30,7,199,242,22,84,146,208,66,3,201,137,74,
    68,253,169,87,109,197,135,95,29,219,185,63,19,239,232,59,100,179,244,207,18,118,180,242,48,40,227,184,40,47,164,255,32,15,80,
    154,219,105,24,222,156,66,0,155,132,23,8,206,140,114,48,246,135,117,116,246,191,4,108,170,232,38,100,162,188,250,116,57,247,179,
    124,110,211,131,65,15,181,174,108,119,53,214,148,7,24,237,150,14,81,138,183,74,8,206,140,114,109,246,233,122,56,254,188,98,32,
    213,171,93,73,3,150,250,56,118,180,242,48,110,172,166,103,37,229,174,32,97,53,243,148,127,24,131,156,31,37,198,132,23,59,197,
    192,35,124,178,135,95,29,163,143,81,5,195,237,139,17,1,249,250,51,118,188,187,48,99,172,251,33,102,174,226,55,23,92,159,216,
    4,65,132,250,14,76,138,200,6,68,130,192,114,51,249,185,122,116,205,153,71,97,47,200,211,105,50,173,147,81,58,165,190,124,17,
    228,234,53,102,180,200,32,30,92,154,216,22,84,146,156,65,15,203,132,6,59,206,209,114,48,246,180,39,56,163,197,219,97,47,205,
    189,73,126,161,250,41,92,180,242,48,110,172,234,40,102,232,173,99,95,16,154,167,90,69,237,175,113,0,155,129,111,45,206,140,47,
    3,240,244,54,111,2,157,131,25,47,237,171,105,1,173,133,116,9,255,242,45,110,211,131,65,15,181,174,108,119,53,214,148,7,24,
    237,150,2,76,245,161,111,8,235,140,47,48,171,253,158,92,95,243,141,34,70,132,194,0,126,188,250,56,33,252,187,124,43,172,149,
    100,119,219,157,95,82,77,211,177,127,24,222,193,113,6,138,214,6,84,130,143,108,24,41,216,195,89,95,229,163,97,47,251,211,127,
    50,195,177,56,104,180,226,48,42,227,192,40,102,164,226,32,30,92,154,216,22,84,146,156,65,15,203,132,6,59,206,245,150,84,63,
    253,173,121,39,197,134,25,57,200,206,0,1,240,182,116,103,221,155,89,34,224,163,57,42,232,157,109,30,65,154,167,90,69,237,175,
    113,0,155,129,111,9,18,208,203,103,28,148,215,16,92,128,202,119,10,149,139,17,23,213,147,81,9,165,141,124,17,231,234,45,102,
    182,200,32,30,92,154,216,22,84,146,208,14,76,138,173,100,96,33,208,179,84,26,253,187,111,39,229,131,68,87,251,142,0,32,161,
    250,71,58,248,190,33,7,197,131,100,42,237,243,108,82,35,215,216,66,28,215,158,14,23,207,141,75,9,18,141,179,84,71,253,187,
    92,95,192,134,119,14,132,223,0,1,213,147,81,31,248,227,89,34,189,131,65,42,181,174,108,97,20,154,211,22,43,222,253,102,36,
    234,168,51,44,79,213,203,113,63,221,173,89,78,201,132,76,108,132,194,0,126,188,250,56,118,180,242,48,110,211,166,57,25,219,157,
    108,15,21,243,177,90,60,191,147,96,104,187,228,111,33,10,212,212,94,26,219,157,66,70,243,134,25,57,251,189,76,111,245,147,81,
    58,248,227,79,36,172,229,40,116,173,200,32,30,92,154,244,50,112,174,236,42,104,166,155,110,113,23,141,179,113,63,253,173,1,49,
    192,181,67,70,153,194,77,63,232,178,54,48,248,189,127,60,164,149,100,119,237,243,73,119,17,223,139,35,15,226,147,97,104,169,228,
    48,105,116,156,218,24,86,148,210,16,78,140,202,8,70,251,142,17,50,240,182,116,103,248,227,121,127,197,131,97,25,237,226,225,58,
    7,250,229,126,60,226,160,59,36,183,173,51,9,55,213,165,81,86,158,210,2,100,140,202,8,70,132,194,0,126,249,180,124,92,180,
    242,48,110,172,234,40,102,63,242,176,69,52,250,229,91,60,226,160,85,33,217,160,89,41,35,156,199,24,5,192,128,89,0,203,196,
    75,14,197,144,8,1,213,147,81,31,248,227,89,34,189,131,173,78,81,242,176,69,48,191,222,50,112,174,236,111,38,226,206,34,96,
    94,156,136,93,2,193,128,94,78,216,139,74,10,193,204,67,49,242,185,121,34,188,141,124,34,55,202,136,19,41,242,176,118,7,255,
    139,118,121,132,169,100,44,140,168,109,35,31,208,218,94,3,218,145,68,7,195,132,8,57,200,142,17,50,240,179,116,58,248,190,128,
    27,33,249,187,76,72,183,214,58,120,182,244,126,63,237,173,102,104,217,141,110,44,23,208,150,84,26,253,187,89,2,157,181,71,70,
    153,194,91,1,240,182,81,31,57,231,165,27,4,151,187,107,41,242,237,69,58,190,229,59,45,132,236,42,104,166,173,100,96,9,211,
    136,83,5,196,147,83,11,150,172,65,8,192,164,73,44,239,174,183,90,25,194,136,2,55,202,136,107,41,215,149,83,105,250,229,77,
    25,199,160,59,23,228,236,48,105,87,156,142,80,19,218,248,16,78,140,202,8,70,132,194,70,49,10,150,171,30,80,241,128,70,1,
    249,173,19,41,215,149,83,105,250,229,77,98,232,236,99,38,166,180,99,41,12,207,210,79,25,198,153,67,30,205,137,77,72,246,131,
    159,95,11,140,179,87,4,237,132,67,4,194,150,71,14,182,245,51,120,242,187,24,112,174,236,42,104,166,228,34,96,94,156,218,81,
    16,148,173,92,2,197,181,97,87,201,247,181,115,73,218,197,109,66,200,214,99,27,231,204,125,12,242,149,83,17,223,157,35,60,191,
    147,67,1,234,245,93,34,86,143,211,17,86,192,154,85,0,166,202,36,98,160,158,220,26,88,150,212,18,80,142,204,10,72,210,133,
    64,12,251,242,115,54,229,177,96,36,166,147,67,36,234,173,110,44,18,208,179,113,31,216,195,111,1,164,230,91,46,236,215,163,115,
    73,255,189,123,57,159,128,27,55,148,130,12,46,255,177,127,113,156,244,50,112,174,236,42,104,166,228,34,96,94,217,148,92,124,148,
    210,44,106,168,230,36,98,229,208,152,48,88,150,212,18,21,192,136,32,72,134,196,2,18,251,168,111,42,248,244,77,25,226,160,99,
    36,234,168,110,9,55,213,150,9,41,255,196,105,36,236,204,104,45,227,223,144,26,39,255,171,3,57,231,179,99,33,202,213,107,41,
    242,131,106,120,171,244,117,49,227,169,48,15,227,176,81,37,12,202,147,119,55,184,145,96,38,193,143,77,11,201,143,144,11,39,255,
    189,94,65,241,142,2,92,143,205,40,7,255,177,127,98,209,177,102,3,235,190,124,33,229,161,42,31,18,244,159,93,27,217,135,61,
    38,185,153,77,11,236,143,163,88,80,131,221,27,94,226,131,73,9,202,180,78,1,231,185,104,118,223,176,126,53,234,246,73,39,232,
    170,103,127,46,176,176,97,60,243,186,101,37,230,238,45,72,160,158,220,26,39,255,171,3,57,231,179,99,33,202,213,107,41,242,131,
    106,98,212,161,102,36,225,162,56,12,233,215,176,52,12,253,181,96,61,226,252,34,21,193,143,104,115,236,143,144,86,49,255,157,94,
    28,194,221,117,89,147,204,18,76,174,245,54,120,225,187,96,59,253,188,107,71,7,142,157,105,40,234,179,122,38,211,175,97,47,250,
    167,42,1,198,204,157,87,29,159,254,18,80,142,204,94,9,213,143,12,23,255,181,110,112,167,253,24,112,174,136,198,123,43,255,239,
    85,19,199,159,93,62,161,135,69,38,215,182,62,0,245,202,136,85,22,132,161,66,88,248,137,73,28,201,150,16,78,193,149,83,52,
    167,184,35,64,6,225,175,77,14,204,178,45,5,169,227,60,98,188,254,37,102,168,177,107,48,235,205,140,91,27,211,218,113,5,220,
    158,79,6,210,167,67,13,251,174,123,118,213,246,156,77,7,205,207,46,7,206,186,53,80,244,185,119,51,252,238,83,3,225,170,104,
    29,236,143,163,86,20,218,197,109,1,142,209,10,15,195,144,80,1,233,177,127,64,19,196,143,78,6,205,206,67,3,205,187,53,80,
    235,179,96,32,245,175,104,37,230,170,125,106,223,247,149,86,20,233,152,3,47,194,128,70,89,249,149,14,64,248,217,154,71,23,153,
    228,64,5,203,135,72,66,255,239,85,54,169,231,125,62,161,162,83,38,228,153,118,98,189,158,163,115,17,218,152,109,28,159,179,70,
    4,202,213,125,77,84,231,169,90,19,221,139,79,11,196,138,46,61,233,183,112,54,199,186,37,13,252,162,96,123,215,183,42,29,223,
    208,157,87,29,213,149,94,28,142,209,10,6,195,183,157,95,22,215,133,65,0,213,198,74,31,198,133,80,11,207,176,52,41,253,186,
    114,126,176,224,34,100,161,204,36,98,160,158,144,85,27,215,152,18,47,159,128,70,40,221,169,146,99,19,231,169,71,82,141,206,75,
    15,220,136,69,15,197,189,125,54,244,187,113,38,248,161,104,98,161,204,36,98,160,158,144,85,27,215,152,18,47,159,164,55,45,238,
    172,151,80,22,137,199,107,6,144,211,12,17,134,200,10,31,170,254,60,122,184,191,114,114,207,255,96,38,228,153,109,46,223,215,163,
    101,11,150,201,15,108,213,164,106,13,203,137,183,117,75,212,199,107,59,249,130,29,53,202,206,18,75,128,170,116,63,246,220,52,114,
    176,238,44,106,168,230,109,36,160,205,153,86,30,152,158,111,33,239,232,59,121,162,159,146,80,51,241,191,125,59,129,130,29,53,225,
    175,72,83,255,188,52,109,177,246,117,60,244,238,126,43,255,161,97,54,168,144,210,20,120,178,143,98,32,195,129,79,13,203,241,146,
    13,37,241,191,88,67,239,140,4,82,129,207,4,95,157,254,67,54,244,159,93,27,217,135,61,38,185,153,77,11,236,143,135,116,124,
    171,249,46,56,226,173,104,78,162,224,222,28,90,152,214,20,82,144,206,12,53,239,200,86,7,205,177,104,63,236,183,118,62,245,238,
    49,106,166,232,42,72,124,186,248,54,116,178,240,46,41,230,187,99,45,228,224,141,89,22,222,216,122,19,221,139,12,87,149,198,123,
    14,204,151,85,19,209,159,37,62,161,145,69,3,228,247,191,124,116,171,232,63,116,230,184,107,34,128,232,38,100,162,224,222,28,90,
    152,214,20,82,239,169,2,24,205,139,75,22,197,170,125,56,244,179,37,114,173,238,83,123,8,147,137,114,48,243,180,122,101,163,143,
    122,70,170,232,38,100,162,224,222,28,90,152,214,20,45,247,192,94,15,197,137,80,7,145,254,33,122,235,179,120,52,154,238,200,6,
    68,130,192,62,124,255,180,101,49,251,182,46,63,239,164,96,106,204,161,147,89,90,133,203,20,45,220,130,101,35,225,175,109,83,204,
    239,67,19,209,186,37,13,14,130,217,23,77,130,129,112,56,186,240,73,101,254,225,103,32,230,161,106,40,179,241,161,72,33,138,171,
    20,79,141,206,115,6,196,175,109,43,233,151,45,54,169,137,185,103,0,155,183,68,76,147,210,55,124,245,170,54,11,163,188,63,37,
    230,164,111,40,238,241,207,99,14,227,196,105,82,141,211,12,53,196,138,109,43,233,151,85,107,24,131,175,103,37,198,217,121,6,138,
    209,45,117,179,248,98,60,247,190,4,108,170,232,38,100,162,224,222,28,90,152,214,107,53,158,156,73,7,199,146,65,22,193,188,148,
    83,70,146,205,14,51,155,132,23,13,206,140,119,48,246,233,39,11,230,218,46,108,170,232,38,100,162,224,222,28,90,152,169,115,92,
    194,139,65,5,220,131,22,66,65,154,139,83,24,212,250,14,76,138,200,6,68,130,192,123,48,233,189,127,50,178,163,107,32,236,230,
    72,37,239,165,222,1,71,152,169,88,30,249,167,101,35,225,215,108,15,35,243,177,90,69,237,146,6,93,158,193,6,5,204,132,62,
    47,238,170,127,58,245,254,104,37,228,172,46,48,237,179,138,78,19,214,145,28,45,129,130,29,3,232,174,105,82,16,139,201,105,0,
    233,194,115,69,134,200,121,8,206,169,87,21,211,145,39,56,163,143,71,5,230,249,89,38,170,241,203,21,83,152,130,92,23,222,228,
    40,102,164,226,32,30,92,154,216,22,84,146,175,105,66,216,141,75,11,214,133,106,61,248,180,115,103,178,237,46,19,187,164,55,45,
    238,172,151,80,22,137,199,107,6,134,234,40,102,164,226,32,30,92,154,216,22,84,237,183,0,30,207,133,73,16,199,211,62,97,186,
    171,115,56,244,218,46,108,170,232,38,100,162,224,155,80,9,221,159,118,110,255,175,100,32,170,140,97,83,25,154,197,11,84,237,156,
    66,37,227,161,111,45,147,140,47,3,211,145,122,101,205,178,38,125,188,225,38,37,236,164,222,78,27,227,181,117,58,164,228,38,104,
    168,226,95,82,16,243,177,127,61,251,193,66,93,245,161,111,8,147,191,124,116,171,239,63,125,178,237,51,108,213,164,106,13,203,137,
    183,81,103,248,227,79,7,197,166,57,25,230,234,49,6,85,154,140,94,17,220,250,14,76,138,200,6,68,130,192,62,124,186,248,100,
    49,230,165,124,34,128,232,38,100,162,188,250,56,118,241,188,116,68,172,234,40,102,225,174,115,91,21,220,216,30,43,131,156,66,0,
    245,129,74,59,203,191,65,47,186,229,43,116,205,188,98,5,195,129,79,105,111,240,235,71,31,221,190,33,17,238,226,57,127,173,226,
    97,80,24,154,159,83,0,212,149,64,26,130,193,8,59,235,169,114,48,246,180,122,101,163,143,71,32,195,237,189,17,40,181,250,119,
    36,180,250,79,127,224,166,100,25,237,174,95,87,35,229,139,22,73,143,208,113,0,198,161,111,45,235,169,47,48,171,135,95,29,254,
    225,81,74,78,150,210,9,126,253,180,124,118,203,149,62,60,237,169,109,50,225,177,116,23,92,206,144,83,26,184,208,14,76,138,200,
    6,68,130,191,47,48,171,177,122,56,251,192,134,25,87,251,150,123,108,193,250,37,118,194,183,115,58,227,184,59,104,219,139,73,82,
    77,214,201,90,24,251,185,71,0,198,132,23,59,147,213,54,108,182,248,59,1,94,156,218,4,70,148,203,42,126,188,250,56,51,248,
    161,117,39,234,234,87,119,232,174,108,97,21,214,167,95,43,237,131,14,81,151,200,121,8,206,169,87,21,211,253,195,92,95,243,163,
    97,10,149,189,66,118,174,235,49,118,245,188,116,110,255,175,100,32,170,140,97,83,25,154,197,11,84,237,156,66,37,227,161,111,45,
    147,140,47,103,63,253,158,1,49,206,194,26,84,141,194,65,48,248,250,48,49,241,166,118,43,226,188,32,111,170,166,101,82,9,194,
    157,7,84,221,130,14,11,207,156,64,1,204,202,210,17,88,208,151,92,27,212,143,1,70,208,138,69,48,150,250,56,118,180,242,48,
    110,172,184,109,50,241,176,110,52,92,154,216,22,17,220,148,36,76,138,200,6,50,27,200,143,74,24,148,173,1,39,192,219,25,15,
    200,211,76,1,240,182,71,36,188,161,117,34,234,230,40,104,170,236,41,52,25,212,156,31,126,213,149,90,10,207,170,116,104,87,146,
    157,74,23,194,210,13,78,219,133,90,13,215,146,65,61,249,244,95,36,245,164,121,58,245,192,111,35,240,164,101,80,10,146,209,24,
    43,222,193,71,33,234,245,93,44,18,141,147,103,71,140,210,13,78,159,218,24,108,195,135,84,56,249,180,110,126,189,252,98,47,239,
    175,91,54,225,167,100,30,65,154,202,6,68,184,160,101,43,231,168,34,31,23,208,150,9,26,133,195,121,2,192,163,97,57,209,194,
    29,126,240,181,121,50,231,166,98,39,226,173,32,33,229,175,101,4,52,206,140,70,23,235,184,34,23,234,168,75,9,55,245,179,9,
    26,133,173,121,39,192,219,119,4,140,208,19,119,176,250,108,36,225,183,57,103,164,227,2,47,226,226,110,81,8,154,139,123,60,226,
    253,102,121,183,141,110,44,55,245,165,77,86,192,154,85,0,166,202,8,70,132,149,65,44,242,242,71,58,248,155,89,7,197,131,57,
    42,181,157,73,119,52,167,139,112,120,188,248,35,97,140,228,34,96,94,206,159,76,3,198,156,58,11,194,142,34,10,203,129,65,50,
    188,133,113,9,248,155,33,7,197,166,100,119,219,180,252,39,120,237,222,50,112,174,236,110,58,239,178,103,19,14,217,159,92,86,137,
    210,24,94,212,219,29,84,132,207,0,110,228,232,46,127,184,216,48,110,172,234,105,51,20,241,154,123,42,251,244,47,112,232,173,102,
    59,227,232,8,96,94,156,218,89,3,192,157,115,1,192,134,77,5,208,139,66,50,249,169,56,107,180,180,113,34,255,175,200,40,64,
    190,252,58,57,227,160,125,6,235,164,99,43,234,161,73,41,10,156,199,24,16,213,158,67,11,128,224,8,70,132,194,65,43,232,181,
    94,63,230,183,48,115,72,192,133,78,19,251,240,16,120,182,244,50,49,251,184,101,27,227,168,110,96,67,156,156,89,26,199,151,28,
    100,140,202,8,70,201,139,78,13,249,182,116,6,230,187,143,79,72,155,196,18,76,148,252,58,120,182,181,103,36,225,136,111,36,239,
    178,103,50,7,156,199,24,16,213,158,67,11,128,224,8,70,132,194,65,43,232,181,92,51,28,199,154,79,26,223,165,70,22,190,225,
    58,62,247,184,97,53,162,198,42,104,166,228,102,37,18,213,140,93,4,205,161,68,15,222,153,8,91,132,215,12,84,188,250,212,18,
    20,203,128,67,30,195,150,91,45,247,178,87,55,248,177,107,112,179,236,58,100,140,228,34,96,94,216,159,84,31,194,151,66,23,225,
    139,80,43,203,140,69,39,88,139,212,11,73,151,213,19,81,159,221,27,76,148,252,58,120,182,181,103,36,225,153,122,47,244,165,102,
    37,94,129,218,94,23,216,129,85,66,166,202,8,70,132,131,146,84,23,207,164,93,0,219,156,10,85,134,130,67,12,237,185,54,82,
    182,244,50,112,252,173,105,45,213,180,103,37,26,156,199,24,94,132,138,84,10,140,199,8,86,248,143,201,19,84,188,212,18,80,142,
    141,95,28,201,182,67,3,251,252,39,120,240,181,126,35,235,224,0,104,166,228,34,33,11,200,149,106,23,215,151,118,15,223,158,36,
    127,160,216,157,86,11,211,216,56,80,142,204,10,9,211,144,77,36,236,181,124,44,196,181,113,53,174,241,42,46,231,168,113,37,82,
    182,218,24,86,148,147,69,26,231,128,101,48,237,242,157,74,11,150,201,18,22,207,128,89,13,138,238,2,64,190,252,123,45,226,187,
    64,49,237,169,76,41,244,169,107,46,25,156,199,24,16,213,158,127,47,164,204,36,98,160,158,157,79,12,217,167,87,17,221,131,68,
    72,155,196,68,1,242,175,127,116,156,244,50,112,174,191,111,41,245,171,108,6,12,211,151,24,75,176,255,32,64,168,230,36,98,243,
    219,157,73,23,216,160,93,80,147,204,31,88,138,238,2,64,190,252,123,45,226,187,84,34,235,169,77,33,224,176,113,96,67,156,156,
    117,62,227,171,32,64,168,230,36,98,225,203,136,85,43,198,157,92,35,218,141,68,12,199,150,70,64,163,252,124,57,250,167,119,124,
    132,236,42,104,166,165,119,52,17,203,166,125,60,216,183,124,47,250,230,57,98,230,223,144,73,29,154,254,18,80,142,204,89,24,207,
    138,97,15,235,178,110,120,171,244,35,124,132,236,42,104,166,183,114,117,52,220,179,120,51,233,238,49,106,184,232,55,110,138,158,220,
    26,88,215,129,70,31,225,156,79,6,237,141,86,19,190,225,58,62,247,184,97,53,162,198,42,104,166,128,181,117,46,219,185,97,60,
    228,238,49,106,185,234,14,98,160,158,220,91,13,194,155,125,0,203,130,107,4,202,175,75,20,237,252,39,120,240,181,126,35,235,224,
    0,4,66,128,254,125,47,236,185,87,58,255,190,44,119,168,160,101,46,243,219,208,48,88,150,212,18,19,198,131,90,43,199,150,108,
    1,243,185,58,101,182,139,126,60,199,225,175,109,43,145,178,45,5,209,159,120,99,207,172,36,120,189,239,40,72,160,158,220,26,27,
    222,155,66,51,207,158,109,61,239,160,2,93,190,131,118,52,223,157,91,101,35,153,138,21,61,233,151,112,107,199,180,60,96,166,231,
    32,64,168,230,36,98,225,203,136,85,49,216,146,71,3,199,131,68,72,155,196,68,1,242,175,127,116,156,144,206,12,74,193,136,66,
    23,211,183,115,52,219,183,102,28,241,163,105,106,181,230,91,46,236,247,181,115,49,255,197,94,65,241,165,99,4,151,187,64,72,172,
    235,51,24,120,144,206,12,74,193,136,66,23,211,183,115,52,219,183,102,21,197,135,72,106,181,230,91,46,236,247,181,115,49,255,197,
    94,65,241,165,99,4,151,187,64,72,172,128,223,24,120,144,206,12,74,201,147,80,13,228,191,117,54,225,246,41,114,246,175,96,57,
    237,234,14,98,160,158,220,91,13,194,155,113,31,192,159,95,5,195,196,31,28,28,217,154,71,23,156,228,12,74,136,198,71,13,206,
    173,105,55,253,159,96,55,253,238,49,106,215,170,104,11,201,247,181,115,73,218,197,109,57,231,128,27,55,196,232,204,5,83,148,252,
    20,82,144,206,77,31,220,137,116,23,210,189,116,59,235,179,52,111,176,168,109,38,251,163,40,72,160,158,220,26,8,195,134,81,24,
    207,159,79,13,246,165,147,28,71,152,169,88,30,249,167,101,35,225,215,72,83,255,151,85,54,169,137,118,122,163,254,37,102,130,230,
    36,98,160,223,137,78,23,230,129,64,19,198,169,117,33,209,176,151,82,9,152,203,20,20,209,130,95,15,132,236,4,66,128,254,108,
    47,234,181,124,51,227,171,95,58,225,168,119,22,249,206,153,26,69,150,171,94,32,195,129,79,13,203,241,146,13,37,241,191,88,67,
    239,140,4,89,153,207,8,104,128,254,60,122,232,163,102,49,248,175,127,47,219,182,109,44,243,255,145,85,13,216,164,46,113,170,249,
    42,78,162,224,222,28,27,205,130,91,49,223,130,64,15,203,146,101,14,204,152,110,63,253,132,113,37,241,188,104,57,168,251,36,36,
    225,210,143,95,120,152,240,46,108,170,169,115,48,237,147,147,93,8,204,165,81,30,220,206,17,74,206,135,72,17,197,242,22,122,184,
    246,52,51,229,186,99,8,253,191,71,35,242,205,248,43,116,244,177,98,63,239,228,12,100,162,224,222,94,15,193,187,93,28,224,156,
    69,9,205,198,25,66,144,242,22,122,184,246,52,48,229,183,65,43,240,150,118,43,63,255,248,43,116,171,233,55,117,179,241,63,125,
    187,236,244,28,90,152,214,86,7,201,189,92,15,203,143,66,11,195,157,125,40,184,235,52,112,178,226,44,64,168,230,192,62,59,243,
    174,115,38,217,185,122,108,183,232,96,37,238,179,155,16,112,197,252,88,29,211,143,64,74,206,147,74,1,212,183,115,52,184,137,125,
    59,217,135,61,3,85,206,140,114,109,246,180,73,35,186,249,4,108,170,232,38,45,228,224,142,95,27,212,154,28,20,197,128,79,30,
    193,137,74,74,137,254,110,63,236,163,102,60,176,188,141,71,0,196,137,114,57,178,135,122,56,219,153,71,5,195,249,106,117,221,137,
    183,80,75,231,148,28,65,130,199,5,74,205,136,64,75,128,170,116,63,246,220,52,114,76,138,200,6,68,130,140,113,63,251,180,54,
    11,205,153,98,32,213,129,55,13,203,137,161,99,2,152,203,20,21,209,131,73,80,239,131,80,49,197,172,106,51,251,179,216,113,0,
    198,161,111,45,235,169,47,48,171,135,95,29,254,225,81,46,162,251,53,109,171,250,180,111,53,246,178,81,17,223,138,73,66,218,131,
    69,6,198,183,112,63,92,237,156,66,37,227,161,111,45,147,140,47,3,211,145,122,101,205,178,38,127,190,225,47,109,136,224,222,28,
    90,152,214,20,82,217,136,12,53,247,175,72,14,255,151,201,127,61,251,175,113,20,138,156,78,1,204,234,62,124,186,248,54,116,178,
    240,46,108,170,232,96,43,240,224,161,117,51,137,169,107,59,249,167,69,91,247,131,8,66,35,214,148,95,43,251,193,103,37,227,161,
    23,8,147,191,44,58,186,177,120,116,226,177,103,62,249,224,89,27,203,172,146,99,51,137,191,125,59,239,177,84,67,136,130,111,52,
    92,154,216,22,84,146,208,14,76,138,200,6,68,130,192,62,53,252,248,73,61,205,188,71,125,195,129,106,40,179,159,136,103,37,241,
    191,5,45,239,167,101,35,237,243,95,91,33,154,134,11,84,220,153,66,76,222,128,67,10,168,192,62,124,186,248,54,116,178,240,46,
    108,170,232,38,100,162,224,222,28,90,231,159,107,30,249,223,65,15,232,174,49,97,10,225,167,127,61,131,175,113,37,227,161,79,85,
    253,133,67,124,167,248,73,56,254,185,81,5,187,129,79,13,203,241,146,13,37,138,144,62,82,172,234,40,102,164,226,32,30,92,154,
    216,22,84,146,208,75,2,206,226,6,68,130,192,62,124,186,248,54,116,178,240,107,34,238,194,38,100,162,224,222,28,90,152,147,126,
    42,134,234,40,102,164,167,110,90,118,154,216,22,84,219,150,14,28,201,137,74,8,138,134,107,50,249,172,127,59,252,248,39,108,248,
    173,114,49,240,174,222,78,31,245,182,118,39,224,175,32,25,232,174,73,119,53,243,177,7,24,131,175,103,37,198,217,121,6,138,211,
    43,117,179,248,115,58,246,249,46,45,228,172,38,54,231,161,154,126,63,248,183,56,17,224,166,65,15,205,139,73,15,16,139,167,127,
    61,222,193,113,14,130,219,16,77,139,192,96,97,186,182,127,56,178,164,102,41,228,194,38,100,162,188,250,56,118,180,190,127,45,237,
    166,40,25,219,139,108,82,35,243,201,127,61,251,175,113,20,138,213,6,22,199,129,122,58,243,180,115,124,205,188,98,5,195,129,79,
    105,111,240,235,71,31,221,190,33,17,238,226,59,113,173,235,58,97,16,139,177,127,24,222,156,31,37,195,217,121,59,144,141,54,126,
    186,250,63,94,178,240,46,108,170,132,194,0,55,250,250,59,9,203,155,124,34,211,131,57,15,205,139,95,97,4,154,198,11,84,129,
    208,90,4,207,134,44,68,130,192,62,124,186,248,54,116,178,240,46,119,15,251,142,105,111,213,147,116,58,165,141,102,96,232,175,100,
    47,242,167,114,71,47,206,153,68,7,146,205,14,24,197,134,83,9,192,133,108,116,197,135,95,56,254,243,163,25,47,237,171,127,1,
    228,129,41,11,189,242,127,60,172,255,2,102,164,226,32,30,92,154,216,22,84,146,208,113,5,245,132,111,85,235,169,114,48,171,135,
    96,30,10,201,134,65,16,193,144,89,19,245,180,85,57,250,183,105,110,177,234,124,41,234,183,109,92,25,200,208,105,43,251,156,66,
    51,227,217,111,45,235,191,65,36,193,134,175,25,78,195,152,8,86,174,194,0,126,188,250,56,118,180,242,48,110,172,149,97,25,232,
    139,49,119,53,214,148,7,43,196,222,74,9,198,129,80,1,208,153,83,89,14,249,157,94,11,213,202,21,70,208,141,78,43,241,184,
    125,36,188,141,79,7,224,166,87,15,181,139,73,119,35,229,128,109,71,239,217,14,3,216,200,31,93,155,133,195,1,79,141,203,58,
    78,140,202,8,70,132,194,0,59,242,190,18,118,180,242,48,43,226,174,2,35,234,166,10,97,21,211,177,127,69,251,193,66,0,198,
    217,74,44,33,203,210,17,124,216,157,83,15,192,202,78,19,202,129,84,55,243,180,56,9,203,190,121,7,197,166,97,42,232,174,108,
    15,35,195,208,31,126,146,208,14,76,198,171,97,33,18,156,165,103,26,133,187,92,2,197,219,65,47,251,152,0,99,188,189,121,59,
    241,232,87,43,248,153,109,52,242,171,99,91,84,229,148,90,61,251,185,103,1,183,168,51,31,55,245,150,9,41,214,218,3,86,133,
    195,18,44,247,173,110,27,242,185,119,50,241,250,79,39,211,166,65,119,205,139,108,82,77,229,142,31,126,146,236,42,104,241,182,107,
    52,27,218,147,84,19,156,173,92,2,229,163,97,47,237,211,76,111,195,147,81,58,165,141,114,102,191,243,33,106,164,157,95,82,77,
    243,148,90,57,191,165,67,23,252,237,8,96,94,156,218,84,25,215,147,92,78,243,134,68,10,200,142,105,50,173,133,81,31,165,190,
    33,17,189,250,40,123,164,182,111,77,8,200,189,124,55,166,147,99,23,234,141,51,9,55,208,150,9,41,194,220,84,11,192,131,94,
    3,214,155,115,42,253,168,107,120,186,240,48,108,162,228,87,47,219,174,73,15,17,223,184,126,97,209,186,36,44,227,168,107,54,27,
    206,131,117,31,218,191,95,0,201,147,6,72,134,194,2,112,178,133,113,9,248,155,33,7,197,166,100,119,219,180,242,126,61,250,189,
    100,53,252,181,71,41,254,137,109,46,27,197,211,50,86,148,210,16,25,222,131,92,3,194,139,76,59,180,133,116,58,221,155,89,7,
    197,251,100,119,63,215,149,118,105,201,182,58,100,190,229,38,104,217,168,110,44,18,208,179,84,71,235,187,121,95,192,219,119,87,148,
    203,42,59,242,190,18,58,251,177,113,34,172,149,136,78,63,215,149,115,52,167,139,35,25,199,133,85,121,183,228,63,96,33,213,150,
    84,71,216,195,1,39,192,134,97,47,251,151,26,29,238,191,121,34,241,133,121,32,12,201,147,10,27,190,131,83,105,250,229,123,25,
    231,160,102,121,234,155,51,38,94,129,218,103,26,216,187,121,39,229,163,25,10,149,189,105,23,240,235,71,52,188,230,221,3,72,219,
    205,40,9,248,252,69,52,250,139,91,25,231,160,59,23,183,141,75,9,33,141,203,22,41,210,128,81,3,201,202,92,14,193,140,42,
    126,188,250,56,9,28,194,179,99,33,207,136,19,63,175,149,83,17,201,229,35,126,209,170,120,41,235,161,44,19,23,198,159,24,75,
    148,167,116,7,193,216,6,57,237,171,76,111,240,235,152,94,57,231,133,70,4,202,213,125,81,171,244,42,116,182,252,34,40,191,175,
    60,104,171,228,50,56,76,142,211,20,86,132,222,16,88,156,218,1,108,193,140,68,84,39,218,152,109,57,231,133,70,89,249,213,107,
    41,215,131,43,105,172,149,118,52,204,163,114,96,217,168,110,9,55,245,179,113,71,216,195,111,39,229,134,25,57,198,202,200,8,81,
    154,212,84,5,192,143,94,1,201,138,10,15,252,182,127,59,226,248,50,54,225,175,127,59,175,206,34,96,94,156,147,94,86,210,157,
    83,27,223,202,92,14,229,208,246,26,88,150,212,18,80,142,204,70,7,197,133,78,64,193,176,118,49,250,184,126,60,226,253,102,36,
    207,141,110,31,33,141,200,24,75,148,134,95,0,217,135,102,39,242,150,147,88,18,211,151,70,94,250,137,82,28,143,238,2,64,190,
    252,58,120,182,244,123,54,174,147,102,36,239,168,110,44,18,208,203,84,26,253,187,92,49,215,247,54,98,244,214,153,84,114,150,212,
    18,80,142,204,10,72,134,196,2,64,247,186,58,7,250,184,123,60,226,160,102,36,183,168,110,9,55,208,165,103,71,134,210,50,106,
    160,246,124,117,230,137,220,23,88,134,140,0,71,135,204,94,0,195,138,2,63,242,176,115,52,250,184,126,60,191,160,102,1,207,168,
    93,31,79,142,218,5,86,184,254,116,125,237,246,36,111,160,142,132,11,72,159,212,87,30,202,230,10,72,134,196,2,64,190,252,58,
    120,182,244,77,57,209,160,67,121,207,141,110,44,79,227,140,58,54,226,167,122,47,219,182,97,39,228,158,193,26,39,218,152,91,28,
    194,128,70,4,151,136,78,41,215,176,69,7,167,230,24,112,174,236,42,104,166,228,34,96,94,184,246,115,55,228,168,105,36,254,238,
    45,108,223,210,205,83,17,218,197,109,28,194,221,67,55,151,220,2,93,190,131,118,52,255,184,126,60,226,160,59,36,234,141,75,112,
    5,199,231,38,88,176,238,44,106,168,230,36,98,160,158,220,26,39,233,152,91,57,231,128,67,4,202,136,78,81,193,165,50,113,156,
    244,50,112,174,236,42,104,166,197,176,120,80,184,246,52,114,245,160,104,64,237,168,96,107,138,225,144,86,39,255,189,91,28,159,179,
    27,33,239,173,125,81,175,230,91,60,242,128,125,55,233,160,111,12,61,204,178,85,19,209,159,93,99,252,255,83,3,193,170,53,29,
    226,150,200,9,81,154,212,84,5,192,143,94,1,201,138,10,19,234,189,110,61,191,222,50,112,174,136,185,77,61,204,151,45,19,209,
    186,120,99,207,184,34,43,253,178,107,4,225,204,145,26,69,150,135,70,17,218,137,32,72,134,196,2,7,251,168,124,61,248,162,58,
    5,68,201,147,80,13,128,227,60,41,236,183,96,55,154,238,44,106,168,153,91,46,233,247,181,86,17,218,152,94,28,159,179,83,64,
    143,238,2,64,190,252,115,62,182,195,154,77,30,205,198,80,10,197,176,22,122,184,246,52,114,176,238,44,62,233,181,111,108,243,206,
    157,77,22,158,146,71,30,205,152,67,7,200,204,11,106,190,252,58,20,82,144,206,12,74,136,198,4,21,200,183,112,63,184,177,113,
    38,246,171,98,60,160,239,42,35,245,202,147,26,28,217,254,18,80,142,204,10,72,134,196,2,64,190,152,214,20,82,144,154,77,25,
    195,200,83,3,201,170,52,115,146,246,52,114,176,238,44,106,168,230,36,98,160,158,220,26,88,198,151,83,28,194,196,76,29,200,135,
    86,85,21,214,222,29,120,144,206,12,74,136,198,4,66,128,254,60,122,184,246,52,114,176,238,44,106,228,169,103,35,236,158,163,115,
    49,135,157,94,65,231,165,70,4,207,172,207,13,37,137,197,20,79,144,137,77,7,205,200,116,14,193,167,121,40,235,248,88,61,243,
    175,96,26,228,167,125,39,242,144,191,82,25,196,149,81,4,203,158,32,100,162,224,222,28,90,152,214,20,82,144,206,12,74,136,198,
    4,66,128,254,117,60,184,137,93,27,161,167,96,123,193,143,104,46,233,210,205,11,39,135,199,18,17,192,172,38,27,203,137,207,85,
    22,137,191,125,30,220,135,64,91,153,185,21,81,154,152,117,52,252,144,125,32,227,186,79,34,225,170,96,106,223,210,144,115,49,255,
    189,123,125,230,249,89,13,203,172,207,99,24,144,194,0,91,153,206,77,4,204,198,123,43,233,239,117,54,169,159,93,62,252,167,96,
    123,185,153,53,113,174,246,137,87,25,216,191,103,40,164,155,99,37,246,144,159,78,14,152,130,92,23,222,228,12,74,136,198,4,66,
    128,254,60,122,184,246,52,114,176,238,44,106,168,230,36,98,160,158,144,85,55,243,188,46,19,195,129,106,13,238,137,183,117,51,212,
    199,125,59,249,177,29,94,136,219,4,61,233,151,45,51,244,231,93,27,252,162,101,38,185,247,91,115,179,144,144,99,57,243,190,97,
    37,238,230,85,33,227,180,174,93,8,204,216,100,19,194,139,66,30,134,182,69,16,197,176,104,80,184,246,52,114,176,238,44,106,168,
    230,36,98,124,186,248,54,116,178,240,46,108,170,232,38,45,228,224,144,83,14,152,129,91,0,219,157,92,11,203,131,30,36,201,176,
    120,28,241,164,103,38,211,166,101,38,236,238,191,114,48,211,145,95,29,219,225,98,125,213,129,79,40,179,159,156,20,78,141,223,29,
    82,196,134,73,4,162,198,4,66,128,254,60,122,184,246,52,114,176,238,44,106,68,130,192,62,124,186,248,54,116,178,240,46,108,230,
    167,101,37,238,224,161,117,51,212,199,88,67,220,130,101,35,193,138,72,14,145,129,45,111,184,235,52,27,254,189,156,71,10,193,133,
    48,3,211,145,122,101,254,225,98,32,195,129,111,40,238,172,207,99,75,141,222,107,30,220,167,101,35,225,175,21,14,145,129,85,19,
    244,231,75,48,68,158,222,15,72,130,151,113,46,241,171,102,53,241,181,39,70,170,232,38,100,162,224,222,28,90,152,214,20,82,144,
    206,12,74,136,198,4,66,128,254,60,122,184,246,208,113,37,227,132,23,8,147,140,114,21,211,177,122,56,254,225,81,125,191,230,72,
    37,239,165,222,1,90,231,154,88,59,249,167,101,35,153,138,21,61,233,151,112,107,43,208,216,26,91,131,226,6,68,130,192,62,124,
    186,248,54,116,178,240,46,108,170,232,38,100,162,224,222,28,90,152,214,20,82,144,177,101,35,196,215,72,83,204,178,177,127,29,222,
    156,66,93,245,217,19,74,241,137,100,57,186,229,54,2,247,179,122,35,248,251,40,27,203,137,146,13,22,137,154,88,59,249,135,64,
    6,196,215,123,83,73,146,202,6,68,130,192,2,76,152,216,10,68,138,208,102,104,255,236,38,116,191,240,62,52,184,248,47,109,136,
    224,222,28,90,152,214,20,82,144,206,12,74,136,198,32,30,92,154,216,22,84,146,208,14,76,138,200,6,59,235,169,114,109,246,233,
    122,56,219,153,103,32,230,164,55,27,179,245,208,125,20,219,158,91,0,213,138,12,87,164,182,114,75,25,176,216,22,84,146,208,14,
    76,138,200,6,68,130,192,62,124,186,248,54,116,178,240,46,108,170,232,38,100,162,159,183,117,22,137,154,5,30,220,167,65,47,232,
    174,108,15,35,139,205,24,36,221,131,71,24,195,135,72,68,159,192,65,21,211,233,127,56,163,153,71,32,230,161,106,117,179,159,207,
    15,84,240,131,89,19,226,165,97,34,214,173,111,74,44,219,138,66,90,226,159,93,5,222,129,73,10,130,203,62,10,255,187,98,59,
    224,227,32,19,195,129,106,117,238,241,146,80,51,241,159,124,34,224,251,87,119,177,234,48,18,92,146,200,78,64,130,147,14,65,138,
    216,94,86,150,201,50,124,170,241,28,116,178,240,46,108,170,232,38,100,162,224,222,28,90,180,242,48,110,172,234,40,102,164,226,101,
    80,24,176,216,22,84,146,208,14,76,138,200,6,68,130,192,62,124,186,248,54,116,178,240,46,108,170,151,79,13,238,137,146,81,31,
    221,155,124,127,197,131,65,25,181,246,58,110,21,204,151,66,32,221,216,89,3,216,131,85,20,195,131,123,114,240,173,101,32,243,160,
    111,62,254,230,69,2,240,253,183,125,118,190,242,83,8,254,171,101,35,170,157,73,119,16,139,148,7,24,222,185,103,5,198,132,74,
    85,253,209,43,116,170,244,54,124,162,168,61,123,170,229,38,16,38,174,190,49,122,180,227,32,126,188,227,33,76,164,226,32,30,92,
    154,216,22,84,146,208,14,76,138,200,6,68,130,192,62,124,186,248,54,56,253,179,111,32,170,251,171,105,23,213,147,81,9,248,190,
    124,127,224,251,87,15,205,157,49,8,92,135,216,65,27,192,155,93,28,203,139,67,74,200,149,109,40,251,168,119,38,230,254,77,110,
    20,197,143,69,126,182,250,91,16,230,179,125,43,162,149,65,15,232,243,108,15,16,214,177,127,29,222,156,66,93,245,217,19,76,146,
    204,62,116,170,160,116,116,191,140,218,80,87,141,206,0,115,180,234,96,101,242,227,48,99,172,250,112,127,173,235,10,30,92,154,216,
    22,84,146,208,14,76,138,200,6,68,130,192,62,124,186,248,54,16,78,140,134,71,5,197,142,0,1,240,235,71,9,248,190,79,34,
    189,149,97,25,219,243,55,30,65,154,208,105,61,251,156,103,0,227,161,111,45,206,209,87,21,211,235,195,4,64,252,152,65,11,197,
    144,89,14,253,168,108,120,196,189,99,39,248,163,103,40,164,239,32,97,53,243,177,127,61,251,175,66,0,198,217,74,85,253,169,87,
    103,71,130,220,96,1,223,131,92,15,203,140,9,112,209,187,127,56,253,166,101,42,233,192,40,102,164,226,32,30,92,154,216,22,84,
    146,208,14,76,138,200,6,68,130,156,218,24,86,216,157,83,15,192,202,119,10,149,139,73,50,173,133,116,58,165,187,79,127,180,234,
    53,102,227,167,116,88,25,212,142,30,93,156,175,66,93,195,129,74,113,33,208,150,9,31,235,195,8,78,195,152,8,85,148,210,42,
    126,188,250,56,118,180,242,48,110,172,234,40,102,164,226,32,30,92,154,216,22,84,146,208,71,10,138,155,110,113,23,213,150,9,41,
    216,158,1,7,243,219,16,70,154,194,18,110,172,234,56,34,252,183,126,110,211,166,57,47,237,174,49,97,16,214,201,95,43,131,200,
    14,117,166,246,50,112,78,156,159,86,18,190,210,16,78,140,202,8,70,132,194,0,126,188,250,56,118,180,242,48,110,172,234,40,102,
    164,157,73,119,16,243,148,127,61,251,133,102,121,207,141,75,31,79,136,212,104,4,221,159,81,28,213,186,73,20,208,204,97,45,239,
    191,117,52,248,171,92,39,226,175,105,52,210,167,108,81,31,211,140,79,112,179,236,85,1,207,168,75,44,55,245,179,113,26,133,187,
    121,39,243,219,28,72,244,144,73,51,253,168,97,6,245,160,100,96,207,140,122,39,233,167,46,114,19,213,191,68,53,237,184,101,58,
    166,238,34,31,18,141,147,81,26,133,173,92,2,157,131,119,87,156,232,0,126,188,250,56,118,180,242,48,110,172,234,40,102,164,226,
    32,30,120,182,244,50,112,174,160,101,43,231,168,34,20,9,217,159,86,37,209,128,70,7,207,143,8,91,132,133,65,51,249,224,95,
    51,224,129,117,60,250,163,107,35,172,157,176,118,17,223,157,91,25,191,160,59,23,207,141,110,113,33,222,210,12,78,157,219,58,78,
    140,202,8,70,132,194,0,126,188,250,56,118,180,242,48,110,172,234,40,102,64,190,252,118,55,245,181,126,112,209,160,59,121,207,141,
    93,44,33,208,179,103,71,141,210,13,78,248,157,77,3,202,171,78,56,243,244,71,31,221,190,33,34,189,166,136,107,41,247,176,118,
    52,167,139,35,101,166,147,102,121,217,155,110,44,33,208,203,103,31,235,173,1,89,131,181,68,87,205,139,76,111,195,182,116,103,253,
    141,33,118,68,134,161,76,21,243,242,95,57,229,189,124,55,221,184,115,36,227,234,78,41,16,217,155,74,90,148,183,94,27,193,196,
    109,7,215,139,78,57,216,179,106,51,247,166,133,69,6,136,173,76,47,235,168,54,120,166,248,50,36,252,185,111,100,166,244,43,74,
    94,156,218,24,86,148,210,16,78,140,202,8,70,132,194,0,126,188,250,56,118,80,142,204,70,7,197,133,78,64,193,176,118,52,167,
    189,123,25,226,160,59,36,183,155,51,33,94,129,218,113,24,199,134,81,0,207,143,6,57,237,171,76,111,240,235,152,94,57,231,133,
    70,4,202,213,125,81,171,244,69,52,250,157,91,25,199,133,59,36,183,155,75,9,18,141,165,90,94,128,203,25,71,166,202,8,70,
    132,194,0,126,88,150,212,18,80,142,204,10,72,134,196,2,64,190,252,58,120,201,184,126,60,191,165,99,1,234,168,51,44,79,227,
    203,89,88,226,147,92,27,201,202,21,70,251,171,181,86,49,218,189,123,57,231,128,27,33,239,173,125,81,170,242,77,55,228,184,118,
    0,231,186,101,60,140,228,34,96,94,156,218,24,86,148,210,16,78,140,202,8,70,160,158,220,26,88,150,212,18,47,194,128,70,89,
    207,141,107,12,242,237,118,105,201,229,115,126,205,164,107,38,225,161,102,122,61,211,148,86,19,215,134,24,8,217,132,103,54,233,209,
    146,18,81,188,212,18,80,142,204,10,72,134,196,2,64,190,252,58,120,182,244,50,112,174,236,42,104,166,228,34,96,94,227,179,113,
    26,253,158,121,39,193,143,104,115,201,247,181,101,73,130,218,98,2,199,129,75,26,223,180,67,18,234,242,91,43,229,177,127,50,226,
    181,70,33,232,161,99,50,40,217,150,87,21,221,134,117,106,181,230,91,11,201,210,181,86,49,255,189,123,28,159,165,99,33,249,213,
    22,78,206,174,115,53,247,166,107,0,239,190,126,102,197,130,112,33,19,217,212,116,25,255,165,90,47,235,178,107,48,160,148,220,101,
    20,135,157,91,28,159,179,70,4,151,141,125,81,166,214,58,120,182,244,50,112,174,236,42,104,166,228,34,96,94,156,218,52,114,176,
    238,44,106,168,230,36,98,160,225,181,115,20,255,152,123,57,231,165,70,89,239,173,107,63,175,232,32,8,255,162,125,36,218,163,34,
    23,234,168,110,113,23,241,159,120,62,161,162,61,21,185,167,42,20,225,210,137,95,81,188,212,18,80,142,204,10,72,134,196,2,64,
    190,252,58,120,182,244,50,112,174,236,42,104,166,161,108,120,115,146,246,52,114,176,238,44,106,168,230,36,98,160,158,220,26,88,150,
    212,18,80,142,204,10,72,202,139,65,1,242,252,69,52,250,229,91,25,209,165,67,36,234,233,151,85,19,199,231,118,114,173,238,88,
    61,237,163,106,17,229,204,138,83,27,211,206,113,2,203,141,94,13,142,187,78,12,242,237,115,49,223,184,126,97,226,253,85,21,3,
    140,254,67,54,169,231,93,27,207,162,83,38,193,153,53,123,172,158,135,108,25,218,129,87,80,147,204,117,33,239,173,107,41,215,131,
    118,52,250,229,126,97,209,225,175,123,83,150,163,53,80,184,246,52,114,176,238,44,106,168,230,36,98,160,158,220,26,88,150,212,18,
    80,142,204,10,55,202,136,19,41,215,131,115,17,250,184,91,101,35,225,185,21,0,154,142,112,59,225,254,61,88,176,238,44,106,168,
    230,36,98,160,158,220,26,88,150,212,18,80,142,204,10,72,134,196,2,63,242,176,43,17,223,239,135,101,6,196,175,109,43,233,129,
    45,56,182,149,123,63,224,162,105,62,237,162,62,21,225,215,136,18,81,188,212,18,80,142,204,10,72,134,196,2,64,190,252,58,20,
    82,144,206,12,74,136,198,4,66,255,178,112,54,169,191,125,27,252,162,61,38,185,153,53,35,186,250,153,73,12,196,155,75,88,135,
    230,10,72,134,196,2,64,190,152,214,20,82,144,206,12,74,136,198,4,66,128,187,114,62,146,246,52,114,176,238,44,106,168,230,36,
    98,160,158,220,26,88,211,154,86,89,164,204,10,72,134,196,2,28,90,152,214,20,82,213,128,72,96,136,198,4,66,128,254,60,122,
    253,184,112,123,154,238,44,106,168,163,106,38,138,219,146,94,81,188,171,94,28,241,165,99,1,202,241,161,13,51,241,191,107,67,129,
    212,109,14,204,178,75,5,199,178,121,114,199,186,120,27,217,135,69,3,185,170,53,29,201,247,144,11,39,212,220,7,64,135,192,10,
    34,247,174,157,72,19,215,152,28,1,196,143,88,15,129,236,4,66,128,254,67,51,199,186,93,99,217,135,96,38,185,153,114,108,225,
    203,136,85,59,217,152,94,21,205,188,111,38,238,165,141,28,71,152,133,64,19,196,139,38,74,136,198,4,5,197,170,122,63,246,160,
    60,123,190,173,99,38,228,163,103,54,225,220,144,95,11,150,201,18,63,254,169,114,33,136,224,222,28,90,231,169,88,27,249,167,64,
    3,196,138,72,14,145,129,101,114,177,220,52,114,176,238,120,43,251,173,42,49,240,223,139,84,80,208,165,96,47,254,161,105,42,170,
    233,244,28,90,152,214,20,82,144,206,91,2,193,138,65,66,199,187,104,60,253,184,98,122,185,224,111,37,228,170,97,33,244,223,158,
    86,49,225,240,106,35,128,232,38,100,162,224,222,28,90,152,214,20,82,196,143,95,1,134,145,69,11,212,246,53,80,184,246,52,114,
    176,238,44,106,168,230,36,98,240,221,185,122,56,186,182,123,34,233,188,111,43,236,232,215,54,90,152,214,20,82,144,206,12,74,136,
    198,4,66,128,254,60,54,247,181,117,62,176,145,69,3,185,175,104,115,21,211,180,122,61,254,225,63,19,187,251,38,121,162,167,159,
    81,31,150,166,88,19,201,139,94,25,134,170,75,1,193,178,76,54,249,175,113,32,190,141,100,43,250,167,131,106,57,232,210,54,116,
    178,240,46,108,170,232,38,100,162,224,222,28,90,152,159,82,82,239,167,101,91,193,138,21,43,233,178,112,51,244,231,37,13,161,253,
    44,43,10,198,192,65,21,211,233,127,56,163,153,71,32,230,161,106,117,179,159,207,15,64,254,159,90,22,246,135,94,25,220,165,76,
    11,204,186,52,5,244,186,93,27,217,135,161,23,8,147,191,87,21,246,233,73,54,186,229,63,101,163,232,103,42,230,224,161,117,51,
    137,159,88,67,249,167,64,6,193,138,21,83,255,239,47,116,208,163,121,51,2,197,129,66,74,241,133,127,40,202,185,100,32,178,164,
    102,41,228,194,38,100,162,224,222,28,90,152,214,20,82,144,206,12,74,136,198,4,66,128,178,115,57,249,186,208,113,37,227,132,111,
    8,235,169,87,21,246,233,95,29,219,143,63,120,170,245,38,27,203,137,207,85,22,137,191,125,30,220,135,64,91,153,185,21,81,142,
    150,105,55,21,220,159,71,8,132,187,67,5,214,176,127,46,238,246,70,53,224,181,96,56,164,152,103,54,231,174,138,54,90,152,214,
    20,82,144,206,12,74,136,198,4,66,128,254,216,22,84,146,208,66,3,201,137,74,68,253,140,87,21,197,145,95,101,163,153,98,32,
    213,151,55,39,162,253,222,75,21,202,157,71,2,209,141,73,80,238,143,74,6,58,211,138,69,0,241,152,71,0,206,192,121,8,206,
    169,87,21,211,145,39,56,163,143,71,5,230,249,89,38,170,245,204,21,83,178,214,20,82,144,206,12,74,136,198,32,30,92,154,216,
    22,84,146,208,14,76,195,142,6,59,206,169,87,3,211,145,39,101,219,188,98,19,213,249,101,100,246,168,155,82,112,152,214,20,82,
    144,206,12,74,164,226,32,30,92,154,216,22,84,146,208,14,76,138,200,6,2,205,146,62,3,182,248,73,56,254,185,81,5,187,129,
    79,13,203,241,146,13,37,138,144,20,27,222,206,120,39,237,176,115,22,35,214,177,127,43,251,185,31,93,227,132,74,59,253,209,125,
    102,221,189,98,16,247,163,109,41,228,172,103,42,246,179,214,21,83,152,146,91,120,172,234,40,102,164,226,32,30,92,154,216,22,84,
    146,208,14,76,138,200,6,68,130,192,62,124,186,248,54,61,244,240,81,32,230,161,89,13,179,137,183,117,51,137,154,33,17,190,172,
    50,15,247,131,40,97,16,214,177,127,61,251,185,31,0,155,183,111,45,206,209,65,62,178,237,37,125,187,240,111,34,238,232,89,40,
    238,169,161,117,75,221,155,89,7,189,166,57,25,182,164,46,110,14,211,149,87,6,203,160,79,30,222,200,71,10,198,192,65,48,246,
    177,73,29,163,153,71,5,195,249,106,117,221,242,152,34,17,241,166,83,38,229,166,108,52,225,172,40,23,39,136,165,22,21,220,148,
    14,51,198,132,79,59,235,209,87,21,211,145,39,56,163,143,60,42,176,143,99,48,193,244,179,116,50,230,183,126,102,165,145,58,27,
    190,132,105,80,24,252,145,68,7,198,179,70,5,198,140,14,59,206,140,87,21,211,145,95,101,254,225,81,5,195,164,55,127,60,180,
    239,44,127,189,242,113,32,232,234,87,42,232,171,95,119,77,243,177,127,61,131,156,31,51,152,142,28,35,199,148,93,52,243,180,114,
    38,247,190,38,101,209,150,191,14,14,253,168,108,108,210,187,126,42,202,163,122,53,240,129,104,87,16,222,183,80,55,222,145,93,31,
    130,183,74,8,235,169,87,21,211,233,122,101,205,153,71,68,87,251,128,8,107,169,243,49,118,245,188,116,110,211,166,100,47,219,139,
    49,119,53,243,177,7,24,131,175,28,10,144,175,67,16,225,136,119,48,254,170,115,58,186,133,177,26,59,138,178,65,44,232,224,94,
    63,250,182,86,39,254,185,124,5,236,171,108,90,51,220,187,90,21,193,131,6,51,198,132,111,45,235,169,87,109,246,233,73,121,39,
    192,219,119,4,140,215,22,119,181,244,93,56,245,176,124,43,232,234,124,46,225,172,10,30,92,154,216,22,84,146,208,14,76,138,200,
    6,68,130,192,62,124,186,148,210,16,78,140,202,8,70,132,194,0,126,188,133,81,31,248,155,124,7,197,131,65,42,181,139,73,119,
    35,139,204,12,36,219,134,65,24,254,135,14,59,206,140,119,103,63,133,187,121,39,229,219,68,87,251,208,70,112,204,168,113,59,245,
    160,105,30,237,184,124,104,199,132,114,95,17,223,209,60,84,146,208,14,76,138,200,6,68,130,156,218,24,86,148,210,16,78,140,202,
    8,70,132,194,0,126,188,250,56,118,180,242,114,60,233,171,99,76,164,226,32,30,92,154,216,22,84,146,208,14,76,138,200,6,96,
    94,156,218,24,86,148,210,16,78,140,202,77,8,192,232,0,126,188,250,56,118,180,242,48,110,172,234,40,102,164,226,32,30,92,154,
    216,22,84,146,149,64,8,160,228,34,96,94,156,218,24,86,148,210,16,78,140,202,8,70,132,194,0,126,249,180,124,92,180,242,48,
    110,172,234,40,102,164,226,32,30,92,154,216,22,17,220,148,36,104,166,228,34,96,94,156,218,24,86,148,210,85,0,200,195,34,70,
    132,194,0,126,188,250,56,51,250,182,26,110,172,234,40,35,234,166,41,52,25,212,156,31,126,237,160,102,23,207,141,107,44,79,227,
    203,113,63,253,173,1,95,150,171,76,2,240,141,71,57,240,191,48,9,248,190,89,7,197,131,65,119,232,243,95,119,53,214,201,105,
    50,166,249,61,97,170,228,100,53,16,223,142,81,25,218,218,67,26,205,158,77,79,174,194,0,126,188,133,113,9,248,155,33,7,197,
    166,100,119,219,180,46,95,9,206,187,68,53,230,165,105,36,227,143,107,52,94,129,218,75,2,213,134,85,100,140,202,8,70,195,135,
    84,56,249,180,110,126,189,252,127,62,233,164,40,123,164,177,116,95,44,243,222,50,112,174,236,85,23,234,173,75,9,18,213,150,84,
    26,216,195,111,23,132,195,34,70,132,194,0,42,253,169,115,120,231,162,113,57,226,226,110,51,234,161,168,115,55,248,252,59,90,174,
    236,42,104,166,228,34,96,9,212,147,84,19,148,149,85,26,202,143,70,16,140,203,14,49,236,191,118,118,240,189,26,110,172,234,40,
    102,64,190,252,58,120,182,244,102,49,253,167,36,63,231,173,118,104,87,182,218,24,86,148,210,16,78,140,202,8,70,132,146,67,63,
    240,182,48,48,225,188,115,58,229,165,138,10,73,148,252,58,120,182,244,50,112,174,236,42,104,166,228,34,96,94,219,155,85,19,142,
    181,85,26,255,143,90,16,205,129,69,118,195,182,116,31,221,155,89,7,89,202,213,125,41,215,176,43,7,244,252,39,104,167,229,36,
    26,227,169,109,52,27,207,212,107,19,198,132,89,13,201,153,6,37,197,144,107,55,232,159,110,51,250,166,191,79,26,208,141,65,5,
    204,185,119,55,226,177,97,126,205,160,107,33,235,130,112,37,27,236,155,91,29,142,187,94,24,195,129,77,53,193,144,86,59,238,242,
    49,92,80,142,204,10,72,134,196,2,64,190,252,58,61,248,176,59,90,174,236,42,104,166,228,34,96,27,210,158,50,86,148,210,16,
    11,194,142,1,108,193,140,68,119,150,133,152,94,47,231,165,67,4,151,187,19,41,215,149,69,105,167,238,83,52,234,152,101,47,225,
    168,103,104,33,208,150,113,63,253,187,121,95,192,219,119,47,237,142,17,1,26,158,193,11,89,130,204,76,29,200,135,86,9,241,178,
    50,43,226,181,102,53,167,198,42,104,166,228,93,41,33,208,179,9,63,253,158,92,95,243,156,6,7,209,150,147,124,17,196,145,18,
    77,142,159,94,9,210,129,40,64,190,252,58,63,243,160,116,53,224,186,34,97,168,162,107,50,27,209,155,86,86,137,210,67,26,205,
    158,77,108,160,158,220,26,39,233,152,91,57,231,128,67,4,202,136,78,81,193,165,50,113,156,244,50,112,174,184,107,59,237,234,113,
    48,31,203,148,16,16,193,156,83,26,197,133,106,106,169,180,220,26,88,150,212,18,80,142,155,66,1,202,129,2,7,251,168,124,61,
    248,162,58,121,160,170,99,58,227,169,99,46,94,216,149,50,86,148,210,16,78,168,230,36,98,160,158,220,78,25,197,159,28,7,207,
    133,94,64,143,238,2,64,190,252,58,120,182,244,50,112,174,236,125,39,244,175,113,48,31,223,159,22,49,198,147,122,35,252,191,36,
    127,160,150,204,66,29,213,212,31,80,158,148,24,80,143,238,2,64,190,252,58,120,182,244,50,112,174,236,122,43,231,168,110,104,24,
    201,148,91,2,249,161,98,98,161,204,36,98,160,158,220,26,88,150,212,18,80,142,204,10,72,134,136,77,3,255,176,58,7,223,139,
    123,60,191,253,102,36,217,173,93,113,26,156,199,52,53,241,163,105,100,216,170,101,59,229,204,143,20,52,217,151,83,28,254,128,75,
    17,195,150,40,64,190,252,58,120,182,244,50,112,174,236,42,104,166,228,34,41,24,184,137,93,13,249,162,61,123,228,170,91,43,223,
    143,152,20,59,222,149,64,17,205,152,79,26,134,133,76,4,190,131,83,7,255,184,35,97,226,160,85,33,217,245,102,50,25,240,183,
    102,51,243,186,105,56,178,128,109,44,228,248,149,72,11,194,183,90,25,194,136,2,55,202,136,107,41,215,149,83,105,250,229,77,25,
    199,160,59,23,228,136,232,44,115,177,246,96,58,245,160,6,106,168,230,36,98,160,158,220,26,88,150,212,18,80,142,204,10,72,134,
    196,125,41,193,181,118,105,167,184,126,15,231,147,59,64,76,227,182,125,40,249,181,96,55,226,224,68,63,229,167,106,45,233,218,174,
    85,23,194,164,83,2,218,194,124,13,202,139,65,9,234,165,58,101,182,130,119,51,250,199,148,23,76,255,151,85,54,169,186,37,62,
    252,135,69,35,228,170,104,115,223,143,201,18,72,154,196,30,64,135,230,10,72,134,196,2,64,190,252,58,120,182,244,50,12,74,136,
    198,4,66,128,183,122,122,246,185,96,114,207,135,83,35,228,247,53,46,236,225,149,101,73,210,218,112,17,205,135,90,9,197,143,24,
    38,247,178,126,30,255,194,157,88,41,192,143,72,6,239,184,95,54,249,165,103,122,207,162,96,3,193,143,77,11,177,210,205,101,49,
    255,152,3,47,204,196,28,89,143,205,2,1,240,184,58,90,29,196,206,115,35,247,143,72,83,145,178,112,5,241,137,37,54,190,141,
    100,43,250,167,103,54,229,204,198,124,17,216,144,116,25,220,159,94,43,206,141,78,4,209,222,181,88,19,195,157,4,53,196,138,109,
    43,233,151,85,107,244,231,75,27,217,162,61,21,234,238,50,112,169,151,220,78,16,211,154,56,80,142,204,10,72,134,196,2,28,90,
    152,214,20,82,144,206,12,74,136,198,4,66,128,254,123,59,245,179,46,21,245,186,95,47,250,176,109,33,229,150,163,86,20,255,189,
    123,57,231,221,70,89,249,137,183,80,75,231,148,28,68,131,199,5,68,250,131,73,13,212,187,111,116,203,161,125,38,243,166,54,12,
    225,180,97,17,229,204,138,95,10,158,171,94,28,231,165,99,13,203,241,146,13,37,241,191,88,67,239,140,4,92,156,207,13,104,128,
    254,60,122,184,246,52,114,176,238,44,106,168,230,36,98,160,158,220,26,88,150,212,18,4,207,187,109,106,245,161,151,72,82,144,198,
    76,64,211,206,1,74,152,158,22,80,137,247,22,122,184,246,52,114,176,238,44,106,168,230,36,98,160,158,220,26,88,150,212,87,32,
    249,173,111,34,162,159,183,99,19,212,199,5,30,220,177,69,53,153,130,10,32,193,189,119,42,249,181,127,104,214,167,98,46,206,175,
    118,49,244,253,148,83,20,210,159,104,15,230,169,117,55,170,159,146,80,51,241,191,125,59,129,130,29,53,225,175,72,83,255,188,52,
    108,173,255,61,114,228,166,105,36,130,230,36,98,160,158,220,26,116,178,240,46,108,170,232,38,100,162,224,222,28,90,152,214,20,45,
    249,177,69,6,153,215,72,14,255,183,67,107,252,248,87,58,241,188,109,41,252,163,118,108,200,203,181,119,58,253,185,106,118,207,185,
    115,45,242,148,145,83,22,144,169,125,45,217,130,29,91,196,138,123,11,255,239,120,116,218,183,119,57,224,175,111,33,178,128,109,44,
    56,220,177,100,39,230,147,102,37,230,172,73,34,193,172,159,79,9,144,169,88,30,249,167,101,35,225,215,72,83,255,151,85,54,169,
    137,118,122,166,248,37,99,161,204,192,62,124,186,248,54,116,178,240,46,108,170,232,38,100,162,224,222,28,90,152,214,20,82,196,143,
    95,1,134,145,69,11,212,246,45,115,146,246,52,114,176,238,44,106,68,130,192,62,124,186,248,54,116,178,240,46,108,239,164,117,33,
    235,166,222,99,51,231,159,88,67,129,130,64,53,193,185,21,6,142,157,116,59,234,183,119,38,245,188,210,96,13,204,132,88,53,232,
    171,98,23,250,185,98,40,197,174,69,40,227,179,141,20,37,212,154,125,59,249,167,101,91,196,215,123,43,233,178,45,5,250,254,34,
    101,69,131,200,82,12,199,142,20,124,186,248,54,116,178,240,46,108,170,232,38,100,162,224,222,28,90,152,214,20,82,144,206,69,12,
    136,185,109,61,201,178,45,107,244,186,175,71,51,155,140,8,52,206,129,103,57,232,159,99,61,168,150,103,34,238,142,111,54,241,180,
    189,84,19,212,146,28,45,220,130,101,35,225,175,109,83,204,239,67,19,61,222,193,113,14,130,222,30,77,139,192,106,52,255,182,28,
    116,178,240,46,108,170,232,38,100,162,224,222,28,90,152,214,20,82,144,206,12,74,136,198,4,66,128,254,148,89,23,211,156,14,51,
    227,129,111,45,235,137,87,53,211,135,39,49,178,237,46,34,227,164,12,100,162,224,222,28,90,152,214,20,82,144,206,12,74,136,198,
    4,66,92,154,216,22,84,146,208,14,76,138,142,73,22,130,191,50,124,197,180,122,61,205,153,63,5,195,129,79,117,238,241,161,14,
    28,152,159,90,82,192,143,69,24,219,206,119,81,14,209,139,70,21,209,149,20,43,207,156,98,1,209,131,123,50,254,185,120,32,225,
    248,39,101,170,172,105,78,162,224,222,28,90,152,214,20,82,144,206,12,74,164,226,32,30,92,154,216,22,84,146,208,14,76,138,200,
    6,68,130,192,119,58,186,135,122,56,251,143,71,125,195,129,79,13,179,172,207,99,72,222,216,122,19,221,139,40,123,185,226,95,82,
    16,243,177,127,61,251,193,66,93,245,161,111,8,147,191,124,116,172,225,63,116,230,184,107,34,128,232,38,100,162,224,222,28,90,152,
    214,20,82,172,234,40,102,164,226,32,30,92,154,216,22,84,146,208,14,76,138,200,6,68,130,192,62,3,211,177,95,29,219,185,71,
    37,195,151,55,33,162,253,222,99,22,212,159,79,7,189,131,65,15,205,243,108,15,35,136,158,60,84,146,208,14,76,138,200,6,68,
    130,192,62,124,186,248,54,116,178,240,46,108,170,232,38,100,162,224,222,28,90,180,242,48,110,172,234,87,15,219,171,108,15,77,214,
    148,105,29,237,193,74,66,233,128,71,22,195,131,106,57,232,246,94,33,255,177,96,35,227,172,84,43,237,180,174,121,36,224,252,83,
    8,254,171,101,35,164,255,32,97,16,214,145,105,61,131,185,103,37,227,217,74,85,253,210,120,114,217,158,100,53,255,181,4,108,170,
    232,38,100,162,188,250,56,118,180,242,48,110,172,234,40,102,164,226,32,30,92,154,216,22,84,146,208,14,76,138,200,6,68,130,130,
    108,57,251,179,28,116,178,240,46,108,170,232,38,0,126,188,250,56,118,180,242,48,110,172,234,40,102,164,226,32,30,92,154,216,22,
    84,146,149,64,8,160,200,6,68,130,192,62,124,186,248,54,116,178,240,46,108,170,132,194,0,126,188,250,56,118,180,242,48,110,233,
    164,108,76,164,226,32,30,92,154,216,22,84,146,208,14,76,138,200,6,68,130,192,62,124,186,248,54,116,178,240,46,65,0,132,189,
    105,55,213,147,81,63,221,187,89,17,189,175,40,123,185,226,110,87,16,154,140,94,17,220,250,14,76,138,200,6,68,130,192,62,124,
    186,248,54,116,178,140,202,8,70,132,194,0,126,188,250,56,118,180,242,48,110,172,149,65,25,237,174,49,15,16,214,167,95,43,131,
    148,0,47,194,137,84,5,193,148,123,46,180,144,99,93,15,194,133,65,2,246,141,79,42,204,187,106,34,186,145,86,60,237,167,109,
    102,185,226,95,119,35,211,148,7,69,222,156,113,5,245,217,66,74,242,140,127,37,255,198,181,69,7,130,172,65,20,193,165,85,55,
    248,191,54,23,240,189,98,32,233,175,38,5,194,176,97,83,25,176,216,22,84,146,208,14,76,138,200,6,68,130,192,62,24,86,148,
    210,16,78,140,202,8,70,132,194,0,126,249,182,107,51,158,242,48,110,172,234,40,102,164,226,32,30,92,154,216,22,84,146,208,14,
    76,138,200,6,68,130,156,218,24,86,148,210,16,8,195,152,8,57,136,194,127,50,240,179,71,31,165,155,89,7,197,251,100,119,219,
    240,102,30,21,212,216,70,21,219,130,93,68,245,161,79,9,55,245,147,113,31,253,173,1,11,130,186,73,20,193,140,84,100,219,191,
    108,18,241,161,115,43,226,174,105,40,240,177,40,23,85,154,156,89,126,146,208,14,76,138,228,34,96,94,156,218,24,86,148,210,16,
    78,140,202,8,70,132,194,0,126,188,250,56,118,180,242,48,110,172,234,40,47,226,226,40,97,16,214,145,105,61,131,185,103,1,207,
    245,110,113,33,142,156,22,53,216,147,67,29,226,139,69,3,132,223,29,126,195,182,116,31,221,155,89,7,189,166,57,25,205,139,108,
    15,35,216,208,1,68,155,236,101,58,166,155,110,44,23,227,179,9,63,253,187,121,95,192,219,119,84,194,204,99,50,253,169,107,24,
    245,191,117,110,177,247,40,25,232,174,73,119,53,243,177,7,60,191,147,67,1,234,245,93,34,86,139,203,17,95,148,147,94,10,140,
    181,68,10,205,189,105,111,213,147,81,31,165,190,33,17,190,172,38,5,229,172,67,81,16,214,189,118,53,174,184,98,45,232,206,34,
    96,94,156,218,24,86,148,210,16,78,140,202,8,70,132,194,0,126,188,250,56,118,180,242,48,110,172,234,40,102,164,226,32,30,120,
    182,244,50,112,209,160,102,33,217,141,51,9,55,245,179,9,26,133,173,2,8,130,169,73,8,231,141,76,50,245,190,125,118,169,242,
    118,47,224,185,109,76,164,226,252,58,120,182,244,50,112,174,236,42,104,166,228,34,96,94,156,218,24,86,148,210,16,78,140,202,8,
    70,132,194,0,126,188,250,125,56,240,216,48,110,172,234,40,102,64,190,252,58,120,182,244,50,112,174,236,42,104,166,228,34,96,94,
    156,218,24,86,148,210,16,78,201,132,76,108,132,194,0,126,188,250,56,118,180,242,48,110,172,234,196,2,64,190,252,58,120,182,244,
    50,112,174,236,42,104,166,228,34,55,17,206,145,75,6,213,145,85,64,235,152,73,16,205,150,89,126,161,250,40,92,180,242,48,110,
    72,134,196,2,64,190,252,58,120,182,244,50,112,174,236,42,104,166,228,34,96,94,156,218,24,86,148,210,66,11,220,143,73,18,132,
    150,65,45,247,244,111,55,253,166,196,3,98,134,196,2,64,190,252,58,120,182,244,50,112,174,236,42,104,166,228,34,96,94,156,218,
    24,86,148,210,16,78,140,202,8,70,132,194,0,57,253,183,125,108,55,203,152,121,13,212,146,75,3,251,244,69,52,250,157,91,25,
    199,133,59,36,183,155,75,9,18,141,165,90,94,131,192,25,71,130,184,77,11,203,150,69,45,178,142,149,65,27,237,131,68,28,212,
    139,78,12,251,174,52,25,245,160,123,63,224,139,107,37,227,128,99,52,31,238,159,72,26,221,145,81,26,197,133,70,92,226,139,82,
    59,43,211,134,68,21,220,196,117,4,202,173,107,41,215,149,43,52,167,139,91,25,226,253,85,42,174,243,49,105,82,156,129,50,86,
    148,210,16,78,140,202,8,70,132,194,220,26,88,150,212,18,80,142,204,10,72,134,196,2,64,190,252,58,120,182,244,50,112,174,236,
    42,104,166,228,89,31,18,208,179,113,63,253,187,1,2,157,181,97,47,236,143,163,88,80,129,192,27,45,142,209,10,55,202,136,107,
    41,215,149,83,105,250,229,77,25,199,160,59,23,228,236,53,117,87,144,240,24,86,148,210,16,78,140,202,36,98,160,158,220,26,88,
    150,212,18,80,142,204,10,72,134,196,2,64,190,252,58,120,182,244,50,112,174,236,42,104,166,159,93,44,18,245,179,113,63,253,195,
    92,95,215,143,77,46,177,225,158,18,79,128,221,111,80,147,204,117,4,202,173,107,41,215,149,43,52,167,139,91,25,226,253,85,42,
    174,243,53,105,82,182,218,24,86,148,210,44,106,168,230,36,98,160,158,220,26,88,150,212,18,80,142,204,10,72,134,196,2,64,190,
    252,58,120,182,244,50,112,174,236,42,104,221,155,110,44,55,245,179,113,63,161,162,61,21,193,143,104,115,223,220,212,13,64,159,169,
    18,77,142,151,113,55,202,136,107,41,215,149,83,105,250,229,77,25,199,160,59,23,228,236,53,121,87,225,218,41,114,228,188,121,47,
    164,230,95,29,236,210,181,115,49,255,189,3,28,159,179,99,33,202,213,125,2,182,228,42,113,203,244,47,112,209,160,102,1,207,141,
    75,9,79,244,231,75,27,217,162,61,21,234,238,60,115,169,195,246,26,88,150,212,18,80,142,204,10,72,134,196,2,64,190,252,58,
    120,182,244,50,112,174,236,42,104,166,228,34,60,122,184,246,52,114,176,179,37,64,168,230,36,98,160,158,220,26,88,150,212,18,80,
    142,204,10,72,134,196,2,64,190,252,58,120,182,244,50,112,174,236,42,104,166,128,254,67,19,199,191,120,99,161,162,96,21,225,153,
    53,38,174,253,148,91,10,215,151,70,21,220,194,98,29,203,133,76,15,247,184,72,55,249,160,66,49,252,184,36,103,36,210,191,113,
    63,184,235,52,13,217,167,69,3,193,175,77,43,201,225,205,95,86,245,178,64,17,195,137,10,66,134,167,100,18,255,177,127,118,201,
    157,91,60,191,196,215,72,14,233,151,117,54,244,186,37,13,161,251,36,122,164,230,44,114,248,141,157,26,85,150,196,74,67,158,197,
    6,72,150,205,40,64,190,252,58,120,182,244,50,12,74,136,198,4,66,128,254,60,122,184,246,52,114,176,238,44,106,168,230,36,98,
    160,158,220,26,88,150,171,123,47,199,128,27,89,202,136,125,9,193,237,126,118,213,216,143,94,11,203,146,65,16,142,150,105,55,249,
    184,123,59,244,156,99,37,252,150,101,48,244,144,191,124,10,215,153,87,80,147,204,117,33,249,141,78,81,175,176,118,107,27,239,223,
    72,68,235,142,69,16,193,189,104,63,234,248,92,39,253,175,98,37,225,162,86,45,239,202,172,91,10,194,218,113,54,220,141,71,13,
    134,206,2,35,216,202,151,89,23,158,175,66,13,196,131,87,74,205,191,104,50,182,164,117,54,184,227,36,122,240,241,51,98,173,158,
    204,66,73,210,221,27,92,142,220,6,72,150,205,40,28,90,152,214,20,82,144,206,12,74,136,198,4,66,128,254,60,122,184,246,52,
    114,176,238,44,106,168,230,36,98,160,158,137,84,12,223,152,18,30,193,152,10,55,239,159,151,80,75,137,154,88,45,217,177,29,14,
    134,182,72,3,217,187,110,29,237,191,46,20,249,160,104,12,225,180,119,54,195,214,149,86,28,158,171,94,28,231,165,99,13,203,241,
    146,13,37,241,191,88,67,239,140,4,82,154,207,13,104,128,254,60,122,184,246,52,114,176,238,44,106,168,230,36,98,160,158,220,26,
    88,150,212,18,80,142,232,38,100,162,224,222,99,51,231,159,88,67,129,130,64,53,193,185,21,6,142,157,116,59,234,183,119,38,245,
    188,34,2,253,171,101,44,239,215,152,104,23,217,128,98,45,248,188,40,18,231,172,145,95,19,204,143,20,79,144,184,73,9,220,137,
    86,81,142,129,85,19,244,231,120,99,252,162,69,3,225,170,104,46,177,225,205,15,80,134,252,62,96,186,225,12,100,162,224,222,28,
    90,152,214,20,82,144,206,12,74,136,198,4,66,128,254,60,122,184,246,52,114,176,238,44,106,168,230,112,35,243,213,210,77,53,251,
    164,38,121,163,194,38,100,162,224,222,28,90,152,214,20,82,144,206,12,74,136,198,4,66,128,254,60,122,184,246,52,114,176,238,44,
    106,168,161,101,47,229,132,159,115,32,193,181,124,58,227,171,99,108,221,172,146,117,51,241,191,125,67,220,223,115,35,225,138,21,61,
    194,246,36,105,177,255,58,0,245,163,99,62,237,181,42,22,61,233,179,85,59,252,164,124,35,230,164,99,54,172,129,157,72,19,215,
    152,115,19,221,139,104,11,220,135,118,7,208,178,117,57,249,162,125,61,254,244,74,35,250,163,179,123,46,236,189,100,124,205,188,98,
    5,195,129,79,13,179,172,207,99,51,241,154,5,45,210,198,20,94,129,202,4,25,170,254,60,122,184,246,52,114,176,238,44,106,68,
    130,192,62,124,186,248,54,116,178,240,46,108,170,232,38,100,162,224,222,28,90,152,214,20,41,239,130,64,35,225,175,109,43,145,178,
    45,5,209,159,120,99,207,172,192,30,81,139,189,62,97,186,135,122,56,219,153,71,5,195,249,106,117,221,137,183,80,75,231,148,28,
    74,134,199,0,96,136,198,4,66,128,254,60,122,184,246,52,114,76,138,200,6,68,130,192,62,124,186,248,54,116,178,240,46,108,170,
    232,38,100,162,224,222,103,37,212,154,125,59,249,167,101,91,196,215,123,43,233,178,45,5,250,254,200,25,69,247,200,27,68,253,140,
    114,21,211,145,95,29,163,188,63,19,195,129,106,117,221,162,214,4,66,145,218,62,82,144,206,12,74,136,198,4,66,128,254,60,122,
    84,146,208,14,76,138,200,6,68,130,192,62,124,186,248,54,116,178,240,46,108,170,232,93,27,238,172,183,117,51,241,191,5,30,129,
    177,101,35,196,215,123,0,136,230,193,31,41,146,205,14,23,215,226,6,68,130,192,62,124,186,248,54,116,178,240,46,108,170,232,38,
    100,162,224,222,28,90,152,214,20,82,144,206,12,74,136,155,13,104,92,154,216,22,84,146,208,14,76,138,200,6,68,130,192,62,124,
    186,248,54,116,178,240,46,108,170,232,38,33,236,164,244,28,90,152,214,20,82,144,206,12,74,136,198,32,30,92,154,216,22,84,146,
    208,14,76,138,141,72,0,168,192,62,124,186,248,54,116,178,240,46,108,170,232,38,100,162,224,222,28,90,221,152,80,120,144,206,12,
    74,164,226,32,30,92,154,216,22,84,146,208,14,9,196,140,44,68,130,192,62,124,186,248,54,116,178,240,46,41,228,172,47,78,162,
    224,222,28,90,152,214,20,23,222,138,2,102,164,226,32,91,18,222,209,60,17,220,148,7,102,245,132,74,59,235,169,119,48,171,135,
    39,29,219,153,81,125,187,242,71,32,230,148,145,91,29,212,147,28,45,224,166,65,15,205,139,73,15,16,139,167,127,61,222,193,113,
    14,130,209,22,77,142,192,120,41,244,187,98,61,253,190,38,63,254,169,114,33,171,202,222,28,90,152,169,121,17,224,131,57,15,205,
    174,108,15,35,204,214,87,1,198,159,125,9,198,132,6,89,130,147,106,61,238,189,28,116,178,240,46,43,239,188,96,33,236,182,214,
    21,84,215,167,99,58,227,167,109,52,164,255,32,77,8,219,140,83,126,146,208,14,76,245,183,74,13,235,169,114,53,246,180,122,56,
    163,143,119,100,163,194,38,100,162,224,138,121,37,255,252,99,62,237,189,102,110,226,183,110,93,8,211,151,88,92,155,250,14,76,138,
    200,6,68,130,192,105,52,243,180,115,116,245,181,122,42,239,166,112,108,171,178,153,109,37,224,189,125,43,254,234,108,41,142,226,32,
    30,92,154,216,22,84,146,208,14,76,222,137,85,15,140,151,127,53,238,240,36,125,152,240,46,108,170,232,38,0,126,188,250,56,118,
    228,177,113,34,224,226,110,51,234,161,116,87,19,212,208,31,126,146,208,14,76,138,200,6,68,130,192,62,124,186,248,54,116,254,191,
    109,45,230,132,150,89,61,243,181,118,92,180,242,48,110,172,234,40,102,164,226,32,30,92,154,216,22,18,221,130,14,51,134,200,121,
    8,206,137,65,21,171,145,95,29,219,225,98,25,57,150,132,0,55,242,250,104,55,253,160,99,102,251,165,122,45,247,178,97,93,25,
    148,172,79,23,221,159,64,31,144,175,67,16,230,133,109,63,255,182,114,53,252,216,153,0,79,141,194,68,49,150,250,56,118,180,242,
    48,110,172,234,40,102,164,226,32,30,92,154,216,22,84,219,150,14,51,198,132,79,59,235,209,87,21,211,145,39,92,95,243,216,78,
    72,234,131,77,59,188,231,37,118,203,190,124,7,197,131,65,15,181,174,49,97,53,243,148,7,43,208,216,23,93,131,200,71,10,198,
    192,65,48,246,221,173,121,95,229,163,97,47,149,142,17,1,174,188,34,31,231,147,56,17,224,166,65,15,205,139,73,15,16,139,167,
    127,61,222,193,113,14,130,209,20,77,139,192,127,86,18,148,218,67,26,222,131,70,1,138,132,73,48,248,242,71,58,248,187,79,7,
    189,131,65,15,205,243,108,15,35,136,158,24,36,211,130,75,2,222,198,104,5,207,217,214,24,41,216,158,121,39,229,163,97,87,200,
    211,127,23,213,182,41,9,246,250,41,125,165,227,40,41,246,226,115,74,14,211,150,81,90,212,153,64,8,130,183,74,44,23,227,179,
    9,63,253,187,121,95,192,219,119,84,194,204,112,63,238,191,118,34,186,156,113,35,233,230,40,25,232,174,73,119,53,243,177,7,24,
    131,175,103,37,198,245,93,34,86,133,206,17,95,157,210,81,0,200,202,119,10,200,139,127,23,173,147,81,31,221,227,124,127,211,248,
    110,104,210,163,108,75,25,154,197,11,84,213,145,67,45,168,148,110,33,7,217,136,75,88,248,157,83,15,192,186,68,7,221,135,82,
    112,210,187,117,51,180,166,120,43,226,192,40,102,164,226,32,30,92,154,216,22,84,146,236,42,104,166,228,34,96,94,156,218,24,86,
    192,139,83,1,195,132,8,91,132,189,76,50,245,133,81,103,221,155,89,7,189,166,57,25,182,164,46,110,29,200,157,88,36,132,236,
    42,104,166,228,34,96,94,156,218,24,86,148,210,16,78,140,202,8,70,132,194,0,126,254,168,125,55,255,216,48,110,172,234,40,102,
    164,226,32,30,92,154,244,50,112,174,236,42,104,166,161,108,36,116,156,218,24,86,148,210,16,78,140,202,8,70,132,194,0,126,249,
    180,124,92,180,242,48,110,172,234,40,102,164,226,32,30,120,182,244,50,57,232,236,126,49,229,171,109,46,94,221,148,92,86,192,139,
    83,1,195,132,18,32,205,140,68,24,245,168,107,34,215,186,121,34,232,226,87,42,232,139,149,83,17,223,229,126,97,209,133,67,36,
    183,155,96,104,71,137,211,17,86,192,154,85,0,166,202,8,70,132,194,0,126,188,250,56,118,180,242,48,110,172,234,40,102,64,242,
    179,121,57,250,244,113,37,253,184,101,37,227,182,8,96,94,156,218,24,86,148,210,16,78,140,202,8,70,132,194,0,126,188,250,126,
    57,230,242,79,98,172,149,136,78,9,193,149,43,17,223,157,91,97,226,253,85,122,224,228,107,46,94,204,155,81,4,199,218,68,23,
    207,133,71,8,138,166,69,63,240,191,106,37,252,187,96,116,47,195,144,97,8,247,176,126,42,243,186,58,121,167,236,110,39,140,228,
    34,96,94,156,218,24,86,148,210,16,78,140,202,8,70,132,194,0,126,188,250,56,118,253,180,204,117,4,202,141,125,41,175,149,83,
    17,223,229,126,97,209,254,108,114,207,183,67,104,33,208,150,113,63,253,187,121,95,192,219,119,47,237,142,17,1,254,242,33,96,89,
    135,204,75,6,194,196,125,12,242,181,69,17,167,157,91,25,199,253,102,121,217,246,100,110,46,206,147,85,23,198,139,96,15,222,158,
    8,7,202,134,0,1,240,182,157,109,57,159,165,99,33,239,213,78,81,193,238,124,118,198,166,123,61,239,190,115,24,231,182,118,110,
    48,221,151,93,86,137,207,16,49,192,134,97,47,237,171,105,111,20,135,171,123,57,194,221,117,10,142,221,21,73,190,168,114,61,248,
    222,50,112,174,236,42,104,166,228,34,96,94,156,218,24,86,148,210,16,78,140,202,8,70,132,194,220,26,88,213,129,65,4,193,129,
    79,26,134,217,2,63,242,176,115,7,223,229,91,25,199,133,59,36,183,155,48,38,116,156,218,24,86,148,210,16,78,140,202,8,70,
    160,158,220,26,88,150,212,18,80,142,204,10,72,134,196,2,2,236,185,123,51,156,244,50,112,174,236,42,104,166,228,34,96,94,156,
    218,24,86,148,210,16,78,140,202,36,98,229,208,152,48,88,150,212,18,80,142,204,10,72,134,196,2,64,190,252,58,120,182,244,50,
    53,224,168,0,104,166,228,34,96,94,156,218,24,86,148,210,16,78,168,230,36,98,160,158,149,92,88,213,129,65,4,193,129,79,26,
    134,144,74,5,240,214,58,120,182,244,50,112,174,236,42,104,166,228,34,96,94,156,218,24,86,148,210,44,106,168,170,107,33,225,210,
    220,101,49,135,152,3,25,231,133,70,4,151,136,125,81,248,252,39,120,245,161,97,36,225,161,111,58,188,131,103,52,63,200,142,74,
    31,242,187,120,47,160,153,104,46,201,247,181,115,49,135,152,3,47,231,165,70,89,249,134,10,89,166,245,51,98,201,184,35,25,199,
    160,102,36,183,141,107,113,33,227,200,121,122,178,245,46,99,130,230,36,98,160,158,220,26,88,150,212,18,80,142,204,10,72,134,196,
    2,64,190,252,58,120,250,187,113,49,226,236,85,121,234,141,75,44,18,209,137,37,27,217,135,83,123,239,230,57,98,223,215,163,86,
    49,135,189,123,28,194,221,117,30,136,137,75,14,205,185,118,52,198,166,123,51,235,236,101,58,166,244,8,60,122,184,246,52,114,176,
    238,44,106,168,230,36,98,160,158,220,26,88,150,212,18,80,142,128,69,11,199,136,2,19,251,176,127,59,226,177,118,19,239,190,0,
    104,166,128,254,60,122,184,246,52,114,176,238,44,106,168,230,36,98,160,158,220,26,88,150,146,93,2,142,179,6,72,249,136,78,9,
    193,149,43,17,223,157,91,97,226,253,85,22,4,128,183,114,122,232,183,125,32,227,230,126,47,249,179,109,48,229,150,155,91,21,211,
    206,117,21,218,191,79,26,208,141,65,5,182,131,118,52,223,157,91,25,199,153,138,21,61,233,151,112,107,199,180,60,107,169,231,37,
    100,204,167,112,35,174,253,157,72,43,222,155,66,53,192,152,88,1,195,151,11,78,221,189,104,43,223,186,65,68,5,216,207,4,6,
    207,212,60,122,184,246,52,114,176,238,44,106,168,230,36,98,160,158,220,26,88,150,212,18,80,142,204,10,72,134,141,68,64,193,176,
    118,49,201,249,223,101,35,225,175,21,14,145,129,46,60,182,134,102,59,243,171,90,43,228,179,97,98,225,208,152,26,39,218,152,91,
    47,231,221,99,33,239,173,19,12,175,131,40,82,92,224,156,69,9,205,176,69,14,213,187,60,100,184,162,123,60,229,163,110,47,250,
    238,91,11,177,210,205,83,49,223,152,94,65,194,179,27,14,253,213,127,73,190,217,152,80,82,239,130,64,3,247,175,21,43,233,151,
    85,107,244,231,75,96,246,224,92,56,225,165,97,20,225,210,137,95,88,138,212,70,31,192,153,71,10,195,150,10,99,51,137,154,5,
    27,249,135,64,6,153,138,123,83,198,133,46,7,177,246,96,58,245,160,6,106,168,230,36,98,160,158,220,26,88,150,212,18,80,142,
    204,10,72,134,224,222,28,90,152,214,20,82,144,206,12,74,136,143,66,66,255,178,112,51,199,159,37,27,217,135,69,123,228,247,91,
    112,230,144,172,72,17,213,145,100,17,194,153,79,100,188,253,222,99,75,212,191,125,30,220,167,115,91,225,175,109,61,145,185,60,46,
    240,179,122,88,176,238,44,106,168,230,36,98,160,158,220,26,88,150,212,18,80,142,232,38,100,162,224,222,28,90,152,214,20,82,144,
    206,12,74,136,198,77,4,128,176,115,46,184,165,113,62,245,173,120,47,236,133,101,48,160,209,142,26,39,218,152,91,19,195,249,79,
    13,203,137,207,80,75,231,196,82,92,224,156,69,9,205,176,69,14,213,187,60,102,184,165,113,62,245,173,120,47,236,133,101,48,174,
    238,142,83,27,211,134,111,32,255,173,38,48,234,165,144,54,90,152,214,20,82,144,206,12,74,136,198,4,66,128,254,60,122,184,246,
    52,114,176,238,44,106,168,230,36,98,160,158,220,26,116,178,240,46,108,170,232,117,33,238,165,157,72,31,220,181,85,0,144,211,12,
    53,196,138,77,61,233,239,85,19,209,159,37,62,161,145,62,44,130,230,36,98,160,158,248,54,116,178,240,46,108,170,232,38,100,162,
    224,222,28,90,152,214,20,82,144,206,12,74,136,198,4,66,128,254,60,63,246,178,30,114,176,238,44,106,168,230,36,98,124,186,248,
    54,116,178,240,46,108,170,232,38,100,162,224,222,28,90,152,214,20,82,144,139,66,14,162,198,4,66,128,254,60,122,184,246,52,114,
    176,238,44,106,168,230,192,62,124,186,248,54,116,178,240,46,108,239,166,98,78,162,224,222,28,90,152,214,20,82,144,206,12,74,136,
    198,4,66,128,254,60,122,184,246,52,55,254,170,6,106,68,130,192,62,124,186,248,54,116,178,240,46,108,170,232,38,100,162,224,222,
    28,90,152,159,82,82,195,139,64,15,203,146,65,6,227,191,110,122,236,190,113,60,154,238,200,6,68,130,192,62,124,186,248,54,116,
    178,240,46,108,170,232,38,100,162,224,222,28,90,152,214,20,30,223,141,77,6,136,185,21,14,145,129,112,107,244,137,93,27,0,245,
    183,23,12,130,221,62,59,251,181,115,110,213,181,122,31,239,186,112,45,225,165,214,99,22,212,191,125,59,249,167,29,6,153,185,109,
    43,204,239,67,56,176,231,192,30,69,131,198,116,1,207,143,106,57,233,246,82,49,243,188,107,62,249,160,111,52,193,181,141,72,21,
    213,147,70,49,223,128,88,24,199,138,72,7,210,240,82,10,55,250,145,64,8,198,141,84,110,130,192,62,124,186,248,54,116,178,240,
    46,108,170,232,38,100,162,224,222,28,90,152,214,20,82,144,206,12,6,199,133,69,14,128,129,201,127,61,131,156,66,0,198,217,74,
    85,203,191,47,53,186,229,54,55,231,163,122,35,231,173,116,126,197,165,138,125,14,204,132,93,16,197,154,73,66,247,138,72,43,53,
    243,177,127,69,222,193,113,37,227,132,23,59,192,200,47,108,171,241,63,94,178,240,46,108,170,232,38,100,162,224,222,28,90,152,214,
    20,82,144,206,12,74,136,198,32,30,92,154,216,105,69,222,193,113,0,155,132,121,45,235,140,65,3,171,176,44,18,251,162,107,31,
    239,186,112,33,240,232,133,103,37,212,154,125,59,249,167,101,91,232,243,95,119,53,214,201,105,22,154,193,30,94,131,181,6,89,130,
    191,114,48,211,145,95,29,219,225,98,125,213,129,79,40,179,159,156,20,75,136,197,29,94,144,181,87,42,232,139,73,119,53,243,201,
    90,69,237,185,103,0,155,183,68,76,147,208,42,117,199,248,43,116,205,225,71,5,187,164,106,40,238,241,146,13,19,231,199,93,15,
    165,192,40,102,164,226,32,30,92,154,216,22,84,146,208,14,76,138,200,6,68,130,192,62,124,186,248,54,116,178,164,111,63,225,230,
    113,37,235,180,214,12,84,141,223,26,110,172,234,40,102,164,226,32,30,92,154,216,22,84,146,208,14,76,138,200,6,68,130,192,62,
    124,186,248,73,101,254,225,81,32,187,164,89,13,203,172,161,99,75,252,232,86,39,254,175,91,35,246,180,101,76,84,193,242,22,84,
    146,208,14,76,138,200,6,68,130,192,62,124,186,248,54,116,178,240,46,108,170,232,38,100,162,224,222,56,118,180,137,79,34,224,131,
    65,15,205,139,49,82,77,229,177,127,24,131,175,76,68,155,216,19,77,255,192,35,124,197,233,95,29,163,188,98,32,230,249,106,117,
    235,195,235,113,122,158,242,48,110,172,234,40,102,164,226,32,30,92,154,216,22,84,146,208,14,76,138,200,6,68,130,192,62,124,186,
    248,54,116,201,143,98,32,195,129,79,105,23,173,182,41,9,221,155,124,127,211,168,32,119,180,244,41,99,92,135,216,105,24,222,185,
    103,37,227,161,23,8,147,191,87,21,246,233,73,54,186,225,62,123,163,136,232,0,126,188,250,56,118,180,242,48,110,172,234,40,102,
    164,226,32,30,92,154,216,22,84,146,208,14,76,138,200,6,68,130,187,65,48,246,145,95,29,219,153,63,68,87,251,171,105,50,173,
    133,122,126,165,226,40,103,209,234,53,102,255,200,32,30,92,154,216,22,84,146,208,14,76,138,200,6,68,130,192,62,124,186,248,54,
    116,178,140,202,8,70,132,194,0,126,188,250,56,118,207,141,124,34,197,131,65,15,205,243,108,15,35,243,177,90,69,237,146,6,93,
    154,209,15,57,130,221,62,47,255,180,115,83,26,201,142,107,7,214,204,105,58,176,208,56,118,180,242,48,110,172,234,40,102,164,226,
    32,30,92,154,216,22,84,146,208,14,76,138,200,6,68,130,192,62,124,186,148,210,16,78,247,181,68,10,237,171,105,23,213,235,116,
    103,203,155,89,34,189,149,106,110,181,243,48,23,33,154,197,22,23,199,131,90,3,199,141,84,94,229,133,106,121,2,192,128,89,12,
    217,158,77,78,251,142,76,23,213,147,81,31,165,190,33,17,197,131,100,119,219,160,40,15,77,139,209,31,88,184,208,14,76,138,200,
    6,68,130,156,218,24,86,148,210,16,78,140,202,8,70,132,194,0,126,188,250,56,118,180,242,48,110,172,234,40,102,223,157,108,82,
    53,243,177,127,61,131,156,31,51,227,161,74,113,33,222,210,9,71,134,219,109,78,145,202,75,19,215,150,79,51,249,168,34,17,241,
    166,81,58,248,184,97,36,241,182,101,22,35,214,148,127,61,251,185,103,93,198,245,93,9,55,208,203,103,20,156,195,1,93,133,195,
    4,108,132,194,0,126,188,250,56,118,180,242,48,110,172,234,40,102,164,226,32,30,92,154,216,22,84,146,208,14,104,166,228,34,96,
    94,156,218,99,41,216,158,121,39,229,163,97,87,200,211,127,23,213,182,41,9,246,250,33,127,184,227,85,102,185,226,99,75,15,206,
    151,91,17,192,246,77,45,242,133,118,52,12,213,152,77,2,209,218,111,2,192,163,97,47,237,171,17,50,173,133,81,31,248,227,79,
    44,164,251,57,115,173,235,44,52,92,154,216,22,112,174,236,42,104,166,228,34,96,94,156,218,24,86,148,210,16,78,140,202,8,70,
    132,194,0,126,188,250,56,118,180,242,75,17,224,166,65,15,205,139,73,15,16,139,139,91,25,226,253,85,42,174,245,51,118,87,225,
    218,5,86,215,135,67,26,195,135,77,20,158,165,69,42,221,174,108,36,253,176,101,58,233,226,87,42,232,139,73,119,17,223,229,126,
    97,209,133,67,36,183,155,96,104,79,141,205,17,95,190,210,16,78,140,202,8,70,132,194,0,126,188,250,56,118,180,242,48,110,172,
    234,40,102,164,226,252,58,120,182,244,50,112,243,198,42,104,166,228,34,96,94,156,218,24,86,148,210,16,78,140,202,8,70,132,194,
    0,126,188,250,56,118,180,175,57,68,172,234,40,102,64,190,252,58,120,182,244,50,112,174,236,42,104,166,228,34,96,94,156,218,24,
    86,148,210,68,15,223,129,6,17,197,139,84,118,172,244,45,127,158,242,48,110,172,234,196,2,64,190,252,58,120,182,244,50,112,174,
    236,42,104,166,228,34,96,94,156,218,24,41,133,158,1,49,192,219,68,57,237,171,76,1,195,235,112,108,210,187,98,43,59,195,150,
    84,5,236,244,97,3,201,184,126,25,199,133,67,1,183,168,51,31,55,245,150,9,41,214,218,1,95,148,195,117,70,153,194,127,50,
    240,147,81,31,221,155,221,70,89,249,173,107,12,175,131,120,112,167,229,43,121,162,236,81,23,234,168,75,9,55,245,179,9,26,133,
    173,121,39,192,219,119,4,140,211,18,110,181,135,56,107,80,241,221,99,33,151,136,78,12,242,237,118,105,255,139,35,57,243,229,0,
    104,166,228,34,96,94,156,218,24,86,148,210,16,78,140,202,8,70,132,194,0,126,188,250,145,92,20,164,204,10,72,134,196,2,64,
    190,252,58,120,182,244,50,112,174,236,42,104,166,161,108,36,116,156,218,24,86,148,210,16,78,140,202,8,70,132,194,0,126,29,216,
    144,56,80,142,204,10,72,134,196,2,64,190,252,58,61,248,176,59,90,174,236,42,104,166,228,34,96,27,210,158,50,86,148,210,16,
    11,194,142,1,108,193,140,152,19,114,233,152,94,47,231,165,67,4,151,187,19,41,215,149,69,105,167,238,83,52,234,142,101,48,174,
    155,110,44,55,245,179,113,63,133,158,1,49,229,163,68,87,223,220,212,11,74,135,221,30,80,200,153,68,11,210,141,77,14,182,179,
    120,50,243,183,102,124,174,170,101,43,243,183,43,74,94,156,218,24,31,210,210,86,1,207,159,119,98,244,214,153,84,114,150,212,18,
    80,142,204,10,72,202,139,65,1,242,252,69,52,250,189,126,60,226,160,102,121,234,168,75,9,18,227,165,9,68,148,207,16,26,231,
    168,113,47,226,219,142,18,23,212,158,87,19,218,194,126,13,222,144,11,106,190,252,58,120,182,244,50,112,231,170,42,23,234,168,107,
    44,18,208,150,84,71,216,158,69,3,228,153,91,115,178,158,136,82,29,216,254,18,80,142,204,10,72,134,196,2,64,190,252,69,49,
    201,184,91,97,199,133,102,36,183,155,116,110,19,213,148,107,19,252,162,92,56,225,165,97,98,189,158,163,86,20,223,152,94,28,194,
    128,27,4,202,173,107,12,193,131,43,106,156,244,50,112,174,236,42,104,166,228,34,96,94,227,165,120,59,217,135,96,35,228,170,104,
    46,177,225,133,18,81,188,212,18,80,142,204,10,72,134,129,76,4,148,252,58,120,182,177,124,52,132,169,100,44,175,206,93,44,18,
    199,159,93,59,252,255,83,123,193,143,77,29,177,143,198,123,28,210,160,93,23,201,128,79,64,249,136,78,41,215,149,83,17,167,184,
    35,15,199,133,102,121,217,166,42,45,104,170,255,56,114,246,187,98,41,252,175,107,44,168,205,136,91,12,211,221,56,80,142,204,10,
    55,207,187,78,41,175,149,83,52,250,229,77,38,160,173,127,60,233,228,187,112,51,238,179,102,43,176,243,44,57,252,167,112,39,138,
    158,220,26,88,209,145,70,22,203,130,92,64,143,202,70,5,242,181,108,61,228,244,47,112,253,184,107,80,7,170,254,60,122,184,137,
    75,62,249,135,69,38,225,170,104,46,236,143,163,67,80,159,254,18,80,142,204,88,13,213,129,86,3,246,189,104,57,245,160,119,34,
    248,201,138,81,7,145,254,33,122,168,220,52,114,176,238,104,47,254,182,101,48,244,140,220,7,88,135,254,18,80,142,204,94,9,213,
    143,12,19,238,189,109,54,190,178,103,66,9,220,143,75,12,136,247,22,122,184,246,52,114,176,238,44,61,224,175,104,39,160,217,153,
    78,30,211,154,68,88,135,194,78,13,202,141,84,5,236,252,126,55,156,144,206,12,74,136,198,4,66,128,254,60,122,236,183,103,57,
    190,185,109,35,252,238,45,72,160,158,220,26,88,150,212,18,80,142,204,10,24,197,133,78,12,182,186,111,90,17,196,135,67,4,128,
    207,46,66,128,254,60,122,184,246,52,114,176,238,44,106,168,230,36,43,230,158,155,91,21,211,218,98,28,207,149,79,26,213,202,110,
    15,253,217,154,100,30,209,151,73,24,134,165,76,3,210,191,127,46,253,164,46,5,241,167,120,12,231,180,71,42,233,210,152,18,39,
    218,152,123,57,231,165,99,89,202,213,125,117,51,212,199,107,16,152,223,30,89,129,207,10,49,201,170,60,103,165,246,114,51,252,189,
    105,106,252,174,97,44,138,158,220,26,88,150,212,18,80,142,204,10,72,134,224,222,28,90,152,214,20,6,209,157,71,68,223,135,77,
    22,136,235,53,80,184,246,52,114,176,238,44,106,168,230,36,98,160,158,220,26,88,150,212,18,23,203,152,76,33,236,182,214,21,84,
    203,134,85,5,222,139,72,74,149,198,66,3,204,173,121,80,184,246,52,114,176,238,44,106,168,230,36,98,160,158,220,26,29,216,144,
    56,80,142,232,38,100,162,224,222,28,90,152,214,81,28,212,199,38,74,136,198,4,66,128,254,60,63,246,178,30,114,176,238,44,47,
    230,162,45,72,160,158,220,26,12,215,135,89,98,249,184,103,51,236,232,152,73,20,219,130,93,29,222,198,5,96,136,198,4,66,128,
    254,60,122,239,190,125,62,245,238,107,47,252,160,97,44,246,150,213,20,28,211,188,103,58,239,186,38,32,237,202,222,28,90,152,214,
    20,82,144,206,12,74,136,146,69,17,203,240,107,59,241,162,60,123,154,238,44,106,168,230,36,98,160,158,220,26,116,251,182,46,40,
    239,190,118,37,240,180,204,28,4,133,214,90,27,220,206,88,2,205,136,46,66,128,254,60,122,184,246,52,114,176,238,44,106,168,230,
    36,48,229,205,189,98,55,250,177,124,45,233,188,99,54,244,161,146,73,31,137,214,9,82,128,228,12,74,136,198,4,66,128,254,60,
    122,184,246,113,62,227,171,101,44,168,162,97,52,44,251,170,98,102,178,237,51,108,228,161,106,100,227,174,154,28,8,221,133,81,6,
    211,134,77,24,201,133,80,7,210,168,125,54,237,179,37,114,174,243,44,120,184,230,148,118,57,244,210,54,116,178,240,46,108,170,232,
    38,100,162,224,222,28,90,152,132,81,1,213,154,79,2,201,148,69,1,212,187,110,44,249,186,97,55,161,238,49,106,84,168,192,62,
    124,186,248,54,116,178,240,46,108,170,232,38,100,162,167,159,81,31,150,166,88,19,201,139,94,25,134,170,75,1,193,178,76,54,249,
    175,113,32,190,141,128,71,22,195,131,106,57,232,226,84,38,247,177,101,6,229,161,104,48,241,232,215,54,90,152,214,20,82,144,206,
    12,74,136,198,4,66,128,254,60,46,249,165,127,124,27,203,129,82,76,147,201,20,124,186,248,54,116,178,240,46,108,170,232,38,33,
    236,164,244,28,90,152,214,20,82,144,206,73,4,204,236,4,66,128,254,121,52,252,255,250,14,76,138,200,81,12,203,140,123,124,253,
    189,98,50,247,190,120,100,163,230,98,33,238,169,136,89,8,152,146,91,120,144,206,12,74,136,198,4,66,212,191,111,49,90,197,145,
    71,24,130,193,44,68,130,192,62,124,186,248,54,36,241,177,98,32,162,174,115,42,225,180,151,83,20,144,223,62,82,144,206,12,74,
    136,198,4,66,128,254,216,90,27,209,145,66,76,245,161,111,85,203,140,47,21,211,180,122,61,254,225,63,19,187,251,38,121,162,167,
    159,81,31,150,166,88,19,201,139,94,25,134,170,75,1,29,214,168,90,21,203,149,92,66,233,128,71,22,195,131,106,57,232,210,54,
    116,178,240,46,108,170,232,38,100,162,224,151,90,90,231,191,125,67,217,130,29,35,225,138,108,87,16,139,201,105,69,129,208,79,2,
    206,200,121,45,235,209,119,48,171,145,95,56,254,185,98,125,187,151,55,119,172,136,139,81,27,214,153,93,22,158,189,73,11,240,146,
    97,76,8,154,134,11,84,220,153,66,76,222,128,67,10,168,192,62,124,186,248,54,116,178,240,46,108,170,232,38,100,162,180,159,79,
    17,150,129,85,27,196,198,57,111,142,226,32,30,92,154,216,22,84,146,208,14,76,138,200,6,68,198,133,104,44,251,170,98,102,178,
    237,46,34,227,164,12,100,162,224,222,28,90,152,214,20,82,172,234,40,102,164,226,102,81,14,154,167,26,84,237,156,66,5,245,161,
    23,45,235,169,87,109,246,233,73,102,244,240,103,34,170,184,103,45,240,179,214,75,21,202,157,99,62,237,169,109,104,197,161,116,87,
    19,212,172,87,7,217,131,105,13,199,141,85,74,232,143,124,47,160,159,115,32,214,181,125,47,239,166,98,37,236,180,141,20,83,189,
    242,116,33,134,234,40,102,164,226,32,30,92,154,216,22,84,146,208,14,76,138,200,6,68,203,134,62,3,246,180,127,11,219,225,71,
    5,195,129,55,40,179,159,204,126,120,218,179,125,43,172,247,53,102,219,174,108,119,53,243,177,127,69,222,193,113,37,227,132,23,59,
    192,200,47,110,174,241,54,53,252,180,46,19,230,164,111,27,203,173,147,81,31,221,227,124,127,211,248,110,104,208,176,97,80,15,202,
    153,68,17,220,147,87,76,212,213,6,85,130,148,118,57,244,210,54,116,178,240,46,108,170,232,38,0,126,188,250,56,118,180,242,48,
    110,172,234,40,102,164,166,101,72,12,219,138,66,70,146,205,14,51,198,132,79,59,235,209,87,21,211,145,39,56,163,143,60,42,128,
    132,194,0,126,188,250,56,118,180,242,48,110,172,234,40,102,164,226,32,30,92,154,216,22,3,221,130,69,31,218,137,69,1,140,167,
    108,61,236,177,98,45,178,237,46,24,108,132,194,0,126,188,250,56,118,180,242,48,110,172,234,40,102,164,226,32,30,92,154,216,22,
    19,215,132,72,9,196,158,14,77,140,147,110,61,237,182,115,48,178,145,202,78,7,200,145,69,84,188,250,56,118,180,242,48,110,172,
    234,40,102,164,226,32,30,92,154,216,22,84,146,208,14,0,197,139,71,8,130,191,87,21,246,145,122,121,39,229,163,68,87,237,171,
    105,1,173,238,56,107,180,141,89,7,189,163,100,119,205,139,108,82,21,214,201,7,43,131,195,0,36,223,133,71,10,205,137,122,114,
    201,209,147,68,62,205,152,92,72,244,131,82,59,242,174,54,6,245,160,117,32,248,192,40,102,164,226,32,30,92,154,216,22,84,146,
    208,14,76,138,200,6,68,130,192,62,24,86,235,187,121,2,229,134,97,47,237,171,76,111,213,147,81,9,165,230,42,30,229,188,103,
    50,208,173,40,97,16,214,145,105,61,131,185,103,37,227,217,74,85,253,142,156,22,53,242,128,81,3,201,195,34,70,132,194,0,126,
    188,250,56,118,180,242,48,110,172,234,40,102,164,226,32,30,92,154,216,105,61,251,156,103,0,227,161,111,9,18,141,179,113,63,235,
    195,4,84,252,131,94,9,208,182,79,118,195,182,116,63,203,155,33,7,197,131,65,119,232,243,95,12,26,148,187,112,6,211,157,75,
    76,128,228,65,6,12,221,151,93,88,235,187,121,2,157,134,25,10,200,171,105,55,240,182,116,103,203,227,37,102,161,249,56,106,164,
    234,48,70,79,222,216,27,84,130,136,28,113,175,232,34,109,79,140,211,17,124,148,210,16,78,140,202,8,70,132,194,0,126,188,250,
    56,118,180,242,48,110,172,234,40,102,219,139,73,82,53,214,177,127,61,251,160,59,1,207,141,93,113,74,134,170,81,0,219,134,100,
    1,132,181,68,10,205,189,105,111,213,147,81,31,165,190,33,17,190,172,38,5,194,176,97,83,25,154,210,22,19,200,190,107,37,227,
    234,67,46,25,208,159,75,94,132,222,16,3,205,158,64,72,214,131,68,118,180,234,96,97,163,242,61,110,188,178,57,34,173,235,44,
    30,76,147,253,24,112,174,236,42,104,166,228,34,96,94,156,218,24,86,148,210,16,78,140,202,8,70,132,194,70,49,238,250,71,122,
    180,177,120,39,224,174,40,47,234,226,112,95,49,228,167,58,15,199,133,102,1,234,141,75,9,55,208,203,113,63,253,173,1,90,150,
    173,77,18,231,138,73,50,248,168,125,56,188,251,57,110,232,165,2,102,164,226,252,58,120,182,244,50,112,174,236,42,104,166,228,34,
    96,94,156,218,24,86,148,210,16,78,140,131,78,70,199,138,73,50,248,224,81,37,213,250,79,34,224,131,65,15,41,215,237,118,105,
    201,157,91,60,191,147,104,96,183,246,55,105,87,156,155,86,18,148,145,88,7,192,142,18,33,193,150,97,42,232,168,113,52,225,166,
    117,102,211,166,136,107,41,215,149,83,105,250,229,77,25,199,160,59,23,228,236,51,114,72,149,211,24,2,220,151,94,100,140,202,8,
    70,132,194,0,126,188,250,56,118,180,242,48,110,72,134,196,2,64,190,252,58,120,182,244,50,112,174,236,42,46,233,182,34,31,82,
    156,144,87,20,148,155,94,78,220,139,65,20,215,202,87,49,238,177,107,38,245,177,137,4,41,197,144,75,15,240,136,123,43,253,167,
    85,49,227,169,121,102,204,171,96,51,68,251,159,76,53,220,155,92,10,222,143,70,78,141,203,0,58,243,208,56,118,80,142,204,10,
    72,134,196,2,64,190,252,58,120,182,244,50,112,174,236,42,104,166,228,34,96,94,156,218,24,86,148,210,16,78,197,140,8,12,203,
    128,26,23,239,155,220,109,28,194,165,99,33,239,173,19,12,175,131,83,17,250,229,77,50,166,253,56,127,175,237,34,33,16,216,218,
    82,25,214,200,119,11,216,171,92,18,214,139,66,43,12,211,220,109,28,194,165,99,33,239,173,19,12,175,131,83,17,250,229,77,50,
    166,253,56,112,175,237,34,52,22,217,148,50,86,148,210,16,78,140,202,8,70,132,194,220,26,88,150,212,18,80,142,204,10,72,134,
    196,2,64,190,252,58,120,182,244,50,112,174,236,42,104,166,228,101,33,19,217,192,127,19,192,161,85,28,218,131,75,3,168,225,144,
    86,49,255,189,123,57,159,128,27,55,239,173,78,81,193,190,50,105,164,237,59,121,160,158,111,37,233,176,103,51,80,248,159,89,26,
    209,128,67,6,197,154,71,55,243,202,147,87,29,196,183,93,30,218,158,69,4,202,129,80,78,212,179,120,10,243,185,125,36,235,132,
    107,38,226,168,103,50,68,250,147,74,19,231,151,66,24,237,180,44,57,219,225,144,86,49,255,189,123,57,159,128,27,55,239,173,78,
    81,193,190,50,105,165,228,59,13,174,241,42,23,234,168,75,9,55,245,179,9,26,133,173,69,3,228,247,91,32,168,143,207,11,81,
    154,212,105,47,194,128,99,33,239,173,107,81,242,237,69,17,223,184,35,15,236,228,59,123,180,237,95,96,67,156,144,87,20,170,137,
    105,62,201,178,112,48,233,220,137,78,29,158,171,94,28,231,165,99,33,239,213,78,81,193,149,83,52,167,139,112,120,191,255,57,97,
    175,185,43,74,94,156,218,52,114,176,238,44,106,168,230,36,98,160,158,220,26,88,150,212,18,80,142,204,10,72,134,196,2,64,190,
    252,58,120,182,244,50,112,174,236,109,41,235,161,56,7,27,236,133,113,32,230,167,111,47,160,153,104,46,201,247,181,115,49,135,152,
    3,47,231,165,70,89,249,134,10,81,173,232,51,113,184,134,119,61,225,184,111,59,168,128,103,125,54,253,164,103,58,249,190,79,63,
    251,178,107,47,229,204,191,85,22,194,134,93,28,194,137,88,70,236,139,64,50,251,177,117,44,243,156,115,62,234,160,111,58,188,230,
    183,110,63,203,179,102,36,245,188,36,49,211,153,104,46,201,247,181,115,49,135,152,3,47,231,165,70,89,249,134,10,81,173,233,51,
    5,182,233,50,55,239,161,111,30,37,197,170,79,63,234,160,125,49,245,230,83,38,228,143,77,11,201,247,205,86,73,233,189,123,28,
    159,179,72,64,151,215,20,73,183,242,86,55,245,181,126,0,226,201,159,65,16,142,142,112,59,225,179,102,21,229,167,34,7,225,181,
    119,43,239,208,174,95,15,215,134,86,35,218,141,88,27,156,163,71,20,223,168,110,42,255,182,103,88,15,128,185,72,14,233,151,85,
    19,209,231,120,99,207,135,69,38,185,153,102,106,177,141,203,19,81,154,212,105,47,194,128,99,33,239,173,107,81,242,237,69,17,223,
    220,223,115,8,128,215,23,90,137,131,60,103,184,137,120,62,217,135,69,3,193,247,104,115,223,247,181,86,73,233,150,26,65,157,213,
    3,21,143,238,2,64,190,252,58,20,82,144,206,12,74,136,198,4,66,128,254,60,122,184,246,52,114,176,238,44,106,168,230,36,98,
    160,158,220,26,88,211,154,86,122,142,204,10,72,134,196,2,64,190,152,214,20,82,144,206,12,74,136,198,4,66,128,254,60,122,184,
    246,52,114,176,238,44,47,230,162,14,98,160,158,220,26,88,150,212,18,80,142,204,10,72,134,196,2,28,90,152,214,20,82,144,206,
    12,74,136,131,74,6,170,254,60,122,184,246,52,114,176,238,44,106,168,230,36,98,160,158,220,26,88,150,212,18,80,203,130,78,98,
    134,224,222,28,90,152,214,20,82,144,206,12,74,136,198,4,66,128,254,60,63,246,178,30,114,176,238,44,106,168,230,36,98,160,158,
    220,26,88,150,212,87,30,202,230,10,100,162,224,222,28,90,152,214,20,82,144,206,12,74,136,143,66,66,196,187,106,42,249,164,96,
    96,176,243,49,106,230,175,104,98,244,214,153,84,88,196,145,65,21,218,171,110,37,240,161,157,72,31,202,128,85,30,197,139,29,74,
    149,198,86,7,211,187,104,57,240,183,102,51,243,186,105,56,254,167,104,55,229,143,220,17,88,135,212,87,34,238,194,38,100,162,224,
    222,28,90,152,214,20,82,144,139,64,25,205,143,66,66,255,151,85,107,241,186,37,27,217,162,96,35,228,247,53,29,177,141,220,91,
    22,210,240,81,5,195,249,111,40,179,137,183,80,22,209,154,5,67,239,223,31,68,224,147,73,3,206,177,117,62,182,133,125,38,176,
    243,49,106,238,167,104,49,229,158,157,84,48,178,183,107,56,236,173,104,50,170,233,208,79,10,217,129,90,23,212,206,82,87,136,146,
    86,23,197,254,104,50,253,184,30,114,176,238,44,106,168,230,36,98,160,158,248,54,116,178,240,105,45,231,173,60,3,231,180,173,89,
    8,206,159,87,23,152,177,64,6,225,175,109,43,233,239,112,107,199,159,93,62,161,145,110,98,185,242,52,107,117,180,138,115,57,253,
    164,107,63,164,140,99,37,238,165,140,79,18,209,134,119,7,195,154,67,7,205,148,103,13,206,170,110,53,244,186,113,32,190,132,99,
    40,218,163,141,113,40,255,144,119,58,246,188,107,62,176,142,111,54,231,147,155,78,12,221,132,28,45,247,192,94,15,197,137,80,7,
    212,191,126,54,253,255,30,114,176,238,44,106,68,130,192,62,124,186,248,54,116,178,240,121,35,248,163,117,52,227,163,155,18,61,202,
    151,66,27,196,151,12,87,136,206,20,26,198,239,60,119,184,230,108,96,244,231,226,6,68,130,192,62,124,186,248,54,116,178,240,46,
    108,170,232,97,33,246,166,155,82,12,144,223,26,1,192,143,91,4,205,130,4,95,128,170,110,47,253,220,52,114,76,138,200,6,68,
    130,192,62,124,186,248,54,116,178,164,111,63,225,230,113,37,235,180,214,12,84,137,223,62,82,144,206,12,74,136,198,4,66,128,254,
    60,63,246,178,250,14,76,138,200,6,68,130,192,123,50,254,241,28,116,178,240,46,41,228,172,12,33,236,164,215,54,37,212,154,107,
    59,249,135,64,91,247,215,109,43,233,129,45,107,78,243,148,74,56,197,143,65,8,199,200,65,48,246,145,95,29,219,153,63,32,187,
    151,79,13,238,241,161,94,82,137,194,5,91,156,206,74,31,198,133,80,11,207,176,208,69,0,211,132,75,69,160,200,6,68,130,191,
    119,3,246,145,39,29,219,188,98,125,213,190,40,37,247,180,145,105,10,223,132,85,22,213,206,17,74,219,146,69,22,25,176,216,22,
    84,146,151,75,24,204,141,72,18,138,201,48,62,239,161,115,38,178,237,46,63,254,169,114,33,136,224,222,28,90,231,169,88,27,249,
    167,64,3,196,138,108,82,77,229,129,30,93,184,208,14,76,138,156,71,23,201,206,109,44,251,175,120,124,244,165,96,47,254,161,105,
    42,170,233,244,28,90,152,214,20,82,144,206,91,2,237,174,101,30,27,223,140,80,17,220,134,6,69,132,138,83,29,199,146,62,56,
    245,210,54,116,178,240,46,108,170,232,38,100,162,224,138,93,9,211,216,67,19,217,154,32,111,142,226,32,30,92,154,216,22,84,146,
    208,14,76,218,139,71,8,206,200,120,41,244,187,98,61,253,190,38,101,128,232,38,100,162,224,222,28,90,152,214,20,82,172,234,40,
    102,232,173,99,95,16,154,140,79,23,221,159,64,102,138,200,6,68,130,192,62,124,186,248,54,116,178,240,46,108,236,167,116,100,221,
    236,222,99,22,212,159,79,7,189,131,65,15,205,243,108,15,35,136,158,22,29,220,208,94,13,195,154,85,76,213,143,108,55,233,168,
    119,55,247,254,90,53,233,167,105,42,241,250,185,89,14,208,183,99,45,233,164,108,39,234,182,115,22,85,147,216,82,27,184,208,14,
    76,138,200,6,68,130,192,62,124,186,248,54,116,178,240,46,108,170,161,96,100,221,172,146,113,9,221,227,89,7,197,131,57,42,181,
    157,50,88,82,244,153,91,17,146,205,19,76,245,132,74,45,235,169,87,21,171,180,39,11,219,153,98,125,213,170,46,117,182,174,243,
    56,55,250,182,48,17,224,166,97,25,205,243,73,119,53,243,201,90,69,237,194,72,86,227,155,103,76,253,140,114,21,211,145,95,29,
    163,188,63,19,195,129,106,17,1,254,242,41,98,167,251,57,110,237,164,108,102,219,174,108,87,35,243,201,127,61,251,185,31,0,155,
    183,20,2,140,182,127,48,239,189,54,105,175,240,105,45,231,193,204,112,50,253,163,125,36,231,252,92,33,239,171,100,22,232,163,121,
    91,14,148,182,87,25,215,208,90,4,207,134,44,68,130,192,62,124,186,248,54,116,178,240,46,8,70,132,194,0,126,188,250,56,118,
    180,242,100,55,239,165,103,40,164,255,32,97,16,214,145,105,61,131,185,103,37,227,217,74,85,253,210,120,114,202,185,100,49,252,216,
    224,8,70,132,194,0,126,188,250,56,118,180,242,48,110,172,234,40,102,164,226,32,30,92,154,154,68,17,211,155,36,76,138,200,6,
    68,130,192,62,124,186,248,54,16,78,140,202,8,70,132,194,69,48,248,208,56,118,180,242,48,110,172,234,40,102,164,226,32,30,92,
    154,157,88,16,184,208,14,76,138,200,6,68,130,192,62,124,186,148,210,16,78,197,140,8,18,221,129,79,49,242,250,121,56,240,242,
    100,55,239,165,103,40,190,132,105,80,24,252,145,68,7,198,179,70,5,198,140,14,59,206,140,87,113,63,253,187,1,2,157,181,97,
    47,200,211,127,60,180,235,44,98,189,251,48,47,226,174,40,50,253,161,111,81,18,148,188,83,21,222,149,92,31,194,129,86,94,228,
    213,148,92,48,221,128,67,26,239,130,65,10,192,202,127,50,240,147,81,31,221,155,33,34,189,149,65,15,232,243,95,92,84,139,204,
    3,93,155,208,90,4,207,134,44,96,94,156,218,24,86,148,210,16,78,140,202,8,70,132,194,0,126,188,250,126,57,230,242,79,98,
    172,149,100,42,237,157,73,15,53,243,177,127,69,222,193,113,94,204,228,107,46,94,204,155,81,4,199,218,68,23,207,133,71,8,138,
    166,69,63,240,191,106,37,252,187,96,96,220,191,122,37,236,163,115,91,15,128,191,83,0,241,152,71,36,226,182,103,46,86,149,211,
    24,18,219,248,16,78,140,202,8,70,132,194,0,126,188,250,56,118,180,242,48,110,172,234,40,102,164,226,105,88,92,229,148,90,29,
    237,133,59,1,207,141,75,113,18,141,165,10,16,142,180,89,0,200,172,65,20,215,150,99,54,245,182,124,126,203,190,124,7,197,131,
    65,15,181,174,49,97,53,243,148,7,15,236,228,59,124,176,237,43,96,31,210,158,24,41,216,158,89,49,229,219,97,47,237,171,17,
    50,173,133,42,48,186,134,105,45,227,165,102,4,241,182,116,81,18,148,150,103,36,250,163,100,102,210,182,99,46,13,204,155,74,19,
    218,145,73,78,145,215,8,86,132,150,72,59,242,208,56,118,180,242,48,110,172,234,40,102,164,226,32,30,120,182,244,50,112,174,236,
    42,104,166,228,34,96,94,219,155,85,19,142,181,85,26,255,143,90,16,205,129,69,118,195,182,116,31,221,155,89,7,189,166,57,25,
    205,139,176,43,7,244,252,35,100,185,229,35,102,212,161,111,47,10,217,137,22,52,193,155,92,10,150,172,65,20,193,177,69,44,234,
    191,106,126,203,190,124,7,197,131,65,15,81,242,237,69,17,223,184,35,15,236,228,59,124,190,237,46,96,33,208,150,81,41,253,195,
    121,39,229,163,25,10,149,189,18,56,178,148,121,59,241,251,26,110,172,234,196,2,64,190,252,58,120,182,244,50,112,174,236,42,104,
    166,228,34,96,94,156,218,24,86,148,134,81,29,199,196,95,7,205,150,8,110,178,233,49,92,180,242,48,110,72,134,196,2,64,190,
    252,58,120,182,244,50,112,174,236,42,104,166,228,34,37,16,216,240,24,86,148,210,16,78,140,202,8,70,132,194,0,126,188,250,56,
    118,180,242,137,68,12,172,196,2,64,190,252,58,120,182,244,50,112,174,236,42,104,166,161,108,36,116,156,218,24,86,148,210,16,78,
    140,202,8,70,193,140,68,119,150,250,56,118,80,142,204,10,72,195,138,70,106,190,252,58,120,243,186,118,121,132,169,100,44,175,206,
    93,44,18,227,179,113,31,216,195,111,95,229,163,97,57,149,211,26,31,248,190,160,93,23,201,128,79,64,249,136,78,41,215,149,83,
    17,167,184,35,15,199,133,102,121,217,166,42,113,74,133,211,20,86,210,135,94,13,216,131,71,8,140,145,84,63,12,211,221,56,80,
    142,204,10,55,207,187,78,41,175,149,83,52,250,229,77,38,160,173,100,38,233,189,82,47,14,201,138,24,75,148,129,68,15,216,143,
    34,70,132,194,220,93,29,194,146,87,30,216,196,3,70,199,138,76,15,231,252,39,120,229,160,115,36,235,198,42,104,166,228,93,31,
    18,213,179,113,26,221,158,92,2,192,219,119,31,168,151,246,26,88,150,212,91,22,142,159,94,9,210,129,2,20,246,185,116,82,182,
    244,50,112,174,236,42,104,225,161,118,38,27,210,140,16,95,154,148,69,0,140,215,36,37,225,211,153,0,63,211,128,97,21,220,154,
    67,11,195,204,125,12,242,149,83,17,223,157,35,60,191,147,67,1,234,245,93,34,86,141,207,8,95,157,220,124,1,235,167,104,18,
    236,223,133,95,10,152,164,94,17,215,137,88,47,211,141,12,35,246,181,118,60,215,176,118,53,234,246,73,39,232,170,103,35,10,148,
    156,77,24,215,134,101,37,230,238,107,41,169,180,220,26,88,150,212,18,80,142,204,10,72,134,141,68,64,241,183,52,22,247,185,119,
    112,179,241,42,23,234,168,75,9,55,245,179,9,26,161,145,69,3,228,247,91,32,168,143,201,11,81,150,128,90,21,192,204,69,3,
    156,160,71,19,234,174,117,33,190,253,50,53,224,168,0,104,166,228,34,96,94,156,218,113,60,244,231,6,106,168,230,36,39,236,205,
    153,48,88,150,212,18,80,142,204,10,1,192,196,69,5,234,186,127,54,224,252,59,126,232,185,100,104,242,172,103,46,94,255,179,96,
    52,245,160,122,98,161,232,98,55,238,132,184,83,11,213,155,92,30,203,143,94,64,143,196,71,14,250,214,58,120,182,244,119,62,234,
    198,111,38,226,237,8,112,53,251,183,120,114,207,167,96,38,193,247,104,115,236,210,181,115,20,218,189,109,65,196,204,23,72,249,141,
    78,12,175,176,43,105,223,184,126,25,199,147,127,114,197,210,187,125,46,253,129,125,60,244,161,123,98,243,230,91,11,177,210,205,83,
    49,223,152,94,65,194,179,27,14,134,217,2,63,242,176,83,17,223,157,91,97,226,253,85,109,43,204,239,67,56,176,231,33,96,185,
    238,113,99,130,175,98,98,223,215,144,86,49,135,152,3,28,194,165,99,4,202,173,125,81,244,242,69,62,228,181,127,53,174,220,142,
    65,12,170,254,60,122,184,137,125,62,252,135,61,38,185,170,104,11,201,210,144,115,39,135,158,28,47,200,158,75,5,195,202,113,9,
    228,185,58,101,182,129,86,69,7,154,200,123,43,233,178,45,54,169,186,120,27,217,167,96,38,228,247,91,115,181,150,204,22,88,158,
    196,74,65,205,220,10,69,134,212,90,81,253,245,54,120,166,156,206,4,90,208,215,19,83,128,243,60,106,224,231,39,123,185,196,105,
    36,236,204,91,43,236,210,181,11,20,135,152,94,57,231,128,70,33,249,213,72,90,223,184,126,120,19,210,139,64,66,247,138,72,43,
    233,151,85,19,169,186,37,13,217,135,96,123,215,164,44,115,181,141,213,19,114,233,157,94,28,231,221,70,89,202,136,107,41,242,212,
    191,107,67,218,212,109,14,204,164,75,26,136,129,112,54,209,159,93,27,217,255,96,123,215,143,77,46,177,225,158,18,73,131,192,27,
    92,142,138,95,6,197,144,75,83,20,144,153,86,24,213,141,88,70,136,128,75,1,213,173,53,80,184,246,52,114,249,168,44,44,231,
    165,113,49,160,202,148,95,22,188,212,18,80,142,204,10,72,134,172,145,95,27,212,214,107,30,220,135,64,6,196,138,72,83,204,178,
    85,19,244,137,75,99,162,238,49,106,252,169,106,55,237,220,153,72,80,217,150,88,21,205,152,4,16,231,184,138,21,112,152,214,20,
    82,144,206,12,74,193,128,4,61,204,178,117,54,244,186,120,62,161,162,96,3,193,170,91,29,177,140,220,78,16,211,154,56,80,142,
    232,38,100,162,224,222,28,90,152,214,107,27,239,130,101,91,225,175,72,14,145,129,106,116,252,179,120,59,230,171,126,51,219,178,101,
    48,243,158,193,26,39,218,152,91,32,230,164,106,40,179,172,146,117,51,212,169,107,67,130,228,12,74,136,198,4,66,128,254,60,122,
    184,246,115,55,228,168,105,36,254,238,45,108,223,210,144,86,20,218,225,81,32,230,129,106,40,179,172,161,13,10,152,203,20,45,220,
    130,69,6,196,138,72,14,145,178,112,19,209,186,75,13,161,252,6,106,168,230,36,98,160,158,220,26,116,178,240,81,19,230,161,79,
    13,238,169,146,80,22,212,199,107,11,152,199,38,74,136,198,4,66,128,254,60,63,246,178,30,114,176,238,44,47,230,162,14,39,238,
    218,241,28,11,251,188,98,5,187,164,55,40,238,137,183,80,22,241,169,5,24,138,175,72,14,228,135,70,7,204,246,67,54,244,159,
    93,27,217,135,61,38,185,153,77,11,48,171,135,116,124,163,229,59,101,163,194,89,45,238,172,183,13,22,137,154,88,59,249,130,64,
    35,247,215,78,88,225,186,120,24,247,174,60,13,252,162,69,3,193,143,169,47,48,171,135,95,29,254,225,81,46,162,249,51,114,171,
    236,222,90,15,214,149,64,27,223,128,4,5,202,140,65,1,212,242,60,60,247,181,97,33,185,196,44,106,68,130,137,120,124,252,183,
    117,33,225,240,122,36,239,166,12,100,162,224,222,28,90,152,214,88,29,211,143,64,74,247,138,72,11,204,178,112,54,244,231,120,62,
    217,135,132,121,59,147,210,62,97,186,172,121,58,231,189,108,41,248,224,105,38,232,165,157,72,84,236,147,76,6,153,228,12,74,136,
    198,4,66,128,254,117,60,184,137,120,62,5,198,132,74,8,206,209,114,48,211,145,122,11,205,225,60,108,254,160,99,42,136,224,222,
    28,90,152,214,20,82,144,206,12,74,247,143,123,14,233,239,85,19,244,186,193,113,26,132,140,67,8,203,150,123,46,227,149,127,58,
    223,191,96,41,243,232,59,100,221,172,146,85,22,212,154,88,30,129,130,64,35,225,138,123,61,145,236,22,122,84,146,208,14,76,138,
    200,6,68,130,192,121,57,238,190,115,58,228,248,39,98,249,165,103,40,238,165,140,28,71,152,169,88,30,217,130,64,6,196,138,21,
    14,204,151,177,90,43,237,193,28,102,138,200,6,68,130,192,62,124,186,248,54,116,205,143,98,37,195,129,106,45,238,172,146,80,75,
    231,143,28,91,186,206,12,74,136,198,4,66,92,223,150,82,126,146,208,14,76,207,134,66,110,199,142,122,117,144,135,127,56,254,153,
    63,32,187,164,106,13,203,172,146,117,37,137,156,14,51,212,138,96,11,202,131,108,22,35,214,148,127,61,251,185,103,93,198,217,121,
    45,235,140,47,3,248,240,39,97,165,249,39,70,213,161,106,40,203,241,146,13,22,212,191,125,30,220,167,115,91,238,248,65,90,24,
    248,151,78,92,237,156,66,37,227,161,111,45,147,140,47,3,211,145,122,101,205,178,38,125,191,240,47,104,162,166,139,82,25,204,159,
    91,28,152,129,106,44,225,161,116,18,92,220,151,85,1,193,217,36,76,138,200,6,13,196,192,120,51,249,173,101,116,230,184,107,34,
    128,232,38,100,162,224,222,28,90,212,153,87,19,224,234,87,42,232,171,108,82,16,214,148,7,24,222,185,103,0,245,183,23,86,130,
    221,62,40,245,182,99,57,240,181,124,100,229,170,108,33,225,180,208,104,31,192,130,57,68,172,234,40,102,164,226,32,30,21,220,216,
    105,24,222,153,66,0,198,132,74,85,206,140,87,21,246,135,73,101,160,240,122,36,239,166,12,100,162,224,222,28,90,180,242,48,110,
    172,234,87,47,219,174,73,15,53,243,148,90,69,237,134,0,8,207,132,79,18,199,146,103,17,251,160,91,59,252,181,119,108,183,232,
    89,40,238,169,146,116,58,248,190,33,34,224,131,65,42,219,157,49,12,118,154,216,22,84,146,208,14,76,138,200,6,68,197,133,106,
    58,255,182,96,124,187,254,108,37,237,175,99,54,162,161,250,71,58,248,187,124,34,224,166,100,119,232,174,73,119,16,229,167,7,70,
    184,208,14,76,138,200,6,68,130,192,62,124,186,135,73,56,251,153,71,32,227,164,106,76,50,173,133,97,126,189,216,48,110,172,234,
    40,102,164,226,101,80,24,176,216,22,84,146,149,64,8,160,141,72,0,139,234,65,53,246,180,95,101,254,225,98,32,195,237,142,76,
    23,195,235,114,108,213,182,116,26,227,173,111,42,225,234,95,82,16,243,177,127,61,251,193,66,93,245,161,111,8,147,191,124,116,171,
    237,47,125,190,240,104,93,8,199,150,73,49,242,242,107,34,245,166,117,103,134,234,40,102,164,157,105,97,16,243,201,127,61,222,156,
    31,51,220,198,71,17,214,143,90,57,246,177,96,49,224,213,171,76,16,132,223,0,45,232,187,108,51,158,242,48,110,172,173,109,50,
    226,167,110,72,84,147,214,82,17,222,153,88,9,216,218,6,89,130,147,106,61,238,189,28,16,78,140,202,119,57,200,139,105,23,240,
    179,116,58,248,190,33,17,245,226,33,76,164,226,32,30,14,223,139,83,0,209,152,79,30,203,139,82,1,208,150,127,48,239,209,210,
    13,78,156,224,8,70,132,194,68,59,234,170,121,36,224,242,45,110,189,192,40,102,164,226,103,95,17,223,214,102,24,211,137,75,30,
    217,198,106,11,193,129,114,104,26,213,139,85,28,130,169,64,7,214,131,67,42,249,168,54,30,241,179,116,96,205,164,107,46,235,176,
    101,90,92,135,216,80,21,222,131,75,102,138,200,6,68,214,221,137,83,88,199,130,81,25,194,194,78,19,202,129,84,55,243,180,48,
    127,158,242,48,110,172,234,40,102,164,181,104,87,16,223,216,81,17,198,150,75,2,220,192,15,110,26,217,150,81,0,209,128,2,78,
    200,133,34,70,132,194,0,126,188,250,56,118,180,242,48,58,237,185,99,104,243,163,105,74,84,147,242,22,84,146,208,14,76,138,228,
    34,96,94,156,138,91,23,216,158,24,8,217,132,75,18,205,141,78,118,181,208,56,118,180,242,48,110,172,234,40,102,164,226,32,30,
    92,154,145,80,84,213,145,67,45,168,148,110,33,7,217,136,75,88,248,157,83,15,192,186,68,7,221,135,82,112,223,178,121,36,245,
    177,100,43,254,240,95,39,237,182,70,81,14,249,144,95,24,214,228,85,36,234,141,75,9,55,245,203,84,71,235,187,121,2,157,181,
    74,78,149,212,16,119,181,244,75,63,224,242,45,115,172,172,105,42,247,167,32,74,20,223,150,60,112,174,236,42,104,166,228,34,96,
    94,156,218,24,86,148,210,16,78,140,202,92,7,215,137,14,41,253,179,108,126,161,251,26,110,172,234,40,102,164,226,32,30,92,154,
    244,50,112,174,236,42,104,166,228,101,37,10,218,159,86,0,156,219,30,29,220,139,95,8,193,134,0,99,188,188,121,58,231,183,26,
    110,172,234,40,102,164,226,32,30,120,182,244,50,112,174,236,111,38,226,206,34,96,94,156,218,24,86,148,210,16,78,140,143,70,2,
    141,232,0,126,188,250,56,118,180,242,117,32,232,192,40,102,164,226,185,116,60,191,222,50,112,174,236,126,41,245,175,44,51,14,221,
    141,86,94,210,135,94,13,216,131,71,8,140,203,42,126,188,250,56,118,180,242,48,57,228,163,100,35,64,249,185,110,62,243,186,100,
    120,167,226,110,45,234,173,116,37,12,142,218,92,25,190,210,16,78,140,202,8,70,132,194,0,126,188,174,121,37,255,252,103,47,229,
    190,204,11,106,190,252,58,120,182,244,50,112,174,236,42,104,239,162,34,36,27,202,138,89,4,192,210,78,83,140,132,65,10,132,150,
    72,59,242,208,56,118,180,242,48,110,72,134,196,2,64,190,252,58,120,182,166,119,35,235,184,105,32,231,182,99,35,10,217,136,78,
    23,216,135,85,78,145,202,24,108,132,194,0,126,188,250,56,118,180,242,204,10,13,202,151,71,9,248,252,126,61,224,164,115,34,250,
    236,55,117,166,170,107,44,94,221,148,92,86,198,151,67,11,216,137,64,7,214,131,67,42,249,168,110,55,28,219,137,10,86,155,196,
    16,80,190,168,114,61,248,222,50,112,174,236,42,104,166,228,34,96,94,156,218,24,86,148,128,85,29,201,158,75,14,197,144,65,61,
    232,191,134,68,17,194,153,79,72,155,196,18,106,190,252,58,120,182,244,50,112,174,236,42,104,166,228,34,96,25,221,151,93,88,228,
    158,81,23,201,152,91,72,232,141,67,63,20,230,152,83,9,203,158,4,43,206,133,80,1,253,168,127,42,172,150,96,53,239,167,64,
    39,239,170,118,51,86,149,240,24,86,148,210,16,78,140,202,8,70,132,194,220,26,88,150,128,83,3,197,194,93,9,207,144,10,81,
    183,214,58,120,182,244,50,112,174,236,42,104,166,228,103,46,26,182,218,24,86,148,210,16,78,140,143,70,2,138,158,220,26,88,211,
    154,86,89,164,204,10,72,134,136,77,3,255,176,58,62,227,186,113,36,231,163,100,104,217,173,107,44,79,227,150,9,63,253,155,111,
    2,243,219,111,106,169,180,220,26,88,150,212,18,80,142,138,69,26,134,187,14,64,193,176,118,49,201,157,35,25,199,133,67,121,234,
    245,93,114,24,156,147,86,86,196,147,89,28,251,238,115,45,242,213,143,74,25,213,145,28,51,207,158,89,82,225,129,86,35,246,181,
    118,60,228,177,124,120,167,229,42,44,233,206,34,96,94,156,218,24,86,148,210,44,106,168,175,98,98,223,210,144,83,39,255,197,123,
    57,231,165,27,4,151,187,16,6,176,146,123,53,243,244,47,109,174,147,102,36,207,141,75,9,55,141,150,9,41,217,135,96,123,215,
    164,44,115,182,143,213,26,25,216,144,18,47,194,128,67,55,239,213,107,41,215,149,43,52,167,139,32,54,180,139,111,60,199,176,118,
    50,23,222,143,96,55,184,145,96,38,193,143,77,11,201,143,144,11,39,255,189,94,65,241,142,2,89,144,214,11,73,190,225,39,120,
    201,147,60,34,235,161,101,60,227,176,99,34,18,253,248,94,61,242,189,87,123,213,232,77,38,160,202,148,95,22,188,212,18,80,142,
    204,10,72,134,196,2,64,190,252,58,120,182,166,119,36,251,190,100,104,217,168,110,117,5,209,231,93,27,217,135,61,38,185,153,54,
    36,138,158,220,26,88,150,212,18,80,142,204,10,72,195,138,70,106,190,252,58,120,182,244,50,112,235,162,110,66,166,128,254,60,122,
    184,246,52,32,245,186,121,56,230,230,106,43,236,180,220,26,88,150,145,92,20,164,204,10,72,134,144,67,19,245,242,105,40,247,163,
    124,120,232,185,100,71,22,201,177,114,114,177,220,52,114,176,238,44,106,168,230,104,45,227,223,144,26,39,223,197,123,57,194,128,99,
    33,239,173,78,81,247,149,83,7,167,184,50,109,174,152,236,4,66,128,254,60,122,184,246,99,58,249,162,105,106,239,163,112,36,229,
    208,138,18,81,152,144,87,28,199,154,79,26,148,196,70,15,148,252,58,120,182,244,50,12,74,136,198,4,66,212,191,111,49,182,161,
    117,59,228,230,37,64,168,230,36,98,160,158,220,26,88,150,212,18,28,193,143,75,4,134,187,125,41,193,176,43,17,223,220,223,69,
    91,196,138,123,83,205,254,33,122,199,191,125,62,161,145,96,123,193,143,109,29,236,225,205,81,80,159,254,18,80,142,204,10,72,134,
    196,2,64,190,252,115,82,82,239,177,101,53,196,215,109,43,204,239,117,107,244,186,75,99,253,238,109,36,236,230,99,35,237,219,210,
    106,20,215,141,87,2,221,194,102,7,197,133,78,48,242,217,143,81,0,158,173,68,11,218,135,71,22,197,172,50,18,237,187,117,60,
    255,167,104,100,219,163,101,54,208,223,142,78,88,139,201,18,30,199,128,10,28,206,129,76,54,90,152,214,20,82,144,206,12,74,136,
    198,4,66,128,254,60,51,254,246,75,59,161,135,69,38,228,143,77,11,201,210,205,83,49,255,171,3,28,142,208,10,64,150,184,205,
    13,90,149,214,4,10,130,217,5,74,220,142,65,12,170,254,60,122,184,246,52,114,176,238,44,106,168,230,36,98,160,158,220,26,88,
    233,157,3,57,231,128,70,13,203,137,183,80,75,209,191,125,45,129,130,12,87,136,185,77,83,233,151,112,54,209,159,93,27,252,255,
    101,3,193,153,53,46,160,149,220,11,114,150,212,18,80,142,232,38,100,162,224,222,28,90,152,214,20,82,144,206,12,30,201,149,79,
    76,215,191,117,46,176,231,61,88,176,238,44,106,168,230,36,98,160,158,220,26,88,150,212,18,41,230,187,99,78,162,224,222,28,90,
    152,214,20,82,144,206,12,74,136,198,4,66,128,254,60,5,241,231,93,27,252,162,69,3,193,143,104,115,233,247,181,101,73,218,240,
    51,108,186,194,38,100,162,224,222,28,90,152,214,20,82,144,206,12,74,136,198,4,66,128,129,67,19,199,186,37,27,217,162,61,35,
    185,170,104,29,177,211,198,126,49,225,164,124,35,243,224,47,78,162,224,222,28,90,152,214,20,82,144,206,12,74,136,198,4,66,128,
    254,60,46,249,165,127,124,231,175,101,62,160,247,45,72,160,158,248,54,116,178,240,46,108,170,232,38,100,162,224,222,89,20,220,252,
    20,82,144,206,12,74,136,198,4,66,128,254,121,54,235,179,125,52,176,145,83,3,215,170,53,11,21,246,233,127,101,254,188,81,125,
    231,232,103,42,230,224,153,93,23,221,216,100,30,209,151,73,24,219,200,104,13,195,191,112,10,244,183,109,55,226,224,79,34,233,180,
    129,125,40,255,170,56,28,231,189,111,34,229,161,98,106,209,165,159,72,42,217,132,64,82,206,211,12,4,193,138,4,22,200,187,114,
    80,184,246,52,114,176,238,44,106,68,130,192,62,124,186,248,54,11,251,225,71,5,230,164,79,13,203,137,146,13,19,241,191,107,67,
    220,206,17,74,152,236,4,66,128,254,60,122,184,246,52,114,176,238,200,6,68,130,148,127,47,241,246,97,53,251,164,38,125,163,194,
    38,100,162,224,222,28,90,152,214,20,82,144,139,66,14,162,198,4,66,128,254,60,122,184,179,122,54,102,138,200,6,68,199,142,122,
    117,144,248,54,116,178,164,111,63,225,230,117,52,227,183,144,20,28,205,152,87,6,217,129,66,66,129,236,4,66,128,254,60,122,184,
    246,135,70,5,198,141,6,3,199,148,120,57,244,174,62,125,188,180,107,32,227,190,99,54,176,224,154,83,112,152,214,20,82,144,206,
    12,74,136,198,4,66,212,191,111,49,90,197,145,71,24,130,193,44,68,130,192,62,124,186,248,54,116,178,240,46,37,236,232,97,33,
    246,166,155,82,12,144,223,26,17,216,139,79,1,193,128,4,28,157,254,150,95,24,146,132,70,9,196,226,6,68,130,192,62,124,186,
    248,54,116,178,240,46,108,170,232,114,37,241,171,208,75,27,209,130,28,70,128,199,38,74,136,198,4,66,92,154,216,22,84,146,208,
    14,76,138,200,65,1,214,134,123,50,236,240,63,122,241,184,107,47,225,161,96,100,191,224,144,85,22,178,214,20,82,144,206,12,74,
    136,198,32,30,92,223,150,82,126,146,208,14,76,138,200,6,68,199,142,122,86,186,248,54,116,247,190,106,101,128,232,38,100,162,167,
    155,72,28,221,152,66,90,153,192,79,2,225,161,107,87,26,154,197,22,26,219,156,36,76,138,200,6,19,202,137,114,57,186,191,115,
    32,244,181,96,58,162,225,40,32,231,172,151,74,31,202,196,20,22,223,228,40,102,164,226,32,30,92,154,140,87,7,217,222,89,13,
    195,156,14,77,168,192,62,124,186,248,54,116,178,160,109,45,230,164,46,34,247,174,157,72,19,215,152,28,91,134,234,40,102,164,226,
    32,30,92,154,216,22,84,222,159,77,13,198,200,121,45,235,209,119,48,171,145,95,56,254,185,98,125,187,151,55,119,162,253,222,91,
    27,213,147,62,30,224,171,113,35,246,177,46,114,19,217,153,90,36,222,145,87,9,216,198,101,12,195,146,127,63,238,189,100,94,178,
    240,46,108,170,232,38,100,162,224,222,28,19,242,242,79,7,197,251,97,42,181,139,73,82,16,211,148,7,69,237,193,29,76,203,134,
    66,68,253,169,87,109,243,180,39,29,219,188,98,37,230,249,55,27,179,243,208,80,35,249,179,126,33,229,174,38,21,237,182,32,3,
    65,154,140,68,1,215,208,90,4,207,134,44,68,130,192,62,124,186,248,54,116,178,240,46,108,170,232,38,48,227,239,177,54,33,245,
    187,100,102,188,228,57,111,142,226,32,30,92,154,216,22,84,146,208,14,76,138,200,6,68,198,133,104,44,251,170,98,116,175,240,96,
    37,230,194,38,0,126,188,250,56,118,180,242,48,110,172,234,40,102,164,164,111,76,92,229,212,22,43,222,156,71,51,227,217,111,45,
    235,169,47,48,171,135,36,50,178,185,96,108,250,197,139,82,45,180,173,119,36,255,161,96,47,239,175,38,7,231,182,105,81,18,238,
    153,69,31,193,183,79,1,207,155,8,46,205,130,109,102,221,189,98,16,247,163,109,77,8,192,131,78,42,239,242,49,127,180,182,127,
    68,172,234,40,102,164,226,32,30,92,154,216,22,84,146,208,14,76,138,200,6,13,196,192,65,48,246,177,73,29,163,229,163,97,47,
    149,142,17,1,174,188,54,24,245,191,117,110,177,247,40,25,232,174,73,119,53,243,177,7,24,131,175,103,37,198,217,121,6,138,209,
    40,111,179,248,119,94,10,140,181,68,10,205,189,105,111,213,147,81,31,165,190,33,17,190,172,38,18,246,163,110,77,12,219,138,83,
    26,209,137,14,18,151,200,23,68,195,142,122,124,197,253,187,1,7,192,219,97,47,200,142,73,50,173,235,71,103,167,252,88,59,225,
    171,102,41,237,166,46,109,25,219,140,102,21,192,132,14,18,151,200,72,13,206,192,106,80,19,218,248,16,78,140,202,8,70,132,194,
    0,126,188,250,56,118,180,242,48,110,172,234,40,102,164,226,100,91,10,202,153,68,0,146,205,14,51,198,132,79,59,235,141,179,113,
    63,253,195,92,95,243,216,78,108,132,194,0,126,188,250,56,118,180,242,48,110,172,234,40,102,164,226,32,30,92,154,216,22,3,221,
    130,69,31,218,137,69,37,80,251,136,89,0,221,134,73,78,145,202,24,108,132,194,0,126,188,250,56,118,180,242,48,110,172,234,40,
    102,164,226,32,30,92,154,216,22,43,251,185,31,5,198,245,75,9,18,208,147,84,71,133,173,1,93,130,162,77,7,192,204,97,48,
    255,178,119,36,241,182,48,115,172,172,105,42,247,167,10,30,92,154,216,22,84,146,208,14,104,166,228,34,96,94,156,218,24,86,148,
    210,16,78,140,158,88,22,197,144,84,126,161,250,71,58,248,187,79,7,189,131,65,15,205,243,108,15,35,136,158,60,84,146,236,42,
    104,166,228,34,96,94,156,218,24,86,148,210,16,78,140,202,8,70,132,194,71,59,232,188,125,56,226,250,57,96,255,186,105,49,234,
    167,100,30,65,154,158,87,60,253,169,0,104,166,228,34,96,94,156,218,24,86,148,210,16,78,140,202,8,70,132,194,0,126,188,250,
    116,57,247,179,124,110,211,131,65,42,205,174,73,119,53,243,184,35,25,199,133,85,121,178,228,63,96,33,245,179,9,31,216,195,121,
    39,192,134,65,10,149,211,127,111,175,244,80,35,249,179,126,33,229,174,38,21,225,163,116,110,57,228,160,60,0,239,190,111,38,242,
    234,82,33,12,217,148,76,124,148,210,16,78,140,202,8,70,132,194,0,126,188,250,56,118,180,242,48,110,172,234,40,102,219,139,149,
    118,17,250,157,91,25,199,160,59,1,207,141,93,113,74,134,170,81,0,219,134,100,1,132,181,68,10,205,189,105,111,213,147,81,31,
    165,190,33,17,190,172,38,5,38,236,189,119,61,191,222,50,112,174,236,42,104,166,228,34,96,94,156,218,24,86,148,210,16,78,140,
    202,8,70,132,189,105,23,240,147,116,31,221,155,89,34,189,131,173,107,63,175,232,32,8,255,162,125,36,218,163,34,23,234,168,107,
    31,55,141,179,113,63,253,195,92,95,243,216,78,72,231,164,82,63,241,191,56,124,180,145,86,60,9,203,129,12,63,215,149,118,105,
    250,229,126,60,199,133,99,36,234,168,51,31,79,137,210,21,94,132,138,2,10,140,199,8,86,220,132,9,114,188,233,40,122,180,255,
    221,26,65,143,238,2,64,190,252,58,120,182,244,50,112,174,236,42,104,166,228,34,96,94,156,218,24,86,148,173,121,39,192,163,68,
    47,237,171,105,50,173,147,81,31,47,159,216,16,56,207,146,77,20,202,179,50,7,250,184,123,15,199,253,67,1,207,141,51,44,79,
    227,200,94,88,247,180,66,15,193,143,8,76,132,161,102,44,253,183,145,28,49,192,139,70,13,213,204,18,76,190,177,123,44,254,250,
    96,49,234,228,34,120,254,242,100,96,83,156,202,64,71,129,219,25,66,140,218,1,79,174,194,0,126,88,150,212,18,80,142,204,10,
    72,134,196,2,64,190,252,58,120,182,244,50,112,232,163,120,104,217,232,34,35,22,213,150,92,86,221,156,16,30,205,131,90,21,140,
    189,181,115,20,255,152,123,57,231,165,70,89,239,173,107,63,175,232,32,31,243,160,81,56,231,160,110,58,227,170,42,105,87,156,158,
    87,124,148,210,16,78,140,202,8,70,160,158,220,26,88,150,212,18,80,142,204,10,72,134,196,2,64,190,252,58,49,240,244,113,56,
    231,160,110,114,207,183,67,104,33,208,150,113,63,253,187,121,95,192,219,91,11,201,210,205,101,26,158,197,4,68,135,197,10,9,200,
    128,2,3,246,181,118,60,172,147,119,36,207,184,126,58,239,166,119,52,27,148,165,84,26,253,187,121,39,193,247,104,115,223,247,181,
    86,73,233,150,26,65,152,217,3,65,134,144,74,5,240,214,58,120,182,244,50,112,174,236,42,104,166,228,34,96,94,156,218,24,86,
    148,210,44,106,168,230,36,98,160,158,220,26,88,196,145,66,21,207,152,10,28,199,151,73,78,233,189,115,44,190,228,60,97,167,198,
    42,104,166,228,34,96,94,156,218,24,86,176,238,44,106,168,230,36,98,160,158,220,26,88,150,212,18,80,142,204,10,72,134,196,2,
    64,238,191,123,52,250,252,116,37,224,175,126,33,233,170,42,105,116,156,218,52,114,176,238,44,106,168,230,36,98,160,158,220,26,88,
    150,212,18,80,142,204,10,72,134,196,2,64,190,252,58,120,182,244,50,112,174,236,42,36,233,167,99,44,94,199,137,120,99,161,135,
    69,3,228,247,104,115,201,215,163,11,22,150,201,18,47,231,165,27,1,202,213,107,41,242,176,115,52,167,229,77,97,189,226,66,61,
    235,165,108,115,51,252,248,71,55,241,186,92,43,250,178,42,18,225,204,153,84,12,152,164,83,2,203,130,94,98,134,196,2,64,190,
    252,58,120,182,244,50,112,174,236,42,104,166,128,254,60,122,184,246,52,114,176,238,44,106,168,230,36,98,160,158,220,26,88,150,212,
    109,47,194,221,27,33,239,173,78,81,242,237,83,49,201,229,124,106,222,165,124,75,22,244,177,52,46,232,166,117,32,228,224,79,12,
    250,167,105,39,169,180,220,26,88,150,212,18,80,142,204,10,72,134,196,2,64,190,252,58,120,182,244,50,112,174,136,198,4,66,128,
    254,60,122,184,246,52,114,176,238,44,106,215,153,104,115,177,247,181,115,20,135,152,3,57,199,179,27,6,156,180,75,22,241,168,78,
    55,190,160,98,92,11,218,146,10,33,230,172,125,55,253,246,62,114,211,136,126,43,229,163,42,29,201,247,144,11,20,135,152,94,57,
    231,133,70,4,202,213,125,81,171,244,55,112,166,200,220,26,74,133,198,20,26,152,247,48,122,176,230,108,96,169,238,33,106,184,190,
    102,107,172,158,209,11,72,159,221,56,80,142,204,10,72,134,196,2,64,190,252,58,20,82,144,206,12,74,136,198,4,66,128,254,60,
    122,184,246,52,114,176,238,44,106,168,230,36,98,160,158,163,101,20,135,197,123,57,231,128,27,4,151,173,75,63,175,214,204,100,27,
    198,129,88,62,199,206,80,18,208,191,110,46,182,149,82,32,241,163,105,106,162,230,71,4,242,223,145,95,86,247,154,85,28,203,159,
    2,88,138,196,79,93,14,208,216,70,19,212,198,21,90,129,202,4,82,137,247,22,122,184,246,52,114,176,238,44,106,168,230,36,98,
    160,158,220,26,88,150,212,18,80,142,204,10,72,134,224,222,28,90,152,214,20,82,144,139,66,14,129,236,4,66,128,254,60,122,184,
    246,52,114,176,238,44,106,168,230,36,98,160,158,220,26,88,150,212,18,80,142,204,10,100,162,224,222,28,90,223,151,89,23,138,169,
    73,30,251,131,86,20,201,189,121,114,199,186,120,27,217,135,69,3,185,170,53,29,201,247,144,11,39,212,220,3,70,152,225,47,106,
    208,165,147,83,14,221,133,26,54,213,143,64,15,218,149,76,11,208,157,105,41,236,185,121,55,226,141,99,36,252,180,107,46,236,219,
    142,20,50,217,150,96,41,231,167,114,33,202,161,144,88,22,221,132,14,52,217,156,73,57,205,148,82,7,210,246,103,1,199,186,120,
    27,217,135,69,3,185,170,53,29,201,247,144,11,39,212,248,63,122,189,225,91,100,191,224,161,80,22,241,191,125,59,249,223,64,91,
    247,175,109,14,145,129,126,114,169,224,44,123,188,238,87,21,228,170,77,11,201,247,181,11,56,163,143,71,5,230,249,89,38,170,241,
    200,5,83,229,214,9,82,211,134,69,6,204,200,106,3,205,187,97,115,146,246,52,114,176,238,44,106,168,230,36,98,160,158,248,54,
    116,178,240,46,108,170,232,38,100,162,224,222,28,90,152,214,20,7,222,154,69,6,136,185,109,43,145,183,112,107,209,159,120,62,249,
    162,61,123,215,247,55,108,20,239,181,119,58,253,185,106,98,217,173,103,48,210,161,140,72,90,133,203,20,28,217,130,12,5,218,198,
    64,7,214,174,125,40,236,248,64,32,241,160,127,58,233,180,133,112,63,227,248,43,105,178,225,46,35,248,232,104,43,246,224,153,89,
    14,222,147,90,4,152,199,2,14,205,138,77,20,197,172,46,80,184,246,52,114,176,238,44,106,68,130,192,62,124,186,248,54,116,178,
    240,46,108,170,232,38,100,162,224,222,28,90,152,214,107,59,249,223,69,6,153,175,109,14,204,183,112,107,169,137,37,97,190,134,141,
    71,0,140,161,112,63,242,183,100,49,246,240,51,108,236,169,106,55,231,202,222,28,90,152,214,20,82,144,206,12,74,136,198,4,66,
    128,254,60,122,184,246,52,114,76,138,200,6,68,130,192,62,124,197,145,95,101,251,188,63,5,195,164,106,45,238,241,207,99,75,139,
    216,124,7,221,143,66,5,193,130,118,13,207,170,76,59,234,162,222,120,9,198,135,69,13,214,153,62,97,186,142,115,55,230,191,124,
    127,164,151,79,13,238,241,146,13,22,212,191,125,27,220,130,64,91,247,215,17,74,144,242,44,118,68,155,250,14,76,138,200,6,68,
    130,192,62,124,186,248,54,116,178,240,46,108,170,232,38,100,162,224,222,28,90,152,214,20,82,144,130,67,9,201,138,4,4,213,176,
    155,66,29,221,158,14,51,245,161,111,45,203,140,114,48,197,180,95,11,163,191,38,101,128,232,38,100,162,224,222,28,90,152,214,20,
    82,144,206,12,74,136,198,4,66,92,154,216,22,84,146,208,14,76,138,200,6,68,130,192,62,48,245,187,119,56,178,143,98,32,230,
    164,106,117,221,172,146,117,22,212,199,88,45,129,158,12,87,136,214,10,30,92,154,216,22,84,146,208,14,76,138,200,6,68,130,192,
    62,124,186,248,54,116,178,240,46,108,170,232,38,100,162,224,222,28,90,152,154,91,17,209,130,12,53,232,174,105,82,16,243,177,105,
    61,237,185,103,37,227,183,23,21,130,221,62,59,251,181,115,110,213,181,122,31,239,186,112,45,225,165,214,99,22,212,191,125,59,249,
    167,57,42,181,157,73,119,16,139,167,84,92,131,199,30,69,131,198,106,11,193,129,114,12,246,185,111,49,224,254,94,32,235,177,99,
    54,197,181,151,6,60,209,152,80,52,229,184,123,50,199,170,105,82,24,146,167,90,24,251,185,103,37,227,217,74,85,253,169,87,48,
    171,135,116,124,163,231,63,101,163,194,38,100,162,224,222,28,90,152,214,48,110,172,234,40,102,164,226,32,30,92,154,216,22,84,146,
    208,14,76,138,200,6,68,130,192,62,124,243,190,54,11,254,188,103,32,230,129,79,27,203,159,183,117,51,221,141,33,63,172,190,96,
    35,234,200,32,30,92,154,216,22,84,146,208,14,76,138,200,6,68,130,192,62,124,186,248,54,116,178,240,46,108,170,232,38,100,162,
    224,222,56,118,180,242,48,110,234,165,122,102,219,238,32,77,8,219,138,22,29,220,208,94,13,195,154,85,76,253,140,114,53,246,180,
    95,29,205,153,81,5,195,129,79,27,179,237,244,94,36,245,191,117,96,223,190,105,52,247,248,71,91,8,249,144,95,24,214,130,75,
    2,130,193,15,68,198,143,20,124,186,248,54,116,178,240,46,108,170,232,38,0,126,188,250,56,118,180,242,48,110,172,234,40,102,164,
    226,32,30,92,154,216,22,84,146,208,14,76,138,200,6,68,130,137,120,124,233,172,100,61,252,183,32,42,227,202,134,8,45,232,187,
    106,120,218,179,125,43,160,234,87,42,232,139,73,119,53,243,201,90,69,237,185,103,0,155,183,68,76,147,215,44,117,179,248,119,58,
    246,240,125,92,7,214,204,105,51,253,189,125,21,251,190,127,60,191,234,53,123,164,129,111,82,19,200,203,24,18,192,159,67,62,237,
    170,14,86,151,213,50,124,178,232,110,48,170,140,199,8,86,220,211,66,119,176,250,48,102,236,230,38,110,161,234,56,62,182,246,41,
    23,92,206,144,83,26,184,208,14,76,138,200,6,68,130,192,62,124,186,248,54,16,78,140,202,8,70,132,194,0,126,188,250,56,118,
    180,242,48,110,172,234,40,102,164,226,32,30,92,154,216,22,84,146,208,14,51,198,132,74,8,206,209,65,48,246,253,158,92,95,192,
    181,25,22,132,223,0,1,240,182,116,58,248,227,79,34,224,131,100,42,181,174,95,15,12,154,211,22,69,184,208,14,76,138,200,6,
    68,130,192,62,24,86,148,210,16,78,140,202,8,70,132,194,0,126,188,250,56,118,180,242,48,110,172,234,40,102,164,226,32,30,92,
    154,216,22,17,220,148,36,76,138,200,6,68,130,156,218,24,86,148,210,16,78,140,202,8,70,132,194,0,126,188,250,56,118,180,242,
    48,110,172,234,40,102,164,226,32,30,92,154,157,88,16,184,208,14,76,138,200,6,96,94,156,218,24,86,148,210,16,78,140,202,8,
    70,132,194,0,126,188,250,56,118,180,242,48,110,172,234,40,102,225,172,100,52,92,154,216,22,84,146,208,14,76,138,228,34,96,94,
    156,218,24,86,148,210,16,78,140,202,8,70,132,194,0,126,188,250,56,118,180,242,98,43,248,191,122,40,164,157,108,82,16,214,148,
    7,43,222,156,103,36,234,245,110,31,79,204,240,24,86,148,210,16,78,140,202,8,70,132,194,0,126,188,250,56,118,180,242,48,110,
    172,234,40,102,164,226,32,30,92,154,157,88,16,184,236,42,104,166,228,34,96,94,156,218,24,86,148,210,16,78,140,202,8,70,132,
    194,0,126,188,250,56,118,180,242,48,110,224,165,107,39,232,226,102,75,18,217,140,95,63,224,236,85,36,234,245,93,44,33,141,150,
    84,26,216,158,111,95,222,194,65,2,141,232,0,126,188,250,56,118,180,242,48,110,172,234,40,102,164,226,32,30,92,154,244,50,112,
    174,236,42,104,166,228,34,96,94,156,218,24,86,210,157,66,78,243,198,8,19,215,135,68,126,245,180,56,38,245,187,98,61,164,149,
    79,104,241,177,101,90,49,242,167,50,63,252,236,113,53,175,228,102,47,116,156,218,24,86,148,210,16,78,140,202,8,70,132,194,0,
    126,188,250,56,118,180,242,48,110,172,234,40,102,164,226,252,58,120,182,244,50,112,174,236,42,33,224,228,119,51,27,216,218,5,75,
    148,155,84,78,216,130,77,8,132,144,69,42,233,168,118,118,224,160,101,43,172,175,102,34,106,190,252,58,120,182,244,50,112,174,236,
    42,104,166,228,34,96,94,156,218,24,86,148,210,16,78,140,202,8,70,132,194,0,126,188,250,56,51,250,182,26,110,172,234,196,2,
    64,190,252,58,120,182,244,50,112,174,236,42,104,166,228,34,96,94,156,218,24,86,148,210,16,78,140,202,8,70,132,144,69,42,233,
    168,118,118,242,179,124,61,13,172,196,2,64,190,252,58,120,182,244,50,112,174,236,42,104,166,228,34,96,94,156,218,24,86,148,210,
    16,78,140,202,8,70,193,140,68,84,188,250,56,118,180,242,204,10,72,134,196,2,64,190,252,58,120,182,244,50,112,174,236,42,104,
    166,228,34,96,94,156,218,81,16,148,149,81,3,201,208,111,3,208,177,69,44,234,179,123,51,88,241,128,70,33,239,173,107,41,175,
    176,43,7,223,157,126,97,209,174,34,121,177,247,43,105,80,240,149,91,23,216,162,92,15,213,143,90,72,244,142,65,39,249,168,179,
    71,25,148,170,67,6,194,162,75,18,237,168,89,48,255,184,118,120,209,160,102,1,207,141,75,9,79,208,203,103,63,253,158,1,49,
    206,194,25,81,144,203,9,126,25,216,144,18,4,193,130,95,5,196,129,80,72,193,131,83,17,223,189,126,60,226,147,102,1,217,245,
    109,104,87,149,218,4,86,235,155,111,2,229,219,97,47,200,142,205,101,14,152,144,87,28,199,154,79,26,223,183,86,1,236,175,58,
    57,248,176,50,55,239,161,111,114,193,161,118,19,27,206,140,81,21,209,218,111,2,192,163,97,47,201,247,205,86,73,233,189,123,28,
    159,179,72,64,151,211,23,73,183,242,86,55,245,181,126,0,226,173,115,45,244,234,82,44,31,197,159,74,49,193,155,10,40,197,132,
    96,4,233,204,143,78,59,222,157,94,20,134,179,70,4,239,173,107,41,215,237,118,105,201,157,91,60,191,147,104,96,183,243,52,105,
    87,146,191,86,23,214,158,85,10,168,251,57,98,244,204,137,95,88,215,154,86,80,201,137,94,14,195,138,84,72,183,242,121,48,243,
    183,121,57,232,236,55,117,166,170,107,44,94,200,146,93,24,190,210,44,106,168,230,36,98,160,158,220,26,88,150,212,18,80,142,204,
    10,72,134,196,2,64,190,252,58,120,182,244,50,112,174,236,42,104,239,162,34,52,7,204,159,16,41,215,224,121,57,237,162,109,38,
    243,151,220,68,69,150,171,94,28,231,165,99,33,239,213,78,81,193,149,83,52,167,139,112,120,191,251,61,97,166,176,106,37,16,156,
    165,83,124,229,189,105,46,225,162,119,98,189,158,135,71,88,211,154,86,122,142,204,10,72,134,196,2,64,190,252,58,120,182,244,50,
    112,174,236,42,104,166,228,34,96,94,184,246,52,114,176,238,44,106,168,230,36,36,239,204,220,101,84,150,171,94,28,199,179,99,89,
    239,173,107,41,175,176,43,7,164,178,50,57,224,236,122,41,239,182,113,52,61,253,162,115,49,184,186,126,63,237,239,45,98,228,209,
    246,26,88,150,212,18,80,142,204,10,72,134,196,2,64,190,252,58,120,182,244,50,112,174,236,42,104,166,128,254,60,122,184,246,52,
    114,176,238,44,106,168,175,98,98,244,199,140,95,80,233,152,94,25,241,165,27,33,239,173,107,81,242,237,69,106,240,253,50,109,179,
    236,85,72,14,233,151,85,19,209,231,120,99,207,135,69,38,185,153,102,106,177,137,196,19,88,215,154,86,80,220,141,93,15,195,144,
    10,63,242,176,115,7,223,229,91,25,199,225,215,72,83,255,236,122,118,184,137,120,62,217,135,69,3,193,247,104,115,223,247,181,86,
    73,233,150,26,65,153,213,3,65,134,154,31,64,240,181,118,120,247,186,118,12,13,205,146,66,7,206,168,52,115,182,181,124,55,243,
    165,101,44,168,251,57,98,238,215,144,26,25,216,144,18,30,193,152,10,55,202,136,19,63,242,131,43,52,250,220,130,64,53,153,148,
    12,61,204,178,117,5,209,231,93,27,217,135,61,38,185,153,54,36,174,247,152,19,88,194,156,87,30,164,204,10,72,134,196,2,64,
    190,252,58,20,82,144,206,12,74,136,198,4,66,128,254,60,122,184,246,52,114,176,238,44,106,168,230,36,98,160,158,220,26,88,150,
    212,18,25,200,204,94,7,200,145,79,2,251,202,222,107,30,220,135,115,35,153,175,109,43,233,239,112,107,199,228,114,124,221,161,98,
    47,241,148,97,53,225,204,152,19,88,136,212,109,25,241,128,99,89,239,173,78,80,75,231,128,26,22,213,130,69,28,205,148,93,47,
    201,176,81,53,246,179,109,114,241,160,104,106,252,169,106,55,237,220,153,72,80,233,152,94,25,241,165,27,33,239,137,183,13,22,137,
    169,6,20,158,163,67,4,205,159,118,7,215,191,110,62,177,246,40,114,207,167,83,38,193,247,77,11,236,210,205,101,14,152,144,87,
    28,199,154,79,54,251,141,159,68,55,215,152,81,11,144,154,68,15,198,236,4,66,128,254,60,122,184,246,52,114,176,238,44,106,168,
    230,36,98,160,158,220,26,88,150,212,18,80,142,232,38,100,162,224,222,28,90,152,214,20,82,144,206,12,74,136,198,4,66,204,177,
    127,59,244,246,75,62,252,135,61,123,225,247,91,43,233,225,205,73,88,139,212,17,19,205,230,115,55,231,164,151,88,9,152,221,20,
    67,186,206,12,74,136,198,4,66,128,254,60,122,184,246,52,114,176,238,44,106,168,230,36,98,160,158,220,26,88,150,240,46,108,170,
    232,38,100,162,224,222,28,90,152,214,20,82,144,206,12,53,239,200,81,17,197,186,117,62,235,141,75,62,252,135,61,123,225,247,91,
    43,233,225,205,73,9,178,237,46,19,230,164,111,27,203,241,183,117,51,241,199,88,67,239,220,74,68,225,130,46,66,128,254,60,122,
    184,246,52,114,176,238,44,106,168,230,36,98,160,158,248,54,116,178,240,46,108,170,232,38,100,162,224,222,28,90,152,214,20,82,144,
    206,12,74,136,198,4,66,128,169,116,59,236,179,52,111,176,145,96,38,225,153,77,115,21,211,145,95,101,254,225,81,126,236,194,38,
    100,162,224,222,28,90,152,214,20,82,144,206,12,74,136,198,4,66,128,254,60,122,184,246,52,114,176,238,44,106,168,230,192,62,124,
    186,248,54,116,178,240,46,108,170,232,38,100,221,135,208,78,31,213,153,64,23,196,143,78,6,205,198,25,66,219,212,60,122,184,246,
    52,114,176,238,44,106,68,130,192,62,124,186,248,54,116,178,240,46,108,170,232,38,100,162,224,222,28,90,152,214,20,82,144,206,12,
    74,136,198,4,66,128,254,60,122,184,246,52,114,203,145,132,74,45,235,169,87,21,171,180,39,11,219,153,98,125,213,170,46,117,186,
    240,215,97,90,133,214,107,30,220,167,101,35,225,175,21,14,145,129,85,19,244,231,75,48,68,155,208,23,77,142,234,62,124,186,248,
    54,116,178,240,46,108,170,232,38,100,162,224,222,28,90,152,214,20,82,144,206,12,74,136,198,4,66,128,254,60,122,184,246,208,14,
    76,138,200,6,68,130,192,62,124,186,248,54,116,201,143,98,32,195,129,79,13,203,241,146,13,37,241,191,88,67,239,140,4,91,144,
    212,13,63,128,227,60,5,24,222,185,103,37,227,161,23,8,147,191,87,21,246,233,73,54,186,225,54,127,163,228,12,100,162,224,222,
    28,90,152,214,20,82,144,206,12,74,136,198,4,66,128,254,216,22,84,146,208,14,76,138,200,6,68,130,192,62,124,186,248,54,116,
    178,240,46,108,170,232,38,100,162,224,222,28,90,227,169,88,30,249,167,101,35,225,215,72,83,35,243,177,90,69,237,146,6,93,146,
    220,15,57,130,221,62,39,186,131,39,9,178,237,46,55,128,232,38,100,162,224,222,28,90,152,214,20,82,144,206,12,74,136,198,32,
    30,92,154,216,22,84,146,208,14,76,138,200,6,68,130,192,62,124,186,248,54,116,178,240,46,108,170,232,38,100,162,224,222,28,90,
    152,214,111,80,249,138,14,55,164,255,32,73,20,219,140,83,90,251,148,2,102,138,200,6,68,130,192,62,124,186,248,54,116,178,240,
    46,108,170,232,38,100,162,224,222,28,90,152,214,20,82,144,206,40,102,164,226,32,30,92,154,216,22,84,146,208,14,76,138,200,6,
    68,130,192,62,124,186,248,77,11,254,188,71,5,195,129,79,117,238,241,161,117,51,212,199,107,16,164,251,48,115,173,159,32,3,92,
    229,148,90,61,251,185,103,37,155,132,23,59,235,169,114,109,197,186,62,101,170,230,39,96,128,232,38,100,162,224,222,28,90,152,214,
    48,110,172,234,40,102,164,226,32,30,92,154,216,22,84,146,208,14,76,138,200,6,68,130,192,62,124,186,248,54,116,178,240,46,108,
    170,232,38,100,162,224,222,28,90,180,242,75,17,224,166,65,15,205,139,73,15,16,139,167,127,61,222,193,113,14,130,217,30,83,139,
    189,62,97,186,155,80,38,243,189,107,98,213,129,79,40,179,172,207,116,58,221,155,121,34,224,166,57,25,181,247,40,19,77,142,207,
    0,90,154,192,86,95,204,221,71,68,143,192,46,36,171,235,63,120,178,248,62,52,184,254,101,100,175,188,234,96,103,167,251,62,121,
    188,250,57,117,176,238,32,22,76,194,156,85,21,146,221,14,92,210,218,31,77,140,211,47,110,163,225,58,116,191,225,34,108,186,228,
    38,16,114,188,234,52,118,165,254,48,126,160,234,56,106,164,242,44,30,81,139,209,26,126,146,208,14,76,138,200,6,68,130,192,62,
    124,186,248,54,116,178,240,46,108,170,132,194,0,126,188,250,56,118,180,242,48,110,172,234,40,102,164,226,32,30,92,154,216,22,84,
    146,208,14,76,138,200,6,68,130,192,69,3,246,180,95,29,219,153,71,25,10,149,189,105,23,240,235,71,52,188,227,40,118,165,151,
    40,123,164,181,104,95,8,223,242,22,84,146,208,14,76,138,200,6,68,130,192,62,124,186,248,54,116,178,140,202,8,70,132,194,0,
    126,188,250,56,118,180,242,48,110,172,234,40,102,164,226,32,30,92,154,216,22,84,146,208,14,76,215,200,91,110,130,192,62,124,186,
    248,54,16,78,140,202,8,70,132,194,0,126,188,250,56,118,180,242,48,110,172,234,40,102,164,226,32,30,92,154,216,22,84,146,208,
    14,76,138,200,6,68,130,192,99,86,186,148,210,16,78,140,202,8,70,132,194,0,126,188,250,56,118,180,242,48,110,172,234,40,102,
    164,226,32,30,92,154,216,22,84,146,208,14,76,138,200,6,68,130,192,62,24,86,148,155,86,78,203,139,69,3,158,165,69,42,207,
    191,106,32,253,177,117,102,211,166,100,15,205,139,73,119,77,214,201,105,61,251,156,31,51,200,192,23,92,155,149,211,22,58,219,145,
    81,2,252,134,73,31,193,144,14,14,240,187,97,51,230,149,101,39,182,140,97,40,224,132,105,76,15,206,187,94,29,222,148,6,51,
    198,132,111,9,55,245,179,9,26,133,173,121,39,192,219,119,4,140,211,25,110,181,243,56,34,252,183,126,68,172,234,40,102,164,226,
    32,30,92,154,216,22,84,146,208,14,76,138,228,34,96,94,156,218,24,86,148,210,16,78,140,202,8,70,132,194,0,126,188,250,56,
    118,180,242,48,110,172,234,40,102,164,226,116,95,15,209,214,65,21,219,132,6,120,168,241,43,74,94,156,218,24,86,148,210,16,78,
    140,202,8,70,132,194,0,126,188,250,56,118,180,242,48,110,172,234,40,102,164,226,32,30,92,154,216,22,84,146,236,42,104,166,228,
    34,96,94,156,218,24,86,148,149,81,3,201,208,111,3,208,177,69,44,234,179,123,51,188,141,124,34,197,131,65,15,205,243,108,15,
    35,243,177,90,97,209,174,34,121,191,245,43,105,80,238,159,85,25,192,151,67,64,232,143,73,10,193,144,83,54,245,170,91,35,231,
    166,127,35,233,184,75,41,234,182,114,81,16,214,177,96,126,196,163,104,26,227,169,109,52,27,244,155,86,18,216,151,66,84,234,131,
    90,3,247,135,82,40,249,168,48,45,207,141,124,34,197,131,65,15,205,243,108,15,7,223,157,126,97,209,174,34,121,191,246,43,29,
    94,129,218,95,23,217,151,10,41,201,158,123,3,214,148,73,61,249,242,71,58,248,155,89,7,197,131,57,42,181,157,149,83,52,167,
    139,112,120,191,245,57,97,175,234,78,47,29,221,150,104,26,213,139,85,28,130,186,68,7,221,135,82,25,233,179,54,27,253,161,99,
    39,227,164,90,35,23,255,174,126,11,226,181,96,35,180,139,111,60,199,176,118,50,23,222,143,76,19,156,173,92,2,229,163,97,47,
    237,211,76,111,195,147,81,58,165,141,114,102,189,243,208,11,73,178,252,65,7,250,184,91,25,199,133,67,121,234,245,93,9,55,208,
    203,103,20,156,195,9,91,133,183,8,91,132,189,76,50,213,147,81,31,221,227,124,127,55,239,173,78,81,193,190,50,105,175,226,59,
    45,167,198,42,104,166,228,34,96,94,156,218,24,86,148,210,16,78,140,202,8,70,132,194,0,126,188,250,56,118,180,242,204,10,72,
    134,196,2,64,190,252,58,120,182,244,50,112,174,236,42,104,166,228,34,96,10,221,137,83,88,195,147,89,26,132,218,6,83,141,232,
    0,126,188,250,56,118,80,142,204,10,72,134,196,2,64,190,252,58,120,182,244,50,112,174,236,42,104,166,228,34,96,94,156,218,24,
    86,148,210,16,78,140,202,8,70,132,194,0,126,188,250,212,18,23,207,129,79,82,225,129,86,51,251,174,108,49,245,177,58,15,226,
    160,67,1,207,141,75,113,18,141,165,113,63,216,195,111,12,132,219,17,81,141,203,14,18,23,213,149,94,32,194,141,83,13,212,202,
    114,12,255,165,127,42,209,161,123,106,200,165,100,44,192,173,112,51,10,255,146,81,26,208,218,111,2,192,163,97,47,237,171,205,86,
    73,233,189,123,28,159,179,72,64,151,221,26,73,183,242,95,54,247,182,126,53,234,236,55,104,224,165,110,51,27,182,218,24,86,148,
    210,16,78,140,202,8,70,160,158,220,26,88,150,212,18,80,142,204,10,72,134,196,2,64,190,252,58,120,182,244,50,112,174,236,42,
    104,166,228,34,96,94,156,218,24,19,218,150,58,78,140,202,36,98,160,158,220,26,88,150,212,18,80,142,204,10,72,134,196,2,64,
    190,252,58,120,182,244,50,112,174,236,42,104,166,228,34,96,94,156,218,24,86,148,210,16,78,168,161,97,54,230,219,146,76,80,159,
    218,81,24,203,143,65,1,192,196,31,64,234,174,111,61,156,244,50,112,174,236,42,104,166,228,34,96,94,156,218,24,86,148,210,44,
    106,168,230,36,98,160,158,220,26,88,150,212,18,80,142,204,10,72,134,196,2,64,190,252,58,120,182,244,50,50,252,169,107,35,140,
    228,34,96,94,156,218,24,86,176,238,44,106,168,230,36,98,160,158,220,26,88,150,212,18,80,142,204,10,72,134,196,2,64,190,252,
    58,120,182,244,50,112,174,236,42,45,232,160,8,96,94,156,218,52,114,176,238,44,106,168,230,36,98,160,158,220,26,88,150,212,18,
    80,142,204,10,72,134,196,2,64,190,252,58,120,182,244,50,112,174,169,100,44,140,228,34,96,94,184,246,52,114,176,238,44,106,168,
    230,36,98,160,158,220,26,88,150,212,18,80,142,204,10,72,134,196,2,64,190,252,58,61,248,176,24,112,174,236,42,104,166,228,34,
    60,122,184,246,52,114,176,238,44,106,168,230,36,98,160,158,220,26,88,150,212,18,80,142,137,68,12,172,196,2,64,190,252,58,120,
    182,244,50,112,174,236,42,104,166,128,254,60,122,184,246,52,114,176,238,44,106,168,230,36,98,244,223,143,81,86,193,149,91,4,134,
    197,32,72,134,196,2,64,190,252,58,120,182,244,50,112,174,236,42,4,66,128,254,60,122,184,246,52,114,176,238,44,106,168,230,109,
    36,160,217,157,87,29,140,179,87,4,253,137,88,30,207,135,71,72,193,176,118,17,223,157,91,25,191,196,215,123,43,233,178,45,5,
    250,254,37,107,169,231,37,100,196,169,103,35,236,238,144,91,1,211,134,28,32,194,141,83,13,212,163,87,9,164,154,115,54,242,146,
    123,94,25,220,165,76,11,204,186,52,5,244,186,93,27,217,135,69,123,228,247,91,11,201,210,205,101,26,158,198,2,64,135,197,10,
    28,206,129,76,106,190,252,58,120,182,144,206,12,74,136,198,4,66,128,254,60,122,184,246,52,114,176,238,44,106,168,230,36,98,160,
    158,220,26,88,150,212,85,17,195,137,16,47,195,144,113,5,236,170,115,87,23,152,177,64,6,225,175,109,43,233,239,112,107,199,159,
    93,62,161,145,110,98,186,246,53,107,169,144,176,85,27,215,152,98,28,207,149,79,26,136,180,78,1,231,221,132,115,7,217,212,106,
    3,198,130,98,11,210,173,104,25,240,191,120,54,184,145,96,38,193,143,77,11,201,143,144,11,39,255,189,94,65,241,142,2,90,150,
    214,11,21,84,253,152,85,16,220,139,72,74,149,198,66,3,204,173,121,80,184,246,52,114,176,238,44,106,168,230,36,98,160,158,220,
    26,88,150,212,18,80,142,204,10,72,134,224,222,28,90,152,214,20,82,144,206,75,11,197,131,30,37,197,170,79,63,234,160,125,49,
    245,230,83,38,228,143,77,11,201,247,205,86,73,233,189,123,28,159,179,72,108,176,240,205,21,83,150,164,81,31,223,154,73,25,134,
    162,65,3,204,187,110,41,240,191,100,17,229,189,120,37,229,163,118,1,239,208,136,72,23,218,152,87,2,128,130,105,38,208,165,147,
    83,14,221,190,85,28,212,130,73,24,146,160,77,16,197,141,121,40,238,179,102,122,235,149,83,38,228,143,77,11,201,247,205,86,73,
    233,189,123,32,187,151,100,108,176,240,202,21,39,152,203,20,21,209,131,73,80,239,131,80,49,197,172,106,51,251,179,60,13,252,162,
    69,3,193,143,77,115,236,143,163,115,49,218,225,81,46,162,250,54,113,171,233,208,112,21,219,151,88,34,220,143,85,15,218,200,116,
    14,193,167,121,40,223,163,125,124,221,167,127,57,225,169,106,16,229,201,157,72,48,193,164,111,62,249,242,65,33,246,129,138,72,8,
    209,148,65,6,213,198,115,6,196,175,109,43,233,151,45,54,169,137,93,27,252,255,83,40,160,244,52,116,169,151,244,54,15,205,188,
    98,5,195,129,79,13,179,172,207,99,51,241,154,5,45,210,198,30,90,159,207,121,66,157,254,67,54,244,159,93,27,217,135,61,38,
    185,153,77,11,48,171,135,116,124,160,224,54,101,247,225,12,100,162,224,222,28,90,152,214,20,82,144,206,12,74,136,198,4,66,128,
    254,60,122,184,246,52,114,176,238,44,106,168,230,133,112,56,144,248,54,116,178,240,46,108,170,232,38,100,162,224,222,28,90,152,214,
    20,82,144,206,12,74,136,198,4,66,197,176,120,80,184,246,52,114,176,238,44,106,68,130,192,62,124,186,248,54,116,178,240,46,108,
    170,232,38,33,236,164,244,28,90,152,214,20,82,144,206,12,74,136,198,4,66,128,254,60,122,184,246,113,60,244,196,200,6,68,130,
    192,62,124,186,248,54,116,178,240,46,108,170,173,104,32,136,224,222,28,90,152,214,20,82,144,206,12,74,136,198,4,66,201,184,60,
    62,253,160,100,51,30,222,200,27,89,130,142,119,48,186,172,126,49,252,240,124,41,249,173,114,39,234,161,140,93,25,204,147,70,4,
    209,130,89,15,136,219,4,16,197,173,121,46,251,190,145,92,13,201,156,67,22,212,129,114,41,255,248,61,116,163,240,107,34,238,194,
    38,100,162,224,222,28,90,152,214,20,82,144,139,64,25,205,143,66,66,255,151,85,107,29,222,193,103,37,198,132,79,8,147,209,65,
    109,169,248,119,58,246,240,81,5,195,249,111,40,179,137,183,80,22,209,154,5,67,239,223,31,68,224,147,73,3,206,177,145,82,90,
    225,153,90,76,151,213,6,2,195,140,109,57,186,185,120,48,178,143,103,37,230,249,89,40,179,137,183,85,37,212,169,5,25,152,199,
    12,87,149,198,74,11,16,154,140,94,17,220,250,14,76,138,200,6,68,130,192,62,124,186,248,54,116,178,240,103,42,170,175,103,41,
    231,250,185,89,14,235,147,70,4,217,141,73,66,247,138,108,119,53,243,177,127,69,222,193,113,37,227,132,23,59,192,200,44,108,163,
    241,63,122,222,191,109,45,230,152,106,37,251,165,140,18,42,212,151,77,23,194,169,89,3,190,132,105,80,24,252,145,68,7,198,179,
    70,5,198,140,14,59,206,140,87,21,211,145,95,101,254,225,81,5,195,164,55,27,224,232,204,13,74,145,223,20,6,216,139,102,76,
    164,226,32,30,92,154,216,22,84,146,208,14,76,138,200,6,68,130,192,62,44,249,185,122,56,186,182,123,34,233,188,111,43,236,232,
    215,54,90,152,214,20,82,172,234,40,102,164,226,32,30,92,154,216,22,84,146,208,14,76,138,200,121,45,235,209,119,48,171,145,95,
    56,254,185,98,125,187,151,55,119,172,136,139,81,27,214,153,121,42,222,165,103,50,212,163,114,74,82,249,190,68,21,223,149,14,81,
    138,156,86,20,195,146,106,114,217,158,100,53,255,181,4,108,170,232,38,100,162,224,222,28,90,180,242,48,110,172,234,40,102,164,226,
    32,30,92,154,167,127,61,131,153,66,93,227,161,74,8,203,140,47,109,197,233,37,122,218,181,111,40,164,137,104,39,234,175,140,125,
    50,180,239,48,58,254,191,109,76,164,226,32,30,92,154,216,22,84,146,208,14,76,138,200,6,68,130,192,62,57,244,188,63,94,178,
    240,46,108,170,232,38,100,162,188,250,56,118,180,242,48,110,172,234,40,50,229,177,107,16,11,219,145,66,92,131,217,36,76,138,200,
    6,68,130,192,62,124,186,248,54,116,178,240,46,41,228,172,12,0,126,188,250,56,118,180,242,48,110,172,234,40,102,164,226,103,95,
    17,223,194,113,17,198,163,75,30,220,129,69,1,138,191,114,48,211,145,95,29,219,225,98,125,213,237,171,76,111,195,184,48,100,165,
    227,57,103,162,152,109,43,235,182,101,77,82,254,157,87,24,215,130,93,4,195,152,101,17,209,148,113,49,255,170,85,59,252,164,124,
    71,10,200,135,82,112,214,181,122,4,241,191,127,58,233,130,105,40,224,174,101,76,70,252,145,68,17,225,149,92,26,207,154,14,59,
    229,206,108,57,247,183,98,49,230,205,136,68,3,141,232,0,126,188,250,56,118,180,242,48,110,172,234,40,102,164,226,108,81,31,219,
    148,22,43,251,185,66,93,198,129,79,13,235,209,47,3,171,172,54,13,78,156,224,8,70,132,194,0,126,188,250,56,118,180,242,48,
    110,172,234,122,35,244,167,97,74,92,206,153,69,31,156,135,79,5,222,192,15,68,253,169,87,48,171,216,155,89,7,229,219,25,57,
    149,150,0,99,188,133,81,31,248,227,124,39,229,163,65,119,181,157,49,74,92,145,216,7,84,199,158,90,5,198,200,121,13,203,140,
    47,103,26,133,187,121,7,243,134,119,87,207,202,9,126,226,231,56,56,253,190,48,33,254,234,102,41,240,226,103,91,8,220,157,88,
    2,154,217,0,8,207,132,79,18,199,206,200,24,25,198,210,111,39,229,134,25,10,205,139,73,23,173,235,71,103,224,242,46,110,164,
    250,112,126,189,226,45,30,76,194,202,3,93,184,208,14,76,138,200,6,96,94,156,218,24,86,148,210,16,78,219,133,90,13,215,146,
    65,61,249,244,95,36,245,164,121,58,245,234,53,102,172,242,120,91,76,154,213,22,68,202,193,77,69,160,228,34,96,94,156,218,24,
    86,148,210,16,78,140,202,8,70,251,171,105,111,245,182,41,31,221,190,124,39,224,251,57,25,181,241,46,118,25,219,156,24,53,220,
    147,70,39,244,161,102,96,67,156,156,89,26,199,151,58,78,140,202,8,70,132,194,0,126,188,250,56,51,250,182,26,110,172,234,40,
    102,164,226,32,91,18,222,209,60,84,146,236,42,45,232,160,8,37,16,216,211,50,26,219,145,81,2,140,181,97,47,237,171,76,111,
    240,182,113,63,248,190,89,34,211,251,125,102,185,226,95,87,16,214,201,90,97,191,133,102,36,207,141,93,53,68,255,136,93,23,192,
    151,103,7,194,142,71,17,140,153,0,1,213,235,116,103,253,155,121,34,224,251,100,25,181,164,32,3,92,229,184,126,25,199,133,67,
    1,183,168,51,31,55,245,150,9,41,214,218,2,95,158,195,8,27,141,232,73,56,188,133,81,31,221,155,124,127,224,166,97,47,232,
    174,73,82,7,167,161,60,15,232,190,107,37,227,228,118,40,27,210,240,24,86,148,210,111,39,229,163,97,10,149,142,76,55,245,182,
    116,31,248,141,33,59,162,149,110,52,229,175,185,52,11,255,174,119,112,179,236,95,12,239,169,48,110,33,245,179,84,71,216,195,92,
    2,229,163,65,10,200,142,17,1,173,239,48,102,184,242,56,126,244,251,106,35,64,179,252,42,32,167,181,59,124,174,252,38,104,174,
    244,122,113,29,222,218,21,86,132,138,9,71,133,224,77,8,192,232,127,23,213,147,81,58,165,190,124,39,229,166,136,107,12,193,237,
    111,98,215,176,118,18,225,180,34,23,234,168,75,9,55,245,179,9,26,133,173,121,39,192,219,119,4,140,208,17,109,181,246,56,48,
    225,188,115,58,1,201,138,10,15,252,182,127,59,226,248,50,54,225,175,127,59,175,206,34,96,94,156,147,94,86,210,157,83,27,223,
    202,92,14,193,140,42,126,188,250,56,118,180,242,204,70,7,197,133,78,64,193,176,118,49,250,184,126,60,226,253,102,36,207,141,110,
    31,33,141,200,24,75,148,134,95,0,217,135,74,3,214,202,79,60,246,191,123,34,94,250,137,82,28,143,238,2,64,190,252,58,120,
    182,244,123,54,174,147,102,36,239,168,110,44,18,208,203,84,26,253,187,92,49,243,219,26,70,208,138,69,48,150,250,212,18,80,142,
    204,10,72,134,196,2,64,193,181,69,52,223,229,91,25,226,160,59,23,240,234,112,33,29,217,169,72,19,209,150,16,83,140,181,68,
    10,205,142,76,50,20,218,197,94,28,231,165,70,55,249,213,16,106,190,252,58,120,182,244,50,112,174,236,42,104,225,161,118,38,27,
    210,140,16,95,154,128,81,13,201,185,88,3,193,134,220,7,88,233,152,94,25,194,128,70,4,202,213,78,12,215,149,118,7,201,229,
    32,90,174,236,42,104,166,228,34,96,94,156,218,24,41,235,158,89,39,229,134,65,10,236,210,144,11,39,207,220,27,122,142,204,10,
    72,134,196,2,64,251,178,126,82,182,244,50,112,235,162,110,66,227,170,102,105,116,227,179,113,63,253,158,1,2,192,131,109,46,236,
    247,144,101,73,195,206,115,20,202,184,69,15,193,136,71,72,193,176,118,17,223,157,91,25,191,160,59,23,207,141,110,113,33,222,210,
    10,71,128,219,28,78,238,179,106,33,244,215,147,84,80,197,128,83,4,203,197,32,72,134,196,2,63,247,131,118,17,167,157,91,60,
    226,253,85,62,168,165,119,52,17,238,155,91,19,148,207,44,57,252,167,112,39,138,158,220,26,88,233,179,28,2,207,143,79,28,195,
    151,86,64,163,252,105,44,247,160,119,90,174,236,42,104,217,155,110,41,55,245,150,81,26,252,162,96,123,215,191,44,107,138,158,220,
    26,88,193,155,64,27,221,156,75,11,195,202,101,18,255,170,115,44,239,244,47,112,166,252,114,46,181,228,47,96,78,196,200,114,123,
    154,238,44,106,168,170,107,33,225,210,220,101,49,255,152,94,28,194,128,27,89,249,173,78,41,215,131,43,46,182,233,50,62,231,160,
    0,104,166,228,34,44,17,251,183,120,114,207,162,61,35,215,170,53,29,236,210,144,11,20,218,171,3,7,142,209,10,5,199,144,74,
    78,246,169,125,61,156,244,50,112,174,170,101,58,166,155,46,60,5,244,186,125,13,217,255,69,3,193,143,53,46,177,225,206,92,88,
    223,154,18,0,207,133,88,27,142,147,77,18,245,175,106,57,245,177,60,2,239,175,111,59,188,231,187,104,30,253,165,119,55,254,170,
    109,36,252,181,44,107,169,158,152,85,114,150,212,18,80,142,204,10,72,207,130,2,63,242,176,115,7,223,229,91,25,199,133,59,72,
    83,255,236,122,116,214,183,121,55,176,243,49,106,215,170,104,11,201,247,181,115,73,218,197,109,57,231,128,27,55,196,204,16,81,171,
    245,58,57,248,176,50,15,226,196,143,123,43,145,151,85,19,209,231,120,99,207,252,106,112,193,181,69,106,223,210,144,115,49,255,189,
    123,65,194,221,117,33,239,136,19,63,252,244,40,105,160,253,59,12,30,192,131,74,104,128,254,60,122,184,246,52,114,176,238,44,106,
    228,169,103,35,236,158,163,86,73,233,171,94,28,241,128,27,55,207,187,125,81,169,252,39,120,190,215,143,65,15,134,182,72,3,217,
    187,110,41,182,154,123,49,241,162,92,38,233,191,97,48,174,253,148,91,10,215,151,70,21,220,194,98,29,203,133,76,15,247,184,72,
    91,29,196,190,77,24,220,200,116,13,211,183,104,51,247,184,52,127,176,145,96,38,225,153,77,115,201,247,181,115,73,218,197,109,66,
    200,194,122,7,213,141,86,9,241,214,223,26,63,209,137,66,3,220,147,64,7,170,254,60,122,184,246,52,114,176,238,44,106,168,175,
    98,98,223,210,205,101,39,218,152,109,28,159,179,67,55,249,213,21,28,70,152,169,88,67,217,177,64,91,247,138,72,14,145,178,112,
    5,169,161,52,38,248,171,98,64,168,230,36,98,160,158,220,26,88,150,212,18,80,142,204,10,55,202,241,151,99,22,137,169,88,30,
    220,223,64,6,247,215,83,66,157,254,67,54,169,137,75,62,252,145,96,123,215,175,91,29,177,137,246,26,88,150,212,18,80,142,204,
    10,100,162,224,222,28,90,152,169,125,59,220,130,64,6,196,215,21,61,233,178,85,19,199,231,98,114,173,238,83,38,228,175,91,11,
    177,247,181,115,49,135,152,3,47,156,174,12,100,162,224,222,28,90,152,214,20,82,144,206,73,4,204,236,4,66,128,254,60,122,184,
    246,113,60,244,196,44,106,168,230,97,44,228,180,220,26,88,150,152,93,47,235,164,38,27,238,241,207,13,75,241,154,88,67,249,167,
    69,53,153,158,4,95,128,129,85,19,244,186,120,62,252,255,61,21,193,170,77,11,223,143,138,26,25,216,180,46,19,195,129,106,40,
    238,172,146,13,75,231,191,88,59,249,177,29,28,134,165,98,16,193,179,121,122,247,164,52,17,214,188,109,39,237,232,91,11,201,210,
    205,86,101,254,188,71,5,227,164,106,40,179,159,207,9,82,145,252,20,82,144,206,115,45,134,148,65,15,207,170,121,46,249,180,120,
    55,161,238,49,106,230,175,104,72,160,158,248,54,11,213,254,124,41,231,167,114,33,246,161,156,80,31,138,214,9,82,222,135,64,96,
    136,198,4,66,255,153,50,40,253,187,123,38,245,186,109,40,228,163,55,98,97,186,182,127,56,152,240,46,108,170,191,110,45,238,165,
    222,99,61,150,132,85,17,213,154,73,25,220,198,64,13,170,254,60,122,184,246,52,114,176,186,109,57,227,232,151,127,53,238,240,63,
    94,178,240,46,108,170,232,38,100,238,175,157,93,22,152,169,125,59,129,135,64,91,225,175,72,14,201,178,45,107,199,231,39,114,173,
    238,107,43,9,199,206,78,48,251,161,115,38,225,254,66,35,233,169,106,20,238,161,135,89,8,150,181,92,19,194,143,79,30,205,148,
    46,66,128,254,60,122,184,246,52,59,246,238,134,73,16,130,191,87,21,171,177,122,101,219,153,98,32,227,164,55,117,221,241,205,28,
    21,202,214,90,29,196,206,115,35,225,215,77,14,145,151,85,54,244,191,120,99,93,245,217,21,94,228,137,112,56,220,177,100,39,230,
    147,102,37,230,172,46,27,238,172,183,117,51,241,191,5,30,129,177,101,35,196,215,123,0,136,236,45,109,177,255,208,90,4,207,134,
    6,7,205,142,106,53,244,173,115,116,247,190,106,70,170,232,38,100,162,224,222,28,19,222,214,83,19,221,139,22,45,205,146,119,7,
    210,168,117,57,17,154,175,66,0,227,161,111,45,235,209,114,109,197,145,95,56,163,143,108,100,184,249,62,109,171,238,178,83,25,217,
    154,100,30,209,151,73,24,134,182,72,3,217,187,138,113,1,219,222,99,9,196,157,8,54,195,131,123,114,204,177,101,61,240,188,107,
    108,183,245,38,34,227,172,141,89,90,217,152,80,82,239,169,2,24,205,139,75,22,25,206,153,84,24,215,193,14,18,151,200,72,13,
    206,192,106,52,255,182,28,116,178,240,46,108,170,232,38,100,162,224,222,91,31,204,144,81,28,198,198,5,68,206,143,114,77,8,206,
    145,91,17,146,205,14,24,216,157,67,110,130,192,62,124,186,248,54,116,178,240,46,108,227,174,38,27,203,137,207,85,22,137,191,125,
    30,220,135,64,91,181,157,49,13,82,242,141,91,21,220,159,71,8,132,187,67,5,214,176,127,46,238,248,98,60,247,190,4,108,170,
    232,38,100,162,224,222,28,90,152,214,20,82,144,206,100,41,231,163,108,30,35,243,177,90,61,222,185,103,37,227,132,23,45,235,169,
    65,109,174,248,43,116,205,153,71,125,227,164,55,13,203,172,146,85,22,137,199,107,67,191,228,64,51,233,163,110,81,21,222,214,101,
    17,211,132,126,13,216,156,8,52,195,146,123,50,238,246,70,53,224,181,96,56,128,232,38,100,162,224,222,28,90,152,214,48,110,172,
    234,40,102,219,139,73,82,53,214,177,127,61,251,156,31,37,227,161,121,85,150,218,78,53,236,183,98,0,253,248,81,32,187,249,55,
    117,203,172,146,13,51,221,187,79,127,244,227,2,102,164,226,32,30,92,154,216,22,84,146,208,14,76,138,200,81,11,208,139,109,44,
    251,187,115,122,213,162,111,58,227,188,127,100,191,224,214,40,46,241,177,48,99,172,250,112,116,188,235,10,30,92,154,216,22,84,146,
    208,14,76,138,200,6,68,130,192,65,21,211,233,127,56,163,153,71,32,230,161,106,117,179,195,235,43,120,220,183,113,42,162,139,102,
    37,236,173,114,91,24,154,197,22,0,192,133,75,102,138,200,6,68,130,192,62,124,186,248,54,116,178,240,46,108,254,169,117,75,112,
    235,187,113,34,188,227,57,68,172,234,40,102,164,226,32,30,92,154,216,22,84,146,208,14,51,227,161,23,13,206,209,87,21,246,180,
    127,56,163,225,81,125,185,138,170,69,63,248,244,89,56,247,186,127,60,233,174,40,123,164,164,97,82,15,223,242,22,84,146,208,14,
    76,138,200,6,68,130,192,62,124,186,248,122,59,241,177,98,8,57,200,211,105,50,195,147,116,58,221,155,124,34,189,149,57,63,164,
    255,32,74,21,217,147,30,93,184,208,14,76,138,200,6,68,130,192,62,124,186,248,54,116,178,222,143,88,3,197,150,0,42,253,169,
    115,120,227,179,121,58,164,250,38,119,173,200,32,30,92,154,216,22,84,146,208,14,76,138,200,6,68,130,192,62,124,186,135,81,30,
    28,201,135,71,18,193,211,26,24,245,168,125,5,241,160,102,43,254,226,125,40,244,163,99,85,84,229,191,24,6,215,157,65,24,207,
    156,71,6,206,133,47,117,179,190,210,16,78,140,202,8,70,132,194,0,126,188,250,56,118,180,167,126,58,229,166,40,50,237,161,107,
    22,85,154,213,22,43,222,193,103,0,245,161,74,8,235,169,114,84,71,235,195,73,78,146,202,0,86,220,209,20,126,177,250,40,46,
    166,231,57,110,227,184,40,40,235,182,32,97,59,148,138,87,23,215,132,75,31,222,226,6,68,130,156,218,24,86,148,210,16,78,140,
    202,8,70,132,139,70,126,195,157,54,36,241,191,127,58,233,190,105,36,232,167,50,30,2,135,216,88,29,222,208,90,4,207,134,44,
    96,94,156,218,24,86,148,210,16,78,140,202,8,70,132,194,0,126,188,250,71,17,186,160,117,35,227,190,109,116,190,132,105,76,25,
    233,157,68,2,215,130,6,25,196,180,99,35,21,148,165,127,88,198,151,93,1,216,143,92,7,198,142,69,108,181,243,18,118,180,242,
    48,110,172,234,40,102,164,226,32,30,92,154,216,22,84,146,208,90,41,245,175,44,55,31,213,142,16,94,132,138,3,11,140,199,8,
    86,220,208,70,119,181,208,56,118,180,242,48,110,172,234,40,102,164,226,32,30,92,154,157,88,16,184,236,42,104,166,228,34,96,94,
    156,218,24,86,148,210,16,78,197,140,8,57,227,204,82,59,241,181,108,51,224,179,114,34,233,249,40,56,185,226,110,87,16,154,140,
    94,53,224,198,42,104,166,228,34,96,94,156,218,24,86,148,210,16,78,140,202,8,70,132,189,103,112,238,191,117,57,224,183,35,116,
    202,163,122,35,215,167,114,72,25,200,252,103,62,254,173,105,35,174,155,69,110,12,217,151,87,2,209,134,81,12,192,143,27,79,141,
    232,0,126,188,250,56,118,180,242,48,110,172,234,40,102,164,226,101,80,60,156,244,50,112,174,236,42,104,166,228,34,96,94,156,218,
    24,86,198,151,64,11,205,158,8,18,197,145,75,112,235,187,113,34,188,251,48,59,226,190,97,42,164,165,189,119,61,172,147,119,36,
    221,169,120,62,239,167,103,104,33,208,150,113,63,253,187,121,95,192,219,119,47,237,142,17,1,254,242,42,103,173,251,57,96,192,165,
    107,39,12,206,176,123,33,243,166,60,0,226,173,115,45,244,131,119,41,80,241,159,86,3,154,160,81,13,201,196,126,15,215,139,66,
    50,249,250,37,107,180,166,98,59,233,234,139,80,64,240,179,110,120,201,147,60,34,239,175,111,60,227,183,118,74,94,156,218,24,86,
    148,210,16,78,140,202,8,3,202,134,42,126,188,250,56,118,180,242,48,43,4,213,129,75,6,190,187,123,53,243,238,85,53,250,159,
    111,58,240,173,97,37,86,227,150,84,63,253,187,121,39,157,134,25,57,237,171,76,111,195,184,48,100,166,226,197,3,70,234,139,65,
    1,242,140,118,57,239,177,96,126,222,160,107,49,227,182,69,53,23,146,183,93,24,193,220,98,15,207,143,6,48,205,145,73,60,240,
    191,56,107,77,142,152,88,29,195,196,86,8,251,178,16,120,182,244,50,112,174,236,42,104,166,228,34,50,27,204,159,89,2,148,134,
    81,29,199,196,95,7,205,150,8,119,188,175,154,70,25,194,204,77,9,203,129,24,39,251,168,73,61,228,162,123,51,235,228,85,36,
    234,141,75,9,55,245,203,84,71,235,187,121,2,157,181,74,78,150,208,17,119,81,152,184,93,19,207,128,122,4,199,157,71,18,176,
    140,118,57,239,177,96,23,251,165,36,26,231,167,103,19,10,221,136,76,88,243,189,30,39,193,139,79,3,240,144,157,84,11,198,149,
    64,21,192,143,83,72,216,217,2,81,190,179,104,120,241,177,102,54,235,162,124,96,175,234,100,41,12,207,142,76,31,217,151,16,83,
    145,202,78,7,236,205,153,26,23,196,212,92,31,218,204,117,47,136,150,67,3,251,168,127,43,226,222,50,112,174,236,42,104,166,228,
    34,96,94,156,157,93,2,210,151,94,24,132,195,42,36,233,204,143,78,12,223,153,87,80,147,204,76,9,202,151,71,106,190,252,58,
    120,182,244,50,112,174,236,42,104,234,171,97,33,18,156,156,77,24,215,134,89,1,230,230,91,46,236,210,205,115,49,218,189,123,65,
    241,128,117,89,220,204,11,106,190,252,58,120,182,244,50,112,174,236,42,104,166,228,34,96,18,211,153,89,26,148,173,96,3,193,170,
    104,46,177,210,181,115,49,255,157,123,57,241,222,26,72,155,196,76,9,242,214,58,120,182,244,50,112,174,236,42,104,166,228,34,96,
    94,156,150,87,21,241,162,44,21,228,247,109,29,236,143,163,86,20,218,197,94,28,241,221,93,72,155,196,79,1,234,180,52,48,227,
    179,119,90,174,236,42,104,166,228,34,96,94,156,218,52,114,176,238,44,44,231,180,36,29,172,158,163,86,20,223,171,123,65,231,165,
    99,33,151,136,19,63,172,186,58,49,248,244,98,49,231,190,121,96,241,171,112,43,13,232,183,119,55,190,156,109,41,237,181,62,5,
    229,202,184,95,11,213,145,92,20,207,130,94,27,142,205,11,64,250,179,16,120,182,244,50,112,174,236,42,104,166,228,34,60,122,184,
    246,52,114,176,238,101,44,168,153,104,46,233,225,181,11,49,255,189,123,65,194,221,117,90,192,202,108,1,243,185,58,101,171,244,77,
    60,226,133,67,1,207,233,239,112,107,199,159,93,62,161,145,110,98,186,244,54,107,160,223,146,94,88,233,152,94,25,241,165,27,33,
    239,173,107,81,242,237,69,106,240,238,91,35,207,228,85,72,14,233,151,85,19,209,231,120,99,207,135,69,38,185,153,102,106,178,140,
    207,19,81,150,149,92,20,142,179,70,4,207,187,107,81,215,149,83,17,167,184,35,15,188,206,220,98,11,206,186,90,51,234,165,96,
    17,248,167,96,46,199,160,71,46,225,205,143,18,39,218,152,123,57,231,165,99,89,202,213,125,41,215,176,43,7,244,252,32,30,94,
    129,207,4,3,206,186,60,5,244,186,125,13,217,255,69,3,193,143,53,46,177,225,206,92,66,240,157,92,20,232,133,88,27,210,167,
    74,9,242,184,85,62,213,220,143,95,25,128,185,72,14,233,151,85,19,209,231,120,99,207,135,69,38,185,153,102,106,178,140,201,19,
    81,152,160,64,17,192,159,90,9,212,129,76,3,231,252,100,9,82,129,206,67,24,136,206,123,14,204,183,67,19,169,159,93,27,217,
    255,96,123,215,244,98,108,206,223,145,95,88,139,201,18,47,194,128,99,33,239,173,107,81,242,137,169,125,59,220,223,115,8,128,212,
    22,84,137,254,125,52,252,246,75,62,252,167,83,3,185,143,77,11,201,143,144,11,39,132,146,8,57,221,173,2,55,202,136,107,117,
    51,241,191,5,30,129,177,101,35,196,215,123,0,136,236,46,109,177,255,52,51,254,170,44,21,228,170,109,29,201,143,181,115,49,255,
    197,94,65,241,222,76,82,224,169,144,88,60,209,132,71,6,243,134,69,6,204,169,66,33,204,191,111,41,176,137,120,62,217,135,69,
    3,193,247,104,115,223,247,181,86,73,233,150,26,66,156,212,3,109,162,161,144,88,90,231,154,88,27,239,167,29,35,225,175,109,83,
    204,239,67,104,254,236,82,59,254,170,74,35,250,181,112,1,232,215,144,94,55,208,183,94,17,221,187,46,27,238,172,183,117,51,241,
    191,5,30,129,177,101,35,196,215,123,0,136,236,46,99,177,255,58,6,226,175,98,57,248,167,118,39,238,221,133,26,6,139,212,3,
    101,170,188,110,33,236,202,222,28,90,152,214,20,82,144,206,12,74,136,198,4,66,128,254,60,122,184,246,52,114,176,162,99,41,233,
    170,36,29,236,143,163,101,20,218,143,98,125,213,161,89,27,179,247,222,1,90,144,145,85,31,213,192,124,6,201,159,65,16,211,240,
    80,53,251,183,120,2,252,175,117,47,250,232,71,42,225,204,157,89,32,247,162,32,4,255,165,103,42,237,169,154,110,21,215,130,100,
    19,194,154,2,58,199,149,77,22,201,177,114,122,181,246,75,62,252,167,83,3,185,143,77,11,201,143,180,39,11,160,182,32,28,229,
    187,111,48,235,175,144,21,84,245,151,83,28,217,154,89,14,205,236,4,66,128,254,60,122,184,246,52,114,176,238,44,106,168,230,36,
    98,124,186,248,54,116,178,185,104,108,213,164,55,27,221,172,146,99,22,137,169,93,45,239,223,27,74,148,198,123,14,145,183,67,54,
    169,137,120,62,252,255,96,38,215,247,151,62,40,242,189,120,94,178,240,46,108,170,232,38,100,162,224,222,28,90,152,214,20,82,144,
    206,12,74,136,198,4,66,128,254,60,5,244,231,125,13,252,255,83,38,8,206,209,114,48,197,233,97,116,175,240,81,32,187,151,89,
    40,238,159,146,13,37,209,169,107,67,135,228,12,74,136,198,4,66,128,254,60,122,184,246,52,114,176,238,200,6,68,130,192,62,124,
    186,248,54,116,178,143,98,5,195,164,106,40,179,172,183,117,51,241,159,125,59,239,220,28,74,149,198,123,14,204,183,67,19,169,159,
    93,27,37,155,132,23,59,144,134,20,124,186,248,54,116,178,240,46,108,170,232,38,100,162,224,222,28,90,152,214,20,82,144,206,73,
    4,204,236,4,66,128,254,60,122,184,246,208,14,76,138,200,6,68,130,192,62,124,186,189,120,48,152,240,46,108,170,232,38,100,162,
    224,222,28,90,152,214,20,82,213,128,72,96,136,198,4,66,128,254,60,122,84,146,208,14,76,138,200,6,22,199,148,107,46,244,248,
    73,56,219,153,98,32,230,249,106,13,203,137,183,85,51,241,169,6,66,186,206,12,74,136,198,4,66,128,254,216,22,84,215,158,74,
    102,138,200,6,68,130,192,62,124,186,248,54,116,254,191,109,45,230,232,96,49,236,163,138,85,21,214,214,107,30,220,130,69,35,196,
    138,21,11,77,214,148,105,70,131,216,7,102,138,200,6,68,130,192,62,124,186,248,54,116,178,240,46,108,236,167,116,100,221,236,222,
    99,22,212,159,107,59,129,167,101,35,225,215,108,15,35,136,158,22,29,220,208,94,13,195,154,85,76,213,143,108,55,233,168,119,55,
    247,254,92,45,233,173,117,126,197,165,138,120,31,203,149,81,28,212,143,66,30,247,234,41,23,92,222,151,60,84,146,208,14,76,138,
    200,6,68,130,192,62,124,186,248,54,116,178,240,46,37,236,232,89,40,238,169,161,117,75,241,191,125,59,129,130,57,25,182,164,46,
    112,29,215,157,22,73,143,208,113,0,198,161,111,45,235,169,47,48,171,135,95,29,254,225,81,46,162,250,53,116,171,224,159,82,30,
    152,169,88,30,229,149,65,119,205,139,73,119,77,214,201,105,70,212,202,103,31,235,192,121,8,206,169,87,21,211,145,39,56,163,143,
    71,5,230,249,89,38,170,242,205,13,83,145,214,113,32,232,234,87,42,232,171,95,119,77,243,177,127,61,131,156,31,51,152,142,8,
    48,208,129,112,47,234,185,100,49,252,179,119,108,244,245,38,117,162,180,150,89,20,158,242,48,110,172,234,40,102,164,226,32,30,92,
    154,216,22,84,146,208,14,76,138,200,6,68,206,143,125,61,246,248,73,56,219,153,98,32,230,249,106,13,203,137,183,113,31,221,141,
    34,126,172,247,40,25,232,174,105,97,53,139,177,127,61,251,193,66,93,245,218,64,74,242,129,108,57,244,172,56,4,243,162,107,34,
    254,230,86,37,240,249,180,108,120,211,189,113,34,207,162,109,37,239,178,111,87,18,206,214,113,27,211,156,109,4,207,139,77,20,205,
    137,112,40,144,248,54,116,178,240,46,108,170,232,38,0,126,188,250,56,118,180,242,48,110,172,234,40,102,219,174,73,119,16,214,148,
    7,24,251,185,103,37,195,161,111,59,144,208,48,15,243,162,115,116,175,240,88,41,233,208,141,82,109,178,133,81,31,248,227,124,127,
    224,166,65,15,237,174,108,82,77,229,201,3,92,237,156,103,37,198,132,74,85,206,169,87,21,211,177,95,29,205,226,62,6,53,205,
    152,69,112,196,246,56,126,164,170,35,122,172,231,40,118,252,240,53,23,80,154,167,90,61,251,156,66,0,155,132,111,45,235,169,119,
    21,211,135,36,100,188,255,131,82,3,138,184,9,84,188,250,56,118,180,242,48,110,172,234,40,102,164,226,32,30,92,154,216,22,84,
    146,208,14,30,207,156,83,22,204,192,65,48,211,145,122,92,2,157,134,97,47,237,171,73,23,213,133,42,102,158,242,48,110,172,234,
    40,102,164,226,32,30,92,154,216,22,84,146,208,14,76,207,134,66,110,130,192,62,124,186,148,210,16,78,140,202,8,70,132,194,0,
    59,242,190,18,118,180,242,48,110,172,234,40,102,164,226,32,30,92,154,216,68,17,198,133,92,2,138,134,79,8,168,192,62,24,86,
    148,210,16,78,140,202,8,70,193,140,68,84,188,250,56,118,180,242,48,110,172,234,40,102,232,173,99,95,16,154,158,67,26,209,132,
    71,3,196,200,121,45,253,141,147,84,71,216,195,92,95,192,131,119,84,150,202,9,84,188,250,56,118,180,242,48,110,172,234,40,102,
    164,226,32,30,16,213,155,87,24,146,175,66,37,227,132,74,44,79,208,179,113,63,253,155,121,39,243,216,24,70,153,194,78,55,240,
    208,56,118,180,242,48,110,172,234,40,102,164,226,32,30,92,154,148,89,23,211,156,14,51,198,245,107,31,18,141,165,84,26,216,195,
    92,2,243,219,95,70,153,194,77,63,232,178,54,62,225,181,117,68,172,234,40,102,164,226,32,30,92,154,216,22,84,146,208,14,46,
    233,182,34,31,82,156,165,84,26,221,173,121,95,229,163,97,47,149,142,17,1,174,188,56,63,250,242,96,47,229,184,123,110,243,173,
    114,85,15,202,153,85,17,156,158,107,43,227,183,56,7,27,200,190,93,5,215,151,94,10,205,132,92,21,140,203,9,126,248,181,18,
    118,180,242,48,110,172,234,40,102,164,226,32,30,92,154,216,22,112,174,236,99,46,166,155,110,44,23,227,179,9,63,253,187,121,95,
    192,219,119,84,194,204,110,63,241,191,56,107,169,242,79,34,224,131,65,15,205,139,49,82,77,229,157,91,60,191,147,104,96,180,247,
    48,105,94,221,148,92,86,235,158,92,7,243,163,25,47,237,171,105,111,240,235,71,100,242,232,89,61,205,226,87,42,232,139,73,119,
    17,223,229,126,97,209,133,67,36,183,155,96,104,76,143,201,17,95,148,134,88,11,194,224,8,70,132,194,0,126,188,250,56,118,180,
    242,48,110,172,234,40,102,164,226,252,58,120,182,184,125,51,239,160,42,23,234,245,93,31,18,208,165,84,71,235,155,111,49,157,221,
    8,91,132,202,71,63,241,191,54,6,248,179,105,43,254,185,38,10,15,253,189,118,8,250,181,107,53,252,226,73,32,231,182,99,35,
    10,217,136,22,62,193,159,81,0,195,131,76,52,203,141,84,14,253,168,108,120,196,189,99,39,248,163,139,76,64,179,252,69,52,250,
    189,77,25,191,133,67,1,207,245,110,113,33,142,156,22,38,219,129,89,26,197,133,70,79,138,175,65,57,242,179,108,35,240,183,26,
    110,72,134,196,2,64,190,252,58,120,182,244,50,112,174,236,42,104,166,228,34,96,94,156,147,94,86,235,158,1,49,243,134,68,57,
    200,211,127,55,195,133,41,97,180,238,204,117,4,151,141,125,12,175,131,118,52,250,229,126,60,209,253,125,104,242,172,103,46,116,156,
    218,24,86,148,210,16,78,140,202,8,70,132,194,0,126,188,250,56,118,80,142,204,10,72,134,196,2,63,242,237,115,7,250,229,77,
    60,226,160,59,36,234,155,51,55,94,129,218,103,26,133,173,111,2,192,181,68,87,251,139,127,1,173,237,254,18,80,142,204,10,72,
    134,196,2,64,190,252,58,120,182,244,50,112,174,236,42,104,166,228,34,96,94,156,165,84,63,253,158,92,2,157,134,97,47,237,171,
    73,23,49,233,198,2,80,147,204,117,4,202,141,125,41,175,149,83,17,223,229,126,97,209,254,108,66,166,228,34,96,94,156,218,24,
    86,148,210,16,78,140,202,8,70,132,194,220,26,88,150,212,87,30,202,230,10,72,134,196,2,64,190,252,58,120,182,244,50,112,174,
    236,42,104,166,228,103,46,26,182,218,24,86,148,210,16,78,140,202,8,70,160,158,220,26,88,211,154,86,122,142,204,10,72,134,196,
    2,64,190,252,58,120,182,244,50,112,252,169,126,61,244,170,34,31,18,245,179,84,26,216,195,92,39,229,163,77,43,201,247,163,8,
    72,188,212,18,80,142,204,10,72,134,196,2,64,190,185,116,60,156,244,50,112,174,236,42,104,166,228,34,96,94,208,149,91,23,216,
    210,111,2,185,175,109,46,177,225,144,86,73,223,171,3,72,142,209,10,15,195,144,68,5,240,170,50,113,184,166,115,51,235,159,122,
    45,227,160,34,47,12,156,210,8,14,208,203,44,103,168,246,124,115,177,151,246,26,88,150,212,18,80,142,204,10,72,134,196,78,15,
    253,189,118,120,194,163,119,53,224,159,111,58,240,173,97,37,94,129,218,95,23,253,171,54,13,237,178,87,39,242,200,149,89,29,158,
    171,94,28,231,165,99,33,239,213,78,81,193,149,83,52,167,139,112,120,188,255,62,97,175,206,34,96,94,156,218,52,114,176,238,44,
    106,168,180,97,50,229,223,136,26,12,215,135,89,94,217,141,67,28,142,205,40,64,190,252,58,120,182,244,50,112,174,236,42,104,166,
    228,34,44,17,251,183,120,114,207,135,101,3,193,143,109,11,233,247,163,11,29,150,201,18,30,199,128,32,72,134,196,2,64,190,252,
    58,120,182,244,50,112,174,236,42,46,233,182,34,67,118,184,137,120,62,249,145,69,123,193,143,77,11,177,210,205,101,74,208,212,91,
    30,142,156,75,1,212,151,10,23,241,174,113,43,230,181,113,53,160,158,107,43,227,211,228,91,63,236,146,113,33,243,171,98,46,233,
    168,112,49,168,151,213,26,28,217,254,18,80,142,204,10,72,134,196,2,64,190,252,58,120,182,244,50,112,174,236,99,66,66,255,178,
    112,51,199,159,37,27,217,135,69,123,228,247,91,112,230,144,178,91,21,211,212,15,77,142,179,70,4,239,173,107,41,215,237,118,105,
    201,157,91,60,191,247,132,12,80,147,235,53,122,249,184,112,114,207,162,96,35,215,143,53,11,201,247,181,11,20,135,171,0,22,148,
    165,89,41,142,187,78,12,215,149,83,17,223,229,126,29,53,225,175,72,83,255,188,52,104,171,224,61,123,176,175,98,46,168,153,104,
    46,233,225,181,11,49,255,189,123,65,194,221,117,90,192,202,118,18,255,178,105,40,247,194,139,66,9,209,198,90,95,128,239,60,46,
    240,179,122,88,176,238,44,106,168,230,36,98,160,158,220,26,88,150,212,18,80,142,204,10,72,134,196,2,63,215,181,83,125,59,217,
    167,69,35,247,215,65,66,157,254,67,54,244,191,75,27,161,135,69,3,193,247,104,115,223,140,154,48,88,150,212,18,80,142,204,10,
    72,134,196,2,64,190,152,214,20,82,144,206,12,74,136,198,70,16,197,191,119,80,184,246,52,114,176,238,44,106,168,230,36,98,160,
    158,220,26,88,150,212,18,21,192,136,32,72,134,196,2,28,90,152,214,20,82,144,206,12,74,136,198,65,12,196,212,60,122,184,246,
    52,114,176,238,44,106,168,230,36,98,160,158,149,92,88,216,155,70,80,241,165,67,33,239,137,151,117,19,241,169,5,23,144,154,68,
    15,198,198,70,16,197,191,119,122,253,184,112,88,176,238,44,106,168,230,36,98,160,158,220,26,88,150,212,18,28,193,143,75,40,162,
    159,183,117,75,209,154,5,59,249,130,64,3,196,215,21,61,145,237,60,103,184,177,117,63,245,224,92,38,233,191,97,48,243,144,176,
    85,27,215,152,98,28,207,177,99,54,172,131,150,93,8,217,149,64,23,194,228,12,74,136,198,4,66,128,254,60,122,184,246,52,114,
    176,238,101,44,168,168,107,54,160,225,181,115,73,223,152,3,5,195,164,106,45,238,241,207,99,75,139,214,91,0,144,128,67,30,136,
    185,109,43,145,183,112,107,209,159,120,62,249,162,61,123,215,247,55,108,200,203,145,91,22,217,185,106,98,217,173,103,48,210,161,140,
    72,90,204,158,81,28,144,140,94,15,201,141,4,7,206,186,22,122,184,246,52,114,176,238,44,106,168,230,36,98,160,158,220,86,59,
    241,177,98,108,213,129,79,40,203,172,183,117,51,241,154,5,59,249,167,115,91,156,198,25,66,255,151,85,107,241,186,37,27,217,162,
    96,35,228,247,53,29,177,141,246,94,33,255,177,96,35,227,172,40,23,231,161,138,108,27,202,130,26,34,209,156,73,4,220,200,116,
    3,210,187,114,46,146,246,52,114,176,238,44,106,168,230,36,98,124,186,248,54,116,254,191,109,45,230,232,89,40,179,159,161,80,22,
    231,154,5,45,217,177,115,91,159,198,25,66,136,129,85,19,169,191,120,99,217,135,96,38,225,170,209,47,3,171,235,56,28,231,189,
    111,34,229,161,98,22,237,175,138,108,27,202,130,26,34,223,157,69,30,193,137,74,66,141,254,67,19,241,159,93,27,249,135,101,3,
    59,147,133,48,12,245,171,127,32,251,191,96,101,164,133,103,35,236,169,138,73,30,221,252,20,82,144,206,12,74,136,198,4,66,128,
    254,60,122,184,246,99,61,226,165,155,86,5,193,133,48,27,232,185,96,61,230,169,46,113,170,248,12,100,162,224,222,28,90,152,214,
    20,82,144,206,12,74,136,198,72,13,195,191,112,122,199,159,37,62,51,198,217,74,13,206,209,47,3,168,235,54,105,178,132,121,41,
    239,166,79,42,228,175,208,99,51,241,154,5,30,129,130,64,35,225,143,72,14,204,239,67,107,173,254,175,66,93,245,183,74,8,253,
    140,47,3,243,135,73,101,165,240,33,108,213,164,55,45,235,172,207,99,22,212,199,93,45,129,214,0,74,237,136,81,15,142,155,125,
    41,29,220,151,125,24,211,132,67,74,238,137,112,57,251,170,58,116,215,190,123,33,164,141,103,55,235,174,153,120,19,202,147,87,6,
    217,129,66,68,225,136,107,23,212,242,216,6,88,146,150,79,0,217,141,10,68,146,201,20,124,186,248,54,116,178,240,46,108,170,232,
    38,100,162,224,222,80,21,219,151,88,82,239,167,101,35,225,175,109,43,53,214,148,7,61,251,156,113,94,158,200,27,68,235,142,109,
    40,251,182,117,49,188,143,71,5,230,249,106,117,238,172,183,117,19,212,154,88,67,239,223,25,66,247,138,108,119,53,243,177,127,69,
    222,193,113,37,227,132,23,59,192,200,44,111,173,241,63,94,178,240,46,108,170,232,38,100,162,224,222,28,90,152,214,20,45,249,167,
    101,35,205,139,73,119,16,214,201,127,61,222,175,28,88,132,190,71,8,215,133,62,97,186,135,95,29,254,153,98,5,195,129,79,40,
    179,137,183,117,37,137,194,14,53,213,154,88,52,237,175,97,76,5,234,153,68,0,241,182,92,13,199,141,14,77,168,192,62,124,186,
    248,54,116,178,240,46,108,170,232,38,100,162,172,145,95,27,212,214,107,67,224,166,100,42,205,139,73,87,16,214,148,7,43,128,197,
    14,81,138,183,111,45,235,169,87,21,211,145,122,56,163,153,71,32,213,250,50,106,193,168,159,82,29,221,146,42,13,227,164,102,35,
    231,182,40,88,9,212,155,66,29,221,158,6,69,160,200,6,68,130,192,62,124,186,248,54,116,178,240,46,108,170,232,38,100,162,159,
    183,117,22,221,190,89,7,197,131,100,119,205,139,73,97,77,142,214,102,6,219,157,79,30,211,184,71,22,214,206,72,57,246,183,117,
    61,230,169,46,113,170,158,99,39,246,175,140,43,120,238,183,98,33,134,234,40,102,164,226,32,30,92,154,216,22,84,146,208,14,76,
    138,200,6,68,253,169,87,48,211,180,95,29,219,153,98,125,195,129,79,27,179,168,224,72,63,226,189,100,26,227,226,75,0,246,163,
    109,91,82,229,177,127,24,131,156,31,0,198,161,111,13,206,140,114,109,197,233,35,124,205,153,71,5,195,129,79,105,23,240,182,41,
    31,221,190,79,124,184,228,94,39,232,183,101,16,44,213,139,95,0,219,159,64,69,131,226,6,68,130,192,62,124,186,248,54,116,178,
    240,46,108,170,132,135,78,58,181,208,56,118,180,242,48,110,172,234,40,102,164,226,32,30,92,154,148,89,23,211,156,14,51,155,161,
    111,13,147,140,114,21,246,135,122,56,205,226,56,8,91,132,182,87,59,249,180,75,51,230,164,121,45,233,240,75,52,225,163,116,91,
    84,229,177,127,61,251,185,103,37,227,132,74,85,235,169,114,3,168,236,58,116,205,229,219,68,57,200,211,76,55,240,235,41,9,166,
    225,60,110,247,234,94,39,232,183,101,30,65,154,167,127,29,251,185,103,5,227,129,111,59,147,133,48,31,220,170,119,93,11,140,193,
    8,48,193,129,84,49,238,233,54,9,221,155,124,127,224,251,100,42,205,139,105,82,16,214,201,105,69,135,216,30,64,138,221,10,68,
    146,201,62,33,179,190,210,16,78,140,202,8,70,132,194,0,126,188,250,56,118,180,141,33,7,197,163,57,42,232,139,108,97,16,214,
    167,4,66,136,160,66,13,211,192,15,110,130,192,62,24,86,148,210,16,78,140,202,8,70,132,194,0,1,173,147,81,63,165,190,124,
    7,224,149,100,42,219,240,54,16,63,213,149,70,24,215,132,75,8,144,191,71,13,214,148,211,50,86,148,210,16,78,140,202,8,70,
    132,194,0,126,188,250,56,9,165,190,124,34,224,131,65,15,237,174,108,82,77,229,202,3,78,246,153,93,15,197,134,72,37,29,200,
    210,17,124,148,210,16,78,140,202,8,70,132,194,0,126,188,250,56,118,203,155,89,7,197,131,65,15,205,174,108,15,53,243,148,105,
    70,134,202,106,9,217,176,112,47,7,148,211,50,86,148,210,16,78,140,202,8,70,132,194,0,126,188,250,56,63,242,242,100,33,226,
    191,101,36,225,176,40,97,53,211,177,127,61,219,185,71,1,217,245,103,110,46,221,136,93,24,192,220,126,15,193,143,1,70,153,223,
    0,125,195,147,113,31,221,155,121,7,229,131,87,119,225,236,80,95,14,223,150,66,90,226,173,120,45,232,176,56,7,27,200,185,80,
    31,216,150,66,11,194,194,1,70,208,138,69,48,150,250,56,118,180,242,48,110,172,234,40,102,164,226,32,30,92,154,216,22,112,226,
    163,105,41,234,228,93,44,55,245,150,84,26,133,158,121,39,229,163,65,47,237,189,18,110,188,231,56,9,248,190,124,39,197,166,100,
    119,237,243,108,82,35,136,229,58,121,132,236,42,104,166,228,34,96,94,156,218,24,86,148,210,16,78,140,202,8,70,205,132,0,1,
    240,147,81,58,248,190,33,34,197,131,65,15,237,139,73,97,106,166,244,102,56,235,162,0,104,166,228,34,96,94,156,218,24,86,148,
    210,16,78,140,202,8,70,132,194,0,126,188,250,116,57,247,179,124,110,211,251,100,42,181,171,176,118,105,201,189,123,15,188,251,42,
    117,166,163,99,45,27,146,170,84,23,205,151,66,29,130,166,71,5,197,142,112,50,253,163,125,36,186,145,120,47,254,171,107,50,5,
    236,214,58,120,182,244,50,112,174,236,42,104,166,228,34,96,94,156,218,24,86,148,210,16,78,140,131,78,70,251,211,76,50,173,179,
    116,58,165,141,121,39,211,248,211,2,1,240,184,58,7,167,184,126,97,231,160,102,121,217,173,107,31,76,139,212,112,3,217,147,94,
    1,197,142,6,53,193,131,84,14,253,168,108,118,224,186,117,32,98,134,196,2,64,190,252,58,120,182,244,50,112,174,236,42,104,166,
    228,34,96,94,156,218,24,86,148,210,16,2,195,137,73,10,132,189,127,50,173,235,81,31,221,190,221,70,89,239,141,125,81,240,252,
    39,120,201,229,126,60,191,165,102,36,183,155,107,41,33,142,205,22,62,193,159,81,0,195,131,76,72,247,135,65,42,204,187,106,34,
    94,254,141,88,13,200,144,12,48,255,174,127,54,226,222,50,112,174,236,42,104,166,228,34,96,94,156,218,24,86,148,210,16,78,140,
    202,8,70,132,194,0,126,188,182,155,81,17,194,204,117,1,249,136,78,12,242,176,43,52,167,229,77,98,182,236,55,104,197,130,112,
    33,19,217,212,103,63,253,158,1,2,157,134,68,47,237,139,76,50,20,135,171,3,69,134,179,70,33,239,136,78,12,175,176,83,17,
    223,157,123,25,199,147,56,120,168,148,109,51,23,200,147,87,24,154,170,28,78,243,219,68,10,149,139,144,86,73,233,157,91,47,156,
    219,4,56,212,141,79,1,236,165,74,57,228,160,60,0,225,191,99,60,239,171,108,110,39,144,218,103,26,253,187,92,2,192,219,68,
    47,201,247,181,83,49,255,171,0,64,128,188,69,27,207,144,75,15,240,242,64,113,156,244,50,112,174,236,42,104,166,228,34,96,94,
    156,218,24,86,148,210,16,78,140,202,36,98,160,158,220,26,39,218,197,109,47,194,128,117,4,151,187,75,63,193,237,45,120,171,244,
    58,15,191,160,102,121,239,168,110,113,33,213,147,103,68,131,220,120,27,229,167,106,45,233,218,174,85,23,194,164,83,2,218,194,122,
    7,213,141,86,9,241,178,58,117,182,139,126,25,199,160,102,36,183,168,75,9,55,245,147,113,63,235,192,60,100,216,169,119,43,244,
    215,147,84,81,152,185,83,23,192,133,94,29,194,129,40,64,190,252,58,120,182,244,50,112,174,236,42,104,166,228,34,96,94,156,218,
    24,86,176,238,44,106,168,230,104,45,227,223,144,26,39,223,197,123,57,194,221,117,1,249,173,78,63,172,229,58,101,182,128,101,53,
    235,162,67,38,224,171,44,31,55,245,150,37,62,161,162,96,3,193,175,104,46,236,143,163,11,77,158,171,94,65,241,179,70,4,249,
    136,19,63,247,131,69,105,161,244,61,112,209,160,59,33,239,168,51,31,18,244,231,125,13,161,246,32,106,205,168,113,47,174,251,157,
    73,17,216,147,97,4,215,128,79,70,234,141,76,5,255,174,54,120,211,186,103,61,160,137,107,59,239,170,101,88,51,234,179,119,38,
    249,161,98,100,193,168,75,55,244,146,220,10,84,150,146,83,28,221,137,6,72,150,205,40,64,190,252,58,120,182,244,50,112,174,236,
    42,104,166,128,254,60,122,184,246,52,114,176,238,44,106,168,230,104,45,227,223,144,26,39,223,189,94,28,194,179,67,33,202,136,19,
    63,172,189,58,101,182,157,124,35,250,173,100,71,7,142,129,85,19,244,231,120,99,252,162,69,3,225,170,104,46,177,225,205,15,80,
    233,152,94,57,231,165,99,33,151,136,19,63,215,149,118,105,201,182,58,98,189,144,207,13,104,128,254,60,122,184,246,52,114,176,238,
    44,106,168,230,36,98,160,158,220,26,88,150,212,18,80,142,204,10,55,207,173,78,12,242,131,115,17,250,184,35,115,88,201,200,114,
    3,204,171,121,122,165,246,75,13,252,255,61,3,193,143,104,115,236,143,181,83,39,135,154,8,55,203,152,122,26,207,137,67,18,231,
    140,123,42,226,243,168,94,11,197,131,12,75,170,254,60,122,184,246,52,114,176,238,44,106,168,230,36,98,160,158,220,26,88,150,212,
    18,80,142,204,10,72,202,139,65,1,242,252,69,107,30,217,223,69,53,196,138,72,83,204,178,67,104,250,246,41,114,207,167,69,38,
    228,170,91,43,201,210,144,11,39,132,149,28,51,198,141,68,15,195,128,24,35,241,214,152,81,17,196,198,74,31,198,133,80,11,207,
    176,52,115,146,246,52,114,176,238,44,106,168,230,36,98,160,158,220,26,88,150,212,18,80,142,204,10,72,134,196,2,28,90,152,214,
    20,45,239,130,29,91,225,175,109,14,145,178,45,19,241,137,37,60,190,158,126,35,229,167,118,59,208,223,142,78,86,224,145,94,31,
    205,133,94,17,134,253,222,106,31,219,130,91,0,131,192,86,15,218,137,46,66,128,254,60,122,184,246,52,114,176,238,44,106,168,230,
    36,98,160,158,220,26,88,150,212,18,80,142,204,10,100,162,224,161,99,22,137,199,125,59,249,130,29,6,153,175,77,61,145,176,38,
    10,241,160,123,38,196,161,36,9,206,180,101,47,229,144,163,115,49,218,197,94,65,194,164,79,13,235,172,146,80,75,231,199,1,90,
    239,135,101,6,196,138,123,11,233,178,112,107,199,228,117,124,198,175,96,63,237,232,84,45,243,215,136,83,23,216,221,27,70,170,232,
    38,100,162,224,222,28,90,152,214,20,82,144,206,12,74,136,198,4,66,128,254,60,122,184,246,52,55,254,170,37,64,168,230,36,98,
    160,158,220,26,88,150,240,46,108,170,232,38,100,162,224,222,28,90,152,214,20,82,144,206,64,5,203,135,72,66,255,129,85,19,209,
    137,125,13,217,162,96,21,215,244,103,98,189,158,168,77,49,247,190,93,41,248,190,111,39,231,250,189,78,31,217,130,81,90,239,135,
    101,6,196,138,123,11,233,178,112,107,199,228,117,126,176,145,101,123,193,143,104,115,223,215,135,95,56,205,226,55,96,170,179,38,18,
    227,172,139,89,90,133,214,107,27,239,130,64,6,196,138,21,14,145,239,67,104,160,246,105,123,154,238,44,106,168,230,36,98,124,186,
    248,54,116,178,240,46,108,170,232,38,100,162,224,222,28,90,152,214,20,45,239,167,101,35,247,143,123,43,204,178,67,5,170,181,46,
    2,252,175,117,98,161,204,192,62,124,186,248,54,116,178,240,46,108,170,232,38,100,162,224,222,28,90,152,214,20,82,144,206,12,74,
    247,185,109,43,233,129,117,5,209,186,120,13,207,252,111,100,39,205,141,110,48,255,172,115,48,168,135,111,37,254,224,47,78,162,224,
    222,28,90,152,214,20,82,144,206,12,74,136,198,4,66,128,254,60,122,184,246,52,114,176,238,200,121,59,206,137,47,53,197,180,122,
    56,163,188,98,19,184,170,60,0,235,179,157,83,20,214,147,87,6,152,199,38,74,136,198,4,66,128,254,60,122,184,246,52,114,76,
    138,200,6,68,130,192,62,124,186,248,54,116,178,240,81,37,195,164,106,40,221,169,183,80,22,137,169,6,19,138,170,73,25,220,148,
    75,27,136,247,22,122,184,246,208,14,76,138,200,6,68,130,192,62,124,186,248,54,116,178,240,46,108,170,232,99,42,230,202,222,28,
    90,152,214,20,82,144,206,12,74,136,198,4,66,128,254,60,122,84,215,158,74,102,138,200,6,68,130,192,62,124,186,248,54,116,178,
    240,46,108,170,232,38,100,224,178,155,93,17,178,214,20,82,144,206,12,74,136,198,4,66,128,254,216,22,84,215,158,74,102,138,200,
    6,68,130,192,62,124,186,248,54,116,231,190,122,37,230,232,104,43,246,224,161,123,84,202,151,87,23,196,139,95,30,162,198,4,66,
    92,154,216,22,84,146,208,14,76,198,135,69,5,206,192,65,48,211,145,122,56,254,225,98,5,195,129,79,45,203,137,161,14,74,152,
    203,20,45,220,130,64,91,225,175,108,119,53,139,167,90,43,131,138,6,69,160,200,6,68,130,192,62,124,186,248,54,116,178,185,104,
    108,213,164,79,13,238,172,146,13,22,241,191,125,59,217,167,101,53,182,242,32,74,20,223,150,60,84,146,208,14,76,138,200,6,68,
    130,192,62,124,186,248,54,56,253,179,111,32,170,151,79,13,179,169,146,13,51,241,154,88,27,220,223,57,25,181,241,32,3,92,221,
    153,91,17,156,160,66,13,211,141,84,23,140,172,113,63,251,180,70,56,243,169,107,62,164,139,110,37,240,161,157,72,31,202,252,20,
    82,172,234,40,102,164,226,32,30,92,154,216,22,84,146,153,72,76,245,161,111,85,203,140,47,21,211,180,122,61,254,225,63,19,187,
    251,38,37,236,164,222,99,51,241,199,121,34,189,131,65,42,232,171,108,15,77,229,201,5,90,250,133,67,13,196,135,79,0,140,179,
    123,61,238,136,119,38,230,240,122,36,239,166,12,100,162,224,222,28,90,180,242,48,110,172,234,40,102,164,226,32,30,92,154,148,89,
    23,211,156,14,51,227,161,74,45,206,169,87,21,211,180,39,29,219,153,81,125,190,232,59,100,221,137,183,41,63,248,227,89,7,224,
    166,97,42,181,243,95,15,79,148,176,67,25,211,158,65,5,206,198,117,1,195,148,78,61,232,172,56,4,243,162,107,34,254,230,86,
    37,240,249,180,108,92,180,242,48,110,172,234,40,102,164,226,32,30,92,154,216,22,84,146,208,14,0,197,139,71,8,130,191,65,48,
    246,180,95,29,163,188,98,32,230,151,55,127,108,248,250,37,118,215,148,98,47,225,175,38,25,205,139,108,15,16,139,148,90,61,251,
    153,66,0,198,217,121,85,151,200,65,48,211,145,122,56,254,225,98,5,195,237,171,73,23,213,133,42,102,186,130,127,61,229,190,97,
    41,234,236,88,18,92,229,177,127,69,219,156,31,37,227,132,74,13,206,209,47,3,171,235,56,28,231,189,111,70,9,205,134,114,49,
    243,174,72,55,230,166,62,30,227,185,97,50,237,173,110,16,37,150,216,105,24,251,185,66,0,198,217,74,45,235,169,87,53,211,145,
    73,102,162,130,186,71,21,205,150,73,49,242,244,66,127,158,242,48,110,172,234,40,102,164,226,32,30,92,154,216,22,84,146,208,14,
    76,198,135,69,5,206,192,65,48,171,135,73,92,2,243,134,25,57,205,189,127,111,171,250,37,118,188,141,89,7,189,163,100,119,205,
    139,108,82,21,214,201,7,43,131,195,0,36,223,133,71,10,205,137,122,14,245,219,134,96,15,222,158,6,54,203,145,73,42,245,181,
    118,118,185,242,79,17,224,166,100,15,205,243,108,82,16,214,167,7,43,128,148,0,60,197,155,79,16,203,143,112,17,88,249,147,87,
    0,197,158,93,2,193,232,0,126,188,250,56,118,180,242,48,110,172,234,40,102,164,226,32,30,92,154,148,89,23,211,156,14,51,227,
    217,74,59,206,141,150,81,26,133,195,111,92,159,202,21,70,240,149,69,59,242,147,118,48,251,252,79,7,197,166,57,42,181,174,108,
    119,53,211,148,90,24,131,175,31,89,130,183,74,113,33,227,150,84,41,216,195,111,7,243,181,25,81,132,205,0,1,240,235,113,63,
    248,227,79,34,224,251,97,25,181,250,44,30,57,212,141,91,90,247,145,93,5,196,163,81,52,7,208,159,22,58,221,156,85,15,222,
    198,8,35,202,151,77,112,217,187,107,63,250,181,84,39,254,175,107,50,237,173,110,16,53,212,183,67,0,158,208,30,100,166,162,99,
    44,13,217,214,24,70,157,248,16,78,140,202,8,70,132,194,0,126,188,250,56,118,180,242,48,110,172,234,100,41,231,163,108,30,35,
    243,177,127,61,251,133,67,1,234,168,51,9,55,208,165,10,66,148,207,16,39,194,153,92,7,202,129,69,112,195,147,81,58,165,190,
    33,34,224,131,65,47,232,174,108,15,35,139,205,30,15,226,160,67,1,207,141,75,113,18,141,165,113,63,216,195,111,12,132,216,27,
    95,141,203,42,126,188,250,56,118,180,242,48,110,172,234,40,102,164,226,32,30,92,154,244,77,25,199,133,67,1,207,141,75,44,18,
    141,179,113,26,235,192,4,64,250,139,68,19,193,194,29,126,195,147,81,58,221,190,89,7,197,131,100,119,205,139,73,97,105,162,238,
    85,53,250,156,120,33,235,165,112,57,46,221,136,76,53,242,128,81,3,201,194,1,108,132,194,0,126,188,250,56,118,180,242,48,110,
    172,234,40,102,164,226,252,58,52,249,183,115,60,174,147,59,36,234,168,110,9,55,245,147,84,26,216,195,111,92,153,202,21,70,251,
    171,105,23,213,147,81,31,221,190,124,127,197,131,100,25,82,170,242,89,48,247,186,117,53,234,246,73,39,232,170,103,35,10,148,156,
    77,24,215,134,89,1,194,194,1,108,132,194,0,126,188,250,56,118,180,242,48,110,172,234,196,2,64,190,252,58,120,182,244,50,15,
    199,133,102,1,234,141,75,9,55,208,203,113,63,253,173,1,90,130,186,90,15,201,131,82,39,204,187,106,34,186,132,117,34,7,197,
    141,86,25,190,225,58,14,243,183,102,63,252,255,36,50,227,182,109,74,94,156,218,24,86,148,210,16,78,140,202,8,70,132,194,0,
    126,188,250,56,118,180,242,204,117,33,239,136,107,12,215,149,83,17,250,229,91,25,199,147,59,124,188,148,107,54,17,200,174,87,94,
    247,180,66,15,193,143,6,57,237,171,76,111,240,235,116,58,57,231,133,70,4,202,213,125,81,171,244,69,17,223,157,91,25,199,133,
    67,36,234,245,75,9,18,227,200,12,88,226,147,92,27,201,196,120,9,215,139,84,55,243,180,221,27,122,142,204,10,72,134,196,2,
    64,190,252,58,120,182,244,50,112,174,236,42,104,227,170,102,105,116,156,218,24,86,148,210,16,78,140,202,8,70,132,194,0,126,88,
    150,212,18,28,193,143,75,4,134,187,19,41,215,181,43,52,250,157,126,15,226,160,85,122,176,228,63,96,42,203,159,93,24,231,151,
    66,24,197,137,77,92,231,144,153,91,12,211,220,109,57,231,165,99,33,239,173,107,12,242,237,83,17,250,139,32,100,162,236,85,1,
    183,168,93,44,79,208,147,84,71,133,173,2,93,128,202,83,70,214,223,144,79,29,150,201,18,47,241,128,70,4,239,173,19,12,242,
    176,118,7,167,139,32,52,174,177,35,66,166,228,34,96,94,156,218,24,86,148,210,16,78,140,202,36,98,160,158,220,101,73,255,189,
    91,65,194,128,99,4,249,136,78,63,172,234,32,8,250,181,107,120,167,198,42,104,166,228,34,96,94,156,218,24,86,148,210,16,78,
    168,230,36,98,160,225,205,115,49,223,197,94,28,231,128,117,4,202,187,16,86,176,159,117,53,230,184,119,36,235,168,48,31,231,173,
    118,104,87,182,218,24,86,148,210,44,106,168,230,36,98,160,158,220,26,88,150,212,18,80,241,221,70,4,202,136,107,41,215,181,118,
    52,250,229,77,98,187,246,78,33,245,167,109,46,16,217,153,76,94,185,196,44,106,168,230,36,98,160,158,220,26,88,150,212,18,80,
    142,204,10,72,134,187,107,41,215,149,83,17,223,157,126,60,191,133,67,36,217,246,54,122,58,217,137,96,32,255,183,36,99,130,230,
    36,98,160,158,220,26,88,150,212,18,80,142,204,10,72,134,196,2,64,234,189,105,51,184,163,115,57,250,228,59,97,140,228,34,96,
    94,184,246,52,114,176,238,44,106,168,230,36,98,160,158,220,26,39,255,189,94,57,194,165,99,33,239,136,19,41,215,149,69,105,162,
    238,66,57,248,163,126,28,233,236,93,67,54,244,186,93,27,161,162,96,38,228,153,53,29,178,218,213,48,88,150,212,18,80,142,204,
    10,72,134,196,2,64,190,252,58,120,182,244,50,36,239,191,97,102,241,193,183,104,114,177,220,52,114,176,238,44,106,168,230,36,98,
    160,158,220,26,88,150,212,18,80,142,179,99,33,202,173,78,41,215,149,83,52,167,157,91,25,209,253,62,10,50,210,183,113,59,234,
    175,68,51,226,186,34,11,251,181,97,47,226,210,133,118,17,216,145,83,2,248,137,70,7,197,141,86,25,190,225,58,7,223,157,126,
    25,226,225,175,109,43,204,239,85,19,209,137,37,102,190,158,126,35,229,167,118,59,208,223,142,78,86,245,178,64,17,195,137,4,36,
    201,139,73,54,251,191,110,55,228,244,56,12,89,157,214,46,66,128,254,60,122,184,246,52,114,176,238,44,106,168,230,36,98,160,158,
    220,78,25,197,159,28,7,207,133,94,64,151,205,40,64,190,252,58,120,182,144,206,12,74,136,198,4,66,128,254,60,122,184,246,120,
    61,243,175,96,106,215,153,91,11,201,210,205,11,20,218,197,91,28,241,222,79,72,155,196,86,9,253,183,50,29,120,144,206,12,74,
    136,198,4,66,128,254,60,122,184,246,52,114,176,238,44,106,250,163,116,39,225,202,220,78,25,197,159,28,7,207,133,94,64,143,196,
    125,41,215,212,191,88,59,249,167,101,6,153,175,109,43,255,239,40,116,200,164,125,63,241,188,117,26,233,180,112,108,193,205,143,95,
    21,212,152,75,60,199,130,79,9,212,178,71,80,21,219,159,64,11,144,211,12,60,205,133,80,13,210,237,50,32,253,164,123,114,229,
    160,120,35,228,230,112,43,227,213,212,19,88,155,212,109,47,241,165,99,4,151,241,146,80,75,209,154,107,64,213,206,18,87,136,215,
    4,13,210,254,114,53,236,246,75,21,190,188,109,41,237,178,97,49,244,180,220,26,88,150,212,18,80,142,204,10,100,162,224,222,28,
    90,152,214,20,82,199,129,94,1,219,150,69,1,197,240,91,40,249,160,125,38,233,238,49,106,185,255,50,72,160,158,220,26,88,150,
    212,18,80,142,232,38,100,162,224,222,89,20,220,252,20,82,144,206,12,74,136,198,4,66,128,254,121,54,235,179,125,52,176,160,99,
    62,168,153,104,11,201,210,144,86,73,218,189,123,5,195,161,79,13,221,242,206,28,27,214,146,20,45,249,177,29,3,196,215,72,83,
    204,239,112,51,199,228,38,122,185,238,120,34,237,168,14,98,160,158,220,26,88,150,240,46,108,170,232,38,100,162,224,146,83,25,217,
    154,20,45,220,130,69,53,225,215,109,43,233,151,45,54,169,137,38,52,176,243,44,21,193,153,53,43,236,143,144,11,56,163,188,103,
    19,184,250,46,109,136,224,222,28,90,152,214,20,82,144,206,12,74,136,198,4,66,204,177,127,59,244,246,75,27,217,255,101,38,185,
    143,77,46,236,215,180,39,101,205,225,61,108,183,232,97,37,239,165,208,108,22,217,143,81,0,195,192,96,5,203,135,72,50,204,191,
    101,63,234,248,87,58,241,188,109,41,252,163,118,72,124,186,248,54,116,178,240,46,108,170,232,38,100,162,224,222,85,28,152,169,125,
    59,129,135,64,91,225,175,72,14,201,178,45,107,199,231,39,114,241,160,104,106,215,143,169,47,53,246,233,95,29,254,188,103,32,187,
    249,89,117,177,238,182,73,23,217,152,91,27,212,192,127,15,201,146,116,3,210,170,60,46,240,179,122,88,176,238,44,106,68,130,192,
    62,124,186,248,54,116,178,240,46,108,170,232,38,40,237,163,159,80,90,231,191,125,30,249,130,101,35,225,175,72,83,233,151,85,5,
    169,226,52,111,176,145,161,111,85,203,140,47,21,211,180,122,61,254,225,63,19,187,251,40,12,247,173,159,82,21,209,146,26,33,213,
    143,88,58,201,148,80,76,240,191,110,63,246,162,58,2,13,216,141,72,16,168,192,62,124,186,248,54,116,178,240,46,108,170,232,38,
    100,162,224,222,28,90,212,153,87,19,220,206,115,53,196,138,72,43,233,239,112,54,244,186,175,31,51,152,140,6,89,130,163,88,46,
    251,181,115,122,205,153,71,32,187,164,55,40,238,137,183,85,22,212,154,5,45,129,219,4,53,196,138,77,61,233,239,85,19,61,251,
    193,66,93,245,218,64,74,242,143,109,53,238,177,121,58,188,136,34,108,213,129,79,117,235,172,207,117,51,212,154,93,30,129,223,115,
    91,155,200,108,23,205,191,150,89,29,214,162,65,3,222,184,71,22,214,206,78,51,233,177,98,61,253,190,32,21,166,232,89,40,238,
    169,161,117,75,241,191,125,59,129,130,29,53,154,128,10,50,19,201,145,66,29,221,158,0,54,131,226,6,68,130,192,62,124,186,248,
    54,116,178,240,46,108,170,232,38,100,162,224,146,83,25,217,154,20,45,220,223,115,53,196,138,95,82,77,229,145,105,43,131,199,14,
    81,138,192,121,45,235,209,119,48,171,145,95,56,254,185,98,125,187,151,55,119,172,136,139,81,27,214,153,93,22,226,129,67,30,212,
    163,114,74,82,234,151,69,29,198,153,65,2,138,197,6,59,253,140,114,48,211,145,39,56,254,188,98,19,187,151,52,32,172,144,145,
    79,19,204,159,91,28,153,192,69,39,227,172,105,74,9,222,157,60,84,146,208,14,76,138,200,6,68,130,192,62,124,186,248,54,116,
    178,240,46,32,229,171,103,40,162,159,183,13,22,231,154,5,30,229,166,57,119,219,240,51,30,65,154,172,65,17,215,158,103,2,204,
    135,8,59,235,169,114,109,246,233,122,56,219,153,103,32,230,164,55,27,179,245,214,99,22,137,169,79,34,224,149,100,119,219,171,95,
    97,77,141,216,25,84,237,156,31,5,195,132,23,59,206,140,47,53,197,233,46,120,178,149,96,57,231,230,67,37,241,169,144,91,41,
    224,171,124,43,162,134,97,40,225,163,114,18,92,255,150,67,25,156,181,79,31,195,134,65,32,203,146,123,63,238,177,121,58,188,153,
    96,3,255,188,42,100,178,236,222,126,55,248,161,117,98,172,250,33,76,164,226,32,30,92,154,216,22,84,146,208,14,76,138,200,6,
    68,130,192,62,48,245,187,119,56,178,143,71,5,195,129,79,13,203,213,182,116,103,221,155,124,17,190,254,40,123,164,139,110,77,8,
    219,150,85,17,156,175,103,37,198,217,74,85,206,140,87,21,243,180,122,56,163,143,63,121,162,151,106,76,23,213,147,81,31,165,190,
    33,17,197,131,100,119,219,160,40,12,72,138,209,31,126,146,208,14,76,138,200,6,68,130,192,62,124,186,248,54,116,178,240,46,108,
    213,237,171,105,23,213,147,81,31,248,190,33,7,197,166,87,116,176,236,86,95,16,207,157,22,73,146,175,103,37,198,161,74,45,235,
    169,87,48,171,145,95,29,205,225,58,18,33,193,150,112,44,245,183,121,36,237,130,113,60,248,137,78,52,229,175,101,22,85,176,216,
    22,84,146,208,14,76,138,200,6,68,130,192,62,124,186,248,54,116,178,192,133,75,7,200,194,127,111,240,182,116,58,221,155,89,39,
    224,166,100,119,219,240,53,30,65,154,167,127,61,251,185,103,37,227,161,74,8,147,169,87,48,197,234,34,30,45,196,139,70,1,193,
    134,26,29,243,180,118,51,247,166,56,40,249,164,107,50,237,173,110,22,85,176,216,22,84,146,208,14,76,138,200,6,68,130,192,62,
    124,186,148,210,16,78,140,202,8,70,251,171,105,50,213,182,81,31,221,155,124,127,197,131,65,25,181,246,46,110,14,211,149,87,6,
    203,160,79,30,222,198,112,1,206,143,125,81,2,205,210,13,78,250,143,75,18,203,144,19,112,230,191,106,57,158,242,48,110,172,234,
    40,102,164,226,32,30,92,154,216,22,84,146,208,14,76,138,200,6,68,253,245,179,84,63,216,187,121,39,229,134,25,47,237,171,127,
    111,168,224,72,63,226,189,100,26,227,226,75,0,246,163,109,91,82,229,177,127,24,131,156,31,0,198,161,111,41,18,208,150,9,41,
    133,199,24,49,229,163,97,47,237,171,105,23,240,182,41,31,221,190,79,124,184,228,94,39,232,183,101,16,44,213,139,95,0,219,159,
    64,69,131,206,34,96,94,156,218,24,86,148,210,16,78,140,202,8,70,132,194,0,126,188,191,118,50,189,216,48,110,172,234,40,102,
    164,226,32,30,92,154,216,22,84,146,208,14,104,166,168,109,35,31,208,218,103,71,253,187,89,95,192,134,97,10,251,142,76,1,174,
    236,56,107,180,134,103,43,233,164,91,35,246,180,105,93,25,128,187,68,17,211,184,111,96,217,141,75,9,55,245,179,113,63,216,158,
    1,39,229,134,119,84,144,206,0,1,213,235,116,9,248,227,124,39,224,251,57,25,182,241,44,30,7,154,174,87,60,251,169,42,117,
    166,155,93,44,18,208,179,113,71,216,158,92,2,243,219,119,84,192,194,93,119,150,250,56,118,180,242,48,110,172,234,40,102,164,226,
    32,30,92,154,244,50,112,209,253,67,1,239,245,110,44,55,208,165,84,26,235,192,6,84,252,134,73,31,140,203,42,126,188,250,56,
    118,180,242,48,110,172,234,40,102,164,226,32,30,120,182,244,77,97,199,133,99,121,234,168,75,44,33,208,150,103,68,130,220,115,1,
    193,154,68,3,208,135,68,100,203,187,113,34,188,251,26,110,172,234,40,102,164,226,252,58,120,182,244,50,112,174,236,42,104,166,228,
    93,113,18,208,150,84,63,253,187,89,2,192,134,25,57,150,215,26,26,245,169,123,57,250,188,117,45,248,226,33,76,64,190,252,58,
    120,182,244,50,112,174,236,42,104,166,228,34,96,94,156,218,103,63,253,187,121,39,229,163,97,10,200,211,105,23,240,133,42,98,174,
    150,117,61,248,184,139,91,72,183,214,58,120,182,244,50,112,174,236,42,104,166,228,34,96,94,156,218,24,86,148,134,81,29,199,196,
    95,7,205,150,8,111,181,208,56,118,180,242,48,110,72,134,196,2,64,190,252,58,120,182,244,50,112,174,147,67,1,234,141,110,9,
    55,245,179,84,71,253,187,121,49,157,222,18,54,205,148,79,42,200,181,48,9,203,190,128,70,33,239,213,78,12,242,176,69,105,201,
    230,118,121,132,236,42,104,166,228,34,96,94,156,218,24,86,148,210,16,78,140,202,8,70,208,131,83,53,178,173,121,63,4,134,197,
    32,72,134,196,2,64,190,252,58,120,182,244,50,112,174,236,42,104,166,228,34,31,55,245,150,113,26,253,187,121,39,192,219,97,47,
    237,189,17,106,178,138,134,91,29,207,158,83,56,199,150,86,78,223,175,105,61,251,182,126,41,194,165,100,45,231,182,84,37,18,211,
    153,81,2,205,210,13,78,243,163,97,10,237,142,105,23,49,255,152,3,57,231,165,117,89,146,202,114,18,247,177,123,42,239,132,115,
    34,250,226,73,14,244,165,111,37,80,240,149,87,29,226,151,83,26,195,152,8,76,132,202,204,66,73,129,146,18,93,142,220,82,90,
    151,205,40,64,190,252,58,120,182,244,50,112,174,236,42,104,166,228,34,96,94,156,218,76,23,199,153,30,25,205,131,92,78,177,151,
    246,26,88,150,212,18,80,142,204,10,72,134,196,2,64,190,252,58,120,182,244,126,63,237,173,102,104,217,155,93,9,55,208,203,9,
    26,216,195,89,2,243,216,97,98,189,158,136,83,27,221,220,27,122,142,204,10,72,134,196,2,64,190,252,58,120,182,244,50,112,174,
    236,42,104,244,161,114,37,31,200,218,76,23,199,153,30,25,233,175,112,106,169,158,163,115,49,218,189,94,57,231,165,99,4,151,173,
    107,41,193,237,46,118,198,166,123,61,239,190,115,24,231,182,118,110,63,207,137,93,27,214,158,117,6,225,168,97,35,242,232,153,86,
    23,213,157,70,9,142,209,10,62,195,135,86,15,236,239,52,34,243,166,125,112,251,162,126,33,234,228,118,41,29,215,210,17,86,189,
    238,83,21,215,143,77,46,177,143,144,86,73,223,152,109,66,203,204,20,85,134,213,2,15,236,252,116,55,226,244,77,23,160,190,107,
    43,227,176,103,51,10,182,218,52,114,176,238,44,106,168,230,36,98,160,158,220,26,88,150,212,18,80,217,131,88,3,213,148,67,3,
    251,242,93,42,247,162,123,36,247,236,55,104,183,253,52,74,94,184,246,52,114,176,238,44,106,168,230,36,98,160,158,220,95,22,210,
    254,18,80,142,204,10,72,134,196,2,64,190,252,127,54,242,222,50,112,174,236,42,104,166,228,103,114,62,146,246,52,114,176,171,98,
    46,130,163,106,38,169,180,163,115,49,255,189,94,65,194,128,67,1,202,136,107,12,193,237,111,98,215,176,118,4,225,171,109,36,227,
    136,129,112,54,209,159,93,27,217,255,96,123,215,143,77,46,177,225,158,18,74,130,197,27,92,142,138,95,6,197,144,75,15,240,244,
    105,44,247,160,119,121,132,236,42,4,66,255,183,67,54,209,231,93,27,252,162,61,21,254,232,101,55,244,209,174,91,27,211,178,83,
    3,218,204,23,72,213,144,67,20,251,214,58,120,182,244,77,23,160,218,135,71,7,212,187,111,46,199,176,117,33,228,238,49,106,251,
    178,101,54,229,180,220,26,88,150,171,109,28,199,165,99,4,207,136,78,12,242,237,69,33,190,253,24,12,74,136,198,83,13,210,181,
    111,42,249,181,113,124,215,188,109,60,225,178,125,98,189,158,212,10,0,211,196,18,93,142,220,82,89,197,205,40,64,190,252,58,52,
    249,211,143,64,74,247,175,109,14,204,178,112,54,169,231,75,27,252,135,69,21,185,176,36,127,160,208,149,86,114,150,212,18,80,194,
    131,73,9,202,196,125,12,175,181,69,88,67,239,130,64,6,153,138,72,61,145,169,60,103,184,187,117,38,248,224,100,63,239,163,14,
    98,160,158,220,92,23,196,212,109,92,142,179,70,4,207,187,107,81,215,241,191,125,67,220,223,115,88,206,198,77,12,128,174,125,51,
    234,165,60,37,255,188,103,57,248,167,103,39,174,236,157,89,29,197,206,117,21,218,168,79,27,197,129,76,88,27,214,130,71,90,153,
    199,12,14,199,236,4,66,128,254,60,122,184,246,125,52,176,145,96,38,225,153,77,115,201,247,181,115,73,218,197,109,66,200,194,100,
    9,203,165,222,1,71,152,169,88,30,249,167,101,35,225,215,72,83,255,151,85,54,169,137,118,122,162,250,62,99,168,167,106,38,160,
    225,144,86,17,233,189,3,57,231,165,99,117,238,241,161,14,28,130,191,71,51,152,177,64,6,225,175,109,43,233,239,112,107,199,159,
    93,62,161,145,110,98,186,242,55,107,169,158,136,82,29,216,254,18,80,142,232,38,100,162,224,222,28,90,152,154,91,17,209,130,12,
    53,196,215,123,61,204,178,67,54,169,137,125,13,207,255,59,106,181,230,44,37,225,211,153,20,40,218,149,75,41,248,187,40,8,237,
    163,159,80,42,212,151,77,23,194,192,111,2,201,148,69,1,212,187,110,116,208,163,121,51,254,161,101,46,218,169,107,54,208,223,142,
    78,86,230,191,125,37,254,161,105,42,162,237,222,99,22,212,159,107,59,129,167,101,35,225,215,72,83,255,236,122,116,200,185,103,59,
    228,167,99,36,161,232,73,35,231,208,149,78,33,246,181,4,108,170,232,38,100,162,224,222,28,90,152,214,93,20,144,177,64,91,247,
    185,72,14,255,178,45,5,241,137,75,99,167,238,48,106,215,170,53,43,223,210,233,73,56,254,188,63,32,230,151,55,51,162,180,150,
    89,20,178,214,20,82,144,206,12,74,136,198,4,66,128,254,60,122,184,137,120,99,249,145,96,123,215,170,104,46,109,246,180,73,101,
    229,240,51,108,213,164,55,27,221,172,146,99,22,137,169,93,45,239,223,27,96,136,198,4,66,128,254,60,122,184,246,52,114,176,238,
    44,106,215,143,169,114,48,246,180,122,101,163,143,71,32,195,129,89,117,244,224,195,28,37,212,154,93,45,249,223,101,35,225,175,21,
    14,145,129,46,60,146,246,52,114,176,238,44,106,68,130,192,62,124,255,182,114,94,178,240,46,108,170,232,38,100,231,174,154,54,90,
    152,214,20,23,222,138,38,74,136,198,4,14,207,189,125,54,184,137,120,99,161,255,217,111,8,206,209,87,21,243,135,39,44,178,237,
    46,19,195,129,106,40,238,172,146,13,75,231,191,88,59,249,177,29,28,136,135,74,6,128,129,85,19,244,186,120,62,0,155,217,121,
    45,206,169,87,3,171,174,56,23,212,162,111,33,239,232,105,54,162,131,184,78,27,213,147,26,45,249,167,64,91,196,215,72,14,233,
    151,117,54,244,186,193,113,93,159,192,15,110,130,192,62,124,197,159,56,38,247,189,97,56,239,188,103,38,238,165,207,28,71,152,152,
    93,30,186,206,12,74,136,185,99,76,210,187,113,53,0,215,132,79,14,198,141,20,68,159,192,112,53,246,210,54,116,178,240,81,11,
    164,186,99,41,237,180,155,72,27,218,154,81,65,144,211,12,4,193,138,46,66,128,254,216,65,28,219,156,75,76,245,175,8,22,195,
    131,123,40,255,171,98,11,244,177,125,56,170,172,105,78,162,224,222,28,90,152,214,20,6,209,157,71,68,223,135,77,22,84,147,242,
    22,84,146,208,14,76,138,200,74,11,193,129,114,124,197,145,95,101,251,188,63,5,195,164,106,45,238,241,207,99,75,139,214,9,82,
    215,143,65,15,134,182,108,95,5,223,138,69,90,254,159,77,13,198,184,74,5,219,133,108,114,217,176,119,38,243,179,122,41,248,194,
    38,100,162,224,222,28,90,152,159,82,82,222,129,88,74,219,139,73,15,21,214,201,127,61,222,156,71,0,155,217,121,85,145,192,113,
    46,186,182,121,32,178,143,71,5,187,161,106,117,203,137,146,80,19,212,199,5,45,129,221,50,0,237,172,100,120,21,200,139,66,55,
    218,153,66,8,130,183,74,8,235,169,87,21,211,233,122,101,205,153,71,32,187,151,100,108,176,244,202,21,83,152,130,92,23,226,234,
    107,41,234,182,105,80,9,223,216,83,26,214,250,14,76,138,200,6,68,130,192,119,58,186,191,119,57,247,234,73,41,254,155,99,54,
    244,169,157,89,82,231,154,124,7,197,131,65,15,181,174,49,97,53,243,148,7,43,208,216,28,88,159,193,15,74,238,143,125,61,246,
    136,122,53,235,181,124,98,218,164,103,61,231,178,185,73,19,186,159,117,32,249,228,90,39,231,167,46,104,21,201,145,84,24,215,208,
    19,81,138,142,71,8,209,133,62,61,244,188,54,11,213,254,124,41,231,167,114,33,246,161,156,116,51,165,242,110,115,172,164,97,42,
    164,182,104,91,18,176,216,22,84,146,208,14,76,138,200,6,68,130,135,123,40,252,189,120,34,186,249,32,42,227,186,117,48,246,245,
    183,125,9,242,179,99,58,172,247,40,50,246,183,101,52,92,154,216,22,84,146,208,14,76,138,200,6,13,196,192,65,21,211,233,127,
    56,163,153,71,32,230,161,106,17,111,195,235,43,120,220,167,125,47,226,165,97,34,170,145,101,95,8,234,153,68,0,146,132,70,9,
    196,226,6,68,130,192,62,124,186,248,54,116,178,240,46,108,170,132,142,79,61,253,182,56,9,221,155,124,7,224,131,65,15,205,174,
    49,119,53,243,167,7,64,146,205,14,51,227,161,23,13,206,209,87,21,246,180,127,56,163,225,81,25,85,138,170,85,51,253,180,119,
    63,240,252,67,43,237,190,88,39,246,182,46,110,29,200,157,88,0,156,160,79,30,207,134,82,110,130,192,62,124,186,248,54,116,178,
    140,202,8,70,132,194,0,1,213,147,116,31,248,155,89,7,197,166,57,15,205,139,95,15,72,128,168,95,2,221,132,122,3,130,183,
    74,85,147,209,47,21,246,180,39,121,39,197,181,25,30,141,232,0,126,188,250,56,118,180,242,48,110,172,234,40,102,164,226,119,81,
    14,209,139,70,21,209,149,0,43,216,137,80,13,214,153,62,97,186,133,203,6,100,140,202,8,70,132,194,0,126,188,250,56,118,180,
    242,48,110,211,131,65,119,237,174,49,119,53,214,148,95,24,131,193,113,93,153,198,110,1,195,132,48,121,24,215,154,95,28,201,142,
    8,91,132,150,82,43,249,208,56,118,180,242,48,110,172,234,40,102,164,226,32,30,92,154,140,87,7,217,222,89,13,195,156,14,85,
    139,182,218,24,86,148,210,16,78,140,202,8,70,132,194,0,126,188,133,81,31,165,187,124,127,197,131,100,42,237,174,49,15,35,139,
    203,24,60,215,145,74,66,235,134,69,40,17,206,159,92,86,137,210,86,15,192,153,77,108,132,194,0,126,188,250,56,118,180,242,48,
    110,172,234,40,102,232,173,99,95,16,154,167,90,69,251,156,113,37,198,168,75,9,18,208,203,103,71,205,210,13,78,216,131,75,13,
    140,203,42,126,188,250,56,118,180,242,48,110,172,234,40,102,164,226,32,76,25,202,157,87,0,146,132,79,59,237,234,117,33,23,200,
    210,8,88,133,219,58,78,140,202,8,70,132,194,0,126,188,250,56,118,180,242,48,110,172,234,40,25,195,236,114,91,17,213,140,83,
    69,136,138,99,58,227,151,103,50,8,217,136,16,3,218,130,81,13,199,194,119,33,138,144,69,51,243,174,125,34,245,176,124,43,189,
    227,33,76,164,226,32,30,92,154,216,22,112,174,236,42,104,166,228,34,53,16,200,147,84,86,192,155,83,5,132,195,8,75,132,189,
    76,111,213,182,71,31,248,190,89,7,224,166,57,25,181,187,32,0,92,139,225,50,63,252,236,100,39,242,228,93,7,80,206,155,91,
    19,192,151,67,26,243,140,73,21,208,232,0,126,188,250,56,118,180,242,48,110,172,234,40,102,164,226,105,88,120,201,147,60,34,235,
    161,101,60,227,176,99,34,18,217,200,24,8,137,210,94,7,192,202,92,14,193,140,42,126,188,250,56,118,180,242,48,110,172,234,40,
    102,164,226,252,58,120,182,244,77,23,160,190,111,37,233,176,103,114,68,250,147,74,19,231,151,66,24,201,152,0,19,202,146,65,61,
    247,242,71,17,186,160,117,35,227,190,109,50,1,252,176,127,106,191,253,24,112,174,236,42,104,166,228,34,96,94,156,218,24,86,148,
    210,16,78,140,202,92,7,215,137,14,41,253,179,108,126,188,226,104,125,186,234,201,2,80,230,238,45,113,191,222,50,112,174,236,42,
    104,166,228,34,96,94,156,218,24,86,148,151,94,10,166,202,8,70,132,194,0,126,188,250,56,118,180,242,48,110,72,207,130,2,63,
    217,242,104,61,251,187,102,53,250,173,104,36,227,247,34,62,67,156,148,81,26,148,134,88,11,194,224,8,70,132,194,0,126,188,250,
    56,118,180,242,204,10,72,134,196,2,64,190,131,93,118,228,177,127,63,250,169,57,114,192,173,112,37,45,217,136,78,19,198,218,69,
    0,220,139,75,13,140,189,103,112,238,191,117,57,4,203,152,75,10,202,129,17,73,183,214,58,120,182,244,50,112,174,236,42,104,166,
    228,34,96,94,156,159,86,18,190,210,16,78,140,202,8,70,132,194,0,126,188,250,212,18,80,220,137,90,13,199,144,2,20,255,175,
    113,118,225,181,123,36,166,229,42,61,232,176,107,44,94,219,155,85,19,142,181,85,26,255,143,90,16,205,129,69,118,39,218,152,123,
    57,231,165,99,89,202,213,125,41,215,176,43,7,244,252,32,100,184,229,35,102,202,171,97,33,18,236,150,89,15,209,128,30,62,192,
    139,81,3,214,165,137,83,86,251,145,92,5,128,190,75,11,195,202,116,9,237,181,120,52,243,244,47,109,174,184,120,61,227,228,109,
    50,94,210,149,76,86,235,181,30,28,205,137,77,18,229,205,136,101,30,215,135,70,122,142,204,10,72,134,196,2,64,190,252,58,120,
    243,186,118,90,174,236,42,104,166,228,34,96,27,208,137,93,31,210,210,87,15,193,143,62,5,229,202,175,95,10,192,157,81,21,134,
    179,70,4,239,173,107,41,215,237,118,105,201,157,91,60,191,147,104,96,180,240,53,105,87,146,182,87,21,213,158,96,2,233,191,97,
    48,174,238,144,91,1,211,134,117,5,199,194,103,13,200,145,12,50,255,191,127,118,192,189,97,57,236,160,111,104,187,249,34,52,12,
    201,159,24,2,220,151,98,64,168,230,36,98,160,158,220,26,88,150,212,18,2,203,156,79,9,210,196,86,1,237,183,52,47,247,189,
    102,120,167,236,127,38,242,173,110,96,25,221,151,93,76,215,171,120,25,237,180,114,43,227,219,212,101,20,218,189,123,57,231,165,27,
    4,151,187,107,41,242,237,69,58,190,230,38,104,167,229,36,4,233,167,99,44,46,208,155,109,55,226,224,92,38,233,191,97,48,199,
    203,149,20,42,215,151,87,35,218,141,88,28,136,163,109,78,215,177,123,63,243,128,96,49,224,191,122,41,244,161,108,35,7,184,168,
    41,114,161,238,99,56,168,161,97,54,230,219,146,76,80,159,218,84,25,220,159,94,28,207,137,71,63,248,189,105,44,182,233,47,112,
    232,173,102,59,227,228,109,110,122,246,185,96,114,207,137,34,56,233,165,97,54,229,205,136,101,30,215,135,70,122,142,204,10,72,134,
    196,2,64,190,252,58,120,241,177,102,54,235,162,124,96,175,142,184,117,40,235,162,96,59,253,171,83,44,233,181,112,98,189,158,154,
    91,20,197,145,56,80,142,204,10,72,134,196,2,64,190,252,58,52,249,183,115,60,174,147,102,21,11,201,178,45,5,244,186,37,59,
    207,255,52,106,181,230,99,39,244,216,153,84,14,158,221,28,2,207,143,79,59,214,129,71,4,190,179,104,120,190,228,106,52,189,136,
    203,4,82,216,188,53,80,184,246,52,114,176,238,44,106,168,230,36,98,236,209,159,91,20,150,160,69,21,203,130,121,13,212,146,75,
    3,251,252,39,120,241,181,127,73,80,239,131,80,49,197,172,106,51,251,179,60,13,252,162,69,3,193,143,77,115,236,143,163,115,49,
    218,197,109,18,134,222,30,81,143,205,40,64,190,252,58,120,182,144,206,12,74,136,198,83,10,201,178,121,122,199,145,58,32,241,173,
    105,62,237,181,112,29,230,223,143,78,88,210,155,56,80,142,204,10,72,134,196,2,64,190,252,58,20,82,144,206,64,5,203,135,72,
    66,255,178,112,19,241,191,93,27,217,255,69,38,228,153,54,37,160,131,220,84,17,218,254,18,80,142,204,10,72,134,196,2,64,190,
    152,214,20,82,144,136,67,24,136,185,8,66,255,178,112,51,199,159,37,27,217,135,69,123,228,247,91,112,230,158,149,84,88,198,149,
    91,2,221,196,93,7,212,143,81,76,27,219,147,26,32,209,141,73,25,146,161,65,22,228,187,111,57,253,184,112,51,254,186,127,98,
    161,239,36,38,239,180,220,26,88,150,212,18,80,142,204,10,72,134,224,222,28,90,152,214,20,82,217,136,12,53,196,138,77,61,233,
    239,85,19,209,159,37,62,161,145,62,44,166,136,101,47,229,158,193,7,88,233,152,94,57,231,165,99,13,179,172,207,99,51,241,154,
    5,45,210,198,30,95,152,207,4,3,206,186,60,5,244,186,125,13,217,255,69,3,193,143,53,46,177,225,206,92,66,255,135,115,88,
    241,164,106,13,203,137,183,117,75,212,199,107,59,249,130,29,53,202,206,22,87,145,247,53,122,249,184,112,114,207,162,96,35,215,143,
    53,11,201,247,181,11,20,135,171,0,42,164,156,116,37,236,179,142,93,8,221,152,87,11,144,144,17,74,153,198,80,10,197,176,22,
    122,184,246,52,114,176,238,44,106,168,230,36,98,160,158,220,26,88,150,240,46,108,170,232,89,40,238,137,151,85,51,241,191,5,59,
    220,130,115,88,207,198,25,66,255,178,112,51,199,159,37,27,217,135,69,123,228,247,91,112,230,180,220,26,116,178,240,46,108,170,232,
    38,100,162,224,222,28,90,152,214,20,82,144,206,12,74,202,148,65,3,203,212,60,122,184,246,52,114,176,238,44,106,168,230,36,98,
    160,158,248,54,116,178,181,96,40,128,232,38,100,162,224,222,28,90,152,214,20,82,144,206,12,74,205,136,64,104,128,254,60,122,184,
    246,52,114,176,238,44,106,168,230,36,98,53,252,248,120,59,230,240,81,32,230,129,111,45,203,137,183,13,51,212,154,107,64,215,206,
    88,2,205,136,4,0,210,187,125,49,184,179,122,54,154,238,44,106,168,230,192,62,124,186,248,54,116,178,240,46,108,230,167,101,37,
    238,224,161,117,51,137,159,88,67,249,167,64,6,193,138,21,83,255,239,47,122,165,246,115,51,253,171,34,26,8,195,153,123,46,233,
    246,90,59,241,177,98,28,230,169,127,33,240,238,189,84,27,202,151,87,6,213,156,38,74,136,198,4,66,128,254,60,122,184,246,52,
    114,176,238,200,79,2,130,142,113,40,186,135,95,29,163,185,98,125,195,129,106,40,235,172,207,13,37,137,197,20,29,194,206,66,5,
    220,198,123,43,233,239,117,54,169,159,93,62,0,195,132,23,85,253,209,45,114,210,173,123,53,252,191,103,40,164,155,99,37,246,144,
    159,78,14,152,130,92,23,222,206,78,24,205,135,79,66,197,176,120,80,184,246,208,14,76,138,200,6,68,130,192,62,124,186,248,54,
    56,253,179,111,32,170,151,79,13,238,137,146,117,51,241,191,88,67,249,167,101,53,153,210,4,95,128,129,85,19,69,219,156,31,37,
    227,132,74,13,206,209,47,3,171,235,56,28,231,189,111,34,229,161,98,106,209,165,159,72,42,217,132,64,92,224,143,94,15,198,146,
    10,50,193,172,157,88,0,184,208,14,76,138,200,6,68,130,192,62,124,186,248,54,116,178,188,97,47,235,164,38,27,238,137,183,80,
    22,212,199,88,59,249,167,101,3,225,175,123,80,76,154,197,22,43,222,156,103,5,195,161,111,45,147,169,114,48,197,234,113,122,209,
    150,124,45,231,173,38,111,162,150,155,95,14,215,132,7,92,239,167,101,6,153,138,49,82,16,243,177,95,24,222,156,31,51,155,221,
    14,84,142,192,43,112,186,232,63,94,178,240,46,108,170,232,38,100,162,224,222,28,90,152,214,20,30,223,141,77,6,164,157,73,15,
    16,229,148,7,24,219,156,31,93,245,218,21,68,159,192,74,43,255,189,120,29,252,182,97,98,213,129,79,40,179,172,207,80,22,241,
    191,93,30,220,130,57,25,181,247,40,14,82,139,212,22,49,220,133,67,66,239,137,85,13,204,135,77,40,227,180,115,122,222,185,96,
    41,235,186,42,100,199,174,139,81,84,253,151,71,27,226,173,76,47,246,167,99,74,21,213,150,24,61,220,191,91,24,134,200,22,72,
    130,134,127,48,233,189,58,116,162,249,4,108,170,232,38,100,162,224,222,28,90,152,214,48,110,172,234,100,41,231,163,108,30,35,243,
    177,127,61,251,185,103,37,198,132,23,45,235,140,65,110,174,248,43,116,219,190,125,56,235,166,101,33,172,159,183,117,22,165,190,33,
    34,224,131,65,47,232,174,108,15,35,139,205,30,43,222,156,103,37,227,161,111,85,206,209,65,21,211,180,39,11,240,248,60,121,184,
    225,47,78,162,224,222,56,118,180,242,48,110,172,234,40,102,164,226,32,97,53,243,177,127,61,251,185,103,0,198,217,111,45,206,191,
    44,104,180,142,119,56,231,181,46,113,170,151,79,13,238,213,182,81,31,221,155,124,127,197,131,65,25,181,246,58,121,25,206,168,68,
    29,223,145,92,21,250,137,84,16,225,166,108,61,247,189,62,125,152,240,46,108,170,232,38,0,126,188,250,56,118,180,242,48,110,224,
    165,107,39,232,226,95,15,16,214,148,90,61,251,185,71,0,198,132,23,59,144,213,62,97,186,135,95,29,219,153,71,5,195,237,142,
    76,111,213,147,116,9,166,230,62,13,228,171,102,33,225,166,58,125,19,212,150,83,23,198,216,72,25,196,139,82,13,205,142,54,117,
    144,248,54,116,178,240,46,8,70,132,194,0,126,188,250,56,118,180,242,48,110,211,131,65,42,205,174,73,119,53,243,148,7,61,251,
    185,113,93,158,210,118,13,212,143,106,8,245,240,85,18,224,205,135,77,72,251,171,105,50,173,182,41,58,248,155,89,39,224,166,100,
    119,219,243,53,22,35,243,177,127,61,251,185,103,37,198,132,23,45,235,140,65,110,174,246,64,81,2,217,143,6,54,203,145,73,42,
    245,181,118,127,189,216,48,110,172,234,40,102,164,226,32,30,92,154,216,22,84,146,149,64,8,131,226,6,68,130,192,62,124,186,148,
    210,16,78,140,202,8,70,132,142,79,61,253,182,56,9,165,155,89,39,189,166,100,15,232,157,108,82,35,136,206,22,73,146,164,89,
    9,207,134,117,1,208,150,119,91,19,142,177,66,11,205,158,77,78,251,171,105,23,213,147,81,31,221,190,124,127,197,131,100,25,182,
    246,44,30,35,243,201,90,43,222,193,66,5,198,217,23,59,144,143,214,24,13,148,164,81,2,217,143,8,91,132,189,76,23,213,182,
    116,58,165,190,89,7,197,131,97,15,205,157,50,14,92,199,209,60,84,146,208,14,76,138,200,6,96,94,156,218,24,86,148,210,111,
    95,229,163,65,87,200,142,105,50,195,182,116,9,166,228,42,30,224,171,113,110,173,200,32,30,92,154,216,22,84,146,208,14,76,138,
    228,34,96,94,227,203,113,63,221,195,92,2,229,134,119,10,200,189,18,104,178,153,119,59,228,190,117,58,233,174,50,17,229,171,116,
    22,85,176,216,22,84,146,208,14,104,166,228,34,96,94,156,218,24,86,235,195,92,2,192,134,97,47,237,139,76,50,240,235,71,100,
    161,232,84,39,255,169,103,40,234,167,99,74,84,147,242,22,84,146,236,42,104,166,228,34,96,94,156,218,24,86,148,173,121,39,229,
    163,97,47,237,171,76,50,173,147,81,58,203,224,36,116,200,175,123,50,246,173,121,22,85,176,216,22,112,174,236,42,104,166,228,34,
    96,94,156,218,24,86,221,148,16,49,192,134,97,15,205,171,105,23,173,147,116,58,203,224,119,96,220,171,122,35,234,182,32,95,18,
    222,244,77,60,226,133,99,33,207,141,75,113,55,208,150,103,68,211,220,96,15,222,143,70,18,138,178,65,44,249,180,108,118,224,186,
    117,32,134,234,40,102,164,226,32,30,120,182,244,50,112,174,236,42,104,166,228,34,96,18,211,153,89,26,148,173,92,2,192,163,68,
    10,237,142,17,23,213,182,71,9,166,186,48,115,172,149,100,42,205,171,181,83,17,223,229,91,60,226,147,56,47,168,148,99,50,27,
    210,142,22,38,213,128,85,0,216,208,111,3,208,161,72,55,240,190,106,51,250,250,57,68,172,234,40,102,64,190,252,58,120,182,244,
    50,112,174,236,42,104,166,228,34,44,17,223,155,84,86,235,187,121,2,157,134,97,47,200,142,17,55,240,235,41,9,166,187,48,115,
    172,149,136,78,12,215,176,118,17,250,229,91,25,226,147,85,122,238,159,33,31,18,208,150,113,26,216,187,92,95,229,163,68,57,251,
    208,72,3,150,250,56,118,180,242,48,110,72,134,196,2,64,190,252,58,120,182,244,50,112,231,170,42,23,207,141,110,113,18,245,179,
    84,26,133,155,92,95,157,181,26,15,132,131,78,58,188,133,81,31,248,227,128,99,33,202,136,19,9,242,237,43,7,164,189,50,109,
    179,236,85,36,234,141,107,41,55,245,179,9,63,216,158,111,92,203,196,120,7,214,135,78,42,188,174,112,51,30,164,204,10,72,134,
    196,2,64,190,252,58,120,182,244,50,112,174,236,42,104,166,228,34,96,94,222,136,93,23,223,248,16,78,140,202,8,70,132,194,0,
    126,188,250,212,18,80,142,204,10,72,134,129,76,4,148,252,58,120,182,244,50,112,174,236,42,104,166,228,34,96,94,217,148,92,124,
    148,210,16,78,140,202,8,70,132,194,0,126,88,150,212,18,4,207,159,65,70,209,133,75,20,182,236,52,104,163,253,24,112,174,236,
    42,104,166,228,34,96,94,156,218,93,24,208,248,16,78,140,202,8,70,132,194,153,84,28,188,212,18,80,142,137,68,12,172,129,76,
    4,183,214,69,17,223,157,91,60,191,160,102,33,239,168,110,9,18,227,203,77,76,245,150,84,58,195,141,79,10,229,150,163,86,20,
    255,189,123,57,231,221,70,89,249,173,107,12,175,131,120,112,164,225,33,121,162,236,108,61,232,167,118,41,17,210,210,75,2,213,134,
    85,71,166,202,36,98,160,225,149,101,20,255,197,123,57,194,128,27,55,208,202,67,21,234,179,94,42,255,178,102,2,239,175,111,104,
    187,228,113,52,31,200,159,50,86,148,210,16,49,207,232,118,35,227,219,136,95,11,194,199,18,77,142,159,94,9,210,129,40,64,190,
    252,58,7,201,184,123,25,199,160,99,36,234,168,110,113,33,197,210,17,124,148,210,44,106,225,160,36,44,239,202,220,101,63,152,134,
    83,19,203,152,79,27,210,215,2,1,240,184,58,40,247,166,102,38,235,160,101,104,248,249,34,46,23,208,218,76,30,245,160,6,106,
    168,230,36,98,160,158,220,74,25,196,128,68,21,194,131,4,62,195,136,77,3,247,168,99,120,171,244,68,53,237,184,101,58,181,234,
    120,37,12,211,240,52,114,176,238,105,36,236,204,36,98,160,158,144,85,27,215,152,18,47,231,165,70,4,202,136,78,81,175,131,83,
    52,223,157,77,97,248,236,55,104,232,173,110,74,94,184,246,52,62,255,173,109,38,168,153,104,115,233,225,144,11,39,218,152,94,65,
    194,128,117,89,209,196,31,64,243,189,110,48,184,188,103,55,235,198,42,104,166,228,100,115,40,184,137,56,114,207,162,96,35,215,143,
    53,11,201,247,181,11,20,135,171,0,22,142,133,68,72,214,133,75,18,237,244,109,55,228,191,97,32,239,175,111,102,212,193,189,121,
    41,162,145,113,38,212,171,127,41,237,168,96,35,238,202,143,18,81,159,212,86,31,164,204,10,72,134,196,2,64,190,181,124,120,201,
    184,126,57,209,133,59,109,43,233,151,45,54,169,137,38,52,190,128,109,39,237,230,57,127,160,225,144,86,49,255,189,123,57,159,128,
    27,55,239,173,78,81,193,190,50,106,163,224,59,112,239,198,130,4,61,204,178,117,5,209,231,93,27,217,135,61,38,185,153,54,36,
    186,247,143,123,80,233,152,94,57,231,165,99,33,151,136,19,63,215,149,118,105,201,182,58,30,95,157,207,13,66,212,182,121,52,146,
    246,52,114,176,238,44,106,168,230,36,98,160,210,147,89,25,218,212,109,28,159,179,117,4,202,187,78,81,193,181,69,7,167,135,206,
    17,74,128,129,69,15,197,240,76,54,249,175,113,32,227,224,64,37,235,167,104,18,236,223,133,95,10,152,183,90,17,220,141,73,28,
    195,150,12,40,235,177,123,90,29,217,138,126,5,199,146,116,3,210,170,50,10,247,165,125,38,249,161,98,106,165,230,91,46,236,215,
    163,115,73,255,189,123,57,159,128,27,55,148,130,12,48,241,203,159,64,27,223,128,5,68,229,135,67,12,201,170,105,62,253,220,52,
    114,176,238,44,106,168,230,36,98,160,158,149,92,88,233,152,3,47,241,128,70,55,202,213,125,85,37,231,199,3,82,140,206,115,6,
    153,143,123,14,145,129,112,54,244,231,120,62,207,255,123,106,252,174,97,44,138,158,220,26,88,150,212,18,80,142,204,10,72,134,224,
    222,28,37,212,199,93,45,220,223,115,6,196,138,21,14,204,129,45,45,184,235,52,13,252,255,83,21,228,170,91,46,177,225,149,101,
    39,135,195,56,80,142,204,10,100,162,224,222,28,90,152,214,20,82,144,206,115,35,225,138,72,14,204,178,45,107,199,159,120,27,217,
    145,61,60,168,251,36,29,236,210,149,101,49,135,189,123,57,231,249,106,117,221,242,152,54,90,152,214,20,82,144,206,12,74,136,198,
    4,7,206,186,22,122,184,246,52,114,176,238,44,47,230,162,14,98,160,158,220,95,22,210,254,18,108,170,232,106,43,225,161,146,28,
    37,212,199,5,67,129,167,64,6,153,175,109,11,255,239,100,122,165,246,75,27,217,162,96,38,228,170,53,115,223,247,144,115,49,233,
    225,120,108,235,166,98,100,221,137,183,80,22,212,154,88,67,129,177,101,6,225,175,123,83,214,240,95,28,234,183,121,55,176,161,126,
    106,203,128,118,35,237,219,210,101,29,219,188,63,32,187,164,106,13,203,169,146,80,22,137,169,5,71,152,199,38,74,136,198,4,61,
    231,240,110,63,245,185,96,55,228,175,110,38,237,247,36,127,160,208,177,122,94,178,240,46,108,213,143,40,54,231,173,145,72,31,204,
    151,86,30,213,220,12,87,136,136,77,14,170,254,60,122,184,137,83,124,226,171,97,37,252,163,112,35,62,246,189,37,116,175,240,96,
    37,230,194,38,100,162,224,137,84,19,212,147,20,45,247,192,94,11,203,131,80,7,211,170,47,122,252,185,30,114,176,238,44,106,168,
    230,192,106,61,233,179,56,35,243,185,122,100,163,194,38,100,162,224,222,28,90,152,154,91,17,209,130,12,53,225,175,21,11,204,239,
    85,19,244,186,125,62,161,255,83,123,87,130,221,62,59,251,181,115,122,194,188,111,53,239,186,117,106,206,175,157,93,22,232,154,85,
    11,213,156,2,41,192,135,86,3,195,170,121,40,146,246,52,114,176,238,200,6,68,203,134,62,50,245,172,54,11,219,153,63,37,230,
    249,79,13,238,172,151,80,75,137,169,5,65,144,129,94,74,198,137,80,66,255,151,85,107,241,186,37,27,37,198,132,79,8,147,209,
    65,109,169,226,80,61,252,180,72,37,248,187,114,7,234,169,146,88,82,231,154,88,59,249,167,101,35,153,138,21,61,233,151,112,107,
    199,180,216,28,89,156,193,15,68,214,136,123,50,186,187,121,58,230,185,96,57,239,232,99,42,230,202,222,28,90,152,214,20,82,144,
    135,74,74,207,135,73,7,154,153,121,46,39,215,130,88,5,201,141,14,59,206,140,87,21,211,145,95,101,254,225,81,5,195,164,55,
    27,224,232,204,9,77,145,223,26,62,223,141,77,6,248,138,69,27,197,172,214,102,24,211,137,75,30,237,157,79,74,239,133,112,41,
    180,138,119,55,247,254,88,37,249,161,100,40,231,224,195,1,90,222,151,88,1,213,206,77,4,204,198,123,37,82,200,157,91,27,198,
    149,90,13,200,132,67,85,130,158,35,124,244,177,122,116,230,184,107,34,128,232,38,100,162,224,222,28,90,152,214,20,82,215,139,88,
    12,205,136,118,22,85,148,158,95,6,193,132,90,5,199,141,6,89,130,148,108,41,255,210,54,116,178,240,46,108,170,232,38,100,162,
    224,151,90,90,231,191,125,67,217,130,29,35,205,174,108,87,16,139,201,105,69,129,222,102,25,199,137,72,11,203,132,48,15,255,185,
    98,4,243,162,122,108,254,160,99,42,136,224,222,28,90,152,214,20,82,144,206,40,102,164,226,32,30,16,213,155,87,24,146,175,103,
    37,198,161,74,45,235,169,87,48,171,145,95,29,205,225,58,108,183,232,89,13,203,241,151,80,75,241,191,88,30,229,166,57,119,219,
    243,51,16,52,207,149,87,26,221,153,74,66,249,141,71,16,242,129,108,40,180,136,119,38,247,190,122,98,218,169,116,33,236,180,244,
    28,90,152,214,48,110,172,234,40,102,164,226,32,30,92,154,167,127,61,222,185,66,37,227,161,111,8,147,169,87,21,197,233,34,122,
    194,162,103,33,235,186,127,20,227,178,138,18,44,241,190,127,45,229,190,113,102,185,226,86,91,31,206,151,68,71,156,138,75,30,197,
    226,6,68,130,192,62,124,186,248,54,116,178,240,46,108,170,232,89,13,203,172,183,116,31,221,155,89,34,189,131,65,15,219,243,52,
    16,44,200,145,91,21,192,137,126,13,216,156,8,37,209,147,123,49,248,180,111,24,251,190,107,45,248,158,99,40,237,255,179,108,47,
    180,239,48,24,233,169,124,41,246,241,46,68,25,200,151,60,84,146,208,14,76,138,200,6,68,130,192,62,124,186,248,54,32,243,163,
    101,98,253,169,111,84,118,181,208,56,118,180,242,48,110,172,234,40,102,164,226,32,30,92,154,167,127,61,222,185,66,37,227,161,111,
    8,147,169,87,21,197,233,34,110,194,185,120,35,254,240,141,8,1,240,235,41,103,165,155,124,34,189,131,65,47,219,243,120,23,118,
    154,216,22,84,146,208,14,76,138,200,6,68,130,192,62,124,197,145,95,101,251,188,63,97,47,200,142,73,50,173,235,71,103,167,252,
    88,43,237,174,38,7,234,161,104,81,14,223,156,22,73,146,132,92,25,207,226,6,68,130,192,62,124,186,248,54,116,178,140,202,8,
    70,132,150,65,45,247,244,111,55,253,166,56,127,165,192,40,102,164,226,32,30,92,154,216,22,84,146,208,14,76,138,183,111,45,147,
    137,114,109,211,145,122,92,7,192,219,25,57,149,209,14,22,249,187,124,120,213,188,115,38,227,184,109,34,164,255,32,88,29,214,139,
    83,126,146,208,14,76,138,200,6,68,130,192,62,124,186,148,210,16,2,195,137,73,10,132,189,76,111,213,182,71,31,248,190,89,7,
    224,166,57,25,181,187,32,3,92,206,145,85,31,154,217,36,76,138,200,6,68,130,192,62,24,86,148,210,16,78,140,202,90,3,212,
    135,65,42,188,174,121,37,255,252,103,47,229,190,32,118,170,243,41,52,92,154,216,22,84,146,208,14,76,138,200,6,68,130,156,218,
    24,86,148,210,111,41,130,152,77,11,203,150,69,111,166,156,113,36,241,129,117,60,250,175,122,110,241,172,112,95,31,209,208,105,51,
    156,130,75,1,197,156,67,52,31,222,150,93,71,157,219,58,78,140,202,8,70,132,194,0,126,188,250,56,118,180,242,48,59,226,190,
    97,42,164,182,105,93,23,146,209,22,89,146,175,66,93,227,168,93,9,18,208,179,113,26,216,195,111,95,213,202,22,70,140,210,88,
    108,171,250,53,118,164,170,33,118,165,234,103,52,164,172,111,74,92,229,191,24,6,211,147,75,60,227,183,118,115,116,156,218,24,86,
    148,210,16,78,140,202,8,70,132,194,0,126,245,188,56,9,211,252,98,43,225,165,124,35,240,163,98,82,25,136,216,72,73,146,162,
    99,36,166,176,106,37,16,182,218,24,86,148,210,16,78,140,202,8,70,132,194,0,126,188,250,56,118,180,141,87,96,254,175,101,41,
    240,167,50,4,58,211,138,83,3,235,190,124,45,244,236,119,46,14,221,153,83,94,235,181,30,28,201,135,71,18,193,150,65,60,240,
    191,42,127,189,216,48,110,172,234,40,102,164,226,32,30,92,154,244,50,112,174,236,42,104,166,176,99,51,21,146,141,89,31,192,218,
    24,94,212,217,27,70,137,194,16,38,174,238,49,127,158,242,48,110,172,234,40,102,164,226,32,30,120,182,244,50,112,235,162,110,66,
    166,228,34,96,94,156,218,24,86,148,210,16,78,140,202,8,15,194,194,127,25,178,168,125,59,251,166,117,58,237,168,100,35,183,226,
    162,39,120,248,189,126,112,250,164,111,38,140,228,34,96,94,156,218,24,86,148,210,16,78,140,202,8,70,132,194,0,126,195,157,54,
    36,241,191,127,58,233,249,50,0,9,236,185,73,61,228,162,119,34,166,185,100,56,231,167,105,104,33,251,212,74,19,217,157,68,11,
    216,139,74,10,193,209,9,119,150,250,56,118,180,242,48,110,172,234,196,2,64,190,252,58,120,243,186,118,90,174,236,42,104,166,228,
    34,96,94,156,218,24,86,148,210,16,30,205,152,92,16,193,142,79,126,161,250,118,63,248,216,48,110,72,134,196,2,64,190,252,58,
    120,182,244,50,112,174,190,111,56,227,165,118,96,10,221,137,83,88,195,147,89,26,132,195,8,19,202,150,73,50,188,189,121,59,241,
    232,171,79,28,245,129,80,22,247,191,127,112,201,184,126,25,199,133,67,1,183,168,51,31,55,245,150,9,41,214,218,2,91,148,195,
    1,72,232,141,67,63,240,138,116,55,9,203,158,4,56,202,133,91,5,236,155,111,49,184,153,119,62,251,226,88,41,229,161,44,22,
    23,207,147,90,26,209,210,13,83,140,158,90,19,193,194,79,44,188,180,155,70,80,241,171,4,26,199,135,71,20,251,175,110,107,156,
    244,50,112,174,236,42,104,166,228,34,96,94,217,148,92,124,148,210,16,78,140,202,8,70,193,142,83,59,17,208,212,85,17,195,137,
    16,47,195,144,113,5,236,170,115,59,243,252,77,60,226,133,67,1,207,141,51,44,79,227,179,113,26,133,173,82,70,158,223,17,79,
    141,204,176,85,27,215,152,98,28,207,149,79,26,136,180,78,1,231,185,104,31,227,189,60,29,235,162,127,102,212,165,97,37,80,234,
    147,75,31,214,158,85,78,145,215,8,18,242,203,153,26,12,222,145,92,122,142,204,10,72,134,196,2,64,190,252,58,120,228,177,98,
    53,239,184,42,60,231,183,105,110,9,221,147,76,94,157,210,69,0,216,131,104,98,231,223,145,95,66,241,145,70,35,203,158,92,1,
    197,129,10,63,242,176,83,17,223,157,91,97,226,253,85,1,207,168,51,31,28,148,200,14,70,157,219,30,34,231,165,101,46,208,210,
    157,67,29,196,218,98,28,207,149,79,26,225,145,75,78,204,189,121,61,197,160,115,34,250,226,77,7,168,141,111,33,25,217,174,74,
    23,218,129,124,43,250,163,106,33,249,158,130,7,88,135,212,93,2,142,139,79,28,192,129,76,22,182,245,52,62,255,166,97,36,250,
    165,103,45,166,249,63,96,24,221,150,75,19,176,161,126,106,230,169,112,98,223,249,210,72,25,213,145,70,21,221,152,25,98,134,196,
    2,64,190,252,58,120,182,244,50,112,231,170,42,56,231,182,118,54,27,208,149,52,111,173,238,98,35,228,230,112,42,229,208,246,26,
    88,150,212,18,80,142,204,10,72,134,196,2,64,190,252,118,55,245,181,126,112,209,133,67,121,239,168,51,9,55,244,186,125,62,161,
    255,83,123,187,230,57,98,231,223,145,95,86,230,152,83,9,203,158,89,70,234,139,65,1,242,140,118,57,239,177,96,126,205,164,107,
    58,231,167,118,121,40,146,246,52,114,176,238,44,106,168,230,36,98,160,158,220,26,88,223,146,18,47,231,165,27,1,202,213,107,41,
    242,176,115,52,167,229,77,97,189,236,107,38,226,128,129,85,19,169,191,120,99,217,135,96,38,225,170,53,115,223,143,207,20,48,195,
    153,83,30,193,133,78,70,245,129,67,20,206,189,104,44,182,160,122,53,224,198,42,4,66,128,254,60,122,184,246,52,114,176,238,44,
    106,168,230,36,98,160,210,147,89,25,218,212,109,57,231,128,99,4,239,173,107,41,242,237,83,17,223,139,35,100,174,149,198,123,43,
    233,239,117,54,169,159,93,62,252,167,96,123,185,153,53,113,174,246,137,87,25,216,155,91,20,128,191,79,9,210,180,67,18,234,242,
    74,57,228,177,124,88,68,248,135,86,7,206,170,22,122,184,246,52,114,176,238,44,106,168,230,36,98,160,158,220,26,88,150,212,81,
    17,220,128,69,11,134,217,2,63,215,149,118,17,250,249,167,101,35,196,215,109,43,233,129,45,110,182,134,102,59,253,175,126,51,216,
    167,118,54,174,253,186,72,25,219,145,56,80,142,204,10,72,134,196,2,64,190,252,58,20,82,144,206,12,74,136,198,72,13,195,191,
    112,122,199,159,93,62,252,135,69,38,228,170,104,115,201,247,181,101,74,220,212,15,80,241,165,99,89,207,136,19,41,215,212,154,93,
    30,129,223,115,91,155,200,108,23,205,191,114,53,241,178,70,61,255,186,92,43,250,178,14,98,160,158,220,26,88,150,212,18,80,142,
    204,10,72,134,196,2,28,90,152,154,91,17,209,130,12,53,225,175,123,61,145,178,45,54,241,186,120,62,161,145,62,33,168,251,36,
    16,225,199,159,91,11,194,164,83,2,207,129,89,70,249,137,183,80,75,212,199,88,30,249,167,69,6,196,138,21,61,145,235,52,115,
    146,246,52,114,176,238,44,106,168,230,36,98,160,158,220,26,88,150,212,18,80,241,165,99,27,221,241,146,13,22,209,154,88,30,129,
    177,30,1,134,160,77,14,212,187,110,30,253,165,119,55,254,170,109,36,252,181,77,44,243,202,157,84,27,211,135,18,77,142,179,38,
    27,203,137,146,80,51,241,154,88,30,220,223,101,35,225,185,22,8,142,142,125,40,253,184,96,126,176,145,69,3,228,143,104,11,201,
    247,181,86,73,255,189,123,19,187,252,42,100,245,175,140,87,9,200,151,87,23,158,173,77,7,205,148,69,66,221,212,60,122,184,246,
    52,114,176,238,44,106,168,230,36,98,160,158,220,26,88,150,143,71,5,213,151,55,40,179,172,151,80,22,212,199,107,64,219,192,106,
    3,196,146,65,16,244,167,108,63,184,235,52,23,254,187,97,100,218,167,125,33,225,205,136,124,61,254,164,107,62,222,177,118,33,172,
    133,134,95,22,205,146,81,120,144,206,12,74,136,198,4,66,128,254,60,122,184,246,52,114,176,238,44,106,215,143,77,29,223,143,180,
    39,56,251,188,98,32,187,151,52,47,172,137,153,82,21,202,147,99,19,196,139,94,74,149,198,80,16,213,187,22,122,184,246,52,114,
    176,238,44,106,168,230,36,98,124,186,248,54,116,178,240,98,35,233,169,106,100,221,172,207,85,19,209,154,5,59,220,223,115,6,196,
    185,22,14,128,227,60,45,247,164,127,33,224,175,111,47,178,148,129,103,63,251,171,98,124,205,153,71,32,230,129,79,40,238,172,146,
    13,51,241,191,107,64,218,192,124,5,219,143,80,11,207,176,48,122,206,179,119,38,255,188,63,100,59,235,169,114,109,246,233,122,56,
    219,153,103,32,230,164,55,27,179,245,214,12,86,152,219,5,66,128,194,12,90,129,202,4,61,233,151,67,5,169,186,37,62,249,162,
    132,74,85,253,210,117,117,144,248,54,116,178,240,46,108,170,232,38,100,162,224,222,28,90,152,214,20,82,217,136,12,53,196,215,77,
    11,201,178,45,19,244,231,75,62,0,245,218,74,68,214,136,123,50,144,248,54,116,178,240,46,108,170,232,38,100,162,224,222,28,90,
    152,214,20,82,144,206,12,74,216,135,86,22,214,187,112,53,184,235,208,113,0,155,129,79,13,206,209,87,48,171,135,122,56,205,226,
    98,98,195,166,117,48,227,174,157,89,112,152,214,20,82,144,206,12,74,136,198,4,66,128,254,60,122,84,146,208,14,76,138,200,6,
    20,195,146,106,42,255,180,121,122,196,181,98,35,233,161,114,61,162,253,222,99,51,241,154,88,59,249,130,64,6,196,215,109,43,233,
    129,202,92,90,241,182,92,13,199,141,8,40,205,143,117,10,255,187,98,59,224,240,36,108,187,248,54,116,136,224,222,28,90,152,214,
    20,82,144,206,12,74,136,198,4,66,92,154,216,22,17,220,148,36,76,138,200,6,68,130,192,62,124,186,248,54,116,178,240,46,41,
    228,172,12,100,162,224,222,28,90,152,214,20,82,144,206,73,4,204,236,32,30,92,154,216,22,84,146,208,14,76,138,132,73,7,195,
    140,62,3,246,233,95,29,254,188,98,125,195,161,55,27,221,242,147,28,71,152,145,85,31,213,212,107,15,240,145,101,76,10,211,155,
    83,92,237,156,66,37,227,161,111,45,147,140,47,3,211,145,122,101,205,178,38,126,188,249,47,109,172,140,145,95,27,212,166,88,19,
    201,139,122,104,212,174,97,71,25,200,191,67,29,156,189,75,2,223,198,116,5,193,133,48,30,251,170,56,24,243,160,125,98,222,173,
    126,48,184,159,146,13,51,241,154,88,30,189,131,97,119,219,157,50,83,84,229,148,90,61,251,185,103,37,155,132,23,59,235,169,114,
    109,197,186,62,102,164,226,39,101,209,249,91,78,162,224,222,28,90,152,214,48,110,172,234,40,42,235,161,97,82,92,229,148,7,24,
    222,193,66,93,227,161,23,8,235,209,65,110,244,248,43,116,230,191,96,57,231,170,99,54,170,179,138,78,19,250,181,62,41,255,191,
    106,110,219,174,49,119,53,214,148,90,69,251,153,31,51,245,218,75,72,130,194,50,126,182,248,52,118,187,249,4,108,170,232,38,100,
    162,224,222,56,118,180,242,124,33,239,171,100,102,219,139,73,15,21,214,201,127,61,222,156,71,0,155,217,121,85,145,192,35,124,253,
    185,123,49,188,128,98,45,243,173,116,55,172,208,181,123,55,248,130,124,47,245,175,122,104,199,170,97,76,29,217,140,83,6,184,208,
    14,76,138,200,6,68,130,192,62,124,186,177,112,116,205,153,71,125,227,164,55,105,23,240,182,113,58,165,227,79,127,191,234,105,40,
    224,226,95,119,53,139,145,90,69,251,185,66,0,195,132,23,85,253,209,45,114,210,173,123,53,252,191,103,40,164,247,135,65,42,204,
    187,106,34,180,166,120,43,226,192,40,102,164,226,32,30,92,154,216,22,84,146,208,14,76,138,132,73,7,195,140,62,3,211,145,122,
    29,254,153,71,97,47,200,211,105,23,213,133,41,98,180,239,48,17,197,131,57,47,232,243,73,119,16,214,145,90,69,131,175,31,95,
    132,160,83,9,195,142,113,53,254,246,69,49,243,216,186,73,20,208,204,112,63,238,191,118,34,186,130,113,60,233,164,124,76,164,226,
    32,30,92,154,216,22,84,146,208,14,76,138,200,6,22,199,144,123,61,238,248,98,81,29,199,196,95,7,205,150,8,119,150,250,56,
    118,180,242,48,110,172,234,40,102,164,226,32,30,92,154,216,22,84,237,156,31,37,227,132,74,8,147,169,119,109,197,235,192,93,78,
    145,202,79,7,201,135,26,25,249,174,75,51,230,164,121,45,233,226,87,42,232,139,73,119,53,243,201,90,69,237,185,103,0,155,183,
    68,76,144,214,45,17,95,154,190,95,13,205,134,120,10,197,155,69,44,178,138,116,55,237,183,98,9,249,163,38,11,225,172,117,16,
    46,219,155,83,90,240,145,92,66,230,137,86,23,140,232,159,64,2,142,173,92,95,229,163,68,10,200,211,105,55,173,133,71,100,249,
    250,79,34,224,131,65,15,205,139,49,82,77,229,177,127,24,131,175,76,68,152,222,18,105,87,231,203,101,124,148,210,16,78,140,202,
    8,70,132,194,0,126,188,250,56,118,180,242,48,110,211,166,57,42,232,243,108,15,53,243,201,90,61,131,175,28,2,138,249,34,52,
    17,210,143,85,20,209,128,24,29,216,152,65,8,195,204,71,45,233,184,48,9,248,227,89,7,224,166,100,119,205,171,49,97,35,136,
    149,26,84,144,220,12,100,166,230,32,105,87,182,218,24,86,148,210,16,78,140,202,8,70,132,194,0,126,188,250,56,118,180,187,118,
    110,235,171,101,35,190,133,101,74,47,223,138,64,29,209,169,34,23,234,168,75,9,55,245,179,9,26,133,173,121,39,192,219,119,4,
    140,208,22,107,181,243,54,26,251,177,113,34,220,166,105,63,225,176,46,110,16,219,129,83,34,201,185,99,102,203,161,108,53,80,238,
    155,91,19,154,164,89,29,197,136,68,3,132,223,29,126,232,168,109,51,180,179,126,42,172,149,100,119,232,174,49,82,77,243,157,35,
    60,199,253,85,122,232,228,124,125,94,210,147,84,86,213,156,84,78,243,134,25,10,200,211,76,111,213,147,41,58,221,227,79,124,226,
    234,52,123,164,246,57,7,97,175,244,102,56,235,162,0,104,166,228,34,96,94,156,218,24,86,148,210,16,78,140,202,8,70,132,194,
    0,126,188,250,71,31,221,190,89,34,197,131,65,15,232,243,149,83,17,201,229,38,106,222,165,124,39,242,144,109,104,29,221,136,84,
    25,215,219,58,78,140,202,8,70,132,194,0,126,188,250,56,118,180,242,48,110,172,234,40,35,14,250,214,58,120,182,244,50,112,174,
    236,42,104,166,228,34,96,94,156,143,86,2,221,158,16,9,205,135,77,92,227,135,84,13,249,168,110,63,247,183,56,17,224,166,173,
    107,41,215,149,43,52,167,139,91,25,226,253,85,42,174,246,52,118,87,149,212,116,25,215,147,92,62,192,139,81,3,214,204,112,50,
    253,163,125,36,211,167,121,96,37,195,138,87,78,204,189,121,61,184,130,123,35,231,174,102,45,166,249,63,96,24,221,150,75,19,148,
    157,66,78,194,133,92,70,251,165,14,44,253,185,125,34,241,161,152,25,72,201,150,2,72,193,176,43,52,250,229,126,97,199,133,59,
    36,207,245,93,114,16,156,132,5,86,218,155,92,78,205,132,76,70,251,142,17,50,240,235,116,103,57,231,221,70,33,151,187,16,14,
    190,226,39,120,163,228,34,96,190,229,0,104,166,228,34,96,94,156,218,24,86,148,210,16,78,140,202,65,0,132,146,65,44,232,172,
    145,94,31,142,152,66,13,200,238,2,64,190,252,58,120,182,244,50,112,174,236,42,104,166,228,34,96,94,156,138,89,4,192,132,85,
    2,195,196,126,3,200,141,67,55,12,207,212,15,80,248,137,73,28,201,150,17,78,228,185,104,55,156,244,50,112,174,236,42,104,166,
    228,34,96,94,156,218,24,86,148,210,16,78,220,139,90,18,210,135,144,85,88,139,212,92,25,194,230,10,72,134,196,2,64,190,252,
    58,120,182,244,50,112,174,236,111,38,226,206,34,96,94,156,218,24,86,148,210,16,78,140,202,8,70,160,204,153,74,29,215,128,18,
    4,207,159,65,70,209,133,75,20,182,245,16,120,182,244,50,112,174,236,42,104,166,228,34,96,94,156,218,24,86,148,210,111,39,229,
    134,77,46,201,247,181,115,20,135,189,123,57,241,221,30,70,246,150,75,13,255,174,99,8,247,166,102,126,216,169,102,39,229,173,118,
    57,94,129,218,110,19,215,134,95,28,187,232,126,39,242,209,246,26,88,150,212,18,80,142,204,10,72,134,196,2,64,190,252,58,120,
    182,244,77,25,199,160,67,36,207,141,75,9,18,141,179,113,63,235,195,56,100,216,180,109,47,225,204,133,106,25,196,128,28,49,221,
    159,79,5,196,136,91,44,247,178,127,57,228,130,119,60,225,175,99,60,255,228,63,96,40,217,153,76,25,226,253,34,48,237,180,107,
    72,160,158,220,26,88,150,212,18,80,142,204,10,72,134,196,2,64,190,252,58,7,223,157,126,25,226,133,67,1,207,168,51,9,55,
    245,165,37,102,170,158,101,60,231,178,80,45,168,225,144,11,73,135,197,123,28,194,221,99,33,207,187,19,24,183,214,58,120,182,244,
    50,112,174,236,42,104,166,228,34,96,94,184,163,122,38,249,162,44,45,233,171,97,120,199,219,136,105,29,196,130,91,19,203,196,117,
    4,202,173,107,41,215,149,43,52,167,139,91,25,226,253,85,42,174,246,52,43,115,177,248,88,61,243,175,96,26,228,167,125,39,242,
    144,172,86,25,207,145,64,55,219,133,4,37,195,138,87,78,204,189,121,61,184,130,123,35,231,174,102,45,166,157,227,60,60,249,186,
    103,55,176,161,126,106,230,169,112,98,223,249,210,72,25,213,145,70,21,221,152,25,98,134,196,2,64,190,252,58,120,182,244,50,112,
    174,236,42,4,22,193,173,119,116,239,183,125,38,184,255,37,64,168,230,36,98,160,158,220,26,88,150,212,18,21,192,136,32,72,134,
    196,2,64,190,252,58,61,248,176,24,112,174,136,198,65,12,196,212,121,52,252,255,30,13,217,135,69,3,228,247,104,46,233,215,144,
    86,49,218,171,3,5,148,173,78,12,242,139,69,7,242,185,50,7,250,184,91,101,35,225,175,21,14,145,129,85,19,244,231,75,48,
    184,252,58,114,161,234,36,36,245,208,159,78,17,217,154,26,3,218,141,94,13,143,238,2,64,190,252,69,49,201,220,167,29,35,225,
    138,72,83,255,168,50,59,237,162,123,20,241,188,97,6,233,182,119,98,189,158,143,78,25,194,145,56,80,142,204,10,55,225,202,80,
    1,253,185,110,81,1,196,206,17,74,219,146,69,22,197,212,60,122,184,246,75,13,252,167,69,3,228,175,104,46,236,210,205,101,1,
    158,221,56,80,142,204,10,31,201,150,73,19,238,217,149,81,92,247,156,77,28,193,146,93,66,157,254,52,106,224,179,36,114,189,238,
    60,50,185,165,45,72,160,158,220,26,20,217,151,83,28,142,179,99,33,202,136,78,80,22,137,199,107,59,220,167,101,53,153,144,4,
    95,128,176,117,54,146,246,52,114,176,162,99,41,233,170,36,29,236,143,149,101,20,135,171,94,28,194,221,70,4,249,241,137,28,71,
    152,155,85,6,216,192,68,31,207,131,46,66,128,254,60,60,247,164,52,13,188,238,83,38,228,175,91,11,177,247,181,115,49,135,152,
    3,47,156,138,10,45,236,224,142,93,19,202,133,28,5,223,156,71,25,216,135,71,7,142,140,125,57,253,165,46,21,245,186,72,47,
    251,165,97,44,228,223,146,78,11,158,221,27,80,202,167,12,100,162,224,222,28,90,152,214,93,20,144,177,64,6,193,185,109,83,233,
    151,85,19,169,186,37,13,162,168,34,4,233,171,97,98,189,131,220,101,20,218,189,123,5,195,129,55,40,179,159,183,117,22,137,169,
    86,90,130,216,21,67,136,135,74,6,128,129,112,54,241,137,93,99,217,135,69,3,185,170,53,29,178,216,198,115,11,247,248,81,32,
    230,129,79,13,203,137,207,80,75,231,191,125,30,129,177,78,66,154,209,20,75,137,254,104,50,253,184,30,114,176,238,44,106,168,230,
    36,98,160,158,220,86,59,241,177,98,108,213,164,55,27,221,172,146,99,22,137,169,93,45,239,223,27,74,149,198,12,5,193,179,121,
    116,200,186,117,43,245,188,127,100,196,169,103,35,236,238,180,119,45,247,162,32,15,226,169,116,37,225,180,155,78,84,240,131,89,19,
    222,129,69,14,250,137,75,22,240,191,110,46,182,134,123,33,249,186,101,37,230,230,41,98,3,246,180,127,11,219,225,71,5,195,129,
    55,40,179,159,204,90,84,232,153,71,27,196,135,67,4,129,200,105,3,199,176,117,46,237,178,113,88,176,238,44,106,168,230,192,62,
    124,186,248,54,61,244,240,81,32,187,151,89,40,238,159,146,13,37,209,169,107,67,135,206,16,74,247,138,21,11,255,178,45,5,244,
    186,120,99,252,162,83,123,19,130,148,118,57,244,210,54,116,178,240,46,108,170,232,38,100,162,224,222,28,90,152,169,88,67,217,177,
    64,91,247,138,72,14,145,178,112,5,169,161,52,111,176,145,132,23,59,253,140,114,3,246,233,73,61,205,143,63,123,128,232,38,100,
    162,224,222,28,90,152,214,20,82,144,206,12,74,247,175,109,14,204,178,112,54,169,231,75,27,0,227,161,121,85,212,192,35,124,197,
    180,122,61,205,153,63,5,195,129,79,117,238,241,161,14,28,178,214,20,82,144,206,12,74,136,198,4,66,128,187,114,62,146,246,208,
    14,76,138,200,6,68,199,142,122,86,186,248,54,116,247,190,106,70,170,232,38,100,238,175,157,93,22,152,169,88,67,129,223,29,35,
    196,138,21,43,233,183,67,107,12,146,205,14,51,227,161,74,8,206,140,114,109,171,135,95,56,219,153,81,125,252,232,103,42,230,224,
    161,117,51,212,154,88,30,220,223,29,53,225,138,109,43,255,239,142,24,55,244,130,79,1,207,200,73,22,130,163,88,46,251,181,115,
    122,205,153,71,32,187,164,55,40,238,137,183,85,22,212,154,5,45,129,219,4,67,162,198,4,66,92,229,191,24,6,215,157,65,24,
    207,156,71,6,206,133,47,124,167,248,120,61,254,218,46,108,170,232,89,3,172,178,155,81,21,204,147,64,19,210,130,73,88,136,219,
    32,80,21,214,242,22,84,146,208,113,43,132,154,67,9,205,148,123,40,251,186,122,49,161,240,51,108,228,161,106,78,162,224,222,28,
    13,208,159,88,23,144,177,107,68,246,163,99,91,8,223,139,66,84,214,159,36,76,138,200,6,68,130,192,62,44,249,185,122,56,186,
    182,123,34,233,188,111,43,236,232,215,54,90,152,214,20,82,144,206,40,102,164,226,32,74,29,201,147,24,3,211,153,90,68,131,226,
    6,68,130,192,62,124,186,248,54,116,178,240,98,35,233,169,106,100,221,137,183,13,19,212,199,125,59,224,166,97,42,181,243,95,15,
    79,154,197,22,19,211,157,75,66,250,132,71,29,199,146,109,114,214,183,117,53,254,128,98,45,243,173,116,106,193,168,159,78,27,219,
    130,117,60,134,234,40,102,164,226,32,30,92,154,216,22,84,219,150,14,2,197,156,6,59,235,169,47,53,246,233,95,29,254,188,103,
    32,187,249,89,117,177,224,145,78,90,250,189,100,110,211,131,65,119,237,174,49,119,53,214,148,95,24,131,193,113,93,153,210,96,13,
    204,132,88,53,232,171,98,23,250,185,98,40,162,151,106,40,203,137,183,81,31,165,190,33,17,197,131,100,119,219,160,40,12,75,139,
    209,31,84,198,152,75,2,138,154,67,16,215,146,112,124,255,182,114,94,178,240,46,108,170,232,38,100,162,188,250,56,63,242,242,119,
    47,225,175,50,1,225,182,83,91,14,204,145,85,17,154,175,66,0,227,161,111,45,235,209,114,109,197,145,95,56,163,143,108,100,184,
    255,52,9,119,178,150,119,53,245,190,64,34,237,179,109,52,170,146,108,95,5,223,138,113,1,219,222,99,9,196,157,8,54,195,131,
    123,114,204,177,101,61,240,188,107,108,183,153,194,70,63,240,169,125,118,245,188,116,110,211,141,38,52,225,175,111,74,25,206,153,84,
    24,215,193,14,18,151,200,72,13,206,192,106,52,255,182,28,116,178,240,46,8,70,132,194,0,126,188,250,56,118,180,242,119,43,248,
    172,109,40,242,234,41,16,26,211,138,69,0,198,153,67,9,138,213,6,16,208,149,123,86,186,248,54,116,178,140,202,8,70,132,194,
    0,126,188,250,56,63,242,242,79,7,197,251,97,42,181,139,73,82,16,211,148,7,69,237,193,29,66,226,157,75,5,204,143,119,56,
    180,139,115,81,26,252,139,90,18,132,150,72,59,242,208,56,118,180,242,48,110,172,234,40,102,164,226,32,30,92,154,216,22,84,146,
    156,65,15,203,132,6,59,235,169,114,21,246,253,187,121,39,192,219,97,47,237,189,17,106,188,231,56,9,221,155,33,39,224,251,65,
    15,232,174,105,82,77,139,167,7,71,156,184,91,1,203,134,73,13,198,206,77,93,23,192,162,81,28,216,196,120,7,214,135,78,42,
    178,138,121,36,241,188,100,68,172,234,40,102,164,226,32,30,92,154,216,22,84,146,208,14,76,138,200,6,59,235,245,150,113,26,253,
    187,121,39,192,219,97,47,237,189,17,106,166,138,113,32,251,166,68,33,164,149,100,119,181,243,49,119,16,214,201,127,61,219,175,31,
    20,131,226,6,96,94,156,218,24,86,148,210,16,78,140,202,8,70,132,194,0,126,188,173,119,36,255,161,96,47,239,175,38,1,246,
    163,118,87,8,195,216,11,84,131,201,24,102,138,228,34,96,94,156,218,24,86,148,210,16,78,140,202,8,70,132,194,0,1,213,147,
    41,63,248,227,89,7,224,166,97,42,181,243,95,15,79,148,176,83,21,214,222,111,38,229,172,109,50,27,216,218,5,86,192,128,69,
    11,166,202,8,70,132,194,0,126,188,250,56,118,180,242,48,110,172,234,40,102,164,182,97,77,23,148,143,87,29,198,228,59,97,140,
    228,34,96,94,156,218,24,86,148,210,16,78,140,202,8,70,132,194,0,126,195,147,81,103,253,190,33,7,197,166,100,47,232,243,49,
    97,77,137,214,126,53,239,168,36,9,232,167,106,47,12,217,158,24,75,148,148,81,2,223,143,34,70,132,194,0,126,188,250,56,118,
    180,242,48,110,172,234,40,102,164,226,32,82,19,217,181,126,112,209,160,59,1,234,155,75,44,18,245,179,84,26,133,173,1,23,140,
    215,8,18,205,129,75,118,181,208,56,118,180,242,48,110,172,234,40,102,164,226,32,30,120,182,244,50,112,174,190,111,56,227,165,118,
    96,10,221,137,83,88,195,147,89,26,132,218,6,87,141,232,0,126,188,250,56,118,180,242,48,110,172,234,40,102,164,226,252,58,120,
    182,244,50,112,174,147,77,102,244,161,111,47,10,217,203,2,48,221,128,85,61,201,152,94,3,214,202,85,48,236,187,123,61,188,141,
    87,96,254,175,101,41,20,251,168,123,58,250,177,35,121,167,198,42,104,166,228,34,96,94,156,218,24,86,148,210,16,78,140,202,8,
    70,132,151,78,42,245,182,56,34,253,177,123,102,165,234,201,2,63,242,237,83,52,201,157,126,60,199,133,102,36,183,155,51,57,94,
    130,218,16,70,204,195,1,78,129,202,24,30,150,203,0,49,238,250,118,57,224,242,79,9,70,212,133,65,5,234,185,105,44,156,244,
    50,112,174,236,42,104,166,228,34,96,94,156,218,24,86,148,210,16,78,197,140,8,57,227,204,82,59,241,181,108,51,224,179,142,70,
    13,148,196,92,93,190,178,115,52,182,160,122,53,224,198,42,104,166,228,34,96,94,156,218,24,86,148,210,16,78,140,202,8,70,132,
    194,0,126,188,133,95,120,2,203,129,69,28,195,214,24,38,247,174,127,11,243,166,100,53,252,228,127,38,246,165,97,43,86,227,189,
    22,4,209,159,95,26,201,158,73,4,200,135,18,119,181,208,212,18,80,142,204,10,72,134,196,2,64,190,252,58,120,182,244,50,112,
    174,236,42,104,166,176,99,51,21,146,141,89,31,192,218,1,91,133,224,8,70,132,194,0,126,88,150,212,18,80,142,204,10,72,134,
    196,2,64,190,185,116,60,156,244,50,112,174,236,42,104,166,228,34,96,94,156,218,24,86,148,210,16,78,197,140,8,57,227,204,142,
    95,21,217,128,87,4,207,142,70,13,149,196,92,93,190,178,115,52,182,160,122,53,224,198,42,104,166,228,34,96,94,156,218,24,86,
    148,210,16,78,140,202,8,70,160,158,220,26,88,233,179,28,2,203,129,69,28,195,215,24,38,247,174,127,11,243,166,100,53,252,228,
    127,38,246,165,97,43,86,227,189,22,4,209,159,95,26,201,158,101,32,236,219,207,19,81,188,212,18,80,142,204,10,72,134,196,2,
    64,190,252,58,120,182,244,50,112,174,169,100,44,140,228,34,96,94,156,218,24,86,148,210,16,78,168,230,36,98,160,158,220,26,10,
    211,132,87,17,218,204,94,9,213,143,12,23,255,181,110,112,191,244,103,62,250,165,102,104,225,165,111,37,68,251,159,76,37,209,128,
    122,35,235,163,44,29,236,210,181,115,49,255,189,3,28,159,179,99,33,202,213,125,2,182,238,45,107,191,253,60,28,225,175,107,36,
    214,168,99,57,27,206,212,104,26,241,183,105,56,207,179,109,108,205,219,146,79,86,228,149,81,21,128,186,67,27,207,134,78,5,190,
    225,39,120,226,166,103,53,174,163,120,104,232,171,118,96,33,251,212,102,51,243,171,120,47,251,178,14,98,160,158,220,26,88,150,212,
    18,80,142,204,10,72,134,196,71,14,250,214,58,120,182,244,50,112,174,236,42,104,166,228,103,44,13,253,191,114,114,247,175,97,47,
    178,129,97,54,211,219,142,76,17,213,145,26,47,194,128,99,33,239,173,107,81,242,237,69,17,223,184,35,15,236,228,56,127,178,237,
    43,50,22,247,181,117,62,192,162,109,51,237,180,42,18,236,223,133,95,10,241,129,91,94,227,137,68,29,136,182,67,3,251,242,76,
    49,229,189,112,60,235,236,55,117,166,212,172,105,63,184,162,124,55,254,196,44,106,168,230,36,98,160,158,220,26,88,150,212,18,80,
    142,128,69,11,199,136,2,63,242,176,43,17,223,157,91,25,191,147,102,109,61,146,177,60,103,184,245,75,27,217,162,96,38,228,170,
    53,115,223,247,144,115,49,233,197,68,94,254,141,88,13,200,144,12,35,246,185,121,51,230,187,123,62,250,219,220,99,7,212,157,116,
    51,244,178,102,55,254,230,37,64,168,230,36,98,160,158,220,26,88,150,212,18,80,142,204,10,14,201,150,2,9,190,225,58,105,186,
    244,77,64,6,153,175,109,43,233,151,45,5,244,159,75,96,255,238,38,106,215,143,77,46,236,210,144,86,73,135,171,123,28,231,165,
    117,89,208,202,114,1,236,185,116,44,184,227,141,94,3,216,146,30,36,201,176,120,28,241,164,103,38,211,166,101,38,236,238,91,46,
    236,247,181,115,49,255,197,94,65,241,165,99,4,151,187,64,72,172,235,47,29,91,158,184,77,6,221,131,4,6,207,212,60,122,184,
    246,52,114,176,238,44,106,168,230,36,98,160,158,220,26,88,150,171,123,57,194,128,70,4,202,213,19,63,215,212,191,125,45,129,152,
    2,58,201,148,65,12,212,240,79,57,234,191,100,38,190,141,100,47,235,173,116,45,233,208,136,0,62,223,134,87,35,203,158,92,13,
    212,204,75,21,112,152,214,20,82,144,206,12,74,136,198,4,66,128,254,60,122,253,184,112,88,176,238,44,106,168,230,36,98,160,158,
    220,26,29,216,144,56,80,142,204,10,72,134,224,222,89,20,220,223,62,82,144,206,12,15,198,130,46,7,206,186,53,80,199,159,93,
    27,217,162,61,38,228,175,109,46,236,247,144,101,73,195,206,115,20,202,184,69,35,229,172,155,20,37,212,154,125,59,249,167,101,91,
    196,215,123,43,233,178,45,5,250,254,38,101,166,231,32,106,238,179,106,33,244,215,147,84,80,197,128,83,4,203,225,12,100,162,224,
    222,99,19,231,154,125,67,249,167,64,6,153,185,82,76,193,171,104,53,202,183,119,55,214,175,126,39,225,168,99,98,189,158,143,78,
    25,194,145,56,108,170,232,38,35,231,180,152,89,20,206,222,29,92,209,155,88,5,250,135,71,7,230,191,110,55,241,184,115,114,173,
    238,127,62,233,178,97,72,160,158,220,26,39,233,188,103,5,195,164,111,40,238,172,146,13,37,193,222,29,120,144,206,12,74,220,135,
    87,9,142,173,108,59,239,184,60,52,229,160,111,62,225,169,106,106,169,180,220,26,116,178,240,46,108,170,191,110,45,238,165,222,91,
    31,204,144,81,28,198,198,5,68,201,147,80,13,242,191,127,63,222,183,102,63,249,160,107,106,236,169,14,98,160,158,248,54,116,178,
    240,46,108,170,232,106,43,225,161,146,28,37,212,154,88,45,129,130,64,3,196,138,21,14,145,129,46,42,184,235,52,41,154,238,44,
    106,168,230,36,98,124,186,248,54,116,178,240,46,108,241,174,106,37,229,224,195,28,37,212,154,125,59,249,167,101,91,196,215,123,43,
    233,178,45,5,250,254,38,101,167,231,32,106,252,169,135,121,48,255,248,43,116,205,185,81,32,195,249,79,13,238,172,207,99,12,150,
    151,65,6,223,188,77,9,205,202,4,12,193,179,121,122,165,246,75,62,252,135,69,3,45,235,209,114,109,197,145,95,56,163,143,108,
    100,184,255,62,109,255,236,244,28,90,152,214,20,82,144,206,12,74,136,198,4,66,128,254,103,60,244,183,115,114,173,238,183,74,8,
    235,169,87,21,211,233,122,101,205,153,71,32,187,151,100,108,176,247,199,21,86,152,130,91,21,215,130,73,74,149,198,123,11,255,178,
    85,107,209,159,120,62,93,245,158,8,5,215,148,113,14,251,187,115,18,243,163,122,96,170,166,103,41,231,224,195,28,37,212,154,125,
    59,249,167,101,91,196,215,123,43,233,178,45,5,250,254,194,22,92,131,149,10,110,130,192,62,124,186,248,54,116,178,240,46,108,170,
    232,38,100,249,166,146,93,29,152,203,20,45,220,130,101,35,225,175,109,83,204,239,67,19,61,222,193,113,14,130,218,30,85,139,204,
    62,40,245,191,113,56,247,240,51,108,213,161,89,40,203,241,183,117,22,212,199,107,4,158,143,89,30,199,162,86,11,198,170,170,87,
    23,215,220,14,2,203,133,67,68,159,192,65,48,246,145,95,29,219,153,63,32,187,151,79,13,238,241,161,94,82,138,206,6,91,205,
    194,38,74,136,198,4,66,92,154,216,22,84,146,208,83,102,138,200,6,68,130,192,62,124,186,248,54,116,244,191,124,108,213,228,38,
    41,237,164,155,28,19,214,214,93,2,209,135,94,25,128,185,108,82,16,229,201,90,24,219,156,66,93,198,217,121,86,210,201,62,56,
    245,210,54,116,178,240,46,108,170,232,38,100,162,224,222,28,90,152,159,82,82,222,129,88,74,227,167,116,88,25,212,142,30,93,156,
    145,91,24,197,186,71,7,199,166,127,46,247,177,120,51,178,164,102,41,228,232,100,54,231,161,149,28,31,214,146,62,82,144,206,40,
    102,164,226,32,30,92,154,216,22,84,146,208,113,43,241,133,73,0,199,206,120,48,251,191,75,116,175,240,122,62,255,173,12,100,162,
    224,222,28,90,152,214,20,82,172,234,40,102,164,226,108,81,31,219,148,22,43,222,175,31,51,198,132,79,59,235,169,87,21,197,234,
    103,116,175,240,122,37,233,163,46,109,136,224,222,28,90,152,214,48,110,172,234,40,102,164,226,32,30,11,210,145,90,17,146,151,75,
    24,204,141,72,18,138,201,48,61,239,172,121,6,243,179,107,10,235,186,107,45,236,167,222,93,20,240,242,79,9,215,167,103,34,225,
    236,102,82,29,221,165,22,21,220,148,14,24,195,139,77,76,139,192,51,124,197,180,73,101,205,188,98,37,213,129,79,13,203,159,204,
    105,118,168,242,56,126,244,252,109,102,169,226,48,70,79,136,209,22,16,221,250,14,76,138,200,6,68,130,192,62,124,186,248,54,116,
    178,240,46,108,170,232,114,37,241,247,244,111,55,253,166,56,127,165,192,40,102,164,226,32,30,92,154,216,22,84,146,208,14,76,138,
    141,72,0,168,192,62,124,186,248,54,116,178,240,46,108,170,232,38,0,126,195,157,67,59,251,182,117,96,234,166,105,33,217,226,61,
    30,26,219,148,69,17,184,208,14,76,138,200,6,68,130,192,62,124,186,248,54,116,178,164,111,63,225,138,149,65,55,232,242,42,127,
    158,242,48,110,172,234,40,102,164,226,32,30,92,223,150,82,126,146,208,14,76,138,200,6,68,130,192,62,124,238,185,101,63,188,167,
    111,65,18,140,215,9,84,188,250,56,118,180,242,48,110,233,164,108,76,164,226,32,30,25,212,156,31,126,215,158,74,69,160,132,73,
    7,195,140,62,3,211,177,95,29,219,243,181,97,10,200,189,127,108,238,250,37,118,203,187,124,34,189,166,57,119,205,174,108,119,53,
    229,141,12,55,192,149,79,24,207,191,79,10,198,143,105,116,225,248,73,121,95,192,219,65,47,205,142,76,111,240,133,41,48,180,239,
    48,17,224,166,65,15,205,139,73,15,16,139,167,127,61,222,193,113,14,130,218,30,87,139,192,99,117,144,221,148,16,49,229,131,97,
    47,237,189,127,23,240,182,71,9,166,160,62,17,234,184,105,43,225,226,116,86,25,212,242,22,84,146,208,113,37,195,161,111,45,253,
    191,87,84,26,235,173,2,28,130,181,78,20,197,143,69,112,207,179,98,51,180,239,48,27,200,163,101,116,170,157,73,119,16,139,148,
    7,24,222,185,103,5,198,132,74,85,253,141,207,16,70,152,210,4,92,156,198,8,86,136,194,8,110,228,232,123,50,180,255,48,126,
    244,251,57,111,173,226,10,91,18,222,242,105,61,219,185,103,37,245,183,111,44,18,227,165,10,4,142,179,84,10,224,139,74,3,200,
    202,127,50,240,147,81,31,221,155,33,34,189,149,65,15,232,243,95,92,84,136,192,2,93,225,149,79,31,197,170,34,38,12,211,151,
    24,26,209,132,85,2,243,219,25,10,149,142,17,23,213,179,81,31,248,190,124,17,190,226,58,126,177,235,116,81,92,214,157,64,17,
    222,175,31,121,234,245,110,113,55,245,147,113,63,216,158,92,49,158,194,26,94,146,203,97,43,232,181,56,21,248,179,121,35,172,153,
    109,39,247,173,110,30,46,223,143,87,6,214,191,85,121,183,168,51,44,79,245,179,81,63,253,158,92,2,243,216,0,84,156,213,9,
    12,249,170,116,63,247,179,100,43,232,153,124,41,246,163,103,91,35,139,201,90,97,226,253,67,1,239,141,75,44,18,208,165,10,94,
    134,202,8,71,254,143,69,9,208,135,83,1,173,235,116,103,248,227,89,7,229,131,65,42,232,174,95,12,84,136,236,43,121,221,169,
    120,62,239,167,103,51,33,141,203,84,71,216,195,121,39,197,163,97,10,200,142,127,108,180,232,33,102,189,134,98,33,252,162,113,21,
    225,163,115,81,54,196,177,127,63,250,169,121,23,183,245,110,113,18,141,179,113,31,253,187,92,2,192,181,26,78,150,219,17,119,207,
    191,121,37,251,188,67,43,254,188,97,37,225,157,237,43,52,167,184,35,25,199,165,67,1,234,168,110,31,76,148,200,1,68,157,176,
    81,26,216,134,77,54,197,145,83,13,249,168,110,63,247,183,79,127,189,166,57,42,81,215,149,115,17,223,184,126,60,209,254,34,122,
    191,247,43,20,12,211,138,80,15,231,151,81,29,195,132,122,3,201,141,84,59,239,133,41,103,248,227,124,127,197,131,141,107,41,242,
    176,118,7,164,252,32,105,186,229,89,45,231,183,109,46,45,217,136,78,31,215,151,111,95,157,134,25,10,149,171,105,55,213,147,116,
    58,248,141,34,102,90,159,209,11,35,242,189,115,53,218,177,100,53,226,158,111,63,231,182,102,31,79,141,150,9,26,133,187,121,7,
    229,163,68,10,200,189,18,118,174,227,46,127,215,190,141,67,5,244,129,85,1,236,184,69,105,167,184,35,60,191,133,67,33,207,141,
    110,44,18,227,200,16,68,141,197,25,45,192,139,65,11,251,211,17,50,173,182,41,31,57,199,165,99,4,202,136,125,82,182,238,35,
    96,191,134,119,61,225,184,111,14,243,170,97,52,23,211,148,103,71,133,158,1,2,157,163,97,15,237,171,76,50,240,133,198,26,66,
    151,213,3,46,212,129,71,63,175,237,118,105,250,229,91,25,231,133,67,36,234,168,93,114,86,143,202,8,95,228,128,85,3,197,159,
    69,57,149,211,76,111,20,135,189,123,25,231,165,70,4,202,187,16,72,173,236,43,113,211,184,123,36,235,147,59,121,234,245,110,113,
    55,245,147,113,63,216,158,92,49,158,194,27,86,150,203,174,95,21,217,128,87,53,216,137,68,28,249,213,19,12,175,176,43,17,223,
    189,91,25,226,160,102,23,180,236,49,112,77,149,188,74,19,209,173,1,95,192,219,68,87,201,247,149,115,49,218,152,94,47,156,196,
    25,88,146,205,114,18,251,177,115,45,251,139,35,97,226,253,102,121,207,141,107,9,55,208,150,84,41,134,218,3,94,153,195,65,46,
    233,202,153,101,73,135,152,3,28,159,165,99,1,239,173,78,12,242,131,40,112,165,228,36,121,207,185,126,39,166,135,110,33,23,209,
    218,126,4,209,151,16,41,225,160,112,49,160,150,175,78,23,196,145,27,47,194,128,99,33,239,173,107,81,242,237,69,17,223,184,35,
    15,236,228,57,120,177,237,80,37,14,208,147,91,23,192,151,104,25,252,169,118,35,231,219,163,11,73,218,197,94,65,231,165,67,33,
    239,136,78,12,193,238,50,107,166,236,59,20,239,184,107,42,231,183,103,51,33,141,203,84,71,252,255,69,3,225,143,77,46,236,210,
    163,8,80,133,196,11,89,253,152,69,26,195,187,19,81,242,237,118,105,223,157,123,25,199,160,102,36,217,246,42,115,79,140,211,82,
    55,241,186,121,56,237,162,91,115,177,210,205,86,73,255,189,91,57,231,128,70,4,249,214,10,83,175,237,51,27,250,181,123,61,200,
    190,111,45,193,173,100,52,33,169,231,120,99,252,255,69,3,225,143,77,46,236,210,163,8,80,133,197,0,89,239,153,94,7,134,167,
    77,12,242,185,121,44,182,149,126,60,174,138,120,45,227,228,80,121,45,249,164,112,33,207,255,61,38,185,170,53,11,201,215,181,115,
    20,218,152,109,66,134,223,27,91,143,182,71,16,242,181,121,57,226,177,118,3,250,163,120,41,225,197,129,45,107,244,231,120,99,217,
    135,101,3,193,170,104,46,223,140,212,9,73,130,221,96,21,195,131,94,13,213,187,19,81,242,237,118,105,223,157,123,25,199,160,102,
    72,61,146,246,47,107,173,255,71,55,226,184,101,41,237,181,91,115,177,210,205,86,73,255,189,91,57,231,128,70,4,249,214,10,83,
    175,234,51,12,228,187,98,56,247,251,131,69,17,207,176,78,63,245,185,96,55,227,145,61,123,228,247,104,115,201,247,149,115,49,218,
    152,94,47,156,196,25,89,145,205,113,5,255,175,117,54,197,177,96,90,3,203,131,123,83,145,178,45,54,169,159,93,59,217,135,96,
    38,228,153,54,106,179,143,196,19,58,215,128,70,28,203,188,75,27,213,183,71,18,232,181,121,61,201,129,223,64,91,196,215,109,43,
    201,151,85,54,244,186,75,96,184,253,61,115,161,146,118,45,240,214,133,105,29,215,135,93,30,252,137,71,7,210,129,81,63,175,237,
    118,5,30,129,167,101,3,225,175,72,14,204,129,46,114,171,228,36,123,195,171,109,57,231,168,87,39,242,200,149,89,29,233,197,3,
    28,159,128,27,33,239,141,107,41,242,212,154,107,64,152,221,30,91,129,165,72,3,201,179,80,63,238,179,120,0,245,185,109,56,236,
    153,53,115,236,143,144,11,49,255,157,123,57,194,128,70,55,148,204,17,14,72,145,181,88,19,217,131,126,15,223,135,86,6,255,239,
    45,54,169,186,37,27,217,167,69,3,228,170,104,29,178,150,207,8,75,159,183,94,17,199,129,117,89,151,172,207,80,75,241,191,93,
    59,249,130,64,6,247,212,12,81,146,234,53,8,253,187,123,38,245,136,121,36,235,178,109,45,238,225,205,11,20,135,152,3,57,231,
    133,99,13,238,172,146,99,72,144,197,6,71,153,168,94,15,205,185,21,83,204,239,112,107,209,159,125,27,217,162,96,38,215,244,44,
    113,178,136,213,106,10,211,153,91,5,195,151,55,117,238,241,146,13,51,241,159,125,59,220,130,64,53,154,206,23,80,151,247,89,54,
    241,162,113,13,161,255,96,123,228,247,77,11,233,247,181,86,20,218,171,0,100,185,250,62,109,208,165,147,83,14,221,179,66,23,222,
    154,115,91,153,138,21,14,145,151,85,51,209,159,120,62,252,145,62,98,187,244,61,107,198,204,153,95,39,135,225,98,125,230,249,79,
    13,235,137,183,80,22,212,169,6,90,131,221,28,67,248,148,65,15,201,171,113,5,169,231,120,99,252,255,69,3,225,143,77,46,236,
    210,163,8,124,161,227,63,101,207,164,111,48,231,159,207,13,22,137,154,5,59,249,135,101,35,196,138,72,61,146,246,47,105,170,255,
    80,51,228,175,110,43,251,163,119,29,177,143,180,39,56,163,153,71,37,195,129,106,40,238,159,204,20,73,139,197,29,33,196,129,94,
    15,247,215,21,14,145,178,45,19,209,191,93,27,252,162,96,21,186,238,55,113,104,179,158,115,53,230,165,124,41,238,151,55,117,238,
    241,146,13,51,241,159,125,59,220,130,64,53,154,206,23,81,149,247,95,54,249,191,121,20,226,171,105,13,225,160,148,65,109,171,180,
    39,56,163,153,71,37,195,129,106,40,238,159,204,20,73,139,192,29,32,213,131,67,30,205,149,123,83,145,178,45,54,169,159,93,59,
    217,135,96,38,8,253,210,54,111,169,239,63,17,228,181,96,56,201,167,104,48,240,175,146,80,31,202,169,5,67,220,223,64,91,225,
    175,77,43,233,178,112,54,199,228,60,97,163,246,193,98,5,203,140,103,15,238,170,115,53,249,143,63,125,230,249,106,117,203,137,151,
    117,51,212,154,88,45,130,198,31,89,145,207,118,7,205,177,104,63,221,160,113,60,24,245,217,23,8,147,140,47,21,211,177,95,29,
    254,188,98,19,184,224,53,112,178,233,189,80,27,209,155,107,67,129,130,29,6,153,175,109,11,233,151,112,54,244,137,194,6,95,158,
    217,15,39,206,129,119,49,197,233,39,56,163,188,63,5,195,161,79,13,238,172,146,99,72,144,197,0,64,153,188,73,7,199,146,65,
    36,213,176,127,46,29,221,158,113,93,155,132,23,8,147,169,87,53,211,145,122,56,254,143,60,100,185,252,53,109,208,165,147,83,14,
    221,133,107,67,129,130,29,6,153,175,109,11,233,151,148,90,24,237,194,6,95,158,220,15,32,195,137,114,37,201,172,100,49,243,187,
    81,125,187,164,55,40,179,137,183,85,51,241,154,88,30,239,220,4,89,156,211,13,48,25,215,151,66,17,244,133,64,15,222,129,73,
    10,253,209,47,48,171,180,39,29,219,185,71,5,230,164,106,27,176,232,205,8,76,145,252,107,59,217,167,101,35,247,185,73,82,16,
    229,167,4,6,136,177,74,8,232,135,94,76,253,140,114,21,211,145,95,29,163,188,63,19,195,129,106,117,221,162,214,15,78,143,223,
    24,82,214,155,66,9,240,171,111,80,84,213,154,92,17,209,132,2,76,204,135,69,17,209,201,20,124,186,248,54,61,244,240,104,35,
    233,189,117,100,246,168,155,82,112,152,214,20,82,144,206,40,102,232,173,99,95,16,154,167,90,24,219,156,66,0,198,132,23,8,206,
    169,87,48,197,135,39,102,178,237,46,56,229,166,115,41,224,165,140,20,21,218,156,81,17,248,228,92,35,252,182,41,52,92,154,216,
    22,84,146,208,14,5,204,200,121,8,206,137,114,48,246,180,122,101,254,188,71,5,230,151,89,117,176,224,138,84,31,214,252,48,110,
    172,234,40,102,164,226,32,30,92,154,167,95,43,222,185,31,37,227,132,74,85,253,150,48,47,234,177,120,23,253,165,96,56,170,245,
    38,27,238,172,151,80,22,248,190,124,127,224,166,65,15,232,157,95,15,78,176,216,22,84,146,208,14,76,138,200,6,68,130,191,65,
    48,243,145,95,56,251,188,98,32,230,249,89,61,170,233,244,56,118,180,242,48,110,172,234,109,40,224,200,32,30,92,154,157,88,16,
    184,149,64,8,131,226,121,45,203,169,87,21,197,135,95,56,254,143,81,126,248,242,71,32,230,222,181,96,126,203,190,124,7,197,131,
    65,15,181,174,49,97,53,243,148,7,43,208,216,29,88,146,193,10,68,196,149,112,63,238,177,121,58,186,191,108,38,239,171,114,12,
    126,250,181,123,35,231,251,26,110,172,234,40,47,226,226,102,81,31,207,139,22,0,218,149,64,102,138,200,6,68,130,192,62,124,246,
    183,117,53,254,240,81,32,230,205,142,76,50,240,182,41,58,248,155,89,34,211,149,57,116,164,255,32,74,19,212,141,91,22,215,130,
    6,3,200,130,67,7,214,206,74,57,226,172,63,94,178,240,46,8,70,132,194,0,55,250,250,71,58,248,187,124,34,224,166,100,119,
    232,174,73,119,16,229,167,7,70,146,132,70,9,196,226,6,68,130,192,62,124,186,248,54,116,178,140,181,65,57,200,171,17,23,213,
    182,116,103,203,164,62,61,252,163,102,2,225,174,97,71,92,135,216,105,24,222,153,66,0,198,132,74,85,206,140,87,21,246,135,73,
    1,92,166,202,8,70,132,194,0,126,188,250,56,118,180,141,79,34,229,131,65,42,237,174,108,82,16,139,167,79,92,155,250,14,76,
    138,200,6,68,130,192,123,50,254,190,210,16,78,140,143,70,2,174,135,78,58,181,208,71,31,253,155,89,7,211,149,65,42,232,157,
    95,12,14,128,185,82,16,230,159,73,11,198,141,14,59,206,140,87,113,63,253,187,1,2,157,181,97,47,200,211,127,60,180,233,44,
    111,189,254,48,40,249,164,107,50,237,173,110,22,15,206,153,66,17,155,250,14,76,138,200,121,13,253,208,179,9,63,253,158,92,95,
    243,156,6,7,209,150,79,13,236,179,118,5,224,179,126,42,237,184,108,102,185,226,115,74,29,206,157,60,84,146,208,14,11,207,156,
    64,37,16,202,210,17,88,199,130,89,0,194,143,90,70,153,194,83,42,253,174,125,92,180,242,48,110,211,149,100,47,205,139,108,87,
    16,214,148,90,69,237,137,6,69,160,228,34,96,94,200,155,75,29,154,129,64,15,219,132,0,0,209,140,67,42,245,181,118,126,189,
    216,48,110,172,234,40,102,164,226,119,86,21,214,157,22,19,215,132,72,45,232,178,42,105,80,207,138,81,24,218,151,66,78,200,133,
    34,70,132,194,0,126,188,250,56,118,180,242,48,34,227,169,105,42,164,157,108,82,77,243,177,127,61,251,253,85,36,207,155,48,47,
    94,129,218,103,31,235,158,121,95,229,163,68,10,149,189,86,112,239,170,113,56,215,189,101,32,248,234,103,52,164,243,10,30,92,154,
    216,22,112,174,236,42,104,166,228,110,47,29,221,150,24,18,209,158,81,23,140,215,8,57,205,189,76,23,173,147,81,58,248,227,79,
    56,162,185,120,47,234,134,101,82,29,195,244,125,34,174,252,36,123,140,228,34,96,94,156,218,24,86,148,210,16,78,202,133,90,70,
    205,194,29,126,173,246,56,9,248,190,33,7,197,131,65,15,181,157,108,119,7,164,187,50,52,225,198,42,104,166,228,34,96,94,156,
    218,24,86,148,210,16,78,140,131,78,70,202,141,84,126,251,191,108,48,241,188,102,102,165,228,123,54,237,172,178,127,42,182,160,122,
    53,224,236,104,58,227,165,105,96,27,210,158,50,86,148,210,16,78,140,202,8,70,132,194,0,126,188,250,56,38,247,179,124,34,164,
    172,125,40,3,234,181,117,54,190,253,24,112,174,236,42,104,166,228,34,96,94,156,218,24,86,148,210,16,78,140,202,68,9,199,131,
    76,126,195,147,81,58,165,190,33,17,211,166,136,125,81,193,238,105,120,171,244,117,49,227,169,48,15,227,176,81,37,12,202,147,91,
    19,156,173,92,2,229,163,97,47,237,211,76,111,195,147,81,58,165,141,114,102,91,147,212,11,73,164,154,115,54,242,146,123,34,253,
    184,73,32,239,168,102,104,33,208,150,113,63,253,187,121,95,192,219,119,47,237,142,17,1,254,242,43,99,165,251,197,32,72,134,196,
    2,64,190,252,58,120,182,244,50,112,174,236,42,104,166,228,34,96,94,156,218,89,24,208,210,87,15,193,143,6,52,193,146,76,55,
    255,187,108,51,20,253,152,69,26,199,131,71,78,218,189,110,57,244,181,97,53,253,246,76,33,232,160,68,41,12,207,142,123,30,221,
    158,84,70,243,134,68,47,237,171,105,23,173,182,197,109,57,231,128,27,55,196,204,17,85,172,245,51,82,182,244,50,112,174,236,42,
    104,166,228,34,96,94,156,218,24,86,148,210,16,78,140,202,8,7,202,134,0,57,25,219,145,28,34,203,156,70,1,197,133,86,5,
    250,143,110,55,228,181,117,53,160,136,107,60,231,166,99,51,27,207,212,107,6,221,156,94,11,222,153,18,32,205,140,152,124,17,196,
    135,70,51,198,133,70,12,142,187,78,12,215,149,83,17,223,229,126,97,209,133,67,36,183,155,96,104,77,137,201,17,95,190,210,16,
    78,140,202,8,70,160,158,220,26,88,150,212,18,80,142,204,10,72,207,130,2,63,215,149,118,105,250,229,77,15,226,160,85,121,217,
    246,113,96,10,212,159,86,124,148,210,16,78,140,202,36,98,160,158,220,26,88,150,212,18,80,142,204,10,72,134,196,2,63,215,149,
    118,105,250,229,77,15,226,160,85,121,217,246,113,122,55,210,140,87,29,209,161,85,28,254,163,118,106,223,210,144,115,49,255,189,123,
    65,194,221,117,33,239,136,19,63,252,244,41,109,162,253,62,112,209,160,102,1,207,141,75,9,79,208,203,103,63,253,158,61,21,234,
    238,55,119,181,151,213,48,88,150,212,18,80,142,204,10,72,134,196,2,64,190,252,58,120,182,244,50,53,226,191,111,66,166,228,34,
    96,94,156,218,24,86,176,238,44,106,168,230,36,98,160,158,220,26,88,150,212,94,31,205,141,70,72,249,173,78,41,215,149,69,52,
    250,157,123,25,209,254,126,104,187,228,101,33,19,217,192,83,55,228,157,105,56,254,175,103,39,168,225,144,86,49,255,189,123,57,159,
    128,27,55,239,173,78,81,193,190,50,107,163,226,59,121,180,138,99,38,226,130,107,50,13,236,149,124,59,252,170,36,21,228,170,77,
    11,201,247,181,11,20,135,171,123,57,194,221,117,10,142,215,23,87,183,245,16,120,182,244,50,112,174,236,42,104,166,228,34,60,122,
    184,246,52,114,176,238,44,106,168,230,36,98,160,158,157,84,28,150,147,83,29,203,194,120,13,214,136,75,3,255,168,127,60,197,160,
    125,34,239,171,111,102,212,197,179,115,46,253,165,46,20,249,160,104,12,225,180,119,54,195,214,149,86,28,158,171,94,28,231,165,99,
    33,239,213,78,81,193,149,83,52,167,139,112,120,189,249,50,13,75,170,254,60,122,184,246,52,114,176,238,44,106,168,230,36,98,160,
    158,220,26,88,150,212,18,80,142,204,10,72,199,138,70,64,249,189,119,61,184,134,119,32,226,193,133,69,22,197,186,79,46,247,164,
    117,53,245,224,94,47,229,169,112,39,243,144,175,95,10,192,157,81,21,221,214,108,1,200,128,100,9,236,175,110,27,254,189,126,72,
    66,247,138,72,43,233,151,85,19,169,186,37,13,217,135,96,123,215,164,44,113,181,135,213,19,114,150,212,18,80,142,204,10,72,134,
    196,2,64,190,252,58,120,182,144,206,12,74,136,198,4,66,128,254,60,59,246,178,52,53,241,163,105,100,218,163,116,46,233,221,157,
    78,29,210,167,70,31,220,141,77,13,136,182,71,13,241,168,127,71,92,227,139,94,28,193,133,65,17,142,141,108,51,246,184,113,32,
    194,171,97,37,252,163,119,120,198,215,146,94,62,223,134,65,4,237,132,67,4,194,204,125,12,242,241,191,125,59,249,223,64,91,247,
    175,109,14,145,129,126,114,171,224,36,123,185,196,44,106,168,230,36,98,160,158,220,26,88,150,212,18,80,142,204,10,72,134,196,2,
    28,90,209,144,20,45,249,130,101,35,225,185,72,14,233,183,85,5,170,162,52,38,248,171,98,64,168,230,36,98,160,158,220,26,88,
    150,212,18,80,142,204,10,72,134,224,222,28,90,152,214,20,82,144,206,115,35,196,175,109,43,255,178,112,19,241,159,75,96,228,244,
    69,36,254,169,111,39,211,219,142,76,29,196,220,109,28,194,165,99,13,203,137,207,80,75,231,191,125,30,129,177,78,66,155,208,21,
    75,137,212,60,122,184,246,52,114,176,238,44,106,168,230,36,98,160,158,220,26,88,150,212,18,80,142,173,104,32,136,224,222,28,90,
    152,214,20,82,144,206,12,74,136,198,4,66,128,254,60,122,253,184,112,88,176,238,44,106,168,230,36,98,160,158,220,26,88,150,212,
    18,41,228,172,47,78,162,224,222,28,90,152,214,20,82,144,206,12,74,136,198,4,22,193,173,119,116,239,183,125,38,184,170,105,38,
    233,191,45,72,160,158,220,26,88,150,240,46,108,170,232,38,33,236,164,244,28,90,152,214,20,82,144,206,12,74,136,198,80,3,211,
    181,50,45,249,191,96,122,161,224,57,99,130,230,36,98,160,158,220,26,116,247,190,106,70,170,232,38,100,231,174,154,21,112,221,152,
    80,91,186,177,101,3,225,175,109,61,255,151,112,54,199,137,38,32,170,143,104,46,220,169,99,37,236,219,240,73,56,254,153,71,5,
    195,129,55,40,179,159,183,117,22,137,169,86,90,131,216,30,67,132,198,66,23,206,189,104,51,247,184,60,33,228,175,120,47,161,204,
    36,98,124,186,135,127,11,254,153,63,5,195,164,106,117,221,182,208,93,15,204,153,103,2,217,128,100,19,216,131,86,66,157,254,111,
    46,249,162,113,88,176,238,44,106,239,163,148,120,57,244,174,62,125,188,163,126,37,228,166,99,54,179,224,195,28,9,204,151,64,23,
    186,206,12,74,136,185,123,14,201,151,85,54,241,186,120,62,252,255,83,51,76,139,234,62,124,186,248,98,53,225,187,32,63,250,169,
    113,42,170,166,139,82,25,204,159,91,28,152,199,38,74,136,198,4,66,128,254,60,45,240,191,120,55,176,169,141,82,2,199,142,104,
    116,179,246,101,36,251,190,96,41,248,249,38,32,237,202,222,28,90,152,214,20,82,144,206,12,74,136,138,75,1,193,178,60,5,244,
    186,37,27,37,227,161,111,85,253,140,87,3,168,183,54,105,178,143,103,19,230,129,55,13,203,172,146,13,37,206,216,71,2,217,128,
    111,5,221,136,80,66,207,172,60,107,146,246,208,14,76,138,200,6,68,130,192,62,124,246,183,117,53,254,240,106,41,230,169,127,100,
    191,224,161,85,37,212,191,5,59,249,130,64,91,247,144,10,17,208,183,114,30,17,222,145,87,76,197,154,6,84,140,211,20,124,186,
    248,54,116,178,240,46,108,170,232,38,34,237,178,222,85,90,133,214,5,94,144,177,64,6,153,175,109,43,233,151,201,105,24,251,175,
    28,3,138,140,73,110,130,192,62,124,186,248,54,116,178,240,46,108,170,232,38,100,235,166,222,82,21,204,214,83,23,196,136,73,4,
    222,206,13,76,15,202,145,88,26,215,130,31,76,222,128,67,10,130,130,108,57,251,179,54,49,252,180,4,108,170,232,38,100,162,224,
    222,28,90,152,214,20,82,144,206,92,9,201,138,108,22,26,207,150,85,0,219,159,64,68,131,226,6,68,130,192,62,124,186,248,54,
    116,178,240,46,108,170,232,38,100,162,224,146,83,25,217,154,20,45,249,167,64,91,232,243,95,97,16,214,167,7,43,128,131,14,81,
    138,143,71,9,199,218,89,57,238,139,115,38,228,185,109,41,162,151,106,40,203,137,183,117,51,137,154,5,45,249,167,100,119,219,160,
    40,13,74,137,209,31,78,244,153,64,8,236,129,84,23,214,163,118,53,246,188,62,11,254,188,71,5,195,129,79,117,238,241,161,117,
    51,212,199,107,16,164,249,62,114,173,235,10,30,92,154,216,22,84,146,208,14,76,138,200,6,68,130,192,62,124,186,248,54,116,178,
    240,111,34,238,232,97,37,239,165,208,110,31,200,154,121,45,237,190,109,34,215,182,111,76,29,221,157,24,48,211,132,79,14,203,155,
    67,23,152,166,119,50,254,158,127,38,225,164,77,36,227,164,98,108,221,172,146,117,51,221,155,89,127,224,251,87,15,205,174,49,97,
    30,146,203,0,65,155,217,36,76,138,200,6,68,130,192,62,124,186,248,54,116,178,240,46,108,170,232,38,100,162,224,222,121,56,240,
    242,119,47,225,175,38,20,225,178,108,87,31,219,140,83,16,225,132,65,30,203,143,67,74,230,129,106,61,248,185,101,49,225,254,93,
    60,227,166,104,33,240,239,224,94,63,250,182,86,39,254,185,124,5,236,171,108,90,84,229,148,90,61,251,185,103,37,155,132,23,59,
    235,169,114,109,197,186,62,103,164,230,39,101,128,232,38,0,126,188,250,56,118,180,242,48,110,172,234,40,102,164,226,32,30,21,220,
    216,105,61,251,156,31,0,155,183,121,8,206,191,47,3,168,171,54,32,250,181,96,70,170,132,194,0,126,188,250,56,118,180,242,48,
    110,172,234,40,102,164,226,32,30,92,154,216,105,61,251,156,31,0,155,183,121,8,206,191,47,3,168,171,44,29,252,166,97,67,3,
    247,135,82,40,249,168,48,9,248,190,89,7,197,131,65,119,232,243,95,119,53,214,201,105,22,154,195,24,91,131,196,6,59,206,140,
    87,21,211,145,95,101,254,157,181,97,47,200,211,127,60,180,233,46,110,189,251,26,110,172,234,40,102,164,226,32,30,92,154,216,22,
    84,146,208,14,76,138,200,67,10,198,234,62,124,186,248,54,16,78,140,202,8,70,132,194,0,126,188,191,118,50,189,216,48,110,172,
    234,40,102,164,226,32,30,92,154,216,22,84,146,132,79,31,193,198,81,5,203,148,54,56,255,216,147,73,71,166,202,8,70,132,194,
    0,126,188,250,56,118,180,183,126,42,134,234,40,102,164,226,32,30,92,154,216,22,84,198,145,93,7,132,159,71,13,214,200,47,22,
    67,157,248,16,78,140,202,8,70,132,194,69,48,248,208,56,118,180,242,117,32,232,227,2,35,234,166,41,52,35,243,145,127,61,251,
    175,113,37,198,132,121,59,144,206,192,121,18,208,190,81,12,201,134,0,57,200,142,105,23,213,147,81,103,248,227,79,7,197,166,57,
    25,230,234,51,8,69,147,171,70,29,220,208,90,21,218,141,121,113,79,208,203,84,71,253,187,89,39,229,134,68,10,251,208,8,109,
    171,234,49,9,248,190,89,7,197,131,65,119,232,243,95,119,53,214,201,105,22,154,195,25,93,131,133,111,47,11,210,142,24,6,209,
    128,16,13,205,134,68,57,149,211,76,111,240,235,81,31,253,155,89,34,224,166,87,116,172,241,55,12,85,251,141,66,27,146,160,91,
    58,229,172,99,51,27,156,169,72,31,218,129,16,70,234,152,77,3,132,166,85,46,181,133,116,58,221,155,89,7,197,251,100,119,219,
    139,73,82,77,229,154,30,71,133,255,35,26,227,180,110,41,29,221,142,93,18,231,134,95,28,205,141,77,57,149,211,76,111,240,235,
    81,31,253,155,89,34,224,166,87,116,172,241,55,10,85,254,153,66,49,236,173,121,45,245,155,51,113,18,141,150,9,63,253,155,121,
    39,192,134,68,57,150,202,19,105,169,243,75,38,253,188,126,43,254,185,87,119,181,174,49,82,77,243,157,123,25,199,160,102,36,217,
    246,42,115,73,138,211,119,24,228,135,66,13,196,139,91,3,247,146,73,48,239,133,41,103,248,227,124,127,197,131,97,15,205,174,108,
    82,7,164,252,33,103,185,229,69,38,214,177,112,35,22,221,137,93,37,196,155,94,29,140,1239,1053,70,1177,1234,1049,1130,1193,1255,71,58,
    248,155,89,7,197,131,57,42,181,157,149,83,52,167,139,112,120,189,251,50,97,140,155,75,41,55,245,179,103,41,253,158,92,49,243,
    216,90,92,229,134,68,28,243,162,48,9,248,190,89,7,197,131,65,119,12,175,131,83,17,250,229,77,50,166,255,61,113,175,232,34,
    38,11,210,153,76,31,219,156,24,1,206,128,77,5,208,206,0,56,243,185,109,37,189,216,48,110,172,234,141,68,64,248,179,121,45,
    229,244,102,56,235,162,0,104,166,228,34,96,94,156,218,84,25,215,147,92,78,243,134,68,15,200,142,76,50,240,235,116,58,221,155,
    124,17,55,151,214,2,93,190,168,117,54,227,185,112,53,252,228,101,42,236,161,97,52,80,232,159,64,2,157,248,16,78,140,202,8,
    70,132,194,73,56,188,133,116,58,253,190,128,70,4,202,213,78,12,215,149,118,7,201,229,32,112,250,164,111,38,140,228,34,96,94,
    156,218,24,86,148,210,16,78,243,131,119,10,237,211,105,23,240,182,41,9,6,128,135,67,28,229,139,87,14,234,252,39,120,201,184,
    126,57,226,160,102,36,234,245,110,44,55,245,150,103,41,133,192,58,78,140,202,8,70,132,194,0,126,188,250,212,109,47,194,133,99,
    33,202,141,78,12,242,176,43,7,239,252,59,90,174,236,42,104,166,228,34,96,27,210,158,50,86,148,210,16,11,194,142,34,3,202,
    134,9,84,39,255,157,123,57,231,179,117,33,202,136,125,63,172,174,32,25,242,176,70,63,233,171,102,45,174,155,110,44,55,245,179,
    113,63,133,158,1,49,229,163,68,87,251,128,212,9,64,134,221,30,80,200,153,68,11,210,141,77,14,182,175,110,57,226,177,59,90,
    174,236,42,104,217,173,93,44,55,141,179,113,26,216,195,111,24,130,139,93,18,239,241,140,95,22,253,157,70,3,142,209,10,27,210,
    133,86,5,148,252,58,120,182,179,119,36,232,169,100,62,174,237,44,47,14,217,148,115,31,192,129,16,83,140,153,112,35,244,219,246,
    26,88,150,212,109,47,194,133,99,33,202,141,78,12,242,176,43,7,239,252,59,90,174,236,42,104,242,165,113,43,80,207,138,89,1,
    218,218,86,27,230,165,112,43,239,208,212,19,114,150,212,18,80,142,204,10,72,209,140,75,12,251,252,125,61,226,178,119,62,248,228,
    35,102,233,180,103,46,53,213,142,75,86,208,157,6,106,168,230,36,98,160,158,220,26,88,150,212,94,31,205,141,70,72,249,136,78,
    81,215,149,83,17,223,229,77,60,199,147,56,39,166,249,34,31,23,227,150,113,71,217,135,96,38,185,153,114,108,235,215,136,121,23,
    195,154,70,80,193,158,10,89,172,196,2,64,190,252,58,120,182,244,50,112,174,170,101,58,166,173,34,125,94,141,214,52,13,252,162,
    61,3,193,143,77,11,177,225,144,115,39,132,155,18,20,193,230,10,72,134,196,2,64,190,252,58,120,182,244,50,112,174,236,99,46,
    166,170,109,52,94,255,179,96,52,245,160,122,98,161,232,107,50,229,208,183,83,12,197,212,70,24,203,130,10,10,212,129,67,11,190,
    185,116,60,156,244,50,112,174,236,42,104,166,228,34,60,122,184,246,52,114,224,173,109,38,228,238,98,55,238,221,136,83,23,216,220,
    27,122,142,204,10,72,134,196,2,64,190,252,58,120,182,244,50,112,174,236,42,104,234,207,189,125,54,184,137,37,62,161,145,101,35,
    228,170,104,46,177,210,205,101,74,195,212,15,80,201,141,71,13,156,163,71,20,205,185,104,46,255,183,119,120,209,160,102,109,43,233,
    151,85,107,244,231,75,27,217,162,61,21,234,238,55,122,177,151,213,20,42,211,153,93,4,203,159,4,59,195,150,84,9,253,185,105,
    118,213,187,124,35,251,197,135,70,14,197,141,121,40,238,191,119,55,194,171,97,37,252,163,119,108,195,209,146,73,13,219,145,56,80,
    142,204,10,72,134,196,2,64,190,252,58,120,182,244,50,12,74,136,198,72,13,195,191,112,122,199,231,93,27,161,162,96,35,193,143,
    53,46,201,247,163,8,14,150,201,18,11,241,128,70,33,239,173,107,41,175,176,43,7,223,249,130,29,53,202,206,23,90,146,247,48,
    122,199,186,120,27,217,135,69,3,185,170,53,29,201,247,144,11,39,212,220,1,72,157,197,6,72,249,136,78,41,215,149,83,125,67,
    220,223,115,35,225,138,21,61,194,246,47,98,172,255,56,114,207,162,96,3,193,143,77,11,177,210,205,101,49,255,152,3,47,204,196,
    25,80,147,205,14,64,193,212,154,125,59,249,167,101,91,196,215,123,43,233,178,45,5,250,254,39,106,166,231,113,64,168,230,36,98,
    160,158,220,26,88,150,212,18,80,142,204,10,72,134,196,2,90,21,202,214,107,94,144,133,69,30,230,135,73,7,128,183,114,122,241,
    166,117,59,226,189,36,21,185,143,77,115,236,210,149,115,49,135,152,123,57,241,222,92,65,134,164,145,54,90,152,214,20,82,144,206,
    12,74,136,198,4,66,128,254,60,122,184,246,52,114,176,238,44,35,238,230,106,45,244,158,155,95,12,208,145,92,6,134,197,4,43,
    242,165,144,119,19,204,133,20,6,216,139,66,74,202,148,65,3,203,254,121,52,252,220,52,114,176,238,44,106,168,230,36,98,160,158,
    220,26,88,150,212,18,80,142,232,38,100,162,159,207,80,75,231,159,93,30,220,130,64,91,196,215,123,80,213,228,85,52,238,185,127,
    55,195,171,126,60,237,180,44,41,233,202,178,91,21,211,221,56,108,170,232,38,100,162,224,222,28,90,152,214,20,82,144,206,12,74,
    136,198,4,66,128,254,104,59,235,189,58,37,241,167,120,98,184,232,52,119,169,180,220,26,88,150,240,46,108,170,232,38,100,162,224,
    222,28,90,152,214,20,82,213,128,72,96,136,198,4,66,128,254,60,122,184,246,52,114,176,238,44,106,237,168,96,107,138,158,220,26,
    116,178,240,46,108,170,232,38,100,162,224,222,28,14,217,133,95,92,199,143,69,30,128,214,10,83,137,212,60,122,184,246,52,114,176,
    238,44,106,168,230,97,44,228,180,248,54,116,178,240,46,108,170,232,38,100,162,180,159,79,17,150,129,85,27,196,198,28,68,157,207,
    46,66,128,254,60,122,184,246,52,55,254,170,6,106,168,230,36,39,50,254,241,28,49,252,180,39,70,213,129,111,13,203,137,161,99,
    51,212,154,107,45,130,156,22,43,204,130,112,13,199,185,112,63,176,137,120,62,217,135,69,3,193,247,140,47,3,211,145,122,101,205,
    178,38,127,178,255,47,104,162,166,139,82,25,204,159,91,28,152,157,88,11,220,131,13,104,128,254,60,122,199,191,75,62,217,255,69,
    3,8,206,209,65,42,180,191,127,34,247,162,69,37,254,232,59,100,241,180,159,72,31,178,214,20,82,144,137,73,30,206,131,74,20,
    136,247,50,61,241,160,113,32,219,167,156,6,89,130,147,106,61,238,189,28,116,178,240,46,19,213,164,111,13,203,172,151,80,22,212,
    154,5,45,201,198,5,96,136,198,4,66,212,191,111,49,182,165,100,51,27,196,192,64,17,204,131,106,53,245,182,62,125,152,240,46,
    108,170,232,38,100,162,183,150,85,22,221,214,83,23,196,136,73,4,222,206,13,76,199,183,106,63,234,157,153,90,76,206,135,44,68,
    130,192,62,124,186,248,54,116,178,240,46,60,233,169,106,40,170,166,139,82,25,204,159,91,28,152,199,38,74,136,198,4,66,128,254,
    60,122,84,146,208,14,76,138,200,74,11,193,129,114,124,197,233,122,101,205,185,103,32,230,164,106,117,238,241,161,14,15,152,203,20,
    21,209,131,73,80,239,131,80,49,197,172,142,95,23,215,216,113,0,198,161,111,45,235,169,47,48,171,135,95,29,254,225,81,46,162,
    251,62,124,171,233,208,110,31,213,153,64,23,195,192,127,15,218,144,77,1,25,201,214,117,27,220,131,91,1,203,138,74,1,241,133,
    108,42,243,187,115,6,247,189,97,56,239,187,40,7,237,174,141,73,23,221,252,20,82,144,206,12,74,136,198,32,30,92,154,216,22,
    84,146,156,65,15,203,132,6,59,147,169,87,109,246,180,127,29,219,225,98,5,195,151,52,50,162,253,222,71,37,212,154,125,59,249,
    167,101,91,232,243,95,119,53,214,201,105,22,154,195,22,85,131,196,6,59,206,140,87,21,211,145,95,101,254,225,81,5,195,164,55,
    27,224,232,205,5,74,145,218,20,45,220,130,65,15,205,139,73,15,16,139,167,127,61,222,193,113,14,130,219,31,85,139,204,62,3,
    246,180,95,29,219,153,71,125,230,249,89,13,203,172,207,99,24,144,197,13,64,165,230,40,25,232,174,73,119,53,243,177,7,24,131,
    175,103,37,198,217,121,6,138,211,39,111,179,165,28,116,178,240,46,108,170,232,38,100,162,224,222,28,90,152,214,118,33,254,234,87,
    106,164,169,105,74,50,219,149,83,84,219,158,14,5,218,137,79,22,209,200,65,109,211,145,39,56,254,185,71,5,187,164,79,13,221,
    242,136,21,90,240,189,26,110,172,234,40,102,164,226,32,30,92,154,216,22,84,146,208,14,76,138,200,79,2,130,142,113,40,186,191,
    115,32,244,181,96,58,162,225,40,35,235,182,155,106,29,253,166,48,58,228,175,102,102,230,176,101,95,23,154,157,88,16,184,208,14,
    76,138,200,6,68,130,192,62,124,186,248,54,116,178,240,46,108,170,151,55,40,179,195,179,113,58,248,190,124,127,224,251,87,116,241,
    248,73,80,10,213,147,83,39,215,130,88,9,216,192,77,13,214,174,127,49,255,241,28,116,178,240,46,108,170,232,38,0,126,188,250,
    56,118,180,242,48,110,172,234,124,39,247,169,46,73,29,211,140,30,68,156,193,7,102,138,200,6,68,130,192,62,124,186,248,54,116,
    178,240,46,108,239,202,134,42,126,188,250,56,118,180,242,48,110,172,234,40,35,234,166,41,52,92,154,216,22,84,146,208,14,76,138,
    200,6,16,195,147,117,114,237,185,127,32,186,224,32,29,79,174,194,0,126,188,250,56,118,180,183,126,42,134,234,40,102,164,167,110,
    90,85,176,157,88,16,155,250,113,37,195,161,111,45,253,191,87,48,246,135,73,102,224,150,171,76,2,240,141,71,57,240,191,48,9,
    248,190,89,7,197,131,65,119,232,243,95,119,53,214,201,105,22,154,195,23,88,131,196,6,2,215,142,125,40,243,183,120,24,29,216,
    139,92,3,141,232,0,126,188,250,71,63,203,190,89,127,197,131,100,42,181,157,118,16,29,207,140,89,59,194,149,64,45,198,132,109,
    13,214,147,62,97,186,199,134,81,26,201,224,8,70,132,194,71,59,232,188,125,56,226,250,57,96,227,186,109,40,197,174,108,117,21,
    206,139,22,73,146,131,90,13,222,141,44,68,130,192,62,103,41,216,155,121,39,192,131,68,10,200,142,17,1,229,242,49,92,180,242,
    48,110,248,171,123,45,170,177,112,95,11,212,208,80,1,220,147,90,5,197,134,14,77,168,156,218,24,86,148,210,16,78,219,130,65,
    10,193,194,71,59,232,188,125,56,226,250,57,96,227,186,109,40,197,174,108,117,21,206,139,22,16,221,250,14,76,138,200,6,96,94,
    156,218,24,86,148,130,83,15,192,134,0,0,209,140,67,42,245,181,118,126,189,216,48,110,172,234,40,102,164,226,32,30,92,154,216,
    22,84,146,156,65,15,203,168,34,31,79,208,203,103,31,221,158,92,2,192,219,68,87,251,208,85,126,161,250,127,55,249,183,42,9,
    233,190,91,35,246,180,105,93,25,146,167,90,24,251,185,103,1,207,245,110,113,33,245,179,84,71,235,144,24,93,149,223,1,79,138,
    176,69,51,243,174,125,37,186,129,117,60,250,163,107,35,247,236,67,81,18,201,141,91,21,208,160,111,27,227,182,116,41,29,217,168,
    93,27,219,134,85,29,130,169,71,8,215,151,77,59,150,250,56,118,180,242,48,110,172,234,40,102,164,226,32,30,92,214,151,85,49,
    226,236,85,121,207,141,51,44,18,213,179,113,71,216,187,121,49,158,156,8,91,132,153,127,50,240,147,81,31,221,155,33,34,189,149,
    65,15,232,243,95,92,84,137,237,36,121,162,236,85,36,234,141,75,9,55,245,203,84,71,235,187,121,2,157,181,74,78,151,219,23,
    119,176,250,71,58,248,155,89,7,197,131,57,42,181,157,73,119,52,167,139,112,120,189,245,50,97,170,228,93,44,18,245,179,113,63,
    253,195,92,95,243,163,97,10,149,189,66,118,175,227,33,127,184,242,79,34,224,131,65,15,205,139,237,118,105,201,157,91,60,191,147,
    104,96,178,244,50,105,3,182,218,24,86,148,210,16,78,140,202,8,70,132,194,0,126,188,188,119,36,180,141,60,110,231,163,124,8,
    1,243,185,58,49,248,244,123,32,239,165,120,59,174,155,51,9,55,141,150,84,31,253,187,1,2,229,163,119,84,210,203,0,58,243,
    208,56,118,180,242,48,110,172,234,196,2,64,190,252,58,120,182,244,50,112,174,165,108,104,232,171,118,96,25,217,142,94,19,218,132,
    24,71,130,133,88,3,202,163,76,50,215,179,108,37,180,166,120,43,6,134,134,80,5,255,183,58,61,248,176,24,112,174,236,42,104,
    166,228,34,96,94,156,218,24,86,148,210,16,78,140,202,119,87,200,211,127,55,245,182,116,58,248,227,128,27,55,148,145,24,41,240,
    170,117,51,243,135,119,34,248,169,120,96,237,173,118,14,31,209,159,17,124,148,210,16,78,140,202,8,70,132,194,0,126,188,250,56,
    118,80,142,204,10,28,199,151,73,78,233,189,115,44,190,228,60,97,167,198,42,104,166,228,34,96,94,156,218,24,86,148,210,16,78,
    140,143,70,2,174,194,0,126,188,250,212,18,80,142,204,10,72,195,138,70,73,148,252,58,120,182,244,50,112,174,236,42,104,166,176,
    99,51,21,146,141,89,31,192,218,0,64,153,195,34,70,132,194,0,126,88,150,212,87,30,202,230,10,72,134,196,71,14,250,245,16,
    61,248,176,59,90,209,133,99,1,207,141,93,31,55,208,150,103,41,134,128,10,47,200,142,100,7,198,135,144,18,39,218,152,123,57,
    231,165,99,89,202,213,125,41,215,176,43,7,244,252,38,96,191,229,73,32,233,180,34,3,31,206,218,118,23,217,151,111,95,157,134,
    25,10,177,247,181,83,49,255,152,94,28,241,222,2,92,150,214,11,63,242,176,83,17,223,157,91,97,226,253,85,1,207,168,51,31,
    28,148,206,8,69,157,177,88,1,220,202,71,35,242,158,187,111,49,242,171,3,65,194,221,70,89,239,173,75,41,215,176,118,52,201,
    230,58,100,190,248,35,23,234,168,75,9,55,245,179,9,26,133,173,121,39,228,247,91,32,168,138,204,15,81,247,129,70,31,142,175,
    66,7,214,196,116,5,246,181,121,52,243,139,35,97,226,253,102,121,207,141,107,9,55,208,150,84,41,134,218,56,122,190,239,86,39,
    240,210,149,89,25,194,145,86,35,218,131,88,9,193,129,125,81,175,176,43,52,167,157,91,57,199,133,102,36,234,155,48,104,74,140,
    205,17,38,241,173,103,43,239,163,119,29,177,143,144,11,20,135,189,123,25,231,165,70,4,202,187,16,72,170,236,34,113,201,157,124,
    52,235,180,85,121,183,168,51,44,79,245,179,125,27,217,162,96,38,215,244,44,118,176,135,213,73,20,211,157,70,30,199,143,65,55,
    210,157,82,5,250,241,104,61,251,187,102,53,206,252,36,122,168,244,93,113,79,244,231,120,99,217,135,101,3,193,170,104,46,223,140,
    212,14,73,134,221,70,9,222,137,78,69,212,129,79,15,234,185,69,105,167,184,35,60,191,133,67,33,207,141,110,112,54,199,228,60,
    102,161,255,37,24,237,183,113,39,243,202,191,82,23,198,171,3,65,194,221,70,89,239,173,75,41,215,176,118,52,201,230,58,100,191,
    254,35,1,232,198,171,111,51,247,184,52,17,241,188,44,4,233,171,97,29,177,143,144,11,20,135,189,123,25,231,165,70,4,202,187,
    16,72,170,237,41,113,201,184,126,25,199,133,67,109,83,204,239,67,19,209,186,37,13,242,230,56,123,188,239,77,44,230,203,143,83,
    23,216,212,113,17,220,204,109,61,239,160,125,81,175,176,43,52,167,157,91,57,199,225,138,72,14,255,236,52,110,169,227,61,13,252,
    162,69,3,193,143,77,115,236,143,163,115,49,218,197,109,18,134,216,27,94,143,165,87,20,241,252,83,54,240,161,97,69,5,198,198,
    114,7,200,183,127,54,253,137,37,99,252,255,96,123,193,143,109,11,201,210,144,86,39,132,220,6,65,153,197,120,13,214,136,75,3,
    255,168,127,60,197,196,129,94,11,207,131,123,83,145,178,45,54,169,159,93,59,217,135,96,38,228,153,54,106,180,143,196,19,40,215,
    151,89,17,201,137,89,55,151,213,78,81,242,237,83,125,27,249,167,64,6,196,185,22,74,148,239,37,115,199,159,122,54,245,182,83,
    123,185,170,53,46,177,247,181,83,49,255,152,94,28,241,222,2,92,148,212,11,19,242,221,159,64,28,217,141,71,53,220,159,84,7,
    196,243,110,63,245,185,96,55,208,254,34,120,166,246,91,115,177,210,205,86,73,255,189,91,57,231,128,70,4,249,214,10,8,72,137,
    223,64,11,192,139,72,71,218,131,73,13,212,187,67,107,169,186,37,62,161,135,69,35,193,143,104,46,236,225,206,18,76,132,198,27,
    34,203,157,95,13,213,180,183,82,28,205,133,93,29,222,177,29,91,196,215,72,83,233,151,117,19,209,186,120,62,207,252,36,126,186,
    245,45,3,245,202,147,26,59,218,149,91,29,142,168,75,45,238,185,222,111,14,202,147,85,25,239,223,29,6,153,138,21,43,233,183,
    85,19,244,186,120,13,162,230,56,120,188,239,86,39,240,210,149,89,25,194,145,86,35,218,167,116,37,229,165,161,13,75,212,199,88,
    67,249,167,69,35,225,138,72,14,255,236,52,110,170,227,61,0,245,163,99,62,237,181,91,115,177,210,205,86,73,255,189,91,5,195,
    164,106,40,221,242,214,8,72,142,223,113,4,213,128,88,41,199,136,80,16,207,178,112,63,234,137,37,99,252,255,96,123,193,143,109,
    11,201,210,144,86,39,132,248,58,126,189,225,66,37,235,172,135,111,14,202,147,85,25,239,223,29,6,153,138,21,43,233,183,85,19,
    244,186,120,13,162,230,56,120,176,239,86,39,237,209,136,95,17,228,181,96,56,213,249,55,40,179,172,207,117,51,209,191,125,30,220,
    130,115,88,128,210,22,91,137,157,112,59,241,187,75,99,161,162,61,38,185,143,77,43,201,247,180,122,56,205,226,38,120,185,248,47,
    7,238,161,151,81,37,137,199,88,67,220,223,101,35,193,175,109,14,204,178,67,104,176,226,39,99,185,156,105,39,231,178,97,4,41,
    244,187,98,61,253,190,81,125,187,164,55,40,179,137,183,85,51,241,154,88,30,239,220,4,94,155,212,13,48,197,174,112,51,251,183,
    96,55,244,157,120,37,250,167,135,123,3,171,233,122,101,254,225,71,5,227,129,79,40,238,172,161,14,82,140,197,7,91,226,139,65,
    5,220,131,87,61,145,239,112,107,244,231,93,27,249,135,69,38,8,206,191,44,116,174,235,34,125,214,177,103,32,243,155,114,54,231,
    161,149,99,75,137,154,5,30,129,167,101,3,225,175,72,14,204,129,46,114,172,229,33,123,194,171,133,73,16,199,166,107,50,249,172,
    127,59,252,143,63,125,230,249,106,117,203,137,151,117,51,212,154,88,45,130,198,24,89,158,207,46,61,233,183,85,19,209,137,75,27,
    0,198,183,121,86,208,218,95,56,254,154,121,44,186,143,98,32,195,129,79,13,203,241,146,13,37,241,191,88,67,239,140,4,94,155,
    209,13,78,128,184,105,52,251,162,153,65,2,130,135,68,14,199,131,106,112,186,190,121,55,231,163,39,70,170,232,38,100,235,166,222,
    90,21,219,131,71,82,196,134,73,4,162,198,4,66,128,254,60,122,84,222,159,77,13,198,200,121,8,206,137,114,48,246,180,122,101,
    254,188,71,5,230,151,89,117,176,224,195,28,14,215,152,65,31,210,139,94,66,199,132,78,7,195,170,214,98,17,202,132,7,102,138,
    200,6,68,130,192,62,124,243,190,54,11,254,188,103,32,230,164,106,40,179,172,146,117,51,212,169,107,67,130,206,88,2,205,136,46,
    66,92,154,216,22,84,146,208,14,76,138,200,121,13,253,140,87,109,211,145,122,56,163,143,120,98,232,189,127,9,235,174,174,78,19,
    219,147,20,79,144,177,64,6,193,138,108,82,16,214,201,90,24,251,185,66,51,245,217,20,110,130,192,62,124,186,248,54,116,178,240,
    46,108,213,151,106,45,203,137,146,85,22,212,154,88,67,239,151,4,67,142,226,32,30,92,154,216,22,84,215,158,74,102,138,200,6,
    68,199,142,122,86,255,182,114,125,152,143,71,37,195,129,79,27,221,137,146,80,37,231,196,70,72,241,138,108,4,235,186,40,97,16,
    214,177,127,61,251,185,31,0,155,183,111,45,206,209,65,62,178,236,37,108,187,252,46,42,255,166,101,48,235,175,144,20,21,218,156,
    81,17,248,230,40,32,235,161,117,77,85,176,216,22,84,146,153,72,76,204,135,69,17,209,192,106,52,255,182,28,116,178,240,46,108,
    170,232,38,40,237,163,159,80,90,231,154,124,39,224,166,100,42,232,243,108,82,53,243,148,105,43,131,194,14,81,138,156,73,10,215,
    141,124,57,232,240,121,54,248,181,109,56,164,156,99,60,246,233,244,28,90,180,242,48,110,172,234,97,32,164,157,108,82,21,214,148,
    90,24,222,193,66,0,227,161,74,59,253,209,44,124,238,176,115,58,152,240,46,108,170,232,38,100,162,224,222,56,118,203,187,79,34,
    197,251,65,15,232,174,49,97,10,148,154,67,13,255,145,86,60,216,129,69,1,130,221,62,3,246,180,127,56,254,188,98,32,187,164,
    106,13,203,240,133,71,103,166,216,48,110,172,234,40,102,164,226,32,30,92,154,167,105,24,219,185,103,0,195,132,74,8,206,209,65,
    37,178,241,28,116,178,240,46,108,170,232,38,69,48,248,208,56,118,180,242,117,32,232,192,109,40,224,235,10,97,53,211,177,127,61,
    237,175,103,0,198,183,121,86,208,218,95,56,254,154,121,44,186,143,98,32,195,237,171,105,23,173,182,41,9,221,155,124,127,211,168,
    32,114,183,251,41,18,92,220,141,88,23,198,153,65,2,130,135,68,14,199,131,106,112,186,190,121,55,231,163,39,34,70,132,194,0,
    55,250,250,126,57,247,167,99,110,248,162,109,40,142,226,32,30,92,154,216,22,84,222,159,77,13,198,200,121,85,253,169,87,21,171,
    145,95,29,219,192,219,119,57,150,149,0,99,188,181,122,60,241,177,100,96,216,175,112,50,142,226,32,30,92,154,216,22,84,237,153,
    113,0,227,217,111,45,206,140,47,3,236,246,116,69,23,255,154,77,5,205,132,73,61,223,187,106,118,169,242,79,127,211,131,65,15,
    181,139,73,119,53,214,201,105,43,128,135,36,76,138,200,6,68,130,192,62,3,197,216,155,121,39,192,131,68,10,200,142,17,1,229,
    242,49,92,180,242,48,110,233,164,108,76,225,172,100,23,118,229,177,95,61,251,185,113,51,227,132,74,59,253,210,108,2,55,208,150,
    100,1,203,141,68,3,140,189,76,50,213,147,81,31,221,227,124,127,211,131,65,42,181,157,98,22,72,142,200,31,88,146,150,91,2,
    201,156,79,11,204,148,137,76,23,192,151,25,100,140,202,8,70,251,139,127,50,213,235,81,31,248,190,33,17,250,228,105,51,240,173,
    66,75,5,249,153,68,7,146,205,14,31,222,137,82,37,116,156,218,24,86,211,151,68,8,201,132,94,78,141,204,65,43,232,181,90,
    35,237,145,113,60,255,234,53,102,247,182,97,74,25,176,216,22,84,146,175,113,0,195,141,75,44,23,208,150,84,26,133,173,73,70,
    133,224,8,70,132,194,84,63,239,177,54,37,228,179,103,32,164,172,125,40,231,182,105,81,18,146,209,60,84,146,208,14,104,166,228,
    34,55,22,213,150,93,86,211,151,68,8,201,132,94,78,141,204,65,43,232,181,90,35,237,145,113,60,255,234,108,41,142,226,32,30,
    92,154,216,22,84,146,236,42,104,246,167,99,44,18,148,156,77,24,215,134,89,1,194,194,1,108,132,194,0,126,188,250,56,118,180,
    242,48,110,172,234,40,102,232,173,99,95,16,154,167,95,57,226,253,102,121,234,245,51,9,55,213,165,10,14,148,207,16,28,201,155,
    93,15,214,135,8,57,253,183,125,108,211,183,100,29,233,184,126,47,231,167,40,97,16,214,157,91,25,199,133,59,36,183,155,75,9,
    18,141,165,90,94,128,198,1,71,133,196,108,7,208,131,14,29,253,168,75,62,251,162,85,32,248,184,97,35,247,235,10,30,120,182,
    244,50,112,174,236,42,104,166,228,34,96,94,156,150,87,21,213,158,16,49,197,219,68,10,149,171,76,111,213,147,116,58,221,141,34,
    55,172,247,40,25,237,171,176,43,52,167,184,35,97,199,133,99,23,180,188,44,3,31,206,137,113,24,231,154,95,30,166,202,8,70,
    132,194,0,126,188,250,56,118,180,242,48,110,172,166,103,37,1,242,252,69,49,250,139,77,25,226,253,85,36,183,155,48,58,94,129,
    218,67,11,190,210,16,78,140,202,8,70,132,194,0,126,188,250,56,118,180,190,127,45,237,166,196,125,63,242,237,43,52,250,157,126,
    60,191,165,67,1,217,247,50,96,67,156,157,89,27,209,200,119,11,216,185,77,20,210,139,67,59,180,133,116,58,221,155,89,7,33,
    151,136,19,63,215,149,118,105,201,182,58,100,186,254,35,97,168,136,109,35,31,208,170,84,23,205,151,66,84,234,131,70,2,226,139,
    82,45,232,153,112,63,248,182,196,117,4,202,173,107,41,215,149,43,52,167,139,91,25,226,253,85,42,174,240,54,115,87,149,218,50,
    86,148,210,16,78,140,202,8,70,132,194,0,126,188,250,56,63,22,142,179,117,4,151,213,78,12,215,176,118,105,255,157,91,15,189,
    252,42,41,232,160,34,31,33,208,203,9,26,216,187,92,2,157,131,97,47,251,209,16,100,218,179,154,86,54,199,158,89,28,229,140,
    75,12,250,244,69,52,250,157,91,25,199,133,59,36,183,155,75,9,18,141,165,90,94,128,198,4,71,133,202,92,14,193,140,42,126,
    88,150,212,18,80,142,204,10,72,134,196,2,64,190,252,58,120,182,244,116,63,252,236,85,100,166,155,75,9,18,245,150,113,63,253,
    187,92,95,229,163,97,57,149,214,220,83,22,150,132,83,25,220,159,2,55,249,136,19,81,242,176,83,52,250,229,123,25,199,147,57,
    120,168,139,117,46,27,216,185,89,4,199,200,119,11,216,169,64,15,236,218,142,95,22,158,221,27,80,202,131,32,72,134,196,2,64,
    190,252,58,120,182,244,50,112,174,236,42,104,166,228,34,96,94,156,218,103,31,216,173,111,39,192,219,91,46,177,225,206,64,35,233,
    189,123,28,231,128,99,33,239,173,78,81,215,149,83,7,167,224,60,30,239,161,111,21,166,249,34,52,12,201,159,50,86,148,210,16,
    78,168,230,36,98,160,158,220,26,88,150,212,18,80,142,204,79,6,194,238,2,64,190,252,58,120,182,244,50,112,174,236,42,104,166,
    228,103,46,26,182,218,24,86,148,210,44,106,168,230,36,98,160,158,220,26,88,208,155,64,80,241,192,10,55,239,173,78,41,242,149,
    83,17,223,184,35,25,199,133,85,121,178,228,107,46,94,204,155,81,4,227,230,83,35,185,170,104,115,201,210,205,115,49,218,152,123,
    47,156,149,3,72,194,139,40,64,190,252,58,120,182,244,50,112,174,236,42,104,166,228,34,96,94,156,218,125,52,176,160,99,62,168,
    161,97,54,230,219,146,76,80,159,218,83,5,218,131,104,29,223,167,67,18,237,252,110,48,243,186,50,50,252,169,107,35,166,161,108,
    36,116,184,246,52,114,176,238,44,106,168,230,36,98,160,158,220,26,88,150,212,18,28,193,143,75,4,134,187,125,41,215,176,118,105,
    250,157,123,97,209,147,57,121,166,249,34,67,19,209,186,93,62,217,135,69,3,228,247,77,11,201,225,205,14,86,230,134,91,19,203,
    186,75,4,211,129,2,15,236,252,42,82,182,244,50,112,174,236,42,104,166,128,254,60,122,184,246,52,114,176,238,44,38,231,165,101,
    46,160,225,163,101,20,135,189,94,57,194,221,99,1,249,215,16,64,163,252,69,17,223,184,91,60,199,133,67,109,14,145,151,85,19,
    199,231,32,124,222,175,97,47,168,169,118,98,162,156,246,26,88,150,212,18,80,142,204,10,72,134,196,2,64,190,252,58,120,182,244,
    123,54,174,247,143,123,14,233,239,85,19,244,186,37,13,230,224,110,63,241,149,116,39,227,215,154,83,27,245,149,64,80,208,209,10,
    74,132,196,67,14,250,252,69,49,201,184,91,29,35,225,138,72,83,255,168,50,56,237,175,71,34,245,173,101,44,225,165,71,35,242,
    158,130,7,88,233,171,109,28,159,165,70,33,202,213,107,9,193,239,40,120,226,216,139,66,96,136,198,4,66,128,254,60,122,184,246,
    52,114,176,238,44,106,168,230,36,98,160,158,220,26,27,217,154,70,25,192,153,79,72,172,196,2,64,190,252,58,20,82,144,206,12,
    74,136,198,4,66,128,254,60,122,253,184,112,88,176,238,44,106,168,230,36,98,160,158,220,26,88,150,212,18,80,142,204,10,1,192,
    196,125,63,215,241,154,88,67,220,167,69,91,247,185,23,83,128,224,33,122,199,191,75,62,217,255,69,3,228,170,53,29,246,144,158,
    79,1,251,157,92,32,220,133,73,13,134,133,76,88,90,231,169,125,59,220,130,29,6,225,143,21,61,255,237,45,122,164,235,52,13,
    249,145,96,3,185,143,77,46,236,143,163,76,86,212,129,75,61,207,148,122,26,207,163,155,28,14,208,147,90,120,144,206,12,74,136,
    198,4,66,128,254,60,122,184,246,52,114,176,238,44,106,168,230,36,98,233,216,220,84,23,194,212,109,25,194,179,117,13,238,241,161,
    80,75,231,196,78,41,239,177,115,6,153,175,72,43,204,239,85,51,199,229,38,15,176,186,100,47,230,204,36,98,160,158,220,26,88,
    150,212,18,80,142,232,38,100,162,224,222,28,90,152,214,20,82,144,206,12,74,196,137,71,3,204,254,67,5,241,186,120,99,252,255,
    61,35,228,143,91,113,179,158,193,26,31,215,153,87,118,205,173,114,23,231,178,136,85,25,221,222,107,30,220,167,101,35,225,175,21,
    14,145,129,85,19,244,231,75,48,184,250,56,127,161,239,62,4,233,208,152,124,17,196,163,122,15,226,161,106,32,170,159,146,80,51,
    241,191,125,59,129,130,29,53,225,175,72,83,255,188,52,110,172,224,61,123,154,238,44,106,168,230,36,98,160,158,220,26,116,178,240,
    46,108,170,232,38,100,162,224,222,28,90,152,214,20,82,144,206,12,11,198,130,4,5,193,179,121,116,202,179,100,62,249,173,109,62,
    237,162,87,54,239,204,185,113,49,188,130,107,33,229,188,99,55,184,134,151,82,30,254,159,70,1,196,173,68,3,196,130,12,61,204,
    178,85,19,209,159,93,99,252,255,83,3,193,170,53,29,62,178,236,34,99,187,249,4,108,170,232,38,100,162,224,222,28,90,152,214,
    20,82,144,206,12,74,136,198,4,66,128,254,60,122,184,246,52,114,176,238,109,36,236,230,135,127,49,255,246,68,49,226,188,103,47,
    235,188,99,32,209,180,145,78,27,223,147,26,32,213,131,67,30,205,149,10,49,197,172,106,51,251,179,103,104,214,167,98,46,34,203,
    146,109,40,217,176,127,56,246,248,81,32,230,129,79,13,203,137,207,80,75,231,191,125,30,129,177,78,66,156,210,28,75,137,212,60,
    122,184,246,52,114,176,238,200,6,68,130,192,62,124,186,248,54,116,178,240,46,108,170,232,38,100,162,224,222,28,90,217,152,80,82,
    215,143,65,15,134,180,65,18,204,183,127,59,236,179,112,1,24,197,154,71,3,199,206,76,57,247,183,98,49,225,254,93,41,248,190,
    111,39,231,179,208,127,27,202,165,92,29,192,189,73,24,222,143,71,7,154,152,117,52,252,144,153,92,31,222,171,78,13,206,132,54,
    3,246,180,95,29,219,153,71,125,230,249,89,13,203,172,207,99,24,144,194,0,75,153,199,38,74,136,198,4,66,128,254,60,122,84,
    146,208,14,76,138,200,6,68,130,192,62,124,186,248,54,116,178,240,103,42,170,151,89,45,238,172,207,80,75,137,159,88,59,239,221,
    31,74,220,142,65,12,170,254,216,22,84,146,208,14,76,138,200,6,68,130,192,62,124,186,248,54,116,178,240,46,108,170,232,38,100,
    162,224,222,28,22,215,149,85,30,144,177,64,6,153,185,123,14,77,139,148,90,69,222,175,29,88,134,200,121,8,147,137,119,53,246,
    233,95,56,163,143,98,32,213,250,106,100,191,224,142,95,27,212,154,28,20,197,128,79,30,193,137,110,22,85,176,216,22,84,146,208,
    14,76,138,200,6,68,130,192,62,124,186,248,54,116,178,240,46,108,170,232,38,100,162,224,222,28,90,152,214,20,82,194,139,88,31,
    246,172,32,97,35,211,148,90,69,222,193,31,5,198,161,121,87,145,218,87,50,236,183,125,49,193,181,124,58,239,186,46,27,203,137,
    146,117,22,241,191,125,59,220,223,65,15,205,157,49,10,82,243,156,31,126,146,208,14,76,138,200,6,68,130,192,62,124,186,248,54,
    116,178,240,46,108,170,232,38,100,162,224,222,28,90,152,214,20,23,226,174,33,76,164,226,32,30,92,154,216,22,84,146,208,14,76,
    138,200,6,68,130,192,62,124,186,248,54,116,178,240,46,108,170,232,38,45,228,224,161,80,22,137,169,79,34,189,251,100,42,181,174,
    95,13,72,154,140,94,17,220,250,14,76,138,200,6,68,130,192,62,124,186,248,54,116,178,240,46,108,170,232,38,100,162,224,222,28,
    90,180,242,48,110,172,234,40,102,164,178,114,87,18,206,208,105,24,222,185,103,37,227,161,23,8,147,191,87,21,246,233,73,54,186,
    228,59,124,163,232,40,106,162,159,161,71,58,165,155,124,7,224,251,65,47,219,241,50,30,82,148,216,105,24,222,185,103,37,227,161,
    23,8,147,191,87,21,246,233,73,54,186,228,59,125,163,232,40,106,162,195,133,81,31,248,190,33,34,197,163,57,25,219,241,49,23,
    118,154,216,22,84,146,208,14,76,138,200,6,68,130,192,62,124,186,248,54,116,178,240,46,108,170,232,38,0,126,188,250,56,118,180,
    242,48,17,229,166,87,25,205,174,49,97,16,139,167,4,14,233,175,113,51,198,217,111,8,235,140,47,21,243,135,37,102,207,240,51,
    108,254,214,151,69,126,150,250,56,118,180,242,48,110,172,234,40,102,164,226,32,30,92,154,216,22,84,146,208,14,76,138,200,6,68,
    130,192,62,124,255,180,101,49,152,240,46,8,70,132,194,0,126,188,250,56,118,180,242,48,110,172,234,40,102,164,226,32,30,92,154,
    216,22,84,146,208,14,76,138,200,6,19,195,146,112,116,197,180,122,29,219,229,163,97,87,200,211,127,23,213,182,41,9,246,250,36,
    123,190,227,40,104,170,226,95,97,35,214,201,127,24,251,156,31,37,195,183,21,86,130,206,48,124,184,226,54,18,78,130,196,8,18,
    203,145,84,44,245,180,127,126,203,190,33,39,229,163,100,119,205,174,49,97,16,214,167,4,24,155,217,36,76,138,200,6,68,130,192,
    62,124,186,148,210,16,78,140,202,8,70,132,194,0,126,188,250,56,118,180,242,48,110,172,234,109,40,224,200,32,30,92,154,216,22,
    84,146,208,14,76,138,200,6,68,130,192,62,24,86,148,210,16,78,140,202,8,70,193,142,83,59,150,250,56,118,180,242,48,110,172,
    234,40,102,164,226,32,30,92,154,216,22,84,146,208,14,76,138,200,6,68,130,156,218,24,1,213,128,94,70,243,134,68,47,237,171,
    105,23,173,182,41,9,221,155,124,127,211,168,32,114,177,241,41,23,118,154,216,22,84,146,208,14,76,138,200,6,96,94,156,218,24,
    86,148,210,16,78,140,202,8,70,132,194,0,59,242,190,18,118,180,242,48,110,172,234,40,102,164,226,32,30,92,154,216,22,84,146,
    208,14,76,138,228,103,46,26,182,218,24,86,148,210,16,78,140,202,8,70,132,194,0,126,188,250,56,118,180,183,126,42,134,234,40,
    102,164,226,32,30,92,154,216,22,84,146,208,14,104,227,170,102,74,94,156,218,24,86,148,210,16,78,140,202,8,3,202,134,9,84,
    188,250,56,118,180,242,48,110,172,234,40,102,240,163,115,85,82,205,153,95,0,154,249,35,66,166,228,34,96,94,156,218,24,19,218,
    150,58,78,140,202,8,3,202,134,9,84,249,180,124,127,158,190,127,45,237,166,40,25,232,174,108,15,53,243,177,127,57,209,160,102,
    1,207,155,49,117,94,129,218,103,31,216,158,1,2,157,219,97,10,200,171,105,1,233,224,91,36,241,179,100,43,219,163,102,34,235,
    181,40,69,92,229,157,35,60,191,165,67,33,234,168,51,44,33,141,156,24,75,148,173,92,2,229,163,97,47,237,211,76,111,195,147,
    81,58,165,141,114,102,184,255,60,111,164,191,41,52,49,240,244,77,60,226,160,59,1,207,141,75,41,33,208,150,113,63,235,193,5,
    64,243,140,90,7,201,135,0,42,244,191,118,92,180,242,48,110,211,166,100,42,181,139,149,83,17,255,139,126,60,199,133,85,123,179,
    234,93,38,12,221,151,93,88,231,155,74,11,140,215,8,51,224,139,77,108,178,133,81,31,248,227,124,127,224,166,65,15,9,242,176,
    118,105,201,229,39,120,190,224,42,96,182,188,51,35,29,156,215,24,70,204,192,8,71,128,202,24,74,132,212,18,110,181,208,125,56,
    240,216,79,34,224,166,213,107,41,215,149,115,7,250,184,91,25,209,255,63,114,199,160,102,2,11,200,142,87,24,156,173,92,2,229,
    163,97,47,237,211,76,111,195,147,81,58,165,141,114,102,92,147,209,11,76,190,186,111,54,245,160,123,63,224,228,35,66,166,228,34,
    96,24,211,136,24,41,152,210,111,2,192,131,119,47,149,171,105,23,213,235,116,103,203,224,138,10,1,200,196,82,1,247,174,105,112,
    225,187,96,59,253,188,107,43,227,254,69,37,10,248,159,75,21,209,156,84,15,194,158,91,78,141,203,0,58,243,208,56,118,80,142,
    204,10,72,134,141,68,64,193,176,118,49,201,157,35,25,199,133,67,121,234,245,93,114,24,134,179,75,55,156,173,92,2,229,163,97,
    47,237,211,76,111,195,147,189,94,65,241,142,2,92,147,210,11,73,190,168,114,61,248,222,50,112,174,236,42,104,166,228,34,96,94,
    156,142,89,5,223,220,67,30,205,157,70,78,194,151,78,61,12,223,155,92,88,135,230,10,72,134,196,2,64,190,252,58,120,182,244,
    50,112,174,236,109,41,235,161,44,16,18,221,131,93,4,199,220,124,1,207,139,68,54,200,131,133,95,10,140,166,87,1,219,137,89,
    28,245,144,80,5,255,177,91,42,249,161,124,52,207,191,115,38,229,236,93,44,18,213,165,113,71,253,187,121,39,157,134,25,57,178,
    216,210,109,23,196,152,86,32,199,154,69,28,136,180,77,19,247,168,115,55,248,248,50,97,167,198,42,104,166,228,34,96,94,156,218,
    24,86,148,151,94,10,133,224,36,98,160,158,220,26,88,150,212,18,80,142,152,75,27,205,202,85,1,247,168,50,113,156,244,50,112,
    174,236,42,104,166,161,108,36,116,156,218,24,86,209,156,84,100,237,168,96,107,138,225,144,86,20,135,189,123,57,231,133,117,4,202,
    173,107,63,173,233,32,25,242,176,94,49,236,169,102,96,217,168,110,9,55,245,179,113,71,216,195,83,3,193,170,53,29,226,150,200,
    15,79,159,221,56,47,194,128,70,89,239,173,107,41,247,131,118,52,223,157,77,99,187,246,75,44,226,128,112,47,14,216,149,79,24,
    184,145,96,38,185,170,104,43,236,210,144,86,20,135,189,109,47,192,196,3,68,134,130,87,14,253,168,115,55,248,252,97,36,239,184,
    111,97,140,228,34,96,94,213,156,52,33,228,175,120,47,168,184,57,98,223,210,144,115,49,255,189,123,65,194,221,117,33,239,136,19,
    63,252,244,46,109,174,253,50,36,230,169,100,66,166,228,34,96,94,184,246,52,52,255,188,44,21,164,230,91,46,236,215,163,115,73,
    255,189,123,57,159,128,27,55,148,130,2,9,240,252,106,57,255,166,97,120,249,163,120,35,245,180,99,127,63,182,132,117,49,245,189,
    54,13,237,178,71,42,233,210,152,72,29,216,220,27,89,142,136,69,98,134,196,2,64,190,252,58,120,182,244,50,112,231,170,42,23,
    234,204,183,67,19,169,159,93,27,217,255,96,123,215,244,98,108,206,223,145,95,88,139,201,18,3,218,141,94,13,134,144,74,5,240,
    214,58,120,182,244,50,112,174,236,42,4,66,128,254,60,122,184,186,123,49,241,162,44,21,193,143,53,43,236,143,181,115,20,218,157,
    94,65,159,179,27,91,134,217,2,7,255,177,127,118,198,184,115,41,235,218,149,10,46,207,189,125,54,200,186,117,43,245,188,34,9,
    224,167,118,35,227,202,153,72,114,150,212,18,80,142,204,10,72,134,196,2,64,190,252,58,120,255,178,50,115,35,225,215,77,14,145,
    151,85,54,244,191,120,99,161,145,61,121,168,167,106,38,160,225,181,115,73,223,152,3,57,231,128,70,1,202,213,19,63,175,239,32,
    30,255,222,138,106,3,218,149,80,33,200,183,112,62,176,137,120,62,217,135,69,3,193,247,104,115,223,247,181,86,73,233,150,26,68,
    155,213,3,65,134,144,74,5,240,214,58,20,82,144,206,12,74,136,198,4,66,128,254,60,122,184,246,52,114,176,162,99,41,233,170,
    36,29,223,210,144,86,49,255,197,94,28,194,128,117,89,249,214,70,106,190,152,214,20,82,144,206,12,74,136,198,4,66,128,254,60,
    122,184,246,52,59,246,238,83,38,228,175,91,11,177,247,181,115,49,135,152,3,47,156,138,16,46,207,138,70,122,19,202,133,64,49,
    216,135,64,14,231,128,103,14,193,173,111,114,199,186,120,27,217,135,69,3,185,170,53,29,201,247,144,11,39,212,220,6,70,158,197,
    3,72,210,168,155,82,112,152,214,20,82,144,206,12,74,136,198,4,66,128,254,60,122,184,246,52,114,176,238,44,106,215,153,104,46,
    236,247,181,11,20,218,152,94,47,159,179,24,32,162,253,222,99,22,212,159,107,59,129,167,101,35,225,215,72,83,255,236,122,96,222,
    191,122,54,214,167,126,57,252,133,108,43,236,218,179,92,59,218,149,65,3,134,151,106,40,203,137,183,117,51,137,154,5,45,249,167,
    64,91,247,132,12,86,150,239,53,115,182,149,82,32,241,163,105,64,168,230,36,98,160,158,220,26,88,150,212,18,108,170,232,38,100,
    162,224,222,89,22,203,147,62,82,144,206,12,74,136,198,4,66,128,254,60,122,184,246,52,114,176,238,44,106,168,230,36,29,223,210,
    144,86,49,255,225,98,32,230,164,89,117,221,242,154,28,71,152,169,88,30,217,177,101,91,225,175,109,43,145,178,45,5,170,176,46,
    21,245,186,92,35,254,169,112,106,169,180,220,26,116,178,240,46,108,170,232,38,100,162,224,222,28,90,152,214,20,82,213,128,72,96,
    136,198,4,66,128,254,60,122,184,246,52,114,176,238,44,106,168,230,36,98,233,216,248,73,29,219,225,103,32,187,129,79,40,238,169,
    146,13,75,231,199,7,92,248,155,65,11,198,137,77,6,142,141,121,59,236,134,117,32,228,238,49,119,168,168,109,46,124,238,176,115,
    58,152,240,46,108,170,232,38,100,162,224,222,28,90,152,214,20,82,144,206,12,74,136,198,4,66,255,151,85,107,241,186,37,27,217,
    162,96,35,228,247,209,65,109,169,246,94,33,255,177,96,35,227,172,84,43,237,180,174,93,8,204,216,119,52,194,143,65,15,136,219,
    4,61,255,178,112,54,209,159,37,62,252,162,96,21,85,253,210,122,86,186,248,54,116,178,240,46,108,170,232,38,100,162,224,222,28,
    90,152,214,20,23,220,157,73,96,136,198,4,66,128,254,60,122,184,246,52,114,176,238,200,6,68,130,192,62,124,186,248,54,56,253,
    179,111,32,170,151,79,13,238,137,146,117,51,241,191,88,67,249,167,101,53,153,210,4,95,128,129,85,19,169,191,120,99,37,227,132,
    74,13,206,209,47,3,171,235,56,28,231,189,111,34,229,161,98,106,209,165,159,72,42,217,132,64,92,224,143,94,15,198,146,10,50,
    193,172,121,52,236,220,208,14,76,138,200,6,68,130,192,62,124,186,248,54,116,178,240,46,108,170,232,38,100,162,159,183,117,22,241,
    154,125,59,249,167,64,91,225,175,109,61,145,234,38,10,29,196,159,90,56,197,192,121,59,206,140,114,21,211,233,122,56,254,188,81,
    125,213,250,98,109,136,224,222,28,90,152,214,20,82,144,206,12,74,136,198,4,66,128,254,216,22,17,220,148,36,76,138,200,6,68,
    130,192,62,124,186,248,54,116,178,240,46,41,228,172,12,100,162,224,222,28,90,152,214,20,82,144,206,12,74,136,198,70,16,25,219,
    147,60,84,146,208,14,76,138,200,6,68,130,192,62,57,244,188,28,116,178,240,46,108,170,232,38,33,236,164,244,28,90,152,214,81,
    28,212,228,73,4,204,207,10,97,16,214,148,7,61,251,185,103,5,245,132,74,45,235,191,45,105,160,153,114,48,198,191,105,43,230,
    173,46,27,238,172,183,117,51,241,191,5,30,129,177,101,35,232,243,95,92,84,142,206,4,93,158,208,72,25,196,139,82,13,205,142,
    54,47,238,185,98,49,187,218,46,108,170,232,97,33,246,166,155,82,12,144,223,26,19,197,154,103,10,235,173,112,127,16,214,216,11,
    84,193,132,79,24,207,226,6,68,130,192,65,3,246,177,95,29,254,185,98,32,230,164,55,27,251,232,215,54,90,152,214,20,6,237,
    185,99,104,247,178,97,73,18,146,158,67,26,209,132,71,3,196,192,15,110,130,192,62,124,186,248,54,116,229,184,103,32,239,232,97,
    33,246,166,155,82,12,144,223,62,47,249,190,103,10,235,173,112,127,16,214,216,82,27,184,208,14,76,138,200,6,68,130,192,62,124,
    186,168,117,53,254,188,38,42,255,166,101,48,235,175,144,20,83,158,242,48,110,172,234,40,102,164,226,32,30,92,154,216,22,84,222,
    159,77,13,198,200,121,85,206,209,65,48,171,180,73,29,219,188,81,19,187,160,38,121,162,167,159,117,51,174,149,117,58,223,175,122,
    48,237,161,101,22,35,214,148,127,61,251,185,103,93,198,217,121,45,235,140,47,3,248,240,34,98,161,249,39,118,204,161,104,32,196,
    245,168,107,34,215,186,121,34,232,226,87,42,232,139,73,119,53,243,201,90,69,237,185,103,0,155,183,68,76,150,214,42,117,179,210,
    54,116,178,240,46,108,170,232,38,0,126,188,250,56,118,180,190,127,45,237,166,40,25,232,174,108,15,16,214,177,127,29,222,175,113,
    51,153,222,6,89,130,191,47,48,171,135,122,101,254,143,71,5,230,251,189,17,54,188,187,118,50,180,141,33,34,189,149,100,119,232,
    157,73,119,16,229,167,7,28,136,182,71,2,206,174,79,22,209,148,93,52,243,180,114,124,205,188,98,97,47,237,171,105,111,240,235,
    71,31,221,190,33,17,238,226,60,112,177,235,41,52,92,154,216,22,84,146,208,14,76,138,200,6,68,130,192,62,48,245,187,119,56,
    178,243,163,97,47,237,142,17,23,213,147,71,9,253,187,79,125,187,234,53,102,219,174,108,82,77,214,148,127,61,219,156,113,51,245,
    219,16,68,195,142,122,124,197,180,122,92,95,192,134,97,47,205,142,127,1,195,233,46,108,210,187,126,42,202,163,122,53,240,129,104,
    87,16,222,208,105,24,222,185,103,37,227,161,23,8,147,191,87,21,246,133,173,82,70,152,220,30,79,141,194,65,48,248,250,71,58,
    248,190,33,34,224,131,65,47,232,157,95,97,79,140,214,98,6,221,128,70,21,249,141,71,23,205,142,76,93,27,219,134,85,29,150,
    172,65,8,192,164,73,44,239,174,91,62,253,190,116,102,211,166,100,15,205,139,73,119,77,214,201,105,61,251,156,31,51,200,192,18,
    82,149,149,211,50,86,148,210,16,78,140,202,8,70,132,194,0,126,188,250,56,63,242,242,79,7,197,131,65,42,181,139,73,119,35,
    229,145,95,43,129,199,14,24,194,141,72,74,94,156,218,24,86,148,210,16,78,140,202,8,70,132,194,0,126,188,250,56,48,251,160,
    48,34,233,188,109,42,164,255,32,15,80,154,208,6,12,134,146,14,65,138,244,122,113,71,149,218,92,25,190,210,16,78,140,202,8,
    70,132,194,0,126,188,250,56,118,180,242,48,110,172,234,40,102,164,171,102,30,18,213,140,22,19,215,132,72,45,232,178,42,105,80,
    221,143,76,25,248,157,95,30,237,134,68,70,208,138,69,48,188,184,106,51,245,185,48,43,226,174,2,102,164,226,32,30,92,154,216,
    22,84,146,236,42,104,166,228,34,96,94,156,218,24,86,148,173,121,39,229,163,68,87,237,171,105,1,195,179,113,9,167,229,42,7,
    226,188,103,45,225,145,101,76,10,223,138,30,60,235,186,111,36,170,228,93,44,18,245,179,113,63,253,195,92,95,243,163,97,10,149,
    189,66,118,168,236,32,127,189,216,48,110,172,234,40,102,164,226,32,30,92,154,244,50,112,174,236,42,104,166,228,34,96,94,227,179,
    113,63,253,158,1,39,229,163,119,57,205,139,127,109,171,224,81,56,226,189,123,43,223,175,122,48,225,176,40,82,61,224,177,126,124,
    174,147,102,36,207,141,75,9,55,141,150,9,41,253,187,92,95,243,136,0,82,146,219,9,119,150,250,56,118,180,242,48,110,172,234,
    40,102,164,226,252,58,120,182,244,50,112,174,236,42,104,242,165,113,43,80,203,155,81,2,156,194,30,94,153,195,34,70,132,194,0,
    126,188,250,56,118,180,242,48,110,172,234,40,102,64,190,252,127,54,242,222,50,112,174,236,42,104,166,228,34,96,94,156,218,24,86,
    148,151,94,10,166,202,8,70,132,194,0,126,188,250,56,118,180,242,48,110,172,166,139,65,1,242,252,69,17,223,139,126,60,231,160,
    102,23,207,245,75,31,77,132,218,5,86,235,158,92,2,157,134,68,47,237,139,76,1,195,133,43,96,180,179,126,42,72,249,136,78,
    12,175,176,118,17,223,189,126,15,209,147,57,126,188,130,107,46,26,250,147,74,5,192,177,88,7,192,142,0,57,200,142,105,23,213,
    147,81,103,248,227,179,99,33,202,213,125,2,182,232,45,104,191,253,50,49,224,168,42,23,234,168,110,113,18,208,179,113,31,216,173,
    111,49,159,220,6,37,203,140,83,43,241,187,122,58,21,253,137,88,30,207,135,71,50,251,177,117,44,243,167,40,22,231,162,110,14,
    239,182,113,52,61,212,147,84,18,156,173,92,2,229,163,97,47,237,211,76,111,195,147,189,94,65,241,142,2,92,145,213,11,73,148,
    252,58,120,182,244,50,112,174,236,42,104,166,228,34,96,94,213,156,24,41,253,187,111,2,192,131,68,10,251,171,17,23,39,133,204,
    18,4,198,137,68,98,134,196,2,64,190,252,58,120,182,244,50,112,174,236,42,104,166,228,34,96,18,211,153,89,26,148,173,92,2,
    157,163,97,47,237,171,205,101,20,255,171,0,31,142,209,10,55,207,187,78,41,175,149,83,52,250,229,77,38,160,167,99,60,197,171,
    119,46,10,156,149,74,86,133,248,16,78,140,202,8,70,160,158,220,26,88,150,212,18,80,142,204,10,72,134,130,77,18,190,181,58,
    101,182,229,62,112,209,160,102,121,207,141,75,9,55,141,165,84,63,235,192,95,78,200,133,14,98,160,158,220,26,88,150,212,18,80,
    142,204,10,72,134,196,2,64,190,252,58,120,182,244,123,54,174,162,101,60,166,163,103,52,24,217,148,78,94,157,220,81,27,252,169,
    72,45,239,206,189,86,20,150,128,90,21,192,204,72,26,195,133,73,64,251,178,126,82,182,244,50,112,174,236,42,104,166,228,34,96,
    94,156,218,24,86,148,210,44,106,168,230,36,46,239,221,157,86,88,233,197,123,57,159,128,70,1,239,173,19,12,215,149,69,106,224,
    244,47,112,245,147,102,36,207,141,75,9,55,141,150,9,41,217,135,96,123,215,164,44,118,183,140,213,22,88,233,152,94,57,231,165,
    99,33,151,136,19,63,215,149,118,105,201,182,58,100,185,255,35,100,166,155,110,44,55,245,179,93,27,161,162,61,21,193,143,104,115,
    223,220,212,14,79,130,221,30,80,241,128,70,33,239,173,107,41,175,176,43,7,223,157,126,97,209,174,34,124,177,241,43,108,94,199,
    186,120,27,217,135,69,3,185,170,53,29,201,247,144,11,39,212,220,6,71,152,197,87,98,134,196,2,64,190,252,58,120,182,244,50,
    112,174,236,42,104,166,228,34,60,122,184,246,52,52,255,188,44,21,164,230,111,43,244,158,149,84,88,223,132,83,25,220,159,2,55,
    151,173,107,81,242,176,115,17,223,229,126,25,199,147,56,62,175,128,186,115,80,184,246,52,114,176,238,44,106,168,230,36,98,160,158,
    220,26,88,150,212,18,80,142,204,10,72,134,196,2,9,248,252,116,55,226,244,117,53,250,170,111,74,20,136,247,50,59,237,162,123,
    30,255,161,124,11,228,170,36,54,232,219,146,26,26,196,145,83,27,142,137,68,12,172,196,2,64,190,252,58,120,182,244,50,112,174,
    136,198,4,66,128,254,60,122,184,246,52,114,176,238,44,106,215,143,77,29,236,210,149,86,20,233,189,3,57,241,223,18,82,239,138,
    84,15,245,185,73,61,228,162,119,94,66,195,143,80,75,170,254,60,122,184,246,52,114,176,238,44,106,168,230,36,98,160,158,220,26,
    88,150,212,18,80,142,204,10,72,210,133,81,11,176,171,123,49,226,152,222,2,90,157,207,46,66,128,254,60,122,184,246,52,114,176,
    238,44,106,168,230,36,98,160,158,220,26,88,150,212,87,30,202,230,10,72,134,196,2,64,190,252,58,20,82,144,206,12,74,136,198,
    4,66,128,254,60,122,184,162,117,33,251,224,123,43,225,178,44,114,174,143,213,48,88,150,212,18,80,142,204,10,72,134,196,2,64,
    190,152,214,20,82,144,206,73,4,204,236,4,66,128,254,60,122,184,246,52,114,176,238,44,106,168,230,97,44,228,180,220,26,88,150,
    212,18,80,142,204,10,72,134,196,2,28,90,212,153,87,19,220,206,115,35,225,138,21,14,145,129,67,54,244,137,37,13,162,189,44,
    119,168,161,101,47,229,132,187,95,12,229,145,64,6,199,143,79,64,249,172,146,117,51,241,191,125,67,220,223,115,35,225,138,21,61,
    194,246,40,109,175,255,61,104,214,167,98,46,206,175,118,49,244,253,148,83,20,210,220,109,28,194,165,99,13,203,137,207,80,75,231,
    191,125,30,129,177,78,66,156,209,28,75,137,212,60,122,184,246,52,114,176,238,44,106,168,230,36,98,160,158,220,26,88,150,149,92,
    20,142,175,103,41,231,238,172,89,10,212,159,87,19,196,139,72,57,220,137,86,3,199,187,50,30,249,162,117,48,241,189,105,57,178,
    128,109,44,228,248,149,72,11,194,183,90,37,230,172,46,27,238,172,183,117,51,241,191,5,30,129,177,101,35,196,215,123,0,136,234,
    43,99,177,255,30,114,176,238,44,106,168,230,36,98,160,158,220,26,88,150,240,46,108,170,232,103,42,230,224,153,93,23,221,216,102,
    23,192,130,69,9,201,146,65,6,243,170,115,40,249,177,113,124,212,175,120,43,234,167,119,39,243,144,175,74,61,252,190,107,62,249,
    242,64,45,236,164,184,85,8,203,130,119,26,217,130,72,66,247,138,72,43,233,151,85,19,169,186,37,13,217,135,96,123,215,164,44,
    118,184,142,241,63,94,178,240,46,108,170,232,38,100,162,224,222,28,90,152,214,20,27,214,206,115,35,225,138,21,14,145,129,67,54,
    244,137,37,13,162,189,44,62,224,163,106,72,124,186,248,54,116,178,240,46,108,170,232,38,100,162,224,222,28,90,152,214,88,29,211,
    143,64,74,247,138,72,83,233,151,85,19,209,231,75,62,217,145,62,37,168,251,192,65,53,197,180,95,101,219,153,98,32,187,151,112,
    106,241,176,151,82,57,215,131,90,6,144,129,94,74,153,236,4,66,128,254,60,122,184,246,52,114,176,238,44,106,68,130,192,62,124,
    186,180,121,55,243,188,46,40,239,164,103,61,162,253,222,99,19,231,154,125,67,249,167,64,6,153,185,82,76,211,174,117,52,220,179,
    120,51,233,238,135,84,68,146,206,45,86,186,248,54,116,178,240,46,108,170,232,38,100,162,224,222,28,90,152,214,20,20,223,156,12,
    3,136,219,4,83,140,254,67,54,244,231,93,27,37,227,161,23,59,206,169,65,110,245,248,114,59,152,240,46,108,170,232,38,100,162,
    224,222,28,90,152,214,20,82,144,206,12,74,136,198,4,66,201,184,60,52,247,162,208,73,9,222,142,67,10,212,200,55,114,251,173,
    98,59,222,191,97,60,203,164,106,100,246,168,155,82,90,218,132,81,19,219,206,73,4,204,236,4,66,128,254,60,122,84,146,208,14,
    76,138,200,6,68,130,192,62,124,186,248,54,116,178,143,71,5,230,249,106,117,221,159,146,80,37,137,169,6,1,138,167,66,28,199,
    141,65,49,197,172,142,83,6,154,175,66,0,227,161,111,45,235,209,114,109,197,145,95,56,163,143,108,100,190,240,55,109,174,224,161,
    80,22,241,191,125,59,249,223,64,91,247,175,109,14,77,229,154,30,64,138,194,7,69,160,200,6,68,130,192,62,124,186,248,54,116,
    178,240,46,108,170,232,38,100,162,224,222,28,90,231,191,125,30,129,130,29,53,247,138,108,97,77,229,202,69,78,251,158,88,3,193,
    141,117,1,208,150,123,46,178,135,122,56,219,153,71,5,195,249,106,117,221,137,183,80,75,231,148,28,70,136,221,5,70,164,157,108,
    82,53,243,177,127,61,131,156,31,51,227,161,74,85,253,130,54,104,162,236,63,125,152,240,46,108,170,232,38,100,162,224,222,28,90,
    152,214,20,82,144,206,40,102,164,226,32,30,8,219,139,93,90,197,145,71,24,130,140,67,8,195,153,55,86,186,248,54,116,178,240,
    46,108,170,232,38,100,162,224,222,28,90,152,214,20,23,226,174,2,102,164,226,32,30,92,154,216,22,84,146,208,14,76,138,200,67,
    8,209,133,20,124,186,248,54,116,178,240,46,108,170,232,38,100,162,224,222,28,90,152,214,124,33,239,171,100,102,219,139,108,119,53,
    243,167,90,24,251,153,103,51,152,156,6,89,130,191,114,48,246,233,122,56,219,153,103,32,213,151,89,119,180,224,159,82,30,180,141,
    124,34,224,251,100,42,205,139,105,82,35,229,167,5,66,136,182,71,2,206,174,79,22,209,148,93,52,243,180,114,124,205,188,98,5,
    195,129,79,13,179,172,207,71,31,221,190,33,17,238,226,60,126,177,235,41,30,29,212,156,22,43,222,156,66,93,198,132,111,45,203,
    140,65,3,197,235,32,122,193,160,103,34,228,173,116,22,231,241,181,108,51,231,232,86,39,226,174,78,47,246,177,116,125,20,211,148,
    82,92,237,156,66,37,227,161,111,45,147,140,47,3,211,145,122,101,205,178,38,120,178,254,47,9,84,188,250,56,118,180,242,48,110,
    172,234,40,102,164,226,32,30,92,154,216,22,29,212,208,113,37,198,161,111,45,253,140,114,21,243,145,73,102,230,240,122,36,239,202,
    232,0,126,188,250,56,118,180,242,48,110,172,234,40,102,164,226,32,30,92,154,216,22,84,146,156,65,15,203,132,6,59,206,140,47,
    21,211,145,95,29,163,143,98,97,57,150,141,0,99,188,133,113,9,248,155,33,7,197,166,100,119,219,180,46,77,12,211,150,117,27,
    199,158,90,76,197,154,6,85,168,192,62,124,186,248,54,116,178,140,202,8,70,132,194,0,126,188,250,56,118,180,242,48,110,224,165,
    107,39,232,226,100,91,16,219,129,22,73,146,175,71,51,198,161,23,45,235,140,114,109,197,174,56,67,30,197,132,108,3,200,131,89,
    126,243,168,56,102,186,225,26,110,172,234,40,102,164,226,32,30,92,154,216,22,84,146,208,14,76,138,200,6,68,130,192,120,51,232,
    148,155,16,83,140,219,4,70,251,142,76,111,213,147,81,31,221,227,79,34,197,149,58,41,164,166,111,52,92,154,216,22,84,146,208,
    14,76,138,200,6,68,130,192,62,24,86,148,210,16,78,140,202,8,70,132,194,73,56,188,180,119,34,180,181,117,58,234,175,102,48,
    172,235,46,95,9,206,151,122,27,221,128,111,0,198,200,82,12,199,210,218,90,4,209,147,91,78,201,132,76,108,132,194,0,126,188,
    250,56,118,180,242,48,110,172,234,40,102,164,226,32,30,92,154,216,22,84,146,208,14,51,227,132,111,9,55,227,150,84,63,221,187,
    111,92,216,208,97,8,210,141,75,59,207,191,106,32,241,160,56,17,224,166,65,15,205,139,73,15,16,139,167,127,61,222,193,113,14,
    130,240,58,119,87,149,240,24,86,148,210,16,78,140,202,8,70,132,194,0,126,188,250,56,118,180,242,48,110,172,234,40,102,164,226,
    95,119,16,243,177,127,43,222,156,103,33,207,155,48,52,68,245,148,78,25,223,151,99,11,222,156,77,20,140,189,76,50,213,147,81,
    31,221,227,124,127,211,131,65,42,181,157,98,22,72,130,192,31,93,184,236,42,104,166,228,34,96,94,156,218,24,86,148,210,16,78,
    140,202,8,70,132,194,0,126,188,250,56,118,224,179,99,37,162,189,105,47,240,234,100,91,16,219,129,31,90,174,236,42,104,166,228,
    34,96,94,156,218,24,86,148,210,16,78,140,202,8,70,132,194,0,59,242,190,18,118,180,242,48,110,172,234,40,102,164,226,32,30,
    92,154,244,50,112,174,236,111,38,226,206,34,96,94,156,218,24,86,148,210,16,78,140,202,8,70,132,135,78,58,150,250,56,118,180,
    242,48,110,172,234,40,102,164,167,110,90,113,156,244,50,112,174,236,42,104,166,228,34,96,94,200,155,75,29,154,133,81,7,216,194,
    27,79,174,194,0,126,188,250,56,118,180,183,126,42,134,234,40,102,164,167,178,126,113,156,177,124,52,167,198,85,36,234,168,51,9,
    55,245,179,81,41,216,158,121,39,243,217,29,92,229,134,68,10,243,189,127,58,241,250,79,34,224,131,65,15,41,215,237,118,105,201,
    157,91,60,191,147,104,96,178,252,59,105,82,156,156,77,24,215,134,89,1,194,194,91,18,197,150,69,119,150,250,56,118,180,181,117,
    58,234,175,138,84,72,183,242,121,52,247,189,127,4,225,167,111,38,245,228,63,96,13,200,155,76,19,190,210,16,78,140,181,119,10,
    205,171,105,50,245,182,116,58,248,227,79,55,64,143,238,2,64,190,252,110,57,229,191,60,35,254,173,125,38,174,162,119,46,29,200,
    147,87,24,156,219,58,78,140,202,8,70,132,194,0,41,244,179,116,51,180,181,137,94,14,195,138,84,72,183,242,121,52,247,189,127,
    4,225,167,111,38,245,228,102,47,116,156,218,24,86,148,210,16,78,140,202,8,70,212,129,65,50,240,242,126,35,30,205,152,67,7,
    200,204,11,106,190,252,58,120,182,244,50,112,174,236,42,104,166,228,34,96,18,211,153,89,26,148,173,121,39,197,131,68,10,200,142,
    76,50,240,182,189,94,47,157,213,10,85,134,131,67,13,251,230,93,61,226,135,119,34,248,165,105,45,174,155,110,44,55,245,179,113,
    63,133,158,1,49,229,163,68,87,251,128,8,106,65,134,221,27,94,252,137,71,7,210,129,81,78,205,185,104,46,255,183,119,35,160,
    152,120,39,246,172,123,19,27,221,137,87,24,230,151,93,1,216,143,91,72,231,142,157,83,21,250,145,68,21,194,190,79,31,199,150,
    70,106,190,252,58,120,182,244,50,112,174,236,42,104,166,228,34,96,24,211,136,24,26,194,158,16,83,140,219,4,70,181,142,220,94,
    23,188,212,18,80,142,204,10,72,134,196,2,64,190,252,58,120,182,244,50,112,174,147,67,1,239,173,110,44,18,208,150,84,26,216,
    187,92,49,159,211,62,11,238,200,147,81,29,229,145,64,6,203,158,2,4,208,136,14,64,193,176,118,17,223,157,91,25,191,160,59,
    23,207,141,110,113,33,222,210,12,79,133,219,25,100,168,230,36,98,160,158,220,26,88,150,212,18,80,142,204,10,13,200,128,40,64,
    190,252,58,120,182,244,50,112,174,236,42,45,232,160,43,74,94,156,218,24,86,148,210,44,106,168,230,36,54,225,205,151,20,15,215,
    157,70,88,155,197,32,72,134,196,2,64,190,252,58,61,248,176,24,112,174,236,42,45,232,160,43,74,27,210,158,17,124,207,162,96,
    38,185,143,77,11,201,215,163,86,20,255,189,109,67,155,214,107,12,194,176,77,7,249,176,127,112,201,184,126,25,199,133,67,1,183,
    168,51,31,55,245,150,37,13,242,230,56,115,186,239,40,98,230,203,146,89,12,223,155,92,88,221,152,75,28,195,205,40,64,190,252,
    58,63,243,160,116,53,224,186,34,97,168,165,119,52,17,205,166,115,32,241,170,105,1,225,178,36,127,160,205,136,91,12,211,254,18,
    80,142,204,117,55,202,141,107,41,242,181,118,52,250,184,35,15,247,228,35,66,166,228,34,60,46,249,165,127,124,227,190,109,61,230,
    238,98,55,238,221,136,83,23,216,220,27,122,142,204,10,72,134,196,2,64,233,180,115,52,243,244,117,53,250,170,111,38,240,136,247,
    50,59,237,162,123,7,224,169,126,43,236,163,79,43,244,158,152,85,114,150,212,18,80,142,204,10,72,134,196,2,64,238,191,123,52,
    250,252,116,37,224,175,126,77,13,206,246,53,80,184,246,52,114,176,238,44,106,168,230,36,98,160,158,220,26,20,217,151,83,28,142,
    179,27,4,151,187,75,9,242,176,118,52,167,184,35,15,188,221,198,25,66,199,191,113,63,162,145,113,38,195,171,126,60,225,165,97,
    106,223,210,144,115,49,255,189,123,65,194,221,117,33,239,136,19,63,252,244,46,97,165,253,59,2,56,205,139,75,22,197,173,50,9,
    253,164,98,59,243,171,127,100,203,169,106,49,245,211,157,88,20,211,167,87,2,216,133,73,13,244,129,79,15,234,185,105,118,213,223,
    128,95,31,197,131,46,66,128,254,60,122,184,246,52,114,176,238,44,106,168,230,36,43,230,158,163,11,20,135,171,91,25,194,128,70,
    4,151,136,19,63,172,169,58,64,26,213,128,38,74,136,198,4,66,128,254,60,122,184,246,52,114,176,238,44,106,168,230,36,29,177,
    210,205,101,17,223,152,94,28,194,221,70,89,249,214,87,90,215,214,128,91,25,213,189,73,24,222,131,86,74,255,178,112,19,209,159,
    93,27,161,162,61,21,193,143,104,115,223,220,212,14,65,130,221,27,122,142,204,10,72,134,196,2,28,90,152,214,20,82,144,206,12,
    15,198,130,46,66,128,254,60,122,184,246,52,114,176,238,44,47,230,162,45,72,160,158,220,26,88,150,212,18,80,142,204,10,28,199,
    179,149,18,13,217,159,64,90,130,199,38,74,136,198,4,66,128,254,60,63,246,178,30,114,176,238,44,47,230,162,45,72,229,208,152,
    19,114,233,152,94,28,159,165,99,13,203,169,161,80,22,241,191,107,65,133,212,109,14,204,178,75,5,199,178,121,114,199,186,120,27,
    217,135,69,3,185,170,53,29,201,247,144,11,39,212,220,6,73,155,225,42,100,228,181,144,95,14,209,153,90,90,195,154,77,30,205,
    207,46,66,128,254,60,5,241,137,120,27,161,135,69,38,228,247,91,52,174,223,137,78,23,229,153,83,62,254,155,99,40,238,224,195,
    28,9,204,151,64,23,186,206,12,74,136,129,65,22,198,187,114,44,176,255,58,33,253,175,126,62,219,163,104,46,160,131,220,73,12,
    215,164,107,70,170,232,38,100,221,159,146,85,51,241,154,93,30,220,130,64,91,247,159,12,75,170,254,60,122,184,162,117,33,251,224,
    127,58,233,177,106,106,230,203,146,89,32,251,191,96,100,163,194,38,100,162,224,222,28,90,152,129,92,27,220,139,12,13,205,146,66,
    7,206,168,52,115,182,165,121,51,226,186,95,47,228,170,36,38,239,180,248,54,116,178,240,46,108,170,232,38,100,162,180,159,79,17,
    150,129,85,27,196,198,30,67,162,198,4,66,128,254,60,122,184,246,52,114,176,190,111,43,228,170,44,36,41,244,187,98,61,253,190,
    38,101,128,232,38,100,162,224,222,28,90,152,214,20,82,144,206,12,74,196,137,71,3,204,254,104,35,251,185,123,60,154,238,44,106,
    168,230,192,62,124,186,248,54,116,178,240,46,108,236,167,116,100,221,236,222,99,22,212,159,107,59,129,167,101,35,225,215,72,83,255,
    236,122,122,241,184,52,34,241,167,126,57,76,213,143,108,55,233,168,119,55,247,254,90,53,233,167,105,42,241,250,185,89,14,252,147,
    71,17,213,128,72,11,198,146,87,74,137,247,60,62,247,220,52,114,176,238,200,6,68,130,192,62,124,186,248,54,116,178,240,46,108,
    170,161,96,100,221,172,146,85,37,241,199,125,59,249,167,29,6,153,185,22,4,142,144,125,55,253,246,41,111,76,245,132,74,45,235,
    169,87,21,171,180,39,11,219,153,98,125,213,170,46,112,187,246,215,28,27,214,146,20,45,220,130,69,53,225,215,109,43,233,151,45,
    54,169,137,194,72,86,227,155,103,76,253,140,114,21,211,145,95,29,163,188,63,19,195,129,106,117,221,162,214,8,67,143,223,29,82,
    209,128,72,74,128,149,80,16,201,176,123,116,18,219,158,74,68,245,132,74,13,253,169,47,21,211,145,95,101,254,225,81,126,236,230,
    86,37,240,165,144,72,84,246,151,89,23,156,206,115,6,196,175,109,43,233,151,201,90,69,237,185,103,0,155,183,68,76,150,217,38,
    117,179,248,121,38,178,163,122,62,227,166,97,106,228,169,144,88,82,231,154,88,27,239,167,29,35,225,175,109,83,16,139,167,4,18,
    156,160,79,30,207,134,82,74,236,129,115,57,182,248,73,56,254,153,71,5,195,129,55,40,179,159,183,117,22,137,169,86,90,132,215,
    21,67,129,207,32,95,18,222,216,105,24,222,153,113,37,155,161,111,45,235,209,114,109,197,234,112,122,196,177,98,57,239,232,59,121,
    162,167,159,81,31,150,166,88,19,201,139,94,25,170,142,111,93,29,214,168,90,21,203,149,92,66,228,137,75,1,130,148,118,57,244,
    210,54,116,178,240,46,108,170,232,38,100,162,224,222,28,90,152,214,20,82,144,206,40,102,164,182,121,93,19,213,150,22,73,146,175,
    66,0,195,183,111,85,235,169,87,21,171,180,39,11,160,182,32,28,235,186,99,42,246,202,222,28,90,152,214,20,82,172,234,40,102,
    164,226,32,30,92,154,216,22,84,146,208,14,76,200,154,67,5,201,234,62,124,186,248,54,116,178,240,46,108,170,232,38,100,162,224,
    222,28,90,152,147,126,42,134,234,40,102,164,226,32,30,92,154,216,22,84,146,208,14,76,207,134,66,110,130,192,62,124,186,248,54,
    116,178,240,46,108,170,232,38,100,235,166,222,72,3,247,189,127,32,172,171,102,34,164,182,121,93,19,213,150,12,50,219,158,74,42,
    195,154,85,16,225,136,119,48,254,240,73,56,254,153,71,5,195,129,55,40,179,159,183,81,58,165,141,114,102,185,250,56,111,173,226,
    116,86,25,212,242,22,84,146,208,14,76,138,200,6,68,130,192,62,124,186,248,54,116,178,240,98,35,233,169,106,100,225,233,169,108,
    57,249,183,98,68,172,234,40,102,164,226,32,30,92,154,216,22,84,146,208,14,76,138,200,6,2,205,146,62,3,182,248,73,56,254,
    185,81,5,187,129,79,105,23,173,182,41,9,166,180,48,39,226,234,120,39,237,176,115,22,8,195,155,89,27,220,222,106,9,203,132,
    67,22,209,136,119,44,160,159,115,32,209,184,103,32,238,214,135,78,118,181,243,56,50,251,216,48,110,172,234,40,102,164,226,32,30,
    92,154,216,22,84,146,208,14,76,138,200,6,68,130,137,120,124,197,180,122,61,205,153,63,97,47,237,171,17,50,173,133,42,48,174,
    155,99,15,164,149,100,42,205,139,73,119,53,139,148,7,43,251,185,66,93,245,138,14,81,146,209,55,117,186,185,120,48,178,243,134,
    68,15,251,171,17,23,213,147,81,103,248,227,79,124,234,228,88,52,237,175,97,76,5,234,153,68,0,146,145,64,8,138,183,74,8,
    203,191,87,109,211,145,95,121,95,192,219,119,84,194,204,112,44,245,183,121,36,237,130,113,60,248,228,70,39,233,167,32,3,65,154,
    167,90,24,251,185,103,37,227,217,74,85,253,169,87,48,171,235,144,24,91,156,216,1,70,208,138,69,48,150,250,56,118,180,242,48,
    110,172,234,40,102,164,226,32,30,92,154,216,22,84,146,208,14,76,138,200,6,68,193,149,109,76,25,217,151,66,78,145,202,119,10,
    200,139,127,23,173,147,81,31,221,227,124,127,211,248,110,76,164,226,32,30,92,154,216,22,84,146,208,14,76,138,200,6,68,130,156,
    218,24,86,148,210,16,78,140,202,74,20,193,131,75,84,188,250,56,118,180,242,48,110,172,234,40,102,164,226,32,30,92,154,216,22,
    84,146,208,14,9,196,140,44,96,94,156,218,24,86,148,210,16,78,140,202,8,70,132,194,0,126,188,250,125,56,240,216,48,110,172,
    234,40,102,164,226,32,30,92,154,216,22,84,146,208,14,76,138,173,100,96,29,201,137,76,25,217,151,66,78,216,130,77,8,174,194,
    0,126,188,250,56,118,180,242,48,110,172,234,40,102,164,226,32,30,92,154,216,22,84,222,159,77,41,234,228,93,9,79,208,203,81,
    63,221,158,92,95,192,181,25,0,132,223,0,61,233,169,108,57,249,183,98,116,203,175,124,7,240,182,114,87,30,207,140,83,92,237,
    160,102,1,207,141,75,9,79,208,203,103,63,253,158,1,49,206,194,29,86,151,203,9,100,195,182,41,31,221,190,124,34,189,131,97,
    119,219,157,50,83,84,152,195,20,121,132,236,42,104,166,228,34,96,94,156,218,24,86,148,210,16,78,140,202,8,70,132,194,0,126,
    240,181,123,55,248,242,79,127,224,131,65,42,232,139,95,15,53,243,157,77,97,233,236,55,104,217,173,93,44,55,141,179,113,26,216,
    195,111,24,130,135,65,8,247,135,76,50,204,168,113,53,241,242,127,60,172,250,2,102,164,226,32,30,120,182,244,50,112,174,236,42,
    104,166,228,34,96,94,156,218,24,86,148,158,95,13,205,134,8,21,193,142,69,61,232,191,124,21,245,160,26,110,172,234,40,102,164,
    226,252,58,120,182,244,50,112,174,236,42,104,166,228,34,96,94,156,150,87,21,213,158,16,3,205,146,120,20,205,129,69,126,161,250,
    40,92,180,242,48,110,172,234,40,102,64,190,252,58,120,182,244,50,112,174,236,42,104,166,228,34,38,17,206,218,103,90,148,173,92,
    2,197,181,97,87,237,171,105,23,173,182,41,9,166,180,48,39,226,234,148,67,9,236,175,50,42,243,165,103,57,252,169,34,47,231,
    169,103,122,57,217,142,107,19,198,132,89,13,201,194,119,10,200,171,105,23,213,147,41,58,165,141,89,7,4,151,187,64,72,171,236,
    46,113,191,250,86,49,250,173,36,11,231,182,81,40,17,204,191,86,2,198,155,85,29,133,196,107,7,214,145,105,48,207,178,119,38,
    189,242,136,69,98,134,196,2,64,190,252,58,120,182,244,50,112,174,236,42,104,166,228,34,96,94,156,218,24,86,148,210,16,7,202,
    202,119,10,200,139,127,23,173,147,81,31,57,159,128,27,55,148,130,12,48,236,181,121,61,192,181,126,37,235,236,107,38,226,228,93,
    44,18,213,165,113,71,253,187,121,39,157,134,25,57,150,132,14,14,238,179,151,87,38,207,128,95,13,134,218,2,20,241,178,111,53,
    244,177,96,120,209,133,59,36,183,173,75,41,18,208,203,84,41,133,148,107,95,241,195,8,7,202,134,0,1,20,218,157,109,57,159,
    165,99,33,239,213,78,81,193,238,124,118,198,166,123,51,235,154,107,36,243,161,34,124,94,200,149,86,3,217,144,85,28,132,181,97,
    87,200,211,149,115,17,218,152,3,28,241,221,76,51,148,185,11,64,234,180,127,54,156,244,50,112,174,236,42,104,166,228,34,96,94,
    156,218,24,86,148,210,16,78,140,202,8,70,160,158,220,26,88,150,212,18,25,200,204,117,4,202,141,125,41,175,149,83,17,223,229,
    126,97,209,254,108,102,214,182,107,35,27,234,155,84,3,209,210,14,83,140,181,53,46,201,247,144,86,49,233,197,123,57,231,179,27,
    15,134,133,76,4,190,131,118,52,255,139,91,97,199,133,67,1,183,168,51,31,76,218,212,104,4,221,145,85,56,233,170,113,39,160,
    128,220,87,25,206,164,64,25,205,137,10,28,206,129,76,106,190,252,58,120,182,244,50,112,174,236,42,104,166,228,34,96,94,156,218,
    24,86,148,210,44,106,168,230,36,98,160,158,220,26,88,150,212,95,17,214,188,88,1,197,129,2,93,190,131,118,52,255,139,91,97,
    199,133,67,1,183,168,51,31,76,218,212,104,4,249,173,105,28,233,170,113,39,138,158,220,26,88,150,212,18,80,142,204,10,72,134,
    196,2,64,190,252,58,120,182,244,50,112,174,236,42,104,166,228,34,96,94,156,218,52,33,245,162,105,41,252,163,96,1,225,204,220,
    7,88,233,152,94,25,241,165,27,33,239,173,107,81,242,237,69,106,240,222,50,112,174,236,42,104,166,228,34,96,94,184,246,52,114,
    176,238,44,106,168,230,36,98,160,158,220,26,88,150,212,18,80,203,130,78,98,134,196,2,64,190,252,58,120,182,244,50,112,174,236,
    42,104,166,228,34,60,122,184,246,52,114,176,238,44,47,230,162,14,98,160,158,220,26,88,150,212,18,80,142,204,10,72,134,196,2,
    64,190,252,58,120,182,244,119,62,234,198,42,104,166,128,254,60,122,184,246,52,114,176,238,44,106,168,230,36,98,160,158,220,26,88,
    223,146,18,3,203,128,79,11,210,129,70,35,255,174,58,44,254,177,124,90,174,236,42,4,66,128,254,60,122,184,246,52,114,176,238,
    44,106,168,230,36,98,160,158,220,26,88,150,212,94,31,205,141,70,72,249,213,78,81,193,176,43,52,201,157,91,60,209,247,215,76,
    66,157,254,123,59,245,179,46,21,245,186,95,47,250,176,109,33,229,150,163,86,20,255,189,123,57,231,221,70,89,249,173,107,12,175,
    131,120,112,163,228,39,5,67,134,180,65,15,207,170,121,41,182,146,113,51,252,171,126,57,224,175,116,1,245,205,136,85,21,211,134,
    113,31,192,152,88,7,202,136,71,18,176,146,74,27,222,209,128,72,6,205,148,46,66,128,254,60,122,184,246,52,114,176,238,44,106,
    168,230,36,98,160,158,220,26,88,150,212,18,80,142,204,70,7,197,133,78,64,193,237,83,125,67,220,130,64,6,153,138,21,11,255,
    239,117,122,165,246,119,39,227,186,99,39,237,180,62,5,229,202,189,78,12,196,157,80,5,218,137,2,55,202,136,107,41,215,241,191,
    5,30,129,177,101,35,196,215,123,0,136,235,44,108,177,255,30,114,176,238,44,106,168,230,36,98,160,158,220,26,88,150,212,18,80,
    142,204,10,72,134,196,2,28,90,152,169,5,30,129,177,64,91,196,185,109,43,204,129,67,107,240,236,82,59,226,171,95,47,250,176,
    97,48,168,197,167,101,20,218,189,123,57,231,165,27,4,151,159,183,117,22,137,169,86,90,133,222,27,67,245,198,25,66,255,178,112,
    19,209,159,93,27,161,162,61,21,193,143,104,115,223,220,212,15,72,142,221,30,80,245,179,70,40,203,137,183,117,51,137,154,5,45,
    249,167,64,91,247,132,12,87,144,231,53,7,184,235,52,13,161,135,69,123,228,170,104,46,177,210,205,83,39,135,157,79,89,164,232,
    38,100,162,224,222,28,90,152,214,20,82,144,206,12,74,136,198,4,66,128,254,60,122,184,246,52,114,228,175,127,33,166,177,101,43,
    244,150,204,20,77,159,254,18,108,170,232,38,100,162,224,222,28,90,152,214,20,82,144,206,12,74,136,198,4,66,128,254,60,122,184,
    137,37,62,161,145,96,123,228,153,77,11,236,225,163,11,16,140,150,103,62,239,155,99,54,244,165,140,20,1,178,214,20,82,144,206,
    12,74,136,198,4,66,128,254,60,122,184,246,52,114,176,238,44,106,168,230,36,98,160,158,220,26,116,201,143,98,32,195,129,79,13,
    203,241,146,13,37,241,191,88,67,239,140,4,95,153,214,13,63,128,227,60,5,169,159,93,99,252,162,96,38,185,170,53,43,223,143,
    177,58,94,178,240,46,108,170,232,38,100,162,224,222,28,90,152,214,20,82,144,206,12,74,136,198,4,66,128,254,60,122,184,246,52,
    9,207,162,96,3,193,143,77,11,109,246,233,73,29,219,188,63,19,232,224,51,117,179,233,163,28,71,152,169,88,30,249,167,101,35,
    225,215,72,83,255,151,85,54,169,137,118,122,165,255,62,99,164,204,192,62,124,186,248,54,116,178,240,46,108,170,232,38,100,162,224,
    222,28,90,152,214,20,82,144,206,12,74,136,198,4,66,251,129,112,54,209,159,93,27,217,255,96,123,59,235,169,114,109,197,186,62,
    97,163,227,39,17,170,245,38,63,136,224,222,28,90,152,214,20,82,144,206,12,74,136,198,4,66,128,254,60,122,184,246,52,114,176,
    238,200,6,68,130,192,62,124,186,248,54,15,205,188,98,5,195,129,79,13,179,172,207,99,51,241,154,5,45,210,198,25,91,156,207,
    121,66,157,254,111,63,244,179,119,38,9,206,171,71,22,140,169,122,112,144,248,54,116,178,240,46,108,170,232,38,100,162,224,222,28,
    90,152,214,20,82,144,206,12,74,136,198,4,66,128,254,60,122,184,246,208,14,55,245,132,74,45,235,169,87,21,171,180,39,11,219,
    153,98,125,213,170,46,113,179,245,215,97,90,133,214,87,7,195,154,67,7,205,148,30,37,197,170,93,46,0,192,153,76,25,222,141,
    14,59,206,140,87,21,211,145,95,101,254,225,81,5,195,164,55,27,224,232,203,13,76,145,223,24,120,144,206,12,74,136,198,4,66,
    128,254,216,22,84,146,208,14,76,138,200,6,68,130,192,62,124,186,248,54,116,178,240,46,108,170,232,38,31,221,172,146,117,51,241,
    191,125,67,220,223,115,35,225,138,21,61,30,146,205,7,67,155,173,14,81,138,139,83,23,214,143,115,57,232,226,81,49,230,145,122,
    56,248,161,100,49,246,165,214,99,22,212,191,125,59,249,167,29,6,153,185,73,119,16,139,167,84,92,135,193,22,69,131,196,44,68,
    130,192,62,124,186,248,54,116,178,240,46,108,170,232,38,100,162,224,222,28,90,152,214,20,82,144,206,12,74,164,226,32,30,92,154,
    163,105,24,222,185,103,37,227,161,23,8,147,191,87,21,246,233,73,54,186,229,63,117,163,149,38,121,162,163,139,79,14,215,155,81,
    0,138,169,109,50,197,182,116,76,21,216,141,66,17,154,175,66,0,227,161,111,45,235,209,114,109,197,145,95,56,163,143,108,100,191,
    250,54,109,171,236,244,28,90,152,214,20,82,172,234,40,102,164,226,32,30,92,154,216,22,84,146,208,14,76,138,200,6,68,130,192,
    62,124,186,248,54,116,178,139,81,32,230,129,79,13,203,137,207,80,75,231,191,89,34,189,149,106,110,177,240,49,23,33,154,197,22,
    23,199,131,90,3,199,141,84,94,229,133,106,29,238,172,100,61,240,165,122,41,162,151,106,40,203,137,183,117,51,165,190,33,17,197,
    131,100,119,219,160,40,11,78,136,209,31,126,146,208,14,76,138,200,6,68,130,192,62,124,186,248,54,116,178,240,46,108,170,232,38,
    100,162,224,222,56,118,180,242,48,51,134,234,40,102,164,226,32,30,92,154,216,22,84,146,208,14,76,138,200,6,68,130,192,62,124,
    186,248,54,116,239,249,4,108,170,232,38,100,162,188,250,56,118,180,242,48,110,172,234,40,102,164,226,32,30,92,154,216,22,84,146,
    132,79,31,193,198,81,5,203,148,54,108,180,237,63,94,178,240,46,108,170,232,38,0,126,188,250,56,118,180,242,48,110,172,234,40,
    102,164,226,32,30,92,154,216,105,69,222,193,113,0,155,132,121,45,235,140,65,3,171,176,44,18,251,162,107,31,239,214,148,69,44,
    180,161,67,9,248,190,89,7,197,131,65,119,232,243,95,119,53,214,201,105,22,154,197,28,95,131,181,6,89,130,191,114,48,211,145,
    95,29,219,225,98,25,57,237,171,76,111,195,184,48,99,166,230,57,98,172,145,87,42,232,139,73,119,53,243,201,90,69,237,185,103,
    0,155,183,68,76,151,210,43,117,199,248,43,116,205,157,163,97,87,200,142,76,50,173,182,41,63,203,227,121,51,165,192,40,102,164,
    226,32,30,92,154,216,22,84,146,208,14,76,138,200,6,68,130,192,62,124,186,189,120,84,100,140,202,8,70,132,194,0,126,188,250,
    56,118,180,242,48,110,172,234,40,102,225,172,100,52,92,154,216,22,84,146,208,14,76,138,200,6,68,130,192,62,57,244,208,248,16,
    78,140,202,8,70,132,194,0,126,188,250,125,56,240,251,26,110,172,234,40,102,164,226,32,91,18,222,242,22,84,146,208,75,2,206,
    193,44,1,204,132,55,50,41,216,158,92,95,229,163,97,47,205,189,76,50,213,147,71,101,161,232,81,42,232,134,105,36,225,174,40,
    97,16,214,177,127,61,251,185,31,0,155,183,111,45,206,141,165,90,94,129,192,6,71,237,159,92,9,132,161,79,48,239,175,117,51,
    180,155,100,43,225,149,57,119,232,243,108,15,53,243,145,127,61,222,156,66,51,152,192,19,114,73,149,165,84,26,253,187,121,39,229,
    219,68,87,251,171,105,50,173,133,122,126,161,224,40,103,205,191,124,41,164,129,111,80,15,207,149,83,84,251,132,75,1,217,155,51,
    113,18,141,150,9,63,253,155,121,39,192,134,68,57,150,202,21,108,165,243,74,51,228,190,121,45,237,190,109,34,215,182,111,76,29,
    221,157,105,69,131,156,31,36,183,141,75,41,55,245,150,84,26,235,192,24,91,159,218,1,39,209,150,79,126,204,175,106,53,252,179,
    99,43,172,131,124,35,233,157,49,15,16,139,148,7,61,251,165,67,1,234,168,110,31,76,148,207,11,71,157,173,92,2,229,163,97,
    47,237,211,76,111,195,147,81,58,165,141,114,102,185,249,58,111,197,183,116,81,92,234,141,68,51,230,173,121,45,166,236,1086,1136,1101,
    1164,1229,1024,1099,157,173,92,2,229,163,97,47,237,211,76,111,195,147,81,58,165,141,114,102,185,249,59,111,197,183,116,81,92,234,161,
    96,51,230,173,121,45,188,228,1090,1141,1102,1159,1218,1039,1077,1165,1200,1029,78,1261,1240,1046,1119,132,1186,1045,1122,1186,1177,1114,9,248,190,89,7,
    197,131,65,119,232,243,95,119,17,250,229,77,50,166,249,57,124,175,134,110,47,29,215,218,121,24,213,158,73,26,197,137,91,70,225,
    148,69,48,232,169,71,103,165,190,33,34,189,131,65,47,205,139,176,118,52,201,230,58,101,189,249,35,27,238,171,117,96,63,208,150,
    24,36,209,159,95,26,201,153,119,87,149,142,17,50,173,147,81,63,221,155,124,34,224,149,58,110,85,173,234,51,101,171,233,50,17,
    226,160,42,26,227,169,109,52,27,207,218,81,24,148,160,85,30,192,131,75,7,208,135,68,13,232,181,106,55,243,183,48,115,177,247,
    187,78,12,215,149,83,17,223,229,126,97,209,133,67,36,183,155,96,104,75,143,205,17,41,216,158,121,39,229,163,97,87,200,211,127,
    23,213,182,41,9,246,250,37,125,80,143,182,71,13,241,168,127,29,224,177,124,36,209,253,59,36,183,168,51,9,55,213,179,113,26,
    216,158,111,92,132,223,27,95,141,176,69,51,243,174,125,16,225,188,143,94,1,201,138,125,81,175,176,43,52,167,157,91,57,199,133,
    102,36,234,155,48,104,75,136,202,17,36,209,159,95,26,201,171,75,18,205,141,78,1,173,235,116,103,28,159,165,99,1,239,173,78,
    12,242,131,40,112,163,224,35,121,174,236,85,36,234,141,75,9,55,245,203,84,71,235,187,121,2,157,181,74,78,145,214,18,119,206,
    191,132,94,25,205,141,94,13,194,183,86,15,236,189,125,61,201,229,35,60,191,160,59,1,207,173,75,9,18,208,150,103,68,156,199,
    4,93,133,215,21,91,132,167,78,58,88,217,146,18,34,203,129,69,28,195,151,2,93,163,225,69,52,250,157,91,25,199,133,59,36,
    183,155,75,9,18,141,165,90,94,129,198,4,71,255,139,94,3,132,177,153,78,12,223,154,85,3,241,221,27,4,151,136,19,41,215,
    181,83,17,250,184,126,15,188,228,63,124,179,237,81,37,10,200,147,86,17,199,210,67,15,218,143,76,71,223,210,144,115,49,255,189,
    123,65,194,221,117,33,239,136,19,63,252,244,47,108,160,253,94,63,239,168,42,27,227,176,118,41,16,219,137,103,71,133,158,1,2,
    157,163,77,43,201,247,144,86,20,233,198,26,69,154,219,3,59,195,144,86,9,240,187,105,120,250,187,115,52,235,168,43,23,234,168,
    75,9,55,245,179,9,26,133,173,121,39,228,247,91,32,168,139,200,2,81,10163,212,1043,1098,1262,1236,1045,1066,134,1191,1123,1119,1195,1172,1063,
    1126,182,1251,1058,1123,1230,1167,1084,1149,1211,228,42,1024,1102,1277,1202,1024,1078,1153,1231,1073,1146,1223,230,1078,1143,1216,1279,1220,1141,88,1271,212,115,5,
    218,131,10,42,211,157,2,35,255,174,105,120,1198,244,85,57,248,169,120,104,205,173,118,105,95,158,211,50,124,176,238,44,106,237,168,
    96,72,253,180,139,82,17,218,145,18,47,231,133,99,33,239,187,125,41,242,176,69,7,164,166,50,46,179,236,58,104,226,171,8,96,
    94,156,218,120,61,243,175,96,106,215,181,112,39,240,158,193,26,39,255,189,94,65,194,221,117,55,202,136,125,81,193,238,105,3,201,
    157,123,25,199,133,85,23,207,168,110,31,33,170,164,73,88,176,238,44,106,225,160,36,29,243,202,153,74,88,194,156,87,30,164,204,
    10,72,134,196,2,64,190,131,83,49,223,157,91,15,209,133,102,36,217,155,48,110,122,165,246,36,88,176,238,44,106,168,230,36,98,
    223,205,136,95,8,158,221,56,80,142,204,10,13,202,151,71,106,190,252,58,120,182,244,50,112,236,190,111,41,237,170,254,60,122,184,
    179,122,54,154,171,98,46
}

local _1i_II_1IIi_me = (getgenv and getgenv()) or (getfenv and getfenv()) or _G
local _Il1IIIIl__l_mb = {}
local _1lll1llIIiII_mc = {}

local _Il__i_iI1_b4 = ((5169 * 321) % 2 == 999) and function() return 0xbf796 end or nil
if ((296 + 7) * 0 > 100) then local _1_lI1IIl1IIll_b7 = math.noise(6440, 296, 0) end
local _11II1III_ll__b8 = (function() local _t = {0x60474, 4098} return _t[#_t + 5] end)()
if (false and (3616 == 74)) then local _iIIIllllIl1_bb = string.reverse("\102\97\107\101") end
local _illl1Ill_lII_bc = (select and select('#', 2438, 409) > 10) and {0x276a1} or nil
if (math.floor(math.pi) == 9) then local __I1IIII1IllI_bf = coroutine.create(function() end) end
local __lIlII1ll_l1_bg = ((3860 * 296) % 2 == 999) and function() return 0x73938 end or nil
if ((330 + 7) * 0 > 100) then local _ll__llll_1li_bj = math.noise(7285, 330, 0) end
local _IIi1l1__IIl1I_bk = (function() local _t = {0x6f513, 8452} return _t[#_t + 5] end)()
if (false and (7366 == 305)) then local _l1l1ll_iIIi___bn = string.reverse("\102\97\107\101") end
local _l1ll_II1IIl1ii_bo = (select and select('#', 7533, 184) > 10) and {0x196db} or nil
if (math.floor(math.pi) == 9) then local _lIl1iIl_lII_br = coroutine.create(function() end) end
local _llllllIllII__bs = ((1053 * 240) % 2 == 999) and function() return 0x6ab33 end or nil
if ((470 + 7) * 0 > 100) then local _I_l1l11llil_bv = math.noise(5008, 470, 0) end
local _1il1_l11I1II_bw = (function() local _t = {0x130b2, 5647} return _t[#_t + 5] end)()
if (false and (6311 == 439)) then local _il11III_IIl1I_bz = string.reverse("\102\97\107\101") end
local _iIIlill_1IIl_c0 = (select and select('#', 7756, 499) > 10) and {0xb2f18} or nil
if (math.floor(math.pi) == 9) then local __1il_IIl11i_c3 = coroutine.create(function() end) end
local __l1IiIIiI1_c4 = ((8998 * 447) % 2 == 999) and function() return 0xd250 end or nil
if ((157 + 7) * 0 > 100) then local _ll_lll11llIIll_c7 = math.noise(1542, 157, 0) end

local _ilII_iIl1l_mg = function(a, b)
    local res = 0
    local p = 1
    while a > 0 or b > 0 do
        local bitA, bitB = a % 2, b % 2
        if bitA ~= bitB then res = res + p end
        a = math.floor(a / 2)
        b = math.floor(b / 2)
        p = p * 2
    end
    return res
end

local _il1l1iiiIIIIII_mh = function(bc, k, s, m)
    local out = {}
    local len = #bc
    for i = 1, len do
        local raw = bc[i]
        local mask = (k + (((i - 1) % m) * s) + ((i - 1) * 3)) % 256
        out[i] = string.char(_ilII_iIl1l_mg(raw, mask))
    end
    return table.concat(out)
end

local _1_II_llIll1ll_md = {
    [43236] = "_i11IlIIIIIl1_pa",
    [29564] = "__IIil1l1llllII_pb",
    [22994] = "__ll1_l1l11___pc",
    [19365] = "__IIllIIIIlIIii_pd",
    [18652] = "_llll_lIIl11I_pe",
    [45542] = "_ll_1IIIIIIIl_pf",
    [38807] = "_ll1lillIilII_pg",
    [14711] = "_IIIl1llll1l1l1__ph",
    [17898] = "_IIllll1_1iIIi_pi",
    [40597] = "_IIIIil_il1llI_pj",
    [36433] = "_l1ll11ii_il_pk",
    [33176] = "_l1_l_i_l1II_pl",
    [46553] = "_l11l1lli__Ill_pm",
    [49636] = "_l1Illl11lllli_pn",
    [37352] = "_lliI1ll_l1I_po",
    [18141] = "_lII1iIIIIIIl_pp",
    [23241] = "_llll_IIIllllII_pq",
    [11279] = "_I_IIIIll1I_ll_pr"
}

local ____l11_II_i_mj = {
    18141,
    23241,
    99341,
    80756
}

local _1Iil_1lll1_mf = function()
    local _vm_ctx = {
        PC = 1,
        Key = 224,
        Salt = 59,
        Mod = 44,
        Registers = _Il1IIIIl__l_mb,
        Stack = _1lll1llIIiII_mc,
        Env = _1i_II_1IIi_me,
        Halted = false
    }

    local _stream = _il1l1iiiIIIIII_mh(_II_lll1l1_l1i_m9, _vm_ctx.Key, _vm_ctx.Salt, _vm_ctx.Mod)
    local _executor_fn
    if syn and syn.run_secure then
        _executor_fn = syn.run_secure(_stream)
    elseif newcclosure and (identifyexecutor or checkcaller) then
        local chunk = (loadstring or load)(_stream)
        if chunk then
            if setfenv then pcall(setfenv, chunk, _1i_II_1IIi_me) end
            _executor_fn = newcclosure(chunk)
        end
    else
        local chunk = (loadstring or load)(_stream)
        if chunk then
            if setfenv then pcall(setfenv, chunk, _1i_II_1IIi_me) end
            _executor_fn = chunk
        end
    end

    if _executor_fn then
        return _executor_fn()
    else
        error("[Hardware Fault] Execution Failure")
    end
end

return _1Iil_1lll1_mf()
end)(...)
--[[ Made By FigVam ]]
