--[[
    ╔═══════════════════════════════════════════════════════════════════════════╗
    ║        AETHER OBSIDIAN SHIELD v7.0 • STEALTH ZERO-TRACE EDITION           ║
    ║        Stealth Bytecode Virtual Machine • Zero-Loadstring Interpreter     ║
    ║        Engine Integrity Seal • Protected: 23.08.2026, 22:08:28            ║
    ╚═══════════════════════════════════════════════════════════════════════════╝
--]]
return (function(...)
local function _IillIIIil1l_8c()
    local _safe = true
    if hookfunction and isexecutorclosure then
        local testFn = function() return 1 end
        pcall(function()
            if not isexecutorclosure(testFn) then
                while true do end
            end
        end)
    end
    local env = (getgenv and getgenv()) or (getfenv and getfenv()) or _G
    if setreadonly and getrawmetatable then
        pcall(function()
            local mt = getrawmetatable(game)
            if mt and isreadonly and not isreadonly(mt) then
                setreadonly(mt, true)
            end
        end)
    end
    if debug and debug.getconstants then
        pcall(function()
            local decoy = function() return "\100\101\99\111\121" end
            local c = debug.getconstants(decoy)
        end)
    end
    return _safe
end
pcall(_IillIIIil1l_8c)

local _II_lll1l1_l1i_m9 = {
    0,175,9,161,193,124,152,41,67,233,26,160,201,108,137,59,73,244,20,169,208,112,144,32,73,189,65,236,135,105,197,102,10,168,69,
    242,109,248,210,111,146,97,6,160,91,252,149,124,209,122,19,160,26,164,199,123,146,119,28,182,56,254,157,49,211,126,82,141,123,251,
    114,210,178,4,228,82,23,183,100,196,201,41,155,38,91,236,12,173,205,81,215,116,24,186,87,187,164,18,242,119,74,183,10,196,164,
    200,104,59,245,123,182,151,100,153,36,31,206,4,164,196,100,255,51,83,242,18,217,196,121,132,98,17,170,71,240,141,43,202,44,77,
    7,103,161,66,238,140,33,141,82,50,161,28,225,129,36,193,60,1,161,28,225,178,44,141,48,77,182,13,246,223,125,155,33,95,254,
    68,250,4,164,194,122,132,34,70,171,26,182,141,100,135,38,90,228,5,166,218,100,133,33,90,228,2,166,218,100,133,47,11,250,22,
    164,13,175,202,115,141,44,77,243,13,172,203,115,141,43,79,243,13,171,207,34,147,63,4,237,14,171,211,109,140,39,83,237,10,173,
    100,154,58,93,228,26,187,219,100,153,49,92,228,25,177,208,100,154,58,80,228,26,184,219,100,154,57,80,228,25,176,216,53,132,40,
    202,35,65,233,29,163,194,100,157,35,66,232,29,163,194,103,157,35,69,232,29,163,193,104,157,35,64,230,76,189,209,42,128,40,73,
    54,72,233,2,182,200,111,136,54,72,238,10,182,200,106,141,54,75,227,2,182,200,107,140,54,75,227,3,182,200,104,139,54,72,234,
    182,158,111,131,120,81,243,17,175,209,112,145,47,81,240,21,175,210,122,154,47,81,247,26,175,209,115,149,47,82,250,20,175,210,122,
    219,96,158,62,93,224,30,184,219,96,157,58,91,224,29,186,223,96,157,59,90,224,29,180,223,96,157,63,89,224,29,185,217,49,128,
    117,206,36,76,230,25,167,199,109,153,39,64,229,25,167,192,103,153,39,65,230,25,167,197,96,200,57,85,174,7,164,196,121,135,33,
    141,50,76,237,7,178,204,109,143,50,76,237,12,178,204,109,143,50,76,238,9,178,204,108,143,50,76,238,7,178,204,110,143,50,79,
    17,180,203,118,158,54,75,246,16,180,203,118,147,50,75,246,19,182,203,118,148,62,26,235,7,252,213,118,150,43,85,243,20,171,213,
    163,201,124,130,35,65,252,2,163,194,124,130,35,73,252,1,169,199,124,130,33,65,252,2,161,200,124,129,41,72,173,28,176,139,98,
    200,109,149,43,74,235,21,171,204,105,149,43,77,233,68,181,217,34,139,40,77,245,11,170,203,117,139,44,73,245,11,173,201,36,149,
    66,185,16,179,214,110,144,49,80,238,16,183,210,110,144,54,82,238,16,178,212,110,147,59,86,238,16,178,211,110,144,51,80,191,14,
    235,80,185,218,127,135,57,88,249,7,185,222,123,135,57,95,251,86,167,203,48,153,58,95,231,25,184,217,103,153,62,91,231,25,191,
    4,233,216,116,207,38,68,226,24,166,197,97,152,38,68,225,24,166,198,101,152,38,65,231,24,166,196,97,152,38,68,226,24,166,198,
    172,209,111,143,44,81,239,13,168,128,113,157,102,76,228,14,177,207,111,133,49,79,232,13,177,207,104,143,49,79,233,14,177,207,109,
    51,27,234,6,253,215,127,144,42,84,244,16,170,212,117,145,42,84,242,31,170,212,114,147,42,84,246,19,170,212,118,145,42,84,243,
    91,227,29,191,221,99,157,62,86,227,30,185,220,99,158,54,94,178,3,175,148,125,158,63,67,253,28,191,195,125,155,56,67,253,27,
    238,20,170,205,107,148,42,72,224,20,170,202,106,197,52,88,163,10,169,200,116,138,43,72,244,10,172,207,37,148,56,3,233,1,160,
    109,147,50,89,237,19,180,211,109,147,53,81,188,13,161,154,112,152,57,77,243,21,179,205,115,147,55,77,243,21,184,205,115,146,56,
    134,59,83,248,6,184,219,124,134,56,91,248,6,184,216,123,134,56,90,243,6,187,222,114,134,59,92,242,6,187,220,121,134,59,82,
    37,95,226,7,167,223,98,135,34,14,255,19,232,194,106,139,63,65,225,5,191,193,102,129,63,65,224,2,191,193,102,128,63,65,227,
    69,240,13,165,201,112,141,47,75,161,16,188,135,109,139,43,80,238,14,164,208,110,143,42,80,238,8,172,208,109,138,41,80,237,8,
    220,105,148,48,86,233,23,180,215,105,148,49,92,233,20,182,220,105,151,48,81,233,23,176,208,105,148,61,84,233,23,177,211,105,151,
    127,154,34,92,254,22,162,223,122,151,34,92,254,24,162,220,127,159,34,95,254,30,162,223,126,155,34,90,253,2,186,220,98,159,60,
    155,38,65,251,4,166,219,111,130,59,70,229,27,164,195,123,134,37,65,251,6,167,199,123,142,33,91,239,5,187,207,96,155,38,70,
    12,182,216,61,140,32,27,241,25,184,204,114,146,54,76,242,21,178,204,114,147,49,76,242,21,179,204,114,144,57,76,241,25,181,204,
    184,218,126,212,37,73,178,24,190,222,101,155,59,81,229,27,186,223,101,155,61,89,229,24,191,220,101,152,61,80,229,24,188,218,101,
    192,99,128,62,67,230,11,190,195,97,139,62,64,231,6,190,192,103,135,62,67,234,3,190,192,102,132,62,64,227,6,190,192,98,138,
    119,138,47,66,247,9,171,205,119,137,42,74,247,10,171,203,119,138,43,78,247,15,168,215,111,137,55,74,233,23,170,205,119,136,42,
    232,28,177,200,117,150,40,87,240,8,181,214,114,136,53,84,244,8,189,210,104,156,54,72,252,19,168,213,117,136,50,92,185,8,164,
    86,191,220,124,129,63,89,250,1,191,222,124,129,63,88,252,1,191,221,125,129,63,93,255,1,191,221,124,129,63,92,245,1,191,223,
    167,218,100,134,37,11,250,22,237,196,103,135,58,68,229,4,186,196,100,129,58,68,226,6,186,196,103,133,58,68,231,3,186,196,102,
    200,115,141,45,79,162,19,191,132,109,142,46,83,237,11,172,211,109,140,38,83,237,10,174,211,109,139,39,83,238,6,171,211,109,142,
    94,228,26,185,219,53,132,40,19,250,25,188,196,121,145,61,68,250,24,177,196,122,155,56,68,250,28,177,196,122,153,61,68,250,26,
    227,29,163,192,103,157,35,64,229,29,163,192,103,157,32,73,224,29,163,195,102,157,32,72,225,29,160,199,105,157,32,69,224,29,160,
    9,175,135,118,154,97,72,234,10,182,200,110,137,54,72,239,10,182,200,104,131,54,72,234,13,182,203,99,130,54,72,235,12,182,203,
    154,58,79,241,19,186,207,113,145,51,79,242,21,176,158,111,131,120,81,242,23,175,210,122,150,47,81,243,26,175,209,112,147,47,81,
    56,85,224,30,189,217,96,158,62,94,224,30,189,218,96,158,61,88,224,30,189,218,96,157,52,93,224,30,190,219,96,157,53,92,224,
    68,227,13,185,196,97,132,57,68,230,0,232,217,117,206,39,71,226,25,167,199,98,153,39,64,229,25,167,193,100,153,39,65,236,25,
    236,14,169,210,111,135,43,82,239,7,167,210,108,140,47,82,236,14,171,210,111,135,47,82,236,12,169,210,111,136,46,82,239,8,173,
    107,150,50,87,186,11,167,156,117,149,48,75,245,21,176,203,117,146,55,75,245,19,182,203,117,147,62,75,245,23,176,203,118,158,50,
    156,33,73,233,28,162,194,97,156,34,64,229,28,161,201,97,156,34,66,231,28,161,198,96,156,33,70,227,28,161,197,96,205,60,80,
    98,75,235,14,181,203,107,142,53,75,236,9,181,203,109,136,53,75,237,0,181,203,105,142,53,72,224,12,181,200,96,128,53,75,235,
    179,206,112,146,55,78,243,27,179,206,112,144,53,78,243,20,178,206,115,148,49,78,243,23,178,159,110,130,121,80,242,18,174,208,118,
    216,103,153,62,91,231,25,185,210,103,153,59,92,231,26,178,211,103,153,58,93,231,26,178,210,103,153,59,82,231,25,185,219,103,154,
    98,135,105,88,244,79,166,197,96,152,37,77,225,24,166,196,109,152,38,71,228,24,166,192,109,152,38,69,225,24,166,198,102,152,38,
    140,43,81,239,12,169,209,111,140,43,81,236,5,172,209,111,143,42,81,236,4,173,209,108,139,37,81,236,9,172,209,108,142,40,0,
    10,166,157,116,148,49,74,244,20,177,202,116,147,54,74,244,18,183,202,116,146,63,74,244,22,177,202,119,159,51,74,247,31,191,202,
    189,221,126,131,61,95,250,3,190,214,126,131,61,93,248,3,190,217,127,131,62,89,252,3,190,218,127,210,35,79,180,29,190,221,99,
    202,108,136,52,74,235,13,180,202,108,136,52,74,236,10,180,202,108,136,52,74,232,15,180,201,97,141,52,74,232,14,180,202,105,140,
    77,240,23,180,205,112,151,57,28,237,1,250,211,112,146,45,83,245,21,173,211,114,148,45,83,242,16,173,211,112,146,45,83,241,20,
    230,24,187,210,102,155,51,92,230,24,186,222,102,152,57,92,230,27,188,217,102,155,51,91,230,27,188,216,102,155,61,82,230,27,184,
    10,191,194,103,131,110,95,243,72,162,202,102,159,33,64,225,31,161,198,97,159,33,71,227,31,161,194,106,159,33,66,231,31,162,202,
    169,129,112,156,103,78,236,12,176,206,104,143,48,78,233,12,176,206,110,133,48,78,236,11,176,205,101,132,48,78,237,10,176,205,101,
    60,73,247,21,188,201,119,151,53,73,244,19,182,152,105,133,126,87,245,29,169,215,118,144,41,87,246,28,169,215,118,147,41,87,241,
    87,226,28,190,215,98,156,63,89,179,2,174,149,124,159,62,66,252,26,188,194,124,156,58,66,255,23,182,194,124,154,55,66,252,30,
    238,27,165,197,103,155,37,70,225,27,165,198,110,155,37,70,239,74,187,215,44,133,38,70,251,5,163,196,123,133,36,78,251,5,165,
    117,140,50,83,249,93,172,192,59,146,48,84,236,18,179,216,108,146,51,83,236,18,181,211,108,146,51,82,236,18,176,210,108,145,57,
    159,37,91,248,29,244,197,105,210,59,93,251,5,187,219,112,133,59,93,255,5,187,221,125,133,59,90,240,5,187,217,113,133,59,89,
    37,94,227,11,165,222,96,130,43,94,224,3,171,222,96,135,32,94,224,0,164,222,96,135,35,15,254,18,233,192,102,128,62,64,225,
    73,247,9,168,205,119,137,47,66,247,9,175,200,119,137,42,66,247,10,168,201,119,137,42,75,247,9,170,206,119,137,42,75,166,23,
    196,63,150,55,86,232,22,176,215,104,150,49,84,232,22,182,221,104,149,50,82,232,21,176,212,104,149,55,87,185,8,164,159,118,151,
    127,129,63,89,254,1,191,216,125,129,63,95,244,1,191,222,116,129,60,88,254,1,188,222,126,129,60,88,245,80,161,205,54,159,63,
    131,58,68,228,0,186,196,99,134,58,68,227,5,186,196,98,143,58,68,230,15,186,196,98,131,58,68,230,14,186,196,102,133,58,68,
    47,75,243,14,169,204,115,142,39,74,243,14,172,198,34,147,63,4,238,8,171,211,109,139,40,83,237,13,171,211,109,139,45,2,243,
    168,147,121,145,59,68,250,26,190,196,122,157,56,68,250,29,187,196,122,156,49,68,250,24,177,196,121,155,48,68,250,26,190,196,122,
    192,104,157,35,65,228,29,160,198,100,157,32,73,232,29,160,199,97,157,35,68,224,29,160,198,97,157,32,68,231,29,160,197,103,204,
    118,154,97,72,235,9,182,200,105,143,54,72,239,10,182,200,105,139,54,72,239,9,182,203,105,139,54,72,233,3,182,200,107,137,54,
    241,19,186,207,113,147,48,79,242,20,182,207,114,149,49,79,242,27,181,158,111,131,120,81,241,22,175,209,113,149,47,81,246,19,175,
    30,185,223,96,158,56,85,224,30,188,213,96,158,56,89,224,30,189,220,96,158,61,89,224,30,188,213,96,157,58,92,224,29,186,216,
    185,196,98,140,57,71,225,0,185,196,102,131,57,68,224,1,185,196,96,140,57,68,224,6,232,217,117,206,39,65,230,25,167,193,98,
    210,108,139,44,82,236,11,172,210,108,138,44,82,239,7,168,210,108,138,43,82,239,7,170,210,108,143,39,82,236,12,172,210,111,137,
    87,235,22,177,223,58,139,39,28,246,30,180,203,117,149,49,75,245,18,183,203,117,146,52,75,245,19,190,203,117,151,62,75,245,18,
    229,28,162,196,104,156,34,67,225,28,162,195,103,156,33,70,233,28,161,198,98,156,33,70,224,77,188,208,43,129,41,67,252,2,162,
    15,181,203,108,137,53,75,236,10,181,203,109,128,53,75,233,0,181,203,106,139,53,75,235,8,181,203,105,140,53,75,233,12,228,213,
    130,121,83,251,22,174,208,113,151,46,80,247,19,174,208,113,147,46,80,243,21,174,211,123,149,46,80,242,22,174,208,115,144,46,80,
    58,82,231,25,187,216,54,135,43,16,250,18,184,199,121,153,61,71,249,30,187,199,121,158,56,71,249,31,178,199,121,155,50,71,249,
    71,230,24,166,198,101,152,38,68,225,24,166,196,97,201,56,84,175,6,165,197,120,134,38,76,248,6,161,198,120,134,32,68,248,6,
    233,4,177,207,109,136,49,79,238,10,177,204,100,139,49,79,237,4,224,209,125,198,44,68,238,17,175,207,107,145,47,72,237,17,175,
    115,149,42,84,242,31,170,212,118,159,42,84,243,19,170,212,114,158,42,84,245,23,170,212,117,145,42,87,240,31,170,215,112,148,42,
    158,57,95,178,3,175,148,126,150,55,67,253,27,186,195,125,156,54,67,253,27,183,195,125,155,54,18,227,15,244,221,127,154,35,93,
    43,72,244,10,171,201,116,138,45,73,244,10,169,192,116,138,40,65,244,10,168,203,116,138,42,72,244,10,170,201,37,148,56,3,234,
    176,210,109,147,49,87,237,19,177,212,109,147,52,81,237,19,178,217,109,147,49,84,237,19,177,214,109,144,56,84,188,13,161,154,115,
    219,121,134,56,90,252,6,184,216,123,134,56,88,255,6,184,217,114,134,56,90,254,6,187,211,121,134,56,91,248,87,166,202,49,152,
    103,128,63,65,231,4,191,193,102,129,63,65,230,1,191,193,103,129,63,66,234,5,191,193,103,134,63,66,234,7,191,193,98,138,63,
    142,46,78,240,13,171,204,112,141,42,68,161,16,188,135,110,136,47,80,238,15,168,208,110,142,41,80,238,9,172,208,110,143,46,80,
    23,181,214,105,151,49,80,233,23,180,208,105,151,52,82,233,23,180,220,105,148,51,86,184,9,165,158,116,156,61,73,247,17,176,201,
    188,221,119,130,60,90,246,2,188,218,119,211,34,78,181,28,190,222,98,156,60,88,226,28,189,215,98,156,58,95,226,28,186,215,98,
    197,103,142,106,91,247,76,166,206,111,155,37,67,226,27,165,196,110,155,37,67,239,27,165,195,110,202,59,87,172,5,166,197,123,133,
    82,246,12,178,212,118,140,50,82,245,12,178,208,120,140,49,89,244,12,178,208,112,140,50,81,242,12,178,209,114,221,44,64,187,18,
    248,27,165,219,123,159,37,91,253,31,165,219,123,156,37,91,249,17,165,216,112,157,37,91,249,25,165,219,120,155,37,91,248,27,244,
    30,178,137,96,131,32,94,224,0,164,222,96,134,36,94,224,0,167,222,96,128,32,94,224,3,166,222,96,128,32,94,227,11,165,222,
    169,202,110,151,41,75,226,70,183,219,32,137,42,72,247,9,171,205,119,137,43,78,247,9,174,203,119,137,40,67,247,9,171,206,119,
    54,84,243,8,181,221,113,217,40,68,191,22,181,214,104,150,54,82,232,22,176,210,104,150,54,81,232,22,182,214,104,150,53,80,232,
    95,255,31,161,220,116,154,33,95,252,24,161,223,125,148,112,65,237,86,191,220,126,129,63,93,251,1,191,221,120,129,63,88,253,1,
    228,5,174,218,100,134,35,90,228,6,161,218,103,143,35,11,250,22,237,196,103,135,58,68,228,14,186,196,99,132,58,68,227,6,186,
    13,171,207,115,141,47,72,243,14,166,202,115,141,45,76,243,13,173,204,115,141,43,70,243,14,167,207,115,142,40,77,243,14,167,202,
    132,57,81,248,85,164,200,51,154,57,89,228,26,187,208,100,154,59,92,228,26,188,216,100,154,61,92,228,25,177,220,100,154,57,94,
    108,93,241,74,163,192,98,157,35,65,231,29,160,200,101,157,35,68,227,29,163,194,104,157,35,64,228,29,163,194,97,157,35,65,233,
    86,235,3,169,214,104,138,34,86,235,13,163,214,107,130,47,7,246,26,225,200,107,137,54,72,234,12,182,200,104,136,54,72,238,14,
    207,113,151,59,79,242,26,186,207,114,154,54,79,241,17,176,207,113,145,48,30,239,3,248,210,122,155,47,81,247,22,175,209,112,154,
    96,158,56,84,224,30,184,213,49,128,44,23,253,21,185,192,126,159,62,64,254,30,184,192,126,158,57,64,254,24,181,192,126,156,57,
    153,39,71,231,25,167,193,101,153,39,69,231,25,167,196,109,153,36,67,226,72,185,213,46,132,44,77,249,7,161,192,121,135,38,76,
    50,76,234,6,178,204,106,135,99,82,254,69,172,206,104,146,44,77,236,18,172,203,110,146,44,75,236,18,172,203,110,146,44,79,230,
    171,213,117,145,43,85,245,21,171,213,118,149,43,85,246,30,171,214,113,148,43,86,254,22,250,203,103,220,53,86,244,11,181,215,113,
    220,97,137,36,92,226,5,162,220,98,131,41,92,226,1,165,220,98,131,32,92,226,0,168,220,97,137,35,92,226,0,168,220,97,135,
    96,149,40,65,236,68,181,217,34,136,32,65,245,11,173,204,117,139,42,64,245,11,173,193,117,139,45,64,164,21,185,130,107,136,42,
    238,16,178,212,110,144,50,87,238,16,183,210,110,144,49,90,238,16,178,215,110,144,50,85,238,19,187,215,63,142,34,25,240,19,177,
    7,185,219,125,135,57,89,250,7,185,217,126,135,57,88,243,7,185,219,127,135,58,82,248,7,185,218,121,214,39,75,176,25,186,217,
    184,198,102,130,56,70,224,2,184,198,102,129,56,70,228,12,184,197,109,128,56,70,228,4,184,198,101,134,56,70,229,6,233,216,116,
    134,108,140,37,74,241,12,175,205,104,145,44,79,236,12,177,204,108,133,40,81,236,12,165,203,113,140,44,69,238,17,172,204,107,132,
    74,247,23,179,208,106,151,55,83,241,10,183,215,115,159,42,87,244,16,177,155,106,134,125,84,247,20,170,212,116,144,42,84,242,16,
    227,29,189,218,99,157,63,87,227,30,182,219,99,157,63,95,227,29,190,221,99,157,62,93,178,3,175,148,125,158,62,67,253,28,189,
    20,170,205,105,148,42,77,233,20,170,204,96,197,52,88,163,9,161,192,116,138,44,77,244,10,171,193,116,138,44,64,244,10,172,193,
    220,45,65,186,19,176,210,109,147,49,87,237,19,177,212,109,147,52,81,237,19,178,217,109,147,49,84,237,19,177,214,109,144,56,84,
    119,70,234,81,184,219,120,134,56,88,252,6,184,222,124,134,56,88,255,6,184,218,114,134,59,83,254,6,184,218,122,134,56,91,248,
    95,225,2,161,142,127,147,104,65,226,1,191,193,97,133,63,65,231,5,191,193,97,134,63,65,225,1,191,193,98,135,63,65,225,1,
    240,13,165,203,112,142,45,73,240,14,172,197,33,144,60,7,238,13,174,208,110,143,44,80,238,15,170,129,112,156,103,78,237,15,176,
    119,149,51,73,247,21,176,201,119,144,53,73,247,22,189,201,119,149,48,73,247,21,178,201,116,156,48,24,233,5,254,215,116,148,41,
    156,60,86,226,28,187,220,98,156,59,94,226,28,186,222,98,156,62,89,226,31,183,219,98,156,60,93,226,28,188,221,98,156,58,87,
    59,70,239,7,187,198,96,133,59,70,239,2,187,198,110,135,106,91,247,76,165,197,100,155,37,70,226,27,165,196,110,155,37,67,229,
    172,210,116,153,125,76,224,91,178,209,115,140,50,80,246,12,177,217,116,140,50,85,242,12,178,211,121,140,50,81,245,12,178,211,112,
    197,123,153,49,69,248,16,186,197,123,153,49,69,248,30,176,197,120,145,60,20,229,9,242,219,120,154,37,91,249,31,165,219,123,155,
    126,128,38,70,254,0,166,202,126,131,43,75,254,3,171,199,126,128,32,65,254,0,160,193,47,158,50,9,224,3,163,222,96,128,42,
    151,41,78,233,23,169,206,107,151,41,79,235,23,169,203,108,151,42,66,238,23,169,201,104,151,41,73,232,23,169,207,98,151,42,67,
    20,168,213,115,150,40,85,252,17,168,213,125,148,121,72,228,95,182,213,118,136,54,86,242,8,182,208,114,136,54,86,241,8,182,214,
    191,193,127,156,57,65,255,31,191,193,124,148,58,65,255,28,184,193,127,157,52,16,225,13,246,223,124,159,33,95,255,27,161,223,121,
    192,122,132,36,67,250,4,166,206,122,135,47,66,250,4,166,198,122,132,39,68,250,4,167,196,43,154,54,13,228,7,164,218,100,132,
    105,147,45,75,233,19,173,205,106,147,45,77,237,19,173,206,107,147,45,77,237,19,174,198,104,147,45,78,234,19,173,207,102,194,51,
    232,83,186,217,123,132,58,88,254,4,186,216,125,132,58,93,248,4,186,219,112,132,58,88,253,4,186,216,127,132,57,81,253,85,164,
    17,234,195,96,130,61,67,225,7,189,195,99,128,61,67,227,4,189,195,98,137,61,67,225,5,189,192,104,130,61,67,224,3,236,221,
    186,129,107,139,45,72,246,11,168,202,104,150,43,72,234,13,182,203,104,137,44,86,235,8,174,204,118,139,43,76,227,22,171,203,109,
    51,79,242,18,182,213,62,143,35,24,242,18,180,219,111,146,49,82,243,15,178,209,115,147,47,82,242,26,183,207,114,146,58,83,239,
    93,253,27,189,192,125,159,52,64,253,25,188,145,96,140,119,93,250,27,160,221,122,155,32,93,254,28,191,192,125,157,52,85,224,29,
    228,12,161,217,100,132,34,68,249,4,167,192,99,153,36,68,224,6,232,217,117,206,36,76,237,25,167,193,96,153,39,70,236,25,167,
    10,166,210,108,138,39,3,242,30,229,204,111,141,50,76,238,8,178,204,110,139,50,76,235,14,178,204,109,134,50,76,238,11,178,204,
    151,48,75,246,30,178,154,107,135,124,85,246,20,171,213,119,145,43,85,245,22,171,213,117,146,43,85,244,31,171,213,119,147,43,86,
    41,67,252,2,161,194,45,156,48,11,226,1,162,220,98,130,38,92,226,4,166,220,98,130,37,92,226,0,168,220,97,137,36,92,226,
    73,233,21,171,200,107,149,43,72,235,68,181,217,34,139,40,75,245,11,171,207,117,139,45,79,245,11,171,204,117,139,43,75,245,11,
    211,118,142,48,80,240,14,179,219,117,142,48,83,247,14,176,210,123,223,46,66,185,16,179,209,110,144,50,84,238,16,178,215,110,144,
    126,155,39,89,248,19,167,217,123,158,39,89,251,28,167,218,114,158,118,71,235,80,186,210,115,135,57,95,254,7,185,216,114,135,57,
    128,44,88,230,0,173,137,120,148,111,70,229,7,184,198,100,130,56,70,228,1,184,198,97,132,56,70,231,12,184,198,100,129,56,70,
    45,74,241,12,164,200,32,145,61,6,239,12,175,209,111,143,43,81,239,9,171,209,111,143,40,81,239,15,175,209,111,140,41,81,239,
    180,212,106,151,63,81,234,20,183,211,106,148,54,95,187,10,166,157,119,159,62,74,244,18,179,202,116,149,63,74,244,18,190,202,116,
    219,118,210,35,79,180,29,190,220,99,157,63,89,227,29,191,218,99,157,58,95,227,29,188,215,99,157,63,90,227,29,191,216,99,158,
    97,141,101,84,248,67,170,201,107,148,42,72,238,20,170,202,105,148,42,74,237,20,170,203,96,148,42,72,236,20,169,193,107,148,42,
    240,19,252,205,97,218,51,80,243,13,179,211,119,141,51,85,247,13,179,211,116,141,51,81,249,13,176,216,117,141,51,81,241,13,179,
    27,184,198,120,155,56,23,230,10,241,216,123,152,38,88,248,28,166,216,126,156,38,88,248,31,166,216,122,146,38,91,243,30,166,216,
    163,195,127,129,34,65,255,1,162,193,46,159,51,8,225,2,161,223,97,129,37,95,225,7,165,223,97,129,38,95,225,1,161,223,97,
    205,104,144,46,78,238,16,173,197,107,144,46,77,233,16,174,204,101,193,48,92,167,14,173,207,112,142,44,74,240,14,172,201,112,142,
    80,245,9,183,214,125,137,55,85,240,9,183,213,114,137,52,92,240,88,169,197,62,148,60,93,233,23,177,208,105,151,54,92,233,23,
    250,22,162,220,122,151,115,66,238,85,188,223,125,130,60,94,248,2,188,222,123,130,60,91,254,2,188,221,118,130,60,94,251,2,188,
    7,160,219,102,142,34,10,251,23,236,198,110,143,59,69,227,2,187,197,100,142,59,69,227,15,187,197,99,142,106,91,247,76,165,198,
    147,44,82,240,22,172,210,112,149,44,82,245,16,172,210,115,152,44,82,240,21,172,210,112,151,44,81,249,21,253,204,96,219,50,81,
    58,69,251,25,191,197,123,155,56,69,251,27,188,197,123,154,49,69,251,25,189,197,120,144,58,69,251,24,187,148,101,137,114,91,248,
    64,254,0,160,196,126,128,38,68,254,0,160,199,126,128,34,74,254,3,171,198,126,128,34,66,254,0,163,192,126,128,35,64,175,30,
    251,64,169,202,105,151,41,73,237,23,169,207,109,151,41,73,238,23,169,203,99,151,42,66,239,23,169,203,107,151,41,74,233,23,169,
    117,150,121,72,228,95,181,210,113,136,54,86,243,8,181,211,112,136,53,83,242,8,182,215,125,136,53,87,245,8,181,215,116,136,53,
    156,53,84,225,28,188,216,127,129,60,92,251,26,161,220,127,154,62,65,252,31,186,218,97,156,63,88,252,1,188,223,120,158,33,92,
    36,66,225,26,164,199,103,154,36,70,238,26,164,199,102,154,39,67,226,26,162,198,122,130,39,90,231,7,175,218,99,135,107,90,246,
    4,237,14,173,211,109,141,41,83,237,11,169,211,109,141,42,83,237,13,173,211,109,142,43,83,237,13,173,211,110,134,40,83,237,14,
    221,100,154,56,81,181,4,168,147,122,153,59,68,250,24,190,196,122,152,61,68,250,29,184,196,122,155,48,68,250,24,189,196,122,152,
    102,157,32,72,228,76,189,209,42,131,32,66,253,3,161,199,125,131,35,64,253,3,163,196,125,131,34,73,253,3,161,197,125,128,40,
    137,54,72,235,8,231,214,122,193,43,67,226,22,168,206,111,150,40,73,227,22,168,206,98,150,40,78,227,71,182,218,33,136,43,73,
    15,177,211,117,143,49,83,246,15,177,214,115,143,49,80,251,15,177,211,118,143,49,83,244,15,178,218,118,222,47,67,184,18,181,214,
    160,222,126,155,32,93,251,24,160,221,123,154,32,94,255,21,160,221,127,157,32,93,255,28,160,221,125,148,53,64,253,29,185,222,96,
    196,100,131,34,89,228,7,162,198,121,132,39,66,226,25,164,199,96,132,57,68,231,0,166,217,100,135,33,66,249,7,164,196,121,135,
    110,134,50,76,239,14,178,207,107,138,50,74,238,18,170,207,114,143,47,71,242,11,175,131,114,158,101,79,239,9,166,210,111,140,44,
    244,11,182,213,117,158,43,86,245,20,190,203,118,150,63,95,235,22,182,208,113,139,54,86,241,31,171,214,118,146,52,26,235,7,252,
    1,161,199,101,156,33,66,225,0,188,193,98,129,36,92,225,2,163,196,124,129,33,73,227,28,161,193,104,130,60,65,225,7,160,220,
    168,200,108,143,53,72,234,9,181,200,108,128,100,85,249,66,168,192,97,149,43,77,236,21,171,202,96,149,43,77,225,21,171,205,96,
    127,78,226,89,176,211,113,142,48,82,244,14,176,210,119,142,48,87,242,14,176,209,122,142,48,82,247,14,176,210,117,142,51,91,247,
    22,231,11,240,217,122,152,39,89,251,29,167,217,121,154,39,89,249,30,167,217,120,147,39,89,251,31,167,218,114,152,39,89,250,25,
    169,24,180,143,102,133,38,88,230,6,162,216,102,128,34,88,230,6,161,216,102,132,44,88,229,13,160,216,102,132,36,88,230,5,166,
    17,175,204,111,192,49,93,166,4,172,207,101,145,43,72,236,11,173,209,108,138,41,0,241,29,230,207,108,143,49,79,239,11,177,207,
    146,48,74,244,20,179,202,116,148,52,74,244,23,178,202,116,148,52,74,247,31,177,202,116,151,51,74,244,22,191,155,106,134,125,87,
    54,88,227,29,188,220,99,157,58,94,227,29,187,215,99,157,62,92,227,29,190,218,99,157,63,88,227,29,189,223,50,131,47,20,253,
    73,235,20,170,200,110,148,42,72,237,20,170,205,104,148,42,75,224,20,170,200,109,148,42,72,239,20,169,193,109,197,52,88,163,9,
    214,117,141,48,87,248,13,176,215,113,220,45,65,186,16,184,217,109,147,53,84,237,19,178,216,109,147,53,89,237,19,181,216,60,141,
    106,209,56,91,249,6,184,218,124,134,56,90,255,6,184,223,122,134,56,89,242,6,184,218,127,134,56,90,253,6,187,211,127,215,38,
    147,104,65,226,0,191,193,99,133,63,65,225,2,191,193,97,134,63,65,224,11,191,193,99,135,63,66,234,0,191,193,98,129,110,95,
    60,7,238,13,174,208,110,142,42,80,238,8,170,208,110,142,41,80,238,12,164,208,109,133,40,80,238,12,172,208,110,141,46,80,238,
    180,215,56,137,37,30,240,16,177,221,113,137,48,82,244,22,176,201,116,146,49,24,233,5,254,215,116,151,41,87,247,19,169,215,113,
    216,98,156,60,91,226,28,188,220,98,156,63,90,226,28,188,220,98,159,55,89,226,28,191,219,98,156,62,87,179,2,174,149,124,159,
    100,155,37,71,225,27,165,199,98,155,37,66,231,27,165,196,111,155,37,71,226,27,165,199,96,155,38,78,226,74,187,215,44,133,38,
    243,12,178,208,118,140,50,82,241,12,178,210,117,140,50,83,248,12,178,208,116,140,49,89,243,12,178,209,114,221,44,64,187,17,185,
    17,165,219,125,156,37,91,250,16,165,219,125,145,37,91,253,16,244,197,105,210,59,88,250,5,187,217,127,133,59,89,252,5,187,220,
    162,222,96,129,42,94,224,2,167,222,96,130,37,94,227,11,167,143,126,146,105,64,227,1,190,192,98,132,62,64,224,3,190,192,96,
    206,119,137,40,67,247,9,171,207,119,138,34,72,247,9,170,201,38,151,59,0,233,10,169,215,105,137,45,87,233,15,173,215,105,137,
    81,232,22,180,220,104,149,61,80,232,22,180,212,104,150,53,86,232,22,181,214,57,136,36,31,246,21,182,200,118,150,50,72,246,16,
    251,1,191,223,120,129,63,93,245,1,188,212,121,129,63,93,253,1,191,220,127,129,63,92,255,80,161,205,54,156,52,85,225,31,185,
    3,186,196,101,143,58,68,226,14,186,196,98,143,107,90,246,77,164,199,101,154,36,70,224,26,164,198,99,154,36,67,230,26,164,197,
    167,211,109,143,42,83,237,15,168,211,110,134,42,2,243,31,228,206,102,135,51,77,235,10,179,205,108,134,51,77,235,7,179,205,107,
    49,21,228,8,243,218,121,155,36,90,248,30,164,218,120,157,36,90,253,24,164,218,123,144,36,90,248,29,164,218,120,159,36,89,241,
    68,172,29,177,138,96,136,41,93,227,5,164,221,99,130,40,93,227,5,169,221,99,133,40,12,253,17,234,195,96,130,61,67,225,7,
    246,8,170,207,118,136,47,74,246,8,169,194,118,136,42,79,246,8,170,205,118,139,35,79,167,22,186,129,104,139,41,86,232,10,172,
    111,145,49,82,239,17,177,214,111,145,48,91,239,17,179,215,111,146,58,80,239,17,178,209,62,143,35,24,241,23,180,207,113,144,51,
    128,62,89,254,0,190,217,125,128,62,88,249,0,190,220,121,128,62,92,249,81,160,204,55,158,62,84,224,30,191,220,96,158,62,88,
    57,71,225,7,185,199,97,140,57,71,229,12,232,217,117,206,39,65,230,25,167,193,103,153,39,70,226,25,167,193,99,153,39,65,236,
    82,236,14,166,210,108,143,41,3,242,30,229,204,111,140,50,76,236,8,178,204,106,136,50,76,236,11,178,204,110,134,50,79,231,10,
    203,117,151,55,75,245,22,181,203,117,150,53,26,235,7,252,214,118,144,49,75,246,21,182,215,107,150,53,85,241,11,182,214,126,146,
    124,129,34,68,228,28,161,193,104,131,60,65,225,7,168,220,97,130,39,65,252,1,161,197,98,156,33,66,230,4,237,220,112,203,34,
    136,43,85,235,11,175,213,107,141,47,85,235,11,172,213,107,137,33,85,232,0,173,213,107,137,41,85,235,8,171,213,107,136,43,4,
    14,162,153,115,155,58,78,240,22,183,206,112,145,59,78,240,22,186,206,112,150,59,31,238,2,249,211,123,154,46,80,246,23,174,208,
    184,210,103,153,63,83,231,25,191,210,54,135,43,16,249,26,185,199,121,153,61,71,249,31,189,199,121,153,62,71,249,27,179,199,122,
    205,96,152,38,68,228,24,166,197,102,152,38,69,230,73,184,212,47,133,45,76,248,6,160,193,120,134,39,77,248,6,160,204,120,134,
    105,132,96,81,253,70,175,204,110,145,47,77,235,17,175,205,104,145,47,72,237,17,175,206,101,145,47,77,232,17,175,205,106,145,44,
    255,19,251,202,102,221,52,87,245,10,180,214,112,138,52,84,247,10,180,212,115,138,52,85,254,10,180,214,114,138,55,95,245,10,180,
    30,189,146,99,143,116,93,254,29,163,221,125,153,35,93,251,25,163,221,125,154,35,93,255,23,163,222,118,155,35,93,255,31,163,221,
    169,202,116,138,41,74,165,20,184,131,106,137,42,84,234,10,174,212,106,140,46,84,234,10,173,212,106,138,42,84,234,8,172,212,106,
    48,81,188,13,161,154,112,144,54,81,237,16,179,209,116,141,48,83,240,16,173,208,112,153,52,77,240,16,185,217,109,144,51,85,248,
    70,251,27,178,217,102,155,63,83,230,27,191,218,102,155,62,95,183,6,170,145,120,155,57,70,248,26,188,198,120,154,63,70,248,31,
    227,31,161,192,107,159,33,67,230,31,161,195,100,159,34,74,230,78,191,211,40,129,35,69,255,1,160,193,127,129,33,71,255,1,167,
    12,225,208,124,199,45,69,228,16,174,200,105,144,46,79,229,16,174,200,100,144,46,72,229,65,176,220,39,142,45,79,240,14,172,202,
    137,55,85,240,9,183,208,117,137,55,86,253,9,183,213,112,137,55,85,242,9,180,220,112,216,41,69,190,23,180,214,105,151,53,83,
    34,92,252,31,162,220,124,155,34,92,253,22,162,220,126,154,34,95,247,29,162,220,127,156,115,66,238,85,188,223,124,130,60,92,248,
    91,229,3,161,219,101,133,34,91,229,7,175,219,102,142,35,91,229,7,167,219,101,134,37,91,229,6,165,138,123,151,108,69,230,5,
    204,114,146,54,76,242,20,182,204,114,146,53,76,242,18,178,204,114,145,52,76,242,18,178,204,113,153,55,76,242,17,181,204,114,144,
    112,212,37,73,178,27,184,218,101,155,57,95,229,27,185,220,101,155,60,89,229,27,186,209,101,155,57,92,229,27,185,222,101,152,48,
    135,111,94,242,73,163,195,101,130,62,67,224,0,170,222,99,128,34,67,254,3,163,202,107,158,35,67,235,0,190,195,99,133,35,94,
    42,73,238,9,183,202,105,140,41,87,234,10,174,201,119,138,42,78,227,23,169,200,107,151,42,74,237,15,183,202,105,142,34,87,234,
    182,209,117,136,53,85,252,19,168,213,118,151,61,72,245,22,182,210,57,136,36,31,245,21,179,212,104,149,54,86,252,8,181,214,117,
    216,97,156,63,94,250,1,188,220,116,155,33,92,252,21,191,193,124,156,58,95,225,28,190,212,97,156,56,95,176,1,173,150,127,159,
    96,154,36,69,230,26,164,196,98,154,36,67,231,26,164,194,111,154,36,70,239,26,164,194,99,203,58,86,173,7,161,194,122,132,34,
    136,51,77,237,11,179,205,107,141,98,83,255,68,174,198,103,147,45,75,234,19,173,204,102,147,45,75,231,19,173,203,102,194,51,95,
    83,186,217,123,132,58,88,254,4,186,216,125,132,58,93,248,4,186,219,112,132,58,88,253,4,186,216,127,132,57,81,253,85,164,200,
    234,195,96,130,61,67,225,7,189,195,99,128,61,67,227,4,189,195,98,137,61,67,225,5,189,192,104,130,61,67,224,3,236,221,113,
    129,104,139,40,86,232,8,172,214,104,142,44,86,232,8,175,214,104,138,34,86,235,3,174,214,104,138,42,86,232,11,168,214,104,139,
    81,190,15,163,152,113,147,50,79,241,16,183,207,113,144,58,79,241,23,177,207,113,151,58,30,239,3,248,209,115,146,47,81,240,23,
    224,30,191,213,96,158,56,94,224,30,184,213,96,158,63,85,224,30,188,223,96,158,61,93,224,30,190,221,96,158,61,93,177,0,172,
    78,167,196,102,153,39,69,227,25,167,197,96,153,39,64,229,25,167,198,109,153,39,69,224,25,167,197,98,153,36,76,224,72,185,213,
    229,207,103,134,50,76,234,11,178,204,109,135,50,76,234,6,178,204,106,135,99,82,254,69,172,207,109,146,44,78,232,18,172,206,107,
    43,85,242,23,171,213,116,159,43,85,247,18,171,213,119,144,43,86,254,18,250,203,103,220,53,86,244,11,181,215,113,139,53,85,246,
    92,226,2,165,220,98,131,40,92,226,0,164,220,97,137,35,92,226,1,162,141,124,144,107,66,225,2,188,194,98,134,60,66,228,6,
    245,11,171,204,117,139,41,65,245,8,160,205,117,139,41,73,245,11,168,203,117,139,40,75,164,21,185,130,108,140,45,65,237,21,172,
    117,147,49,90,238,19,181,214,63,142,34,25,240,19,179,206,112,145,48,78,240,23,179,206,112,151,51,78,240,22,186,206,115,145,51,
    135,57,88,242,7,185,218,126,135,57,89,249,7,185,218,115,135,58,93,254,7,186,211,126,214,39,75,176,25,186,218,103,153,56,89,
    56,70,225,5,184,198,97,133,56,70,224,12,233,216,116,207,38,64,230,24,166,198,109,152,38,64,226,24,166,192,96,152,38,71,237,
    81,239,13,165,209,111,141,42,81,236,4,170,209,111,141,36,81,239,12,164,209,111,136,47,81,239,15,171,209,111,136,44,81,239,15,
    208,106,148,55,86,234,20,180,215,106,151,63,83,234,20,182,209,106,151,63,94,234,19,182,202,112,150,42,82,244,10,178,213,59,138,
    111,212,61,93,250,3,189,219,125,131,61,92,251,3,189,218,125,131,61,91,252,3,189,218,125,131,61,95,251,3,189,223,126,131,62,
    141,40,84,234,9,168,212,105,128,42,84,234,13,172,133,116,152,99,74,233,10,180,202,106,142,52,74,236,14,180,202,106,141,52,74,
    19,179,205,115,144,53,77,243,19,179,205,112,152,54,77,243,16,180,205,115,145,56,28,237,1,250,208,112,150,49,77,240,19,177,216,
    166,219,120,153,59,70,251,27,179,222,102,155,56,94,254,6,187,219,114,155,38,91,251,29,186,198,123,155,63,82,230,27,187,220,120,
    223,98,130,37,65,255,2,162,198,106,159,34,66,229,4,191,194,97,133,35,95,225,6,162,223,106,134,38,69,174,31,179,136,97,130,
    111,144,46,76,234,16,174,204,105,144,46,73,236,16,174,207,100,144,46,76,233,16,174,204,107,144,45,69,233,65,176,220,39,142,45,
    247,9,183,215,115,137,55,81,243,9,183,215,112,137,55,85,253,9,180,220,113,137,55,85,245,9,183,212,119,137,55,84,247,88,169,
    14,245,223,119,157,34,92,252,24,162,220,123,158,34,92,251,29,162,220,122,151,34,92,254,23,162,223,125,150,34,92,252,24,162,220,
    166,206,123,133,39,66,251,6,160,194,123,134,47,78,251,6,161,199,123,133,34,70,251,6,160,199,123,134,34,65,251,6,163,193,42,
    44,64,187,17,185,213,108,146,52,85,236,18,179,209,108,146,52,88,236,18,179,217,108,146,48,84,236,17,185,214,108,145,52,85,236,
    91,252,26,165,219,120,144,37,88,254,28,165,216,113,156,37,88,241,16,165,216,113,153,37,88,253,25,165,219,121,152,37,81,253,25,
    224,30,160,195,103,158,35,64,228,2,190,195,98,139,32,94,227,2,170,195,126,135,35,94,227,3,163,202,126,131,35,64,224,30,163,
    11,175,206,119,138,43,79,238,23,170,202,104,141,55,74,235,9,162,215,106,138,47,67,247,10,171,204,119,138,42,73,237,23,170,202,
    150,53,72,245,21,181,209,104,149,53,84,242,8,181,212,115,148,40,85,244,29,183,153,104,132,127,86,246,17,168,214,118,146,40,86,
    56,93,225,31,184,222,97,159,57,84,225,31,189,212,97,159,57,88,225,28,180,217,97,159,63,92,225,31,189,222,97,156,58,85,225,
    71,224,2,186,199,110,128,58,71,238,14,186,199,98,131,58,71,239,15,186,199,99,130,58,71,229,4,186,199,98,131,58,71,230,1,
    162,19,191,132,109,139,44,83,237,12,171,211,109,141,42,83,237,10,175,211,109,140,45,83,237,15,172,211,109,139,42,83,237,14,170,
    100,154,57,95,228,26,185,209,100,153,62,91,181,4,168,147,121,145,59,68,250,26,190,196,122,157,56,68,250,29,187,196,122,156,49,
    157,35,65,232,29,160,194,105,157,35,67,231,29,163,192,104,157,35,65,228,29,160,198,100,157,32,73,232,29,160,199,97,157,35,68,
    43,86,235,13,170,214,107,143,44,86,235,14,172,135,118,154,97,75,235,2,175,214,107,136,43,73,246,11,168,201,106,150,43,75,227,
    180,207,114,146,59,84,239,18,177,215,122,143,50,80,251,15,178,209,117,149,47,82,241,20,176,207,114,146,54,81,239,18,177,213,116,
    192,125,157,57,91,224,29,190,217,123,128,61,94,249,31,160,221,117,152,32,93,254,24,186,192,125,158,61,90,224,29,190,222,124,128,
    100,135,36,65,249,4,165,204,97,153,36,69,237,7,185,196,101,131,39,89,228,5,163,198,121,133,57,77,249,2,185,196,100,130,57,
    137,39,82,234,11,178,205,102,146,45,77,242,11,170,210,111,138,50,73,239,18,170,205,114,143,41,82,236,15,178,204,106,137,50,76,
    21,176,203,117,146,51,75,245,19,177,203,118,159,53,26,235,7,252,213,118,148,43,85,244,20,171,213,116,150,43,85,245,16,171,213,
    164,201,124,130,32,73,252,2,161,199,124,130,32,72,252,2,161,194,45,156,48,11,225,1,168,195,124,129,34,64,231,28,161,194,99,
    201,117,136,40,65,224,21,168,200,97,141,53,72,232,14,173,213,104,139,44,79,245,8,171,207,108,149,40,75,239,14,181,200,108,128,
    78,243,16,181,218,110,147,48,85,250,14,179,211,117,144,46,83,240,23,177,206,115,144,54,82,238,19,176,214,115,223,46,66,185,19,
    250,28,179,199,122,153,57,88,231,26,185,217,114,135,58,89,248,18,167,218,122,147,51,71,250,26,188,221,103,154,58,93,243,7,186,
    5,161,199,120,133,33,70,248,5,166,195,108,152,37,70,227,2,184,197,102,130,35,88,229,5,163,198,120,133,38,65,231,24,165,197,
    165,202,113,140,44,68,232,17,172,207,111,137,49,79,236,8,177,207,108,137,49,69,239,17,172,205,100,145,44,79,234,17,172,204,110,
    42,87,247,18,170,222,126,138,49,82,234,30,181,202,126,159,42,87,246,31,251,202,102,221,52,82,245,10,180,210,113,138,52,85,242,
    18,227,15,244,221,127,159,35,93,251,29,163,221,125,152,35,93,251,27,163,221,123,157,35,93,255,27,163,222,118,154,35,93,254,28,
    165,20,184,131,105,137,32,77,244,9,170,201,109,148,41,74,232,13,180,201,105,128,33,84,233,0,160,212,105,137,32,72,244,9,170,
    116,153,45,80,243,22,181,205,112,144,55,87,237,16,176,212,118,141,48,83,246,17,173,211,114,150,45,83,244,19,173,208,117,148,45,
    155,63,91,230,27,185,216,102,155,56,82,230,27,188,221,102,155,62,95,230,27,187,222,102,155,58,95,230,19,189,198,127,155,119,70,
    51,8,225,3,163,223,97,135,33,95,225,1,164,223,97,135,39,95,225,7,161,223,97,131,39,95,226,10,166,223,97,130,32,14,255,
    92,167,13,173,202,100,144,45,78,236,9,176,205,110,142,36,80,237,13,165,201,112,141,43,75,240,13,173,201,101,144,45,77,235,4,
    201,116,151,51,80,233,20,180,208,115,137,52,80,252,9,180,215,113,151,41,84,247,19,188,201,116,151,51,86,233,20,180,210,112,137,
    127,151,58,66,255,23,182,194,124,158,54,66,255,28,187,215,98,159,60,95,248,2,191,222,118,158,34,95,254,22,191,194,127,159,62,
    130,106,91,247,76,166,198,97,143,59,70,229,7,162,219,102,133,37,79,251,6,166,206,98,155,38,64,224,27,166,198,98,142,59,70,
    17,183,216,108,145,50,86,245,12,177,209,117,150,44,81,245,25,172,209,114,148,50,76,241,18,182,217,108,145,50,86,243,12,177,209,
    190,220,101,152,48,93,229,24,176,209,101,155,57,81,229,24,187,220,112,133,56,91,248,31,165,216,121,145,57,69,248,25,177,216,101,
    195,99,130,39,15,254,18,233,195,99,133,34,94,227,0,163,193,126,131,32,66,231,30,163,192,102,129,62,67,224,6,161,222,99,128,
    109,141,55,74,234,12,174,134,119,155,96,74,234,12,171,215,106,137,41,67,247,10,169,203,111,151,42,74,226,3,183,202,105,136,47,
    232,21,182,209,118,136,53,85,252,23,168,213,117,146,48,25,232,4,255,213,117,147,60,72,245,22,182,215,104,149,54,86,253,8,181,
    31,190,212,97,156,60,85,245,1,188,220,122,155,33,92,252,27,181,193,124,156,56,94,225,28,184,223,97,156,63,90,251,1,188,223,
    160,207,122,135,36,65,230,26,167,196,99,132,58,68,227,7,186,199,100,130,38,90,231,4,162,199,122,135,36,68,238,26,167,196,103,
    199,115,142,45,78,235,19,174,206,111,141,51,75,235,19,170,198,115,134,45,83,238,14,175,211,110,141,41,83,233,66,179,223,36,142,
    89,254,17,164,217,122,152,49,68,249,26,184,223,100,153,48,89,228,25,176,222,100,153,59,89,228,26,187,209,100,154,58,94,228,26,
    226,3,236,221,113,202,32,72,230,29,163,192,99,157,35,67,227,29,160,201,96,157,35,67,227,29,163,193,101,157,35,64,225,29,160,
    14,175,214,107,139,35,75,246,11,171,207,105,150,43,72,236,12,182,203,107,140,46,86,235,8,175,206,118,139,40,76,232,22,171,203,
    155,55,79,242,17,176,214,111,146,49,82,245,15,177,210,118,143,50,81,241,17,175,210,115,148,59,79,242,18,179,211,111,146,51,85,
    53,64,253,28,185,218,96,157,60,89,249,0,189,220,121,156,113,64,236,87,189,213,123,128,62,93,254,0,190,222,126,209,32,76,183,
    68,228,2,165,217,100,135,36,70,249,4,167,197,96,153,36,71,225,6,185,196,103,129,38,89,228,7,163,195,121,132,36,66,224,72,
    242,30,229,207,111,137,46,82,239,12,172,198,114,143,44,78,234,18,175,207,103,134,50,79,236,13,170,210,111,140,43,76,242,15,175,
    127,148,43,86,246,17,179,154,107,135,124,86,246,17,190,203,118,149,54,82,235,22,181,215,116,139,54,86,255,18,171,214,127,159,43,
    129,34,68,233,28,161,194,101,136,60,65,225,6,161,220,97,129,38,67,252,1,161,198,100,156,33,66,230,7,188,193,97,134,37,92,
    40,75,236,11,181,203,108,136,53,72,235,10,173,213,104,139,45,74,245,8,171,201,107,149,40,75,235,12,181,203,104,136,53,72,233,
    186,208,110,147,51,82,242,14,179,210,116,149,46,83,243,19,180,206,115,146,54,86,238,19,178,214,113,142,51,82,247,23,255,206,98,
    144,122,154,61,82,231,26,185,218,126,135,58,89,251,24,167,218,122,147,62,71,250,19,179,199,122,153,63,82,231,26,185,222,115,135,
    101,133,34,69,248,5,165,194,103,152,37,69,226,0,184,197,102,130,35,88,229,5,162,193,120,133,38,65,230,73,184,212,47,133,37,
    139,37,81,236,15,173,200,113,140,47,79,229,17,172,204,100,136,49,76,234,10,177,204,108,133,45,81,236,15,168,197,113,140,44,75,
    23,170,215,116,145,62,74,247,23,176,212,106,151,52,81,241,10,180,213,113,138,55,84,243,20,170,215,116,146,63,74,247,23,190,210,
    163,222,125,156,60,67,254,29,190,215,99,158,61,92,254,3,190,221,126,155,35,94,255,23,188,195,126,159,55,89,227,30,191,218,118,
    212,105,136,46,75,165,20,184,131,105,137,33,72,244,9,170,200,109,148,41,74,233,9,180,201,106,139,33,84,233,0,160,212,105,137,
    89,240,13,176,208,118,152,45,80,240,20,180,205,112,144,52,89,237,16,176,215,114,141,48,83,246,23,173,208,115,151,56,77,243,21,
    254,6,187,216,127,157,38,91,251,18,188,198,123,152,62,91,230,27,184,219,115,134,59,88,248,31,166,219,120,152,50,70,249,29,166,
    0,165,223,107,131,63,66,226,7,191,197,103,159,37,74,255,10,161,223,96,130,110,95,243,72,161,194,106,159,34,74,235,31,161,192,
    169,208,110,142,41,80,238,8,168,208,109,133,36,80,238,13,170,208,109,136,41,80,238,15,171,208,110,136,42,80,237,9,169,208,110,
    54,82,233,20,176,212,105,148,61,85,233,20,177,215,105,148,54,81,233,20,182,213,105,151,52,80,233,20,176,210,105,148,53,92,233,
    95,254,23,162,223,124,155,34,95,252,27,162,216,118,130,57,88,226,28,191,147,98,142,117,95,255,25,184,194,127,156,63,94,226,31,
    229,6,167,219,102,134,46,64,251,6,166,206,103,155,38,70,224,6,187,198,101,130,33,91,230,6,161,192,123,134,37,64,229,27,166,
    117,153,44,81,242,23,179,204,113,146,55,82,236,17,177,215,114,140,49,82,246,18,172,209,114,147,55,76,241,18,180,209,108,145,50,
    153,57,69,248,27,185,209,101,152,59,91,255,5,184,217,113,158,37,88,249,30,191,197,124,152,37,88,248,24,188,197,120,153,60,88,
    62,67,226,6,162,222,99,130,38,70,254,3,162,193,101,158,35,66,225,5,239,222,114,201,35,67,234,2,190,195,96,130,32,94,227,
    73,234,11,183,202,106,130,44,87,234,10,162,205,119,138,40,74,247,10,175,203,119,138,47,78,247,10,170,204,98,151,42,73,236,12,
    200,117,150,51,92,232,21,182,211,116,136,53,86,242,20,168,213,117,147,51,72,245,21,189,215,57,136,36,31,245,21,188,209,104,149,
    127,159,60,65,252,31,188,217,97,156,63,94,244,1,188,223,121,154,33,92,255,24,189,193,124,158,53,65,252,28,184,223,97,156,60,
    128,35,90,231,7,160,198,122,135,36,65,228,26,167,196,96,128,58,71,228,3,164,218,103,135,33,78,250,7,164,194,97,154,39,68,
    44,70,243,14,173,207,110,147,46,77,239,10,179,206,109,141,45,2,243,31,228,206,110,136,47,83,238,13,173,205,115,142,45,78,238,
    164,217,112,153,36,89,250,28,184,196,121,154,60,80,228,25,185,223,125,132,57,89,254,27,164,217,122,159,48,68,249,25,189,209,100,
    192,99,134,41,93,227,2,166,221,96,128,38,67,253,0,163,196,104,157,32,67,226,4,189,192,99,130,40,93,224,3,161,195,125,128,
    104,136,41,86,235,8,170,202,118,139,42,67,239,22,174,206,118,139,42,79,226,22,171,202,109,139,54,75,234,14,172,214,98,150,43,
    243,23,180,207,114,147,48,86,239,18,178,215,112,143,50,82,240,20,175,210,114,144,52,79,242,19,183,215,111,146,50,81,242,15,178,
    29,189,222,96,155,61,64,253,29,189,218,96,148,57,64,253,28,181,213,96,157,62,92,255,0,189,222,125,149,32,93,253,21,191,192,
    164,199,102,134,57,68,228,12,161,217,100,132,34,76,249,4,164,195,109,153,36,71,226,12,185,196,100,131,35,89,231,7,163,217,100,
    207,104,138,50,79,239,9,175,210,111,140,40,79,242,15,172,203,106,146,44,78,237,18,172,206,106,146,47,76,237,11,178,207,108,143,
    95,235,22,183,223,127,139,54,87,240,19,171,211,112,139,54,87,241,20,171,214,119,145,62,75,246,23,179,222,107,150,55,82,246,11,
    225,8,188,193,96,130,41,92,225,1,164,196,124,129,33,68,230,28,161,193,100,130,60,65,225,2,169,220,97,129,35,66,252,1,161,
    8,171,213,104,136,40,64,245,8,168,201,105,149,33,79,164,21,185,130,107,141,42,85,235,13,171,213,107,138,46,85,235,13,175,213,
    144,54,91,238,16,178,218,110,144,51,85,191,14,162,153,115,147,58,82,238,19,179,213,114,142,51,83,245,26,174,211,115,148,55,78,
    58,90,253,31,167,218,120,154,39,90,255,27,167,218,127,158,39,90,250,18,178,199,122,154,50,92,231,26,185,222,120,135,58,89,248,
    77,169,24,180,143,101,141,39,88,230,6,162,216,102,129,36,88,230,1,167,216,102,128,45,88,230,4,173,216,101,135,44,88,230,0,
    239,17,172,196,110,145,47,79,236,17,172,203,110,145,44,68,236,17,175,201,105,145,44,72,238,17,172,206,108,145,44,78,232,17,172,
    115,158,42,87,242,16,170,215,114,150,123,74,230,93,180,210,116,138,52,84,255,10,180,210,112,138,52,82,242,10,180,213,127,138,52,
    159,55,67,253,31,184,195,126,150,56,67,253,31,182,195,125,158,54,67,253,26,189,195,125,157,57,67,253,26,190,195,125,156,59,67,
    42,73,232,20,170,200,96,148,41,65,234,20,169,193,110,148,42,72,237,20,173,204,116,142,42,84,235,1,180,204,108,148,42,77,165,
    173,193,58,144,48,86,244,13,176,211,113,148,45,80,243,19,184,205,112,144,56,88,237,16,185,217,109,144,48,89,241,13,176,208,118,
    216,102,155,59,95,248,6,187,219,124,159,38,91,251,28,185,198,123,155,60,95,230,24,185,221,102,152,63,91,230,24,191,219,102,155,
    97,132,35,95,226,1,167,196,127,130,33,65,231,31,162,193,97,133,63,66,225,1,170,223,98,131,43,69,174,31,179,136,97,135,33,
    144,46,78,229,16,174,200,106,144,46,72,232,16,174,207,101,144,46,76,228,16,174,204,107,144,45,69,235,16,174,204,101,144,46,77,
    28,169,215,112,151,41,87,247,19,169,215,112,148,41,87,247,19,169,215,116,149,41,87,247,20,169,212,124,144,41,87,245,18,169,212,
    183,214,98,155,62,66,248,30,162,218,124,130,58,93,179,2,174,149,127,151,61,66,252,29,189,194,124,155,62,66,252,27,188,194,127,
    192,96,155,37,67,231,27,165,197,101,155,38,78,225,27,165,198,110,155,37,70,229,27,165,196,103,155,37,69,238,27,166,197,96,135,
    76,241,18,182,210,108,145,50,84,241,12,177,210,116,148,44,81,242,19,177,204,113,146,50,85,236,17,178,209,116,140,49,80,249,21,
    229,29,189,197,120,153,60,94,229,24,185,223,125,133,56,89,253,29,165,216,120,155,49,69,248,24,186,217,101,154,56,20,229,9,242,
    0,162,194,126,128,38,64,254,0,160,197,126,128,38,70,254,0,166,192,126,128,34,70,254,3,171,199,126,128,35,65,254,0,161,198,
    183,201,107,131,55,74,237,2,183,202,99,142,55,74,232,9,183,202,99,141,55,74,239,15,183,202,110,140,102,87,251,64,170,194,109,
    40,86,246,18,168,214,119,157,40,86,240,29,168,214,112,157,40,86,244,29,168,214,117,147,40,86,245,19,168,214,116,157,40,86,244,
    90,176,1,173,150,124,156,53,95,225,28,191,223,127,129,60,95,253,30,161,220,124,148,56,65,252,28,180,213,97,156,60,85,255,1,
    231,4,162,207,122,135,39,67,224,26,167,195,100,154,39,68,225,3,186,199,103,131,33,90,231,4,160,194,122,135,36,64,228,26,167,
    14,167,206,115,142,45,75,237,19,174,205,108,140,98,83,255,68,174,198,108,147,45,75,237,19,173,202,111,147,45,74,239,19,174,199,
    144,36,90,251,25,164,218,121,158,36,90,249,30,164,218,120,158,36,90,249,16,164,218,123,152,36,89,253,16,164,217,126,156,36,89,
    40,65,253,0,162,196,125,128,37,64,253,3,161,201,125,131,35,66,253,0,165,198,125,128,33,65,253,0,160,199,125,132,32,93,229,
    74,246,11,173,214,104,142,54,73,235,22,169,203,39,150,58,1,235,3,169,214,104,142,40,86,232,15,170,214,104,143,42,86,235,2,
    219,111,145,49,90,239,17,179,208,111,146,58,86,239,17,178,208,111,146,54,90,239,17,176,219,111,146,49,84,241,15,178,209,118,146,
    96,157,62,90,255,0,189,222,127,152,32,93,245,30,241,192,108,215,62,92,252,0,190,216,126,128,62,94,251,0,190,216,120,128,62,
    129,39,89,231,5,161,217,100,140,32,89,231,4,166,136,121,149,110,71,230,1,185,199,97,135,57,71,224,6,185,199,103,128,57,71,
    43,77,242,12,175,207,114,140,46,77,242,15,167,203,114,140,46,74,163,18,190,133,108,142,38,82,236,13,174,210,108,139,44,82,236,
    181,210,58,139,39,28,245,20,179,203,117,147,53,75,245,18,180,203,117,149,50,75,245,18,180,203,117,150,54,75,245,23,180,203,118,
    201,101,156,34,64,228,77,188,208,43,130,33,66,252,2,164,192,124,130,35,69,252,2,164,192,124,130,36,66,252,2,164,192,124,130,
    105,142,53,72,224,12,181,203,105,143,53,75,232,13,181,200,111,140,53,72,239,1,228,213,121,194,40,64,236,21,168,192,106,149,43,
    247,16,174,208,118,150,46,80,246,19,174,211,123,154,46,80,247,16,174,208,114,154,46,80,243,16,174,208,114,144,46,83,244,17,255,
    7,171,144,122,146,56,71,249,31,185,199,121,158,59,71,249,30,187,199,122,147,51,71,249,25,178,199,121,155,56,71,250,18,190,199,
    166,197,103,152,37,65,237,24,165,199,103,152,37,66,230,24,165,204,96,152,37,76,231,24,165,199,97,152,37,71,236,24,165,199,102,
    209,108,136,37,81,236,8,171,209,108,141,40,81,236,13,168,209,100,139,96,81,253,70,175,205,109,145,47,73,239,17,175,207,106,145,
    84,242,18,170,212,114,148,42,84,246,18,170,215,127,147,42,84,247,21,251,202,102,221,55,95,243,10,180,213,116,138,52,84,240,10,
    253,27,182,195,125,155,54,67,254,22,189,195,125,157,61,67,253,30,185,195,125,158,55,67,253,30,190,195,126,153,60,67,254,22,191,
    69,180,216,35,138,40,77,244,10,171,202,116,138,43,76,244,10,172,200,116,138,44,72,165,20,184,131,106,136,32,84,234,11,168,212,
    147,52,83,237,19,179,212,60,141,33,26,240,24,181,205,115,146,57,77,243,19,183,205,115,149,56,77,243,20,181,205,115,145,53,77,
    56,90,249,6,187,211,127,134,56,88,250,6,184,222,114,134,59,93,243,6,187,220,126,215,38,74,177,27,179,222,102,152,57,82,230,
    65,225,5,191,193,103,138,63,65,230,7,191,193,99,135,63,65,227,0,191,194,106,134,63,65,225,3,191,193,103,139,63,66,228,10,
    240,13,170,200,33,144,60,7,237,5,175,208,110,136,46,80,238,9,172,208,110,137,44,80,237,4,164,208,110,143,42,80,238,13,164,
    105,151,52,87,233,23,180,209,105,148,48,92,233,20,177,209,105,148,51,93,233,20,189,221,105,148,50,93,233,20,183,220,105,148,54,
    157,34,95,250,23,162,220,127,155,34,95,246,31,162,223,126,150,34,95,252,30,243,194,110,213,60,95,254,2,188,220,120,130,60,91,
    35,91,229,3,174,219,101,131,34,91,230,14,165,219,101,135,36,91,230,14,160,219,101,133,38,91,229,6,174,219,102,131,46,91,230,
    184,213,108,145,56,87,236,17,182,217,108,145,51,81,236,17,180,210,108,145,52,89,189,12,160,155,113,153,51,76,242,20,178,204,114,
    220,121,133,59,92,249,5,184,209,113,133,59,90,249,5,187,216,121,133,56,80,254,5,187,217,112,133,59,89,240,5,184,223,120,133,
    99,138,38,94,227,10,171,222,99,132,42,94,227,1,170,222,96,130,35,94,227,10,160,222,99,135,42,94,227,6,162,222,107,132,111,
    151,59,0,233,11,171,215,105,143,41,87,233,9,172,215,105,143,47,87,233,15,169,215,105,139,47,87,234,2,174,215,105,138,40,87,
    22,183,208,104,150,52,92,232,21,178,221,104,149,60,81,232,21,183,214,104,149,60,82,232,21,176,208,104,149,49,83,185,8,164,159,
    191,220,127,129,63,94,255,1,191,223,120,129,63,89,244,80,161,205,54,159,60,95,225,31,190,223,97,159,63,88,225,31,185,212,48,
    218,118,205,36,71,230,26,164,196,96,154,36,67,226,26,164,194,111,154,36,66,227,26,167,207,100,154,36,70,229,26,167,207,97,154,
    109,141,46,83,237,14,166,211,110,139,38,83,238,7,170,211,110,135,40,83,238,9,166,211,110,140,46,83,238,11,173,211,110,139,38,
    181,4,168,147,121,145,48,68,250,27,176,196,122,157,58,68,250,28,184,196,122,153,62,68,249,17,176,196,122,152,59,68,250,26,185,
    29,163,195,96,157,35,65,228,29,160,201,96,157,32,71,228,29,160,201,104,157,32,70,224,76,189,209,42,131,32,67,253,3,162,195,
    182,200,104,143,54,72,238,3,231,214,122,193,40,75,232,22,168,201,104,150,40,72,239,22,168,206,99,199,54,90,161,8,171,200,118,
    49,80,241,15,177,209,118,143,49,87,250,94,175,195,56,146,58,91,239,17,176,219,111,145,54,81,239,17,183,211,111,145,50,90,239,
    94,253,24,160,221,117,153,32,94,253,31,160,222,126,157,113,64,236,87,189,213,116,128,62,95,244,0,190,217,126,128,62,88,252,0,
    231,5,161,217,100,140,33,89,231,4,163,217,100,140,34,8,249,21,238,199,101,141,57,71,230,5,185,199,96,135,57,71,231,0,232,
    18,190,133,108,142,43,82,236,12,168,210,108,139,45,82,236,11,173,210,108,142,42,82,239,7,170,210,108,143,40,82,239,7,169,131,
    139,39,28,245,22,183,203,117,149,49,75,245,18,179,203,117,147,62,75,245,19,178,203,118,158,53,75,245,23,180,203,118,158,48,75,
    34,66,225,28,162,193,105,156,33,68,233,28,161,200,101,156,33,72,231,28,161,198,105,156,33,67,225,28,161,196,98,156,33,68,233,
    4,245,25,226,203,104,139,53,75,237,12,181,203,109,142,53,75,235,9,181,203,109,139,53,75,232,12,181,203,105,142,53,72,224,12,
    206,112,147,53,78,240,16,178,206,115,149,58,78,243,23,182,206,115,154,59,78,243,21,183,206,115,145,58,78,243,20,178,206,115,145,
    121,135,58,95,253,7,186,223,124,214,39,75,176,26,178,210,103,153,56,91,231,25,185,220,103,153,63,91,231,25,186,219,103,154,50,
    128,56,69,237,13,184,198,101,134,105,88,244,79,165,205,108,152,38,71,236,24,166,193,102,152,38,64,228,24,166,193,100,152,38,68,
    47,81,239,13,168,209,111,140,42,81,239,13,169,209,111,140,37,81,236,5,173,209,108,142,37,81,236,5,172,209,108,133,47,81,236,
    181,211,59,138,38,29,247,31,181,202,116,148,62,74,244,19,182,202,116,147,52,74,244,18,181,202,116,150,51,27,234,6,253,212,119,
    220,99,157,59,88,227,29,188,219,99,157,59,91,227,29,188,221,99,158,54,87,227,29,186,223,99,157,61,94,227,29,190,216,99,158,
    97,128,52,73,238,11,180,201,97,137,52,73,234,0,180,201,96,136,52,73,236,9,180,201,107,139,52,73,238,11,180,201,107,137,52,
    240,20,184,205,112,144,50,77,240,17,180,156,109,129,122,80,248,23,173,211,114,145,45,83,244,17,173,211,117,149,124,77,225,90,179,
    26,187,198,120,158,62,70,248,26,189,198,120,158,60,70,248,25,184,198,120,154,56,70,248,24,186,198,120,155,56,23,230,10,241,216,
    162,193,127,129,32,65,255,1,161,198,127,129,39,74,255,1,162,195,127,130,42,71,255,2,170,202,127,129,34,65,174,31,179,136,98,
    197,107,144,46,73,233,16,174,201,108,144,46,73,238,16,174,200,110,144,45,69,234,16,174,206,111,144,46,77,234,16,174,204,111,144,
    87,244,16,169,212,115,150,41,84,252,20,248,201,101,222,52,92,253,9,183,214,125,137,55,80,247,9,183,209,117,137,55,84,252,9,
    252,31,186,194,127,151,59,66,252,31,189,194,124,156,63,19,226,14,245,220,127,158,34,92,252,24,162,220,123,154,34,92,250,23,162,
    5,163,194,123,134,46,69,251,5,167,196,123,134,46,64,251,5,165,198,123,133,38,78,251,6,163,206,123,134,47,66,251,6,175,192,
    140,49,86,249,12,177,211,113,140,49,84,242,12,177,212,121,221,44,64,187,18,177,210,108,146,52,85,236,18,180,215,108,146,50,80,
    37,91,253,27,165,219,120,156,37,91,249,30,165,216,112,156,37,91,248,30,165,219,123,153,37,88,254,17,165,216,124,157,37,88,241,
    75,254,3,165,199,126,131,33,74,254,3,164,194,126,131,33,64,254,3,166,196,126,131,38,69,175,30,178,137,99,139,43,94,224,1,
    235,23,169,201,108,151,41,79,235,23,169,202,107,151,42,66,239,23,170,194,98,151,41,74,233,70,183,219,32,138,34,67,247,9,168,
    124,136,54,81,246,8,182,208,116,136,54,81,244,8,182,212,118,136,54,84,241,8,182,213,115,136,54,84,240,8,182,213,124,136,53,
    149,61,65,252,30,181,193,124,149,60,65,252,21,191,193,124,158,56,16,225,13,246,220,116,158,33,95,255,21,161,223,120,157,33,95,
    35,68,250,4,162,197,122,132,38,67,171,26,182,141,100,135,36,90,228,2,163,218,100,130,33,90,231,15,165,218,100,130,37,90,228,
    77,235,19,174,198,104,147,45,77,238,19,173,206,109,147,45,78,231,19,174,201,106,147,46,71,234,19,174,204,107,147,46,70,239,19,
    217,124,145,36,89,251,30,164,217,123,152,36,89,252,31,245,196,104,211,57,81,254,4,186,219,120,132,58,93,248,4,186,220,124,213,
    125,145,106,64,232,2,189,195,101,131,61,67,228,1,189,195,100,129,61,64,233,9,189,195,101,129,61,67,225,6,189,195,99,128,61,
    136,43,72,246,11,175,195,118,139,41,73,246,11,173,200,118,139,44,76,246,11,172,194,118,139,35,78,246,11,163,201,118,139,35,74,
    15,178,213,116,143,50,91,250,15,183,215,62,143,35,24,241,19,180,207,113,151,51,79,241,17,183,207,113,151,51,79,241,16,187,158,
    160,204,55,158,61,93,224,30,184,223,96,158,57,94,224,30,185,222,96,158,56,94,224,29,181,218,96,158,57,94,224,30,188,212,96,
    199,100,135,57,71,229,7,185,196,99,134,104,89,245,78,167,197,109,153,39,70,224,25,167,199,96,153,39,71,224,72,185,213,46,135,
    111,143,50,76,237,11,178,204,108,139,50,76,236,11,227,210,126,197,47,71,232,18,172,204,104,146,44,77,231,18,172,202,103,146,44,
    243,30,171,213,119,158,43,85,246,16,171,213,118,144,43,85,247,30,171,213,119,144,122,75,231,92,181,215,114,139,53,84,245,11,181,
    3,164,220,98,132,32,92,226,4,160,141,124,144,107,66,224,0,188,194,100,130,60,66,226,7,188,194,100,132,60,66,228,2,188,194,
    169,205,117,136,32,76,245,11,168,202,117,139,42,77,245,11,169,193,117,136,47,64,245,8,161,204,117,136,42,75,245,8,161,207,117,
    51,86,246,14,179,215,117,223,46,66,185,16,178,213,110,144,54,87,238,16,177,214,110,144,54,82,238,16,177,218,110,144,54,82,238,
    89,250,19,167,217,122,153,39,89,250,18,167,217,126,152,39,90,252,18,167,218,125,146,39,90,252,18,167,218,114,155,39,90,254,27,
    169,24,180,143,102,133,36,88,230,6,162,216,102,129,32,88,230,0,173,216,102,128,33,88,229,13,166,216,102,132,39,88,229,13,163,
    17,175,207,108,145,47,76,228,17,172,201,100,145,44,69,232,17,172,197,106,145,44,75,228,17,172,206,108,145,44,73,239,17,172,201,
    159,123,74,230,93,180,215,118,138,52,84,240,10,180,211,114,138,52,82,255,10,180,210,115,138,55,95,244,10,180,214,117,138,55,95,
    56,67,253,29,190,195,125,158,54,67,254,27,182,195,126,151,58,67,254,23,184,195,126,153,54,67,254,28,190,195,126,155,61,67,254,
    76,225,69,180,216,35,138,40,79,244,10,172,205,116,138,43,76,244,10,172,200,116,138,43,64,244,10,171,204,116,138,40,78,165,20,
    193,58,144,56,82,237,19,179,217,109,147,52,81,237,19,180,211,109,147,53,82,237,19,177,212,60,141,33,26,240,24,178,205,115,147,
    114,134,56,89,253,6,184,222,122,134,56,89,252,6,184,219,127,134,56,88,243,6,187,211,127,134,56,88,250,6,184,219,114,134,59,
    139,35,14,255,19,232,193,99,132,63,65,231,6,191,193,96,135,63,65,231,3,191,193,96,139,63,65,224,7,191,193,99,133,110,95,
    60,7,238,12,171,208,110,136,41,80,238,15,168,208,110,136,44,80,238,15,164,208,110,143,40,80,238,12,170,129,112,156,103,77,229,
    182,201,119,151,61,73,247,16,181,201,119,144,55,73,247,17,182,201,119,149,48,24,233,5,254,212,124,144,41,87,246,23,169,215,119,
    217,98,156,60,87,226,28,186,222,98,159,55,86,226,28,188,220,98,156,63,92,226,28,186,217,98,156,62,91,226,31,184,220,98,159,
    97,143,59,70,225,1,234,219,119,204,37,70,230,27,165,195,96,155,37,68,226,27,165,195,97,155,37,68,238,74,187,215,44,134,46,
    245,12,178,211,112,140,50,85,242,93,172,192,59,145,57,85,236,18,179,210,108,146,50,86,236,18,181,208,108,146,51,88,189,12,160,
    82,187,217,126,133,59,93,252,5,187,218,125,133,59,93,249,5,187,218,113,133,59,93,249,5,187,216,113,133,59,88,251,5,187,216,
    171,222,96,135,32,94,227,4,171,222,99,132,35,94,227,10,165,222,99,132,43,15,254,18,233,192,99,130,62,64,225,10,190,192,96,
    204,119,137,40,75,166,23,187,128,105,139,44,87,233,15,174,215,105,136,47,87,233,15,171,215,105,136,35,87,233,15,171,215,105,138,
    92,232,22,181,214,104,150,53,93,232,22,183,211,104,149,51,81,232,21,178,212,104,149,50,83,185,8,164,159,118,149,53,72,246,16,
    250,1,191,216,127,129,63,88,255,1,191,217,127,129,60,84,251,1,191,220,122,208,33,77,182,31,189,218,97,159,57,88,225,31,190,
    2,186,196,98,134,58,68,229,14,186,196,98,134,58,68,231,14,186,196,103,132,58,68,231,15,186,196,101,128,58,71,238,4,186,199,
    166,206,115,142,39,70,243,14,167,206,115,142,44,76,243,14,170,203,34,147,63,4,237,14,175,211,109,140,39,83,237,13,168,211,109,
    57,92,228,26,188,219,100,154,56,95,228,25,177,223,100,153,49,93,181,4,168,147,122,152,63,68,250,28,189,196,122,155,60,68,250,
    69,225,29,163,194,105,157,35,69,225,29,163,192,105,157,35,64,227,29,163,192,104,157,35,66,230,29,160,198,100,157,32,71,225,29,
    235,15,171,214,107,130,42,86,235,14,168,214,107,137,46,86,235,9,170,135,118,154,97,75,227,9,182,200,104,130,54,72,239,10,182,
    113,150,49,79,241,23,176,207,113,147,54,30,239,3,248,210,122,150,47,81,240,17,175,209,113,149,47,81,247,26,175,209,119,154,47,
    157,53,94,224,30,190,222,96,158,62,91,224,30,190,221,96,158,60,92,224,29,186,219,96,157,53,93,224,29,187,218,49,128,44,23,
    39,69,226,25,167,193,96,153,39,70,225,25,167,193,101,153,39,70,237,25,167,198,97,153,39,69,227,72,185,213,46,135,37,64,249,
    76,237,6,178,204,108,138,50,79,230,15,178,204,109,135,50,79,231,6,178,207,103,134,50,76,236,15,178,207,107,140,50,76,238,9,
    203,118,159,55,75,246,17,179,203,118,159,52,75,246,30,183,203,118,158,51,75,246,30,180,203,118,158,53,75,245,22,178,203,118,158,
    101,156,35,71,252,1,160,201,124,129,34,71,252,1,161,200,124,136,109,92,240,75,161,201,99,156,34,68,226,28,162,197,96,156,34,
    140,41,85,232,1,161,213,107,141,47,85,235,8,161,213,107,136,45,85,235,9,171,213,107,139,43,85,232,15,171,213,104,143,33,85,
    16,182,214,110,147,49,91,238,19,182,208,110,147,49,86,238,19,177,208,63,142,34,25,240,18,181,206,112,150,50,78,240,16,182,206,
    185,223,123,135,57,88,243,86,167,203,48,153,58,90,231,25,191,216,103,153,62,89,231,25,190,217,103,153,63,89,231,26,178,221,103,
    198,97,134,56,70,228,12,184,198,101,134,56,70,228,6,184,197,98,135,105,88,244,79,165,205,98,152,38,70,226,24,166,199,109,152,
    111,137,36,81,239,9,164,209,111,141,36,81,239,12,170,209,111,140,42,81,239,13,164,209,111,141,42,0,241,29,230,207,109,133,49,
    244,18,180,202,116,147,52,74,244,18,176,202,116,146,50,74,247,31,178,202,116,151,49,74,244,23,180,202,116,150,53,27,234,6,253,
    29,190,221,99,157,58,91,227,29,188,216,99,157,58,95,227,29,187,220,99,157,63,90,227,29,188,221,99,158,54,89,227,29,191,219,
    180,202,104,139,52,73,238,1,180,201,110,139,101,84,248,67,170,201,104,148,42,74,238,20,170,205,108,148,42,76,225,20,170,204,109,
    45,80,248,19,173,211,113,146,45,80,248,22,173,211,115,144,45,83,240,24,173,208,117,152,45,80,249,20,173,208,121,150,45,80,247,
    83,230,27,185,219,102,155,62,88,230,27,190,211,55,134,42,17,251,19,190,198,120,158,56,70,248,30,189,198,120,152,58,70,248,25,
    225,31,162,202,107,159,34,74,234,78,191,211,40,130,42,64,255,1,160,192,127,129,33,71,255,1,166,195,127,129,33,74,255,1,163,
    14,176,205,101,138,48,78,237,8,176,205,105,142,48,78,239,5,176,205,106,133,48,77,228,5,176,205,106,141,48,77,235,13,176,205,
    156,49,73,244,18,182,201,116,144,54,73,244,22,183,201,116,144,60,73,244,21,182,201,124,147,41,84,244,29,169,212,117,145,120,73,
    46,21,252,30,182,194,124,157,59,66,252,29,183,194,124,157,56,66,252,26,183,194,124,158,55,66,252,31,185,147,98,142,117,92,254,
    79,251,5,164,197,123,133,34,67,251,5,165,195,123,133,36,65,251,6,163,194,42,155,55,12,230,14,161,219,101,133,33,91,229,5,
    214,108,146,53,82,236,18,179,212,108,145,57,88,236,18,177,214,108,146,48,80,189,12,160,155,114,144,53,76,242,19,184,204,114,146,
    125,133,59,92,251,5,187,221,120,133,59,88,253,5,184,208,112,133,56,93,252,5,187,218,124,133,59,89,250,5,184,223,126,133,56,
    139,35,94,227,4,165,143,126,146,105,67,235,5,190,192,97,129,62,64,231,2,190,192,102,130,62,64,225,10,190,195,97,131,62,64,
    42,76,247,10,162,204,119,137,42,76,247,9,171,206,119,138,35,74,247,9,168,204,119,137,46,73,247,10,162,202,119,138,40,78,247,
    181,208,119,136,53,80,241,8,181,215,116,136,53,80,242,8,181,213,119,136,48,80,232,23,188,200,113,149,121,72,228,95,182,212,113,
    193,127,158,53,65,255,31,185,193,127,152,63,65,255,25,188,193,127,156,57,65,252,20,180,193,124,153,56,65,255,30,185,193,127,156,
    110,154,39,65,225,26,167,193,100,154,39,64,224,26,167,207,103,154,39,79,226,26,167,192,98,154,39,67,239,26,167,195,101,154,39,
    138,42,83,238,13,171,130,115,159,100,78,230,8,179,205,108,140,51,77,234,15,179,205,107,143,51,77,236,7,179,206,108,142,51,78,
    17,177,196,122,153,62,68,250,25,188,196,121,157,49,68,249,31,185,196,121,158,58,68,249,16,190,196,121,145,56,68,249,29,189,149,
    189,209,42,131,33,68,253,3,162,193,125,131,37,71,253,3,164,195,125,131,37,64,253,3,160,197,125,128,40,72,253,0,165,196,125,
    200,105,142,54,72,235,2,182,203,109,141,54,75,237,8,182,203,108,140,54,75,227,11,182,203,99,142,54,75,236,14,182,203,111,131,
    79,242,22,176,207,114,150,54,79,242,17,183,158,111,131,120,82,250,20,175,209,112,144,47,81,246,19,175,209,119,147,47,81,240,27,
    224,29,191,221,96,157,53,85,224,30,188,212,96,157,53,94,224,29,185,213,96,157,59,93,224,29,186,222,96,157,52,90,224,29,181,
    5,185,196,96,128,104,89,245,78,164,204,102,153,39,65,231,25,167,192,101,153,39,64,229,25,164,205,109,153,39,70,228,25,167,197,
    169,210,108,140,47,82,236,14,167,210,108,142,47,82,239,8,173,210,111,135,47,82,239,9,173,210,108,139,47,82,236,14,172,210,111,
    53,84,254,11,182,213,118,144,43,86,245,22,181,203,118,149,55,94,235,22,183,223,119,139,54,87,255,19,171,214,118,150,49,75,242,
    65,173,28,176,139,98,128,32,92,226,4,162,220,98,130,39,92,226,4,164,220,98,132,34,92,226,0,164,220,97,137,37,92,226,1,
    234,68,181,217,34,136,32,79,245,11,171,207,117,139,43,79,245,11,172,203,117,139,42,77,245,8,160,193,117,139,40,79,245,11,169,
    114,142,48,81,240,14,176,208,112,142,51,90,242,14,179,218,119,223,46,66,185,16,178,215,110,144,49,80,238,16,177,214,110,144,54,
    155,39,89,255,27,246,199,107,208,57,90,250,7,185,223,120,135,57,89,254,7,185,223,125,135,57,95,252,7,185,223,124,135,57,89,
    39,88,229,13,161,216,102,133,44,88,230,4,172,137,120,148,111,70,228,1,184,198,103,134,56,70,231,0,184,198,96,132,56,70,224,
    77,160,17,189,134,111,141,47,81,239,14,175,209,111,142,43,81,239,15,173,209,111,137,37,0,241,29,230,207,108,141,49,79,239,11,
    202,116,147,50,74,244,18,191,202,116,146,51,74,247,31,180,202,116,150,53,74,247,31,177,202,116,148,55,74,244,23,191,202,119,146,
    118,131,62,87,250,3,190,215,120,131,62,89,246,3,190,220,126,131,62,91,253,3,190,219,118,210,35,79,180,30,182,220,99,157,61,
    128,52,74,237,8,180,202,109,138,52,74,236,11,180,202,104,141,101,84,248,67,170,201,106,148,42,76,237,20,170,204,111,148,41,65,
    18,173,211,117,146,45,83,243,21,173,208,120,150,45,83,243,17,173,211,113,145,45,83,240,16,173,208,119,146,45,80,249,20,173,208,
    189,221,102,155,62,95,230,27,190,219,102,155,57,83,183,6,170,145,120,154,56,70,248,25,184,198,120,153,60,70,248,24,186,198,120,
    199,107,206,63,83,168,1,163,193,127,129,32,65,255,1,160,197,127,129,33,67,255,1,167,203,46,159,51,8,225,2,163,223,97,129,
    106,144,46,73,232,16,174,200,101,144,46,72,233,16,173,197,110,144,46,76,239,16,173,197,107,144,46,78,237,16,174,205,101,144,45,
    241,28,169,212,125,144,41,84,253,18,169,212,115,156,41,84,246,20,169,212,113,151,41,84,241,28,248,201,101,222,55,85,247,9,183,
    29,188,194,124,157,56,66,252,28,190,194,124,154,54,19,226,14,245,220,126,150,34,92,253,27,162,220,125,151,34,92,253,24,162,220,
    163,206,123,133,39,78,251,5,166,192,42,155,55,12,229,7,165,219,101,132,37,91,229,4,161,219,101,133,39,91,229,3,175,138,123,
    32,27,241,25,179,204,114,146,56,76,242,21,176,204,114,149,50,76,242,20,179,204,114,144,53,29,236,0,251,209,121,149,44,82,243,
    91,229,27,187,223,101,155,61,80,229,27,189,208,101,152,48,91,229,27,187,219,101,155,59,94,229,27,187,216,101,155,57,89,229,24,
    228,5,190,195,107,131,62,67,229,4,239,222,114,201,32,67,226,30,160,192,100,158,32,71,230,30,160,198,107,158,32,70,231,30,163,
    2,169,215,105,139,40,87,234,2,172,215,105,137,42,87,233,10,162,215,106,143,34,87,234,3,174,215,106,131,44,87,234,13,162,215,
    149,55,85,232,21,176,214,104,149,48,93,185,8,164,159,117,157,55,72,246,16,182,200,118,145,52,72,246,17,180,200,117,156,60,72,
    63,94,252,1,191,221,122,129,63,95,252,1,191,221,116,129,63,93,252,1,188,219,126,129,60,84,252,1,188,218,126,129,63,88,252,
    90,228,6,164,218,103,132,37,78,250,7,164,198,102,154,39,68,228,3,186,199,100,132,32,90,231,6,161,207,122,135,38,65,224,26,
    238,15,168,207,115,142,46,78,236,19,174,206,109,140,51,78,239,11,167,211,110,142,45,79,243,12,174,130,115,159,100,77,239,15,179,
    122,156,58,68,250,26,191,196,122,156,60,68,250,28,186,196,122,152,60,68,249,17,189,196,122,153,59,21,228,8,243,217,113,158,36,
    131,35,71,253,3,163,199,125,131,36,67,253,3,162,197,125,128,40,73,253,3,160,199,125,131,33,65,253,3,162,199,125,131,33,68,
    54,75,237,3,182,203,109,142,54,75,227,11,231,214,122,193,40,74,232,22,168,201,104,150,40,73,236,22,168,200,106,150,40,78,226,
    254,207,99,216,50,90,245,15,177,209,117,143,49,81,245,15,177,214,113,143,49,80,247,15,178,218,123,143,49,82,245,15,177,211,115,
    192,126,159,62,64,254,30,190,192,125,148,60,64,253,20,185,145,96,140,119,94,252,25,160,222,127,158,32,94,255,24,160,222,120,156,
    121,135,33,69,168,25,181,142,103,132,36,89,231,1,166,217,103,135,32,89,231,1,163,217,103,129,34,89,231,1,162,217,103,135,38,
    146,47,71,235,18,172,207,102,146,44,78,230,67,178,222,37,140,47,78,242,12,172,200,114,140,43,74,242,12,170,199,114,140,42,75,
    11,182,222,117,139,53,87,244,11,182,222,112,139,53,85,246,11,181,214,126,139,54,83,254,11,182,223,114,139,54,95,240,11,182,209,
    169,220,97,131,33,92,225,4,162,220,97,132,41,13,252,16,235,193,105,131,60,66,226,8,188,194,101,128,60,66,229,2,188,194,100,
    202,117,139,41,76,164,21,185,130,107,136,43,85,235,13,172,213,107,141,46,85,232,0,170,213,107,141,42,85,235,11,173,213,104,128,
    85,238,16,176,210,110,144,50,82,238,16,179,211,110,147,52,81,238,19,186,215,110,147,53,85,238,19,182,215,110,147,54,83,238,19,
    248,18,246,199,107,208,57,91,249,7,185,216,121,135,57,88,253,7,185,217,123,135,57,95,243,86,167,203,48,153,59,83,231,25,184,
    1,184,198,103,141,56,70,231,2,184,198,96,141,56,70,228,13,184,198,101,131,105,88,244,79,166,196,97,152,38,71,236,24,166,193,
    174,209,111,142,45,81,239,9,168,209,111,141,41,81,236,4,171,209,111,143,42,81,239,15,172,209,111,141,45,81,236,11,170,209,108,
    63,87,234,23,177,208,106,151,53,80,234,23,179,214,106,151,53,80,234,23,181,214,106,151,53,84,187,10,166,157,116,151,55,74,244,
    91,252,3,189,220,118,131,61,92,254,82,163,207,52,157,63,87,227,29,188,218,99,157,60,86,227,29,188,217,99,157,59,86,227,29,
    232,1,180,202,105,143,101,84,248,67,170,200,109,148,42,75,224,20,170,205,107,148,42,75,232,20,170,204,109,148,42,72,236,20,169,
    120,151,45,83,243,22,173,211,115,144,45,83,241,17,173,208,119,150,45,80,248,16,173,208,118,151,45,80,242,23,173,208,116,145,45,
    155,57,92,230,27,185,218,102,155,57,88,183,6,170,145,120,154,50,70,248,25,191,198,120,153,51,70,248,25,188,198,120,158,51,70,
    33,67,234,31,161,194,100,206,63,83,168,1,163,198,127,129,32,75,255,1,166,192,127,129,32,67,255,1,167,198,127,129,35,71,255,
    77,229,10,176,206,110,139,48,78,238,13,176,206,108,140,48,77,234,11,176,205,101,141,48,77,235,10,176,205,111,138,48,77,233,12,
    201,116,150,51,73,244,22,181,201,116,150,55,24,233,5,254,215,113,145,41,87,246,21,169,215,118,147,41,87,241,28,169,215,113,156,
    51,130,46,21,252,26,186,194,124,157,62,66,252,29,184,194,124,154,55,66,252,26,183,147,98,142,117,92,254,27,162,220,125,156,34,
    133,37,67,251,5,163,199,123,133,37,78,251,5,163,198,123,133,39,64,251,6,174,207,123,133,38,64,251,5,167,194,123,134,33,69,
    93,172,192,59,146,49,82,236,18,180,213,108,146,53,81,236,18,180,214,108,146,52,87,189,12,160,155,113,153,54,76,242,18,182,204,
    187,219,127,133,59,92,251,5,187,218,125,133,56,80,241,5,187,216,127,133,59,89,249,5,187,218,127,133,59,89,252,5,184,222,112,
    222,99,133,38,94,227,11,163,143,126,146,105,67,235,1,190,192,96,138,62,64,231,2,190,192,103,128,62,64,230,1,190,192,98,135,
    38,151,59,0,233,10,170,215,105,143,40,87,233,8,162,215,105,136,42,87,233,8,169,215,105,136,42,87,233,11,172,215,105,137,42,
    232,22,180,221,104,150,52,85,232,21,178,215,104,149,61,85,232,21,179,215,104,149,48,81,232,21,176,213,104,149,55,93,185,8,164,
    86,191,221,127,129,63,94,255,1,191,222,123,129,63,94,253,80,161,205,54,159,61,92,225,31,190,217,97,159,62,84,225,31,185,223,
    186,196,98,143,107,90,246,77,164,197,100,154,36,66,229,26,164,195,102,154,36,68,239,26,167,192,96,154,39,66,230,26,167,197,101,
    211,110,134,39,83,237,15,168,211,109,143,47,83,237,12,173,211,110,134,46,83,238,7,168,211,110,135,42,83,238,11,173,211,110,140,
    92,228,25,187,222,100,154,57,95,228,25,189,223,100,153,56,94,228,17,191,196,126,152,36,89,250,27,164,208,122,132,49,89,228,31,
    229,29,167,199,125,128,41,93,224,3,162,221,98,133,61,68,229,29,160,193,97,157,41,70,253,8,165,221,105,137,61,70,224,29,166,
    9,182,203,98,140,54,75,237,3,182,203,108,130,54,75,236,10,182,203,109,143,103,86,250,65,171,195,111,150,43,67,233,22,168,207,
    145,47,81,247,23,175,209,119,146,47,82,250,27,254,207,99,216,49,83,241,15,177,208,113,143,49,80,245,15,177,211,122,143,49,86,
    63,64,254,29,185,192,126,156,63,17,224,12,247,222,124,148,32,94,255,25,160,222,127,149,32,94,255,26,160,222,120,149,32,94,252,
    76,249,7,164,194,40,153,53,14,231,5,160,217,103,134,45,89,231,0,166,217,103,134,37,89,231,1,160,217,103,133,33,89,228,12,
    232,18,172,204,105,146,44,76,239,18,172,206,110,146,47,72,233,18,175,199,111,146,47,73,232,18,175,205,104,146,47,75,238,18,175,
    116,145,43,86,244,23,171,214,116,149,122,75,231,92,181,214,119,139,53,85,241,11,181,210,115,139,53,83,254,11,181,211,114,139,54,
    137,34,92,226,0,163,220,97,137,39,92,226,2,161,220,98,129,41,92,225,4,169,220,97,136,37,92,225,8,167,220,97,134,41,92,
    40,74,232,21,168,205,107,149,40,77,224,68,181,217,34,139,41,75,245,11,170,203,117,139,42,79,245,11,171,201,117,139,45,65,164,
    174,194,57,144,50,90,238,16,177,215,110,144,49,91,238,16,177,212,110,144,54,91,238,16,178,219,110,144,51,85,191,14,162,153,112,
    219,121,135,57,88,249,7,185,216,125,135,57,89,251,7,185,223,115,214,39,75,176,26,178,216,103,153,57,83,231,25,190,219,103,153,
    97,134,56,70,224,7,184,198,100,129,105,88,244,79,165,205,97,152,38,71,230,24,166,198,98,152,38,64,237,24,166,192,109,152,37,
    132,47,81,239,15,175,209,111,143,42,81,239,15,172,209,111,141,45,81,236,11,170,209,108,132,44,81,236,10,171,128,113,157,102,79,
    22,190,202,116,149,51,74,244,21,191,202,116,149,48,74,244,18,191,202,116,150,63,74,244,23,177,155,106,134,125,84,246,19,170,212,
    188,215,99,157,58,92,227,29,188,223,99,157,59,90,227,29,191,219,99,158,54,89,227,29,189,216,99,157,61,94,227,29,191,223,99,
    201,110,143,52,73,225,9,180,201,111,142,52,73,235,14,180,201,109,136,52,73,235,14,180,201,107,136,52,73,235,10,229,212,120,195,
    83,241,25,173,211,114,148,45,83,242,24,173,211,114,151,45,83,245,24,173,211,113,152,45,83,240,22,252,205,97,218,51,81,244,13,
    248,25,178,198,120,159,57,70,248,25,186,198,120,158,63,70,248,26,190,198,123,147,60,70,248,24,189,198,120,152,59,70,248,26,186,
    31,162,197,100,159,34,74,226,31,162,196,101,159,34,64,229,31,162,198,99,159,34,64,229,31,162,192,99,159,34,64,225,78,191,211,
    231,206,108,132,48,78,239,9,176,206,111,133,48,78,239,10,176,206,104,133,48,78,236,5,176,206,109,139,97,80,252,71,174,204,105,
    41,87,246,29,169,215,112,150,41,87,246,21,169,215,113,144,41,87,245,17,169,212,124,147,41,87,247,18,169,215,119,148,41,87,245,
    94,226,31,184,217,98,159,55,95,226,31,185,216,98,159,61,88,226,31,187,222,98,159,61,88,226,31,189,222,98,159,61,92,179,2,
    247,76,165,198,103,155,37,69,225,27,165,194,99,155,37,67,238,27,165,195,98,155,38,78,229,27,165,199,100,155,38,78,224,27,165,
    114,145,44,82,241,25,172,209,116,153,44,81,248,21,172,209,120,151,44,81,246,25,172,209,115,145,44,81,244,18,172,209,116,153,125,
    133,41,18,251,25,187,197,123,154,59,69,251,26,191,197,123,155,57,69,251,29,177,148,101,137,114,91,249,17,165,219,122,156,37,91,
    33,75,254,0,161,196,126,128,38,75,254,0,162,203,126,128,35,69,175,30,178,137,96,130,32,94,224,1,160,222,96,129,36,94,224,
    73,235,23,169,207,99,198,55,91,160,10,162,200,119,137,41,67,247,9,174,203,119,137,46,73,247,9,175,200,119,137,43,78,166,23,
    196,63,149,61,81,232,22,183,214,104,150,54,82,232,22,176,221,104,150,48,93,232,21,189,214,104,150,54,86,232,22,182,211,104,150,
    127,156,33,95,253,29,161,220,123,154,33,92,244,28,161,220,122,155,112,65,237,86,191,221,117,129,63,94,248,1,191,222,116,129,63,
    133,32,90,228,2,175,218,100,134,47,90,228,7,161,139,122,150,109,68,230,3,186,196,101,142,58,68,227,5,186,196,101,134,58,68,
    43,74,243,13,175,203,115,142,38,73,243,13,173,200,115,141,45,78,243,13,175,207,115,142,41,72,243,14,166,206,115,142,40,73,243,
    185,219,126,132,57,93,248,4,185,219,126,132,57,91,248,4,185,219,122,213,36,72,179,26,185,216,100,154,58,94,228,26,189,220,100,
    195,101,136,61,67,229,4,189,192,104,131,61,67,225,2,189,192,104,134,61,67,227,0,189,195,96,136,61,64,229,8,189,192,105,132,
    118,139,34,77,246,11,172,195,118,139,41,75,246,11,174,200,118,139,46,67,167,22,186,129,104,139,42,86,232,9,170,214,104,137,45,
    239,17,183,211,62,143,35,24,242,26,176,207,113,151,49,79,241,22,179,207,113,150,51,79,242,27,187,207,113,151,50,79,241,19,176,
    0,190,221,124,128,62,94,253,0,189,217,117,128,61,88,245,0,189,212,117,128,61,91,251,0,189,213,124,128,61,95,248,81,160,204,
    238,196,108,134,57,71,225,7,185,199,96,133,57,71,224,5,185,196,109,141,57,71,225,4,185,199,101,134,57,71,228,5,185,199,103,
    207,114,143,43,71,242,12,173,198,114,143,43,70,242,15,168,206,114,143,38,72,242,15,170,206,114,143,42,79,242,15,170,203,114,143,
    84,244,11,182,210,115,139,51,83,186,11,167,156,117,151,50,75,245,20,183,203,117,148,54,75,245,18,182,154,107,135,124,85,246,20,
    252,2,163,195,124,130,35,65,252,2,165,192,124,130,36,66,252,2,163,198,124,130,33,72,252,2,161,194,124,130,32,66,252,2,162,
    11,181,200,110,129,53,72,239,13,181,200,97,142,53,72,225,8,228,213,121,194,43,73,233,21,171,205,107,149,43,75,238,21,171,205,
    150,46,80,246,16,174,208,114,150,46,83,251,23,174,208,115,145,127,78,226,89,176,210,122,142,48,81,247,14,176,209,123,142,48,81,
    61,71,249,31,178,199,121,155,50,71,249,26,188,150,103,139,112,89,251,19,167,217,120,158,39,89,248,18,167,217,120,157,39,89,255,
    77,248,6,164,205,120,134,37,67,169,24,180,143,102,132,44,88,230,7,161,216,102,135,45,88,230,7,162,216,102,128,45,88,230,4,
    228,17,175,204,106,192,49,93,166,15,173,197,113,143,46,72,241,15,174,196,113,143,46,75,241,15,169,196,113,143,45,68,241,15,172,
    113,219,42,70,189,23,191,223,106,148,53,84,234,20,181,223,106,148,50,95,234,20,182,210,106,151,63,82,234,20,183,208,106,151,63,
    152,114,67,239,84,189,223,119,131,61,92,255,3,189,218,125,131,61,93,250,82,163,207,52,158,54,89,227,29,189,217,99,157,60,88,
    52,74,236,12,180,202,108,136,101,84,248,67,169,193,110,148,42,74,238,20,170,203,111,148,42,76,236,20,170,204,104,197,52,88,163,
    176,216,120,141,51,82,243,13,179,210,120,141,51,85,248,13,179,211,114,141,51,81,242,13,179,209,118,141,51,80,241,13,179,208,112,
    198,120,154,61,70,251,28,179,198,123,156,62,70,251,18,188,198,123,157,63,23,230,10,241,216,122,146,38,88,249,26,166,216,127,152,
    127,129,33,70,174,31,179,136,98,138,37,95,225,1,165,223,97,128,36,95,225,7,167,223,97,135,35,14,255,19,232,194,106,133,63,
    142,46,74,240,14,175,203,112,142,40,72,240,14,168,204,33,144,60,7,237,5,169,208,110,143,37,80,238,15,169,208,110,136,42,80,
    23,177,210,105,151,52,84,233,20,188,210,105,151,52,83,233,23,180,209,105,151,53,86,184,9,165,158,119,149,48,73,247,23,179,201,
    188,219,125,130,60,91,253,2,188,222,122,130,63,87,250,2,188,223,120,130,63,87,249,83,162,206,53,159,55,87,226,28,189,220,98,
    197,100,142,59,69,227,14,187,197,103,131,59,70,238,3,187,197,102,129,59,70,238,0,234,219,119,204,37,71,239,27,165,196,103,155,
    82,245,18,172,210,114,149,125,76,224,91,178,209,114,140,50,84,240,12,178,211,117,140,50,84,240,12,178,212,114,140,50,84,240,12,
    251,25,190,197,120,144,60,69,251,25,191,197,123,152,61,69,248,31,188,197,120,159,49,20,229,9,242,216,112,156,37,91,250,16,165,
    0,161,199,126,128,38,68,254,0,166,197,126,128,35,67,254,3,171,197,126,128,35,68,254,0,163,198,126,128,34,65,175,30,178,137,
    169,203,110,151,41,73,237,23,169,206,104,151,41,78,232,23,169,203,111,151,42,66,239,23,169,202,109,151,42,66,236,70,183,219,32,
    53,93,241,8,181,221,119,136,54,81,246,8,182,208,112,136,54,80,245,8,181,221,124,136,54,81,246,8,182,212,124,136,54,85,246,
    65,255,29,191,193,124,155,62,16,225,13,246,220,116,152,33,92,244,30,161,223,120,159,33,95,249,25,161,223,121,156,33,92,244,21,
    250,4,163,196,122,132,38,78,250,4,167,196,122,132,38,68,250,7,160,197,43,154,54,13,231,15,163,218,103,143,37,90,228,3,164,
    19,173,203,107,147,45,75,238,19,174,198,103,147,45,74,237,19,173,207,103,147,45,78,237,19,173,207,109,147,46,73,236,66,179,223,
    211,57,81,253,4,185,209,123,132,58,93,250,4,186,220,124,132,58,92,249,4,185,209,112,132,58,93,250,4,186,216,112,132,58,89,
    35,93,227,1,163,221,96,135,34,12,253,17,234,192,104,130,61,67,229,3,189,195,100,129,61,67,228,1,189,192,105,137,61,67,229,
    75,246,8,170,201,118,136,43,74,246,8,168,203,118,139,47,67,246,8,169,194,118,139,41,67,246,11,162,203,118,139,44,66,246,11,
    214,115,143,49,83,242,15,177,209,114,143,49,82,246,15,178,219,113,143,50,83,251,15,178,209,115,143,50,82,240,15,178,210,116,143,
    116,149,32,93,177,0,172,151,126,156,57,64,254,31,188,192,126,159,61,64,254,25,189,145,96,140,119,94,253,31,160,222,127,159,32,
    135,38,68,249,7,160,197,121,135,33,71,249,7,166,195,121,135,36,77,249,7,164,199,121,135,37,71,249,7,167,199,121,132,34,77,
    50,79,232,10,178,207,102,137,50,79,230,15,227,210,126,197,44,78,238,18,172,202,108,146,44,76,233,18,172,202,106,146,44,74,236,
    171,213,119,147,43,86,254,18,171,213,118,148,122,75,231,92,181,215,127,139,53,84,242,11,181,212,126,139,53,84,241,11,181,211,126,
    220,98,128,41,92,226,1,167,141,124,144,107,66,224,8,188,194,99,133,60,66,227,9,188,194,99,134,60,66,228,9,188,194,96,137,
    117,139,40,78,164,21,185,130,107,137,33,85,235,10,172,213,107,138,32,85,235,10,175,213,107,141,32,85,235,9,160,213,107,136,46,
    191,14,162,153,112,146,58,78,240,17,183,206,112,145,59,78,240,17,180,206,112,150,59,78,240,18,187,206,112,147,53,31,238,2,249,
    25,186,217,103,153,63,91,231,25,184,222,103,153,63,91,231,25,191,217,103,153,63,91,231,25,187,220,103,154,50,94,231,25,187,221,
    184,198,101,128,56,69,226,1,184,197,98,140,105,88,244,79,165,205,97,152,38,71,237,24,166,199,97,152,38,64,226,24,166,192,99,
    209,111,140,44,81,236,4,170,209,111,140,43,81,239,12,169,209,111,141,46,0,241,29,230,207,109,136,49,79,239,11,177,207,104,142,
    74,244,19,181,202,116,150,50,74,247,31,178,202,116,151,48,74,247,31,177,155,106,134,125,87,255,19,170,215,127,149,42,84,243,20,
    227,29,187,219,99,157,59,94,227,30,182,215,99,157,58,93,227,29,191,215,99,157,62,93,227,29,191,221,99,158,57,92,178,3,175,
    67,169,193,107,148,42,76,234,20,170,205,104,148,42,77,232,20,169,192,96,148,42,75,233,20,170,201,110,148,42,73,238,20,170,202,
    147,45,83,241,18,173,211,114,145,45,80,244,24,173,208,121,144,45,80,249,21,173,208,114,148,124,77,225,90,179,209,116,141,51,82,
    58,70,248,25,187,198,120,159,59,23,230,10,241,216,123,153,38,88,249,25,166,216,121,155,38,88,255,26,166,216,126,152,38,88,249,
    69,255,1,162,203,127,129,34,65,255,1,163,193,127,129,33,65,255,2,164,203,127,130,37,71,255,2,171,196,127,130,43,66,174,31,
    252,71,174,204,108,144,46,72,238,16,174,206,107,144,46,72,232,16,174,200,110,144,46,76,232,16,173,197,105,144,46,77,239,65,176,
    101,222,55,85,253,9,183,214,112,137,55,86,252,9,183,214,115,137,55,81,252,9,183,213,124,137,55,84,242,88,169,197,62,151,53,
    150,34,92,253,27,162,220,125,151,34,92,253,24,162,220,122,151,34,92,254,23,162,220,127,153,115,66,238,85,188,222,118,130,60,93,
    34,91,229,4,174,219,101,132,33,91,229,3,174,219,101,135,46,91,229,6,160,138,123,151,108,69,231,15,187,197,100,130,59,69,228,
    185,204,114,147,54,76,242,20,185,204,114,144,57,76,242,17,183,157,108,128,123,82,240,24,172,210,115,149,44,82,243,25,172,210,115,
    223,101,155,61,80,229,27,185,208,101,155,56,94,180,5,169,146,123,157,57,69,251,29,186,197,123,156,58,20,229,9,242,219,121,145,
    126,128,33,71,254,0,161,203,126,128,33,68,254,0,166,203,126,128,34,75,254,0,163,197,47,158,50,9,224,6,162,222,96,134,33,
    151,41,78,232,70,183,219,32,137,43,67,247,9,168,206,119,137,40,66,247,9,168,205,119,137,47,66,247,9,171,194,119,137,42,76,
    89,168,196,63,150,52,92,232,22,183,209,104,150,55,93,232,22,183,210,104,150,48,93,232,22,180,221,104,150,53,83,185,8,164,159,
    191,221,117,129,63,94,248,1,191,222,116,129,63,94,251,1,191,217,116,129,63,93,244,1,191,220,122,208,33,77,182,28,180,222,97,
    196,98,132,58,68,227,6,186,196,99,134,58,68,231,14,186,199,111,130,58,68,231,0,186,196,100,134,58,71,227,4,186,196,100,142,
    115,142,40,79,243,14,168,205,115,142,41,75,243,14,169,199,115,142,42,71,243,14,172,199,115,142,42,77,243,14,171,201,115,142,42,
    255,4,185,217,120,132,57,90,252,4,185,218,124,132,57,89,253,4,191,209,100,145,58,68,241,26,164,217,120,159,117,68,232,83,186,
    1,164,221,99,130,33,93,227,2,160,221,99,132,32,12,253,17,234,195,96,130,61,67,226,2,189,195,98,128,61,67,228,1,189,195,
    174,200,118,136,41,76,246,8,171,194,118,136,43,72,246,8,170,200,118,136,40,72,246,11,173,194,118,139,44,78,246,11,162,205,118,
    50,91,242,94,175,195,56,145,51,83,239,17,183,209,111,145,49,84,239,17,183,215,111,145,55,81,239,17,179,215,111,146,58,86,239,
    94,253,31,241,192,108,215,62,92,244,0,190,223,121,128,62,95,245,0,190,223,122,128,62,88,245,0,190,220,117,128,62,93,251,81,
    249,21,238,199,101,141,57,71,230,0,185,199,102,140,57,71,230,3,185,199,97,140,57,71,229,12,185,199,100,130,104,89,245,78,167,
    14,166,210,108,141,43,82,236,13,167,210,108,141,40,82,236,10,167,210,108,142,39,82,236,15,169,131,114,158,101,76,238,10,178,204,
    148,55,75,245,18,179,203,117,148,55,26,235,7,252,214,126,148,43,85,243,21,171,213,114,151,43,85,242,23,171,214,127,159,43,85,
    36,65,252,2,160,195,124,130,33,64,252,2,162,193,124,129,37,73,252,1,162,200,124,129,39,66,252,1,166,198,124,129,40,66,252,
    72,234,0,181,200,106,140,53,72,236,8,181,203,104,140,53,75,232,13,181,200,105,129,46,85,232,9,174,205,117,136,41,78,232,21,
    211,114,148,53,78,243,18,183,215,110,147,127,78,226,89,176,214,112,142,48,81,242,14,176,209,117,142,48,86,242,14,176,209,112,142,
    122,146,51,71,249,26,188,199,122,146,60,22,231,11,240,217,122,154,39,89,255,24,167,217,120,146,39,89,254,26,167,217,127,147,39,
    133,45,64,248,6,165,194,120,134,37,71,169,24,180,143,102,128,38,88,230,7,164,216,102,135,35,88,230,0,164,216,102,135,38,88,
    44,68,229,17,175,204,106,145,44,68,234,17,175,206,108,145,47,76,234,17,172,203,106,145,44,68,237,17,172,203,109,192,49,93,166,
    183,223,126,138,52,85,246,10,180,211,117,138,52,84,243,91,170,198,61,148,50,84,234,20,181,214,106,148,53,81,234,20,178,214,106,
    221,124,157,35,94,246,23,163,221,126,152,35,94,246,24,163,222,124,150,114,67,239,84,190,214,121,131,61,91,250,3,189,220,126,131,
    106,140,43,84,234,11,170,133,116,152,99,73,225,11,180,202,108,138,52,74,237,8,180,202,109,136,52,74,236,9,180,201,97,140,52,
    243,19,179,205,115,144,55,77,243,16,180,205,115,145,56,28,237,1,250,211,112,144,45,83,243,23,173,211,114,152,45,83,242,17,173,
    24,190,217,102,152,58,95,230,27,185,210,102,155,63,91,230,27,191,216,102,152,62,83,230,27,178,218,102,155,60,82,230,27,189,221,
    191,193,102,130,63,66,228,5,191,194,103,131,63,66,224,6,191,194,102,131,63,66,231,3,191,202,100,159,34,65,228,78,191,211,40,
    206,109,141,48,78,238,10,176,206,111,133,48,78,239,12,176,206,104,143,48,78,236,9,176,205,111,132,48,78,237,9,176,206,108,142,
    73,247,21,189,201,116,146,52,73,247,22,178,201,116,157,49,73,244,28,181,201,116,145,61,73,244,17,181,201,116,144,51,24,233,5,
    181,28,186,218,98,156,61,92,226,31,185,218,98,156,58,87,226,28,186,215,98,156,63,93,226,28,190,217,98,156,60,95,179,2,174,
    76,166,206,100,155,37,67,229,27,165,194,103,155,37,66,231,27,166,207,111,155,37,69,227,27,166,206,111,155,37,71,239,27,165,199,
    153,44,82,241,16,172,210,115,144,44,81,245,24,172,209,119,151,44,81,248,22,172,209,116,149,44,81,243,20,172,209,117,152,44,82,
    56,92,229,24,190,219,101,144,63,69,248,27,186,197,120,152,61,69,248,25,189,197,127,144,37,80,248,84,165,201,50,155,56,89,229,
    64,224,4,190,192,103,134,62,64,230,11,190,192,102,135,62,67,235,0,190,192,98,129,62,67,235,5,190,192,96,131,62,64,227,11,
    247,10,175,194,119,138,35,78,247,10,163,204,119,138,45,66,247,10,168,202,119,138,47,73,247,10,175,194,38,151,59,0,233,10,171,
    104,150,54,82,232,22,182,211,104,150,49,84,232,22,183,214,104,149,61,92,232,22,181,211,57,136,36,31,246,21,181,200,118,150,50,
    129,63,88,255,1,191,223,122,129,63,89,248,1,188,212,127,129,63,93,250,1,188,212,121,208,33,77,182,31,188,223,97,159,57,88,
    58,68,228,3,186,196,100,143,58,68,226,2,186,196,103,142,58,68,226,15,186,196,103,132,58,68,231,1,186,196,102,130,58,71,224,
    70,243,14,169,204,115,142,44,75,243,14,166,207,115,142,43,76,243,14,172,203,115,142,44,77,243,14,171,201,115,142,43,78,162,19,
    200,51,154,57,89,228,26,186,222,100,154,59,81,228,26,187,216,100,154,60,91,228,26,184,221,100,154,60,81,228,26,185,218,100,154,
    97,131,61,67,225,0,189,192,102,132,61,64,230,5,189,192,102,134,108,93,241,74,160,200,101,157,35,66,225,29,163,196,97,157,35,
    136,47,86,232,14,170,214,107,131,34,86,232,15,170,214,104,138,34,86,232,10,169,214,104,138,46,86,235,14,163,214,107,140,34,86,
    18,181,213,111,146,52,80,239,18,176,218,111,146,48,91,239,18,183,218,62,143,35,24,241,18,177,207,113,151,54,79,241,17,182,207,
    190,222,117,128,62,88,248,0,190,221,116,128,62,88,245,0,190,221,126,128,62,93,251,0,190,220,120,128,61,90,245,0,189,218,127,
    217,100,134,33,89,228,12,165,217,100,129,38,89,228,6,161,217,100,134,39,89,228,1,163,217,100,129,36,8,249,21,238,199,100,132,
    114,140,44,72,242,12,173,199,114,140,45,78,242,12,170,205,114,140,46,75,242,12,170,199,114,140,47,76,242,12,174,204,114,140,46,
    246,11,182,208,114,139,54,80,243,11,182,208,112,218,43,71,188,22,190,210,107,149,52,82,235,21,180,222,107,149,50,85,235,21,179,
    1,188,194,99,137,60,66,224,7,188,193,105,137,60,66,226,1,188,194,97,129,60,65,228,8,188,193,102,136,60,65,230,3,188,193,
    161,207,117,136,45,77,245,8,173,200,36,149,57,2,232,0,172,213,107,138,44,85,235,10,160,213,107,140,43,85,235,13,168,213,107,
    54,83,238,16,178,213,110,147,59,90,238,16,179,213,110,144,50,87,238,19,180,208,63,142,34,25,243,27,183,206,112,145,55,78,240,
    88,242,7,185,222,121,135,57,95,250,86,167,203,48,153,58,91,231,25,185,221,103,153,57,92,231,25,190,219,103,153,56,89,231,26,
    237,12,184,198,103,130,56,69,237,2,184,198,101,128,56,70,230,4,184,197,99,140,56,69,226,0,184,197,108,131,56,69,236,5,233,
    17,189,134,108,132,37,81,239,9,168,209,111,142,40,81,239,9,173,128,113,157,102,79,237,5,177,207,105,136,49,79,238,8,177,207,
    146,62,74,244,18,179,202,116,151,50,74,247,31,191,155,106,134,125,87,255,17,170,212,117,147,42,84,245,23,170,212,116,147,42,84,
    59,86,178,3,175,148,125,158,63,67,253,29,185,195,125,157,56,67,253,26,191,195,125,156,61,67,254,22,183,195,125,156,54,67,254,
    65,225,20,170,202,105,148,42,72,225,20,169,207,96,197,52,88,163,9,161,192,116,138,44,77,244,10,171,205,116,138,44,72,165,20,
    193,58,147,49,89,237,19,181,212,109,147,50,84,237,19,181,217,109,147,53,84,237,19,176,213,109,144,56,88,188,13,161,154,112,152,
    125,134,56,89,255,6,184,217,123,134,56,88,255,6,184,222,115,215,38,74,177,27,179,217,102,152,62,88,230,24,191,218,102,152,63,
    131,63,66,235,11,191,193,97,135,63,66,234,11,191,193,99,139,63,65,227,10,191,193,98,131,63,65,224,3,191,194,96,138,63,66,
    42,74,240,13,165,204,112,141,47,73,240,14,172,205,112,141,36,79,240,13,169,196,112,141,41,78,240,13,173,207,112,141,46,75,240,
    176,212,105,144,53,73,244,20,177,201,124,151,41,83,241,9,179,221,105,157,61,73,244,21,188,152,105,133,126,87,244,21,169,215,119,
    216,98,156,59,90,226,28,186,215,98,156,58,91,226,31,183,220,98,156,62,93,226,31,183,217,98,156,60,95,226,28,191,215,98,159,
    99,142,59,70,239,2,187,198,111,128,59,70,225,14,187,198,100,134,59,70,227,5,187,198,99,142,106,91,247,76,166,206,97,155,37,
    243,16,172,210,117,144,44,82,244,20,172,210,117,148,44,81,249,20,172,210,113,151,44,82,241,18,172,210,112,147,125,76,224,91,178,
    24,184,197,123,157,58,69,251,27,188,197,123,154,56,69,251,29,176,148,101,137,114,88,240,17,165,219,123,159,37,91,250,16,165,219,
    160,199,126,128,33,65,254,0,162,203,126,128,34,69,254,0,163,193,47,158,50,9,227,11,167,222,96,129,39,94,224,1,171,222,96,
    206,105,151,41,79,234,23,169,201,98,151,41,74,237,23,169,202,105,151,41,73,234,23,169,207,99,151,42,76,238,23,170,204,106,151,
    85,242,20,249,200,100,223,53,93,247,8,182,208,118,136,54,81,244,8,182,209,116,136,53,92,252,8,182,214,112,136,53,93,243,8,
    255,31,188,193,127,156,63,65,255,28,181,193,124,155,56,65,252,21,184,193,127,153,57,65,252,24,185,193,124,153,63,65,252,30,190,
    26,164,198,110,154,39,65,225,26,167,194,102,154,47,64,250,7,166,195,122,131,39,90,225,4,186,192,110,154,47,67,250,1,174,218,
    169,199,115,135,38,83,234,10,226,211,127,196,45,78,239,19,173,205,105,147,45,74,235,19,173,203,102,147,45,75,234,19,174,198,109,
    36,90,248,27,164,217,113,159,36,90,250,25,164,218,121,145,36,89,252,17,164,217,112,157,36,89,240,31,164,217,126,145,36,89,251,
    64,253,0,165,195,125,128,37,72,172,29,177,138,99,128,33,93,227,3,167,221,99,131,38,93,227,4,161,221,99,130,35,93,224,8,
    226,22,168,203,109,199,54,90,161,8,171,203,118,136,40,76,246,8,175,200,118,136,40,77,246,8,174,207,118,139,35,72,246,8,170,
    116,143,50,90,247,94,175,195,56,145,50,81,239,17,183,214,111,145,49,86,239,17,177,218,111,145,55,87,239,17,178,219,111,145,55,
    149,32,94,253,30,160,222,125,155,32,94,252,24,160,221,122,149,32,93,250,31,160,221,127,152,32,93,245,28,160,221,120,159,32,93,
    38,65,249,4,166,199,121,132,33,67,249,4,161,196,40,153,53,14,231,4,164,217,103,135,35,89,231,6,172,217,103,134,37,89,231,
    74,237,18,172,206,107,146,44,74,231,18,172,207,108,146,44,78,236,18,172,206,111,146,47,73,235,18,175,201,106,146,47,73,233,67,
    203,103,220,54,94,243,11,181,212,119,139,53,82,247,11,181,213,114,139,53,83,247,11,182,222,127,139,53,82,247,11,181,215,127,139,
    98,128,35,92,226,0,164,220,97,132,41,92,225,6,168,220,97,134,38,92,225,7,163,220,97,131,41,92,225,3,168,220,97,132,41,
    196,53,89,162,11,168,203,117,139,45,76,245,11,171,204,117,139,43,64,245,11,173,205,117,139,40,65,245,11,173,192,117,139,40,75,
    14,176,211,117,142,48,82,246,14,179,212,123,142,51,84,241,14,179,209,118,142,51,91,242,14,179,214,113,142,51,81,246,14,179,209,
    185,199,122,159,61,71,250,31,186,150,103,139,112,89,250,26,167,217,121,157,39,89,248,18,167,217,120,155,39,89,255,24,167,217,123,
    193,120,134,32,77,248,6,165,198,120,134,36,70,248,6,164,197,120,133,35,65,248,5,163,192,120,133,35,67,169,24,180,143,101,141,
    104,145,47,78,232,17,175,206,100,145,47,72,239,17,175,201,108,145,47,78,228,17,175,205,106,145,44,68,228,17,175,207,108,145,47,
    247,23,170,215,114,158,42,87,240,30,170,215,112,149,42,87,254,16,170,215,114,146,42,87,242,23,251,202,102,221,55,95,243,10,180,
    28,186,195,125,156,54,67,253,26,189,195,125,155,62,67,253,27,190,195,125,159,56,67,254,22,183,195,125,158,56,67,253,31,186,195,
    169,206,106,197,52,88,163,9,161,205,116,138,43,77,244,10,171,193,116,138,45,74,244,10,172,201,37,148,56,3,234,9,168,212,106,
    51,87,237,19,179,214,109,147,52,81,237,19,178,211,109,144,56,89,237,19,178,215,109,144,56,87,237,19,176,213,109,147,51,81,237,
    91,253,18,166,219,124,158,38,91,242,29,166,219,114,155,119,70,234,81,187,211,114,134,56,94,255,6,184,217,127,134,56,94,250,87,
    255,19,232,193,99,139,63,65,231,6,191,193,96,134,63,65,231,11,191,193,103,134,63,65,226,7,191,194,106,138,110,95,243,72,162,
    5,171,208,110,143,41,80,238,15,173,208,110,142,41,80,238,8,165,129,112,156,103,78,237,12,176,206,110,138,48,78,238,11,176,206,
    144,53,73,247,22,183,201,116,156,61,73,247,22,188,201,116,156,60,73,247,23,180,201,119,149,60,73,244,18,189,152,105,133,126,84,
    55,86,226,28,186,219,98,156,61,91,226,28,186,222,51,130,46,21,252,30,182,194,124,154,59,66,252,29,187,194,124,154,54,66,252,
    67,226,27,165,198,99,155,38,78,238,74,187,215,44,134,46,64,251,5,164,194,123,133,36,70,251,5,165,194,123,133,35,78,170,27,
    192,59,145,57,86,236,18,179,208,108,146,53,80,236,18,180,212,108,146,53,84,236,17,185,212,108,146,49,87,236,18,177,210,108,146,
    121,154,116,69,233,82,187,216,120,133,59,93,250,5,187,219,124,133,59,90,248,5,187,221,112,212,37,73,178,24,176,209,101,155,59,
    132,62,64,225,11,190,192,96,135,62,64,225,1,190,192,98,139,62,64,226,5,190,192,99,129,111,94,242,73,163,203,103,158,32,65,
    46,87,233,8,162,215,105,142,41,87,233,15,170,215,105,137,34,87,233,10,173,215,105,138,41,87,233,9,170,215,105,143,35,87,234,
    179,209,104,149,51,85,232,21,178,212,57,136,36,31,246,21,180,200,118,150,50,72,246,22,179,200,118,145,52,72,246,23,182,200,117,
    212,117,129,63,92,250,80,161,205,54,156,52,90,225,31,185,220,97,159,62,88,225,31,184,220,97,159,62,95,225,31,191,217,97,156,
    111,129,58,68,228,5,186,196,102,130,58,68,230,3,186,199,96,143,58,71,224,7,186,199,110,130,58,71,239,6,186,199,98,130,107,
    147,63,4,238,6,169,211,109,140,47,83,237,12,174,211,109,139,38,83,237,13,166,211,109,139,47,83,237,13,173,211,110,134,42,83,
    26,186,217,100,154,58,90,228,25,191,219,53,132,40,19,250,25,184,196,122,154,62,68,250,26,191,196,122,157,56,68,250,27,186,196,
    160,200,105,157,35,66,232,29,160,200,104,157,35,67,224,29,163,193,104,157,32,70,233,76,189,209,42,128,40,68,253,3,162,196,125,
    200,105,131,54,72,239,8,182,200,110,139,103,86,250,65,171,195,111,150,40,73,239,22,168,201,99,150,40,79,232,22,168,206,107,199,
    79,227,88,177,210,115,143,49,81,245,15,177,209,116,143,49,86,243,15,177,208,113,143,50,90,251,15,177,208,117,143,50,90,245,15,
    254,29,184,192,126,158,60,64,253,27,180,192,125,154,56,64,253,20,187,192,125,148,61,17,224,12,247,222,125,156,32,94,254,26,160,
    7,167,194,121,135,32,69,249,7,166,199,121,132,44,77,249,7,164,194,40,153,53,14,228,12,163,217,103,134,37,89,231,6,164,217,
    172,202,103,146,44,76,231,18,172,202,110,146,44,76,236,18,175,199,107,146,44,76,239,18,172,204,108,146,47,73,237,67,178,222,37,
    53,86,247,11,181,213,113,139,53,85,240,11,181,210,119,139,53,84,245,11,182,222,127,139,53,84,241,11,182,222,113,139,53,86,243,
    92,226,2,160,220,97,135,40,92,225,6,164,220,97,136,39,92,225,8,161,141,124,144,107,66,225,1,188,194,100,135,60,66,227,1,
    245,11,172,200,117,136,33,65,245,11,173,201,117,139,41,78,245,8,160,206,117,139,41,77,245,11,168,205,117,136,47,65,245,8,174,
    114,142,51,84,245,95,174,194,57,144,51,83,238,16,182,213,110,144,49,83,238,16,183,211,110,147,58,90,238,19,187,208,110,147,59,
    156,39,90,242,29,167,217,122,159,39,89,251,24,167,217,120,155,39,90,243,18,167,218,124,156,39,90,253,18,167,218,114,159,39,90,
    39,76,248,5,167,195,120,133,32,76,248,5,160,194,120,141,34,9,248,20,239,198,101,133,56,70,224,3,184,198,103,133,56,70,225,
    76,241,12,165,197,113,140,36,68,241,15,173,202,113,143,47,76,241,15,172,202,113,140,36,69,241,15,174,205,113,143,47,68,241,12,
    208,113,138,55,95,246,10,183,212,127,138,55,85,242,10,183,211,126,138,55,82,241,10,183,210,119,138,50,82,187,10,166,157,119,159,
    124,131,61,91,253,3,189,218,127,131,61,90,255,3,190,215,119,131,61,91,255,3,189,222,119,131,61,94,249,3,189,222,123,131,62,
    141,33,84,233,12,161,212,105,128,45,84,233,0,169,212,105,128,41,84,233,11,172,212,105,139,46,84,233,11,168,212,105,140,47,84,
    19,179,211,109,149,52,77,240,16,177,208,109,148,48,77,240,17,180,215,109,144,49,84,244,13,176,209,117,146,45,80,241,21,182,205,
    187,219,121,157,38,91,250,25,184,198,123,154,56,83,230,27,186,217,121,134,59,91,248,26,166,219,123,152,61,70,251,27,187,220,102,
    196,107,206,63,83,168,1,162,195,127,129,33,69,255,1,166,199,127,129,39,74,255,1,167,198,127,130,42,65,255,1,163,192,127,130,
    101,139,48,78,238,13,176,206,109,133,48,77,232,5,176,205,100,137,48,77,228,11,176,205,106,133,48,77,239,13,176,205,104,142,48,
    244,17,188,152,105,133,126,84,252,19,169,215,118,149,41,87,240,21,169,215,113,145,41,87,240,17,169,212,124,145,41,87,244,18,169,
    28,191,220,98,156,62,93,179,2,174,149,124,159,63,66,252,26,185,194,124,157,63,66,252,27,191,194,124,154,60,66,255,23,182,194,
    165,198,97,155,38,78,227,74,187,215,44,133,38,70,251,5,163,192,123,133,36,70,251,5,162,198,123,133,38,64,251,5,166,196,123,
    50,80,247,12,178,210,115,140,50,80,244,93,172,192,59,146,49,81,236,18,180,211,108,146,51,89,236,18,181,209,108,146,52,88,236,
    88,240,29,165,219,120,159,37,91,248,26,244,197,105,210,56,80,241,5,187,221,124,133,59,90,252,5,187,221,121,212,37,73,178,27,
    227,2,190,192,96,132,62,64,231,6,190,192,102,139,62,64,230,7,190,195,107,128,62,64,226,1,190,195,107,133,62,64,224,3,190,
    9,170,194,119,138,47,66,247,10,163,206,119,138,35,76,247,10,173,194,119,138,40,74,247,10,175,201,119,138,47,66,166,23,187,128,
    150,53,84,232,22,182,210,104,150,54,83,232,22,177,212,104,150,55,86,232,21,189,220,104,150,53,83,185,8,164,159,118,149,53,72,
    63,95,251,1,191,216,127,129,63,95,250,1,191,217,120,129,60,84,255,1,191,221,122,129,60,84,249,80,161,205,54,159,60,92,225,
    68,226,1,186,196,101,135,58,68,227,7,186,196,98,132,58,71,239,14,186,196,103,128,58,68,228,1,186,196,100,135,58,68,231,6,
    243,14,169,198,115,142,39,74,243,14,168,200,115,142,41,71,162,19,191,132,109,142,46,83,237,11,168,211,109,140,46,83,237,10,174,
    53,132,40,19,250,25,185,196,122,156,59,68,250,27,177,196,122,157,57,68,250,28,176,196,121,145,60,68,250,25,190,196,122,153,59,
    204,61,81,170,0,168,194,125,131,37,67,253,3,164,193,125,131,36,65,253,0,169,201,125,131,37,65,253,3,160,201,125,131,32,71,
    54,72,235,14,182,203,111,131,54,75,238,8,182,203,98,138,54,75,236,14,182,203,99,138,54,75,238,14,182,200,106,139,54,72,235,
    181,207,114,145,51,85,239,17,177,209,111,146,51,91,244,15,178,211,116,151,47,82,243,21,183,207,114,147,54,91,239,18,178,209,117,
    192,125,156,57,95,224,29,189,223,120,128,61,93,248,28,160,221,124,159,53,64,253,29,184,218,96,157,61,88,255,0,189,222,127,209,
    121,149,110,71,228,5,185,199,103,131,57,71,224,1,185,199,97,140,57,71,225,0,185,196,108,135,57,71,229,6,185,196,108,130,57,
    140,44,79,242,12,175,199,114,143,42,71,242,15,166,203,114,143,38,73,242,15,168,199,114,143,45,79,242,15,170,204,114,143,42,71,
    90,171,199,60,150,62,81,235,21,180,215,107,149,50,87,235,21,179,211,107,149,50,83,235,22,190,211,107,149,54,80,235,21,182,213,
    188,194,96,131,109,92,240,75,162,193,97,156,34,68,231,28,162,195,97,156,34,69,225,28,162,196,98,156,33,73,232,28,162,193,102,
    213,104,128,45,4,245,25,226,203,104,136,53,75,237,14,181,203,106,136,53,75,236,8,181,203,104,142,53,75,232,10,181,203,105,142,
    78,240,16,177,206,112,146,54,31,238,2,249,208,114,146,46,80,247,22,174,208,119,150,46,80,246,18,174,208,113,154,127,78,226,89,
    250,18,179,199,121,159,62,71,249,24,190,199,121,159,59,22,231,11,240,218,114,152,39,89,255,25,167,217,126,155,39,89,254,27,167,
    5,172,204,120,134,32,71,248,6,166,199,120,133,45,65,248,6,165,205,120,134,37,65,248,5,162,195,120,133,45,68,248,5,163,195,
    177,207,104,140,49,76,234,10,177,204,104,142,49,76,232,14,177,204,104,142,49,76,233,12,177,206,106,145,46,75,241,5,168,209,108,
    54,82,234,16,190,202,113,145,42,87,243,10,183,215,114,138,49,84,234,19,180,202,127,158,123,74,230,93,180,215,119,138,52,82,241,
    67,253,28,190,195,125,154,62,67,254,23,183,195,125,158,58,67,253,30,190,195,126,150,60,67,253,29,190,146,99,143,116,94,246,28,
    244,10,171,204,116,138,42,77,244,10,170,204,116,138,44,74,244,10,169,205,116,137,43,64,244,9,161,203,116,138,42,73,244,10,168,
    116,141,51,82,241,13,176,214,117,141,48,89,240,13,176,217,114,141,48,85,243,92,173,193,58,144,56,82,237,19,181,211,109,147,52,
    154,38,88,255,26,166,219,114,146,38,88,254,25,166,216,120,153,38,91,243,31,166,216,123,147,38,88,251,31,166,219,124,157,38,91,
    42,67,255,2,164,196,127,129,38,66,255,2,164,196,127,130,38,64,255,2,166,192,127,130,38,64,255,2,167,194,127,128,36,95,224,
    74,240,4,169,208,109,140,40,80,234,4,176,203,107,144,45,73,240,13,173,200,112,139,46,80,233,14,176,197,100,193,48,92,167,14,
    212,117,137,55,87,243,9,183,208,113,137,55,81,252,9,183,209,112,137,52,92,247,9,183,213,118,137,52,92,242,9,183,215,116,137,
    124,159,55,66,255,26,183,194,127,150,59,66,255,22,185,194,127,152,55,66,255,29,191,194,127,154,60,66,255,26,183,147,98,142,117,
    134,46,65,251,5,164,199,123,133,34,71,251,5,163,195,123,133,34,67,251,6,174,195,123,133,38,64,251,5,166,197,123,133,39,68,
    93,172,192,59,146,49,81,236,18,180,215,108,146,51,81,236,18,181,209,108,146,52,82,236,17,185,216,108,146,49,86,236,17,185,212,
    244,197,105,210,59,89,254,5,187,218,122,133,59,91,251,5,187,219,125,133,59,90,241,5,184,208,123,133,56,80,253,5,187,217,113,
    222,96,130,33,94,224,3,170,222,99,134,43,94,227,10,171,222,99,138,43,94,227,10,163,222,99,134,39,15,254,18,233,192,98,133,
    119,137,40,72,247,9,169,201,119,137,41,79,247,9,168,195,119,138,34,73,247,10,162,207,119,137,43,67,247,9,171,200,119,137,42,
    252,8,181,208,125,136,53,92,253,8,181,220,125,136,53,92,245,8,181,208,113,136,54,84,245,8,181,214,118,157,40,85,246,21,188,
    1,191,223,127,129,60,93,245,29,161,220,125,149,57,65,252,29,187,219,97,156,61,90,253,1,188,221,121,153,33,92,253,25,184,144,
    186,214,45,132,38,69,250,4,165,206,122,132,35,70,250,4,165,198,43,154,54,13,228,6,165,218,100,133,46,90,228,3,166,218,100,
    204,111,147,46,71,231,19,174,198,109,147,46,70,232,19,174,198,105,147,45,78,235,19,173,207,108,147,45,76,239,19,174,199,102,147,
    89,255,31,164,217,126,145,36,89,241,28,164,217,123,144,36,89,251,31,164,217,124,144,36,89,252,30,164,209,126,213,36,72,179,25,
    232,2,189,195,101,131,61,67,228,1,189,195,100,129,61,64,233,9,189,195,98,135,61,67,224,9,189,195,96,131,61,67,224,5,189,
    11,175,195,118,139,46,75,246,11,172,206,118,139,44,74,246,11,172,194,118,139,35,78,246,11,163,201,118,139,40,74,235,22,168,203,
    150,47,82,241,17,179,207,114,147,59,80,239,18,179,212,122,143,50,83,245,20,175,210,114,146,52,79,242,19,183,215,111,146,50,81,
    53,64,253,29,191,223,96,157,60,94,244,0,189,220,126,155,32,93,253,24,184,192,117,148,113,64,236,87,190,221,124,128,62,94,250,
    89,231,0,161,217,103,129,44,89,231,1,160,217,100,140,39,89,231,5,166,217,100,140,34,89,231,7,164,217,103,132,44,89,228,1,
    231,18,175,198,107,146,47,70,233,18,175,200,103,146,47,77,239,18,175,202,108,146,47,74,231,67,178,222,37,143,39,72,242,12,172,
    113,139,53,84,240,11,181,210,119,139,53,84,255,11,182,222,115,139,53,85,245,11,181,214,113,139,53,86,242,11,181,215,126,139,54,
    132,33,92,225,6,164,220,97,134,32,13,252,16,235,193,105,134,60,66,226,6,188,194,99,135,60,66,229,0,188,194,99,136,60,65,
    32,77,245,11,171,203,117,139,40,79,245,11,168,204,117,139,41,64,245,8,173,200,117,136,47,77,245,8,175,201,117,136,44,64,245,
    179,209,119,142,51,81,241,14,179,209,113,142,51,86,241,14,179,215,119,223,46,66,185,16,179,210,110,144,48,84,238,16,177,209,110,
    217,121,159,39,89,255,27,167,218,114,159,39,89,250,29,167,217,127,153,39,89,251,30,167,217,123,159,39,90,252,19,167,218,125,153,
    120,133,44,65,248,5,163,204,120,133,33,70,248,5,167,194,120,133,39,70,248,5,161,204,120,133,32,65,248,5,164,195,120,131,37,
    145,44,79,239,17,172,204,109,192,49,93,166,12,164,203,113,143,47,75,241,15,175,203,113,143,47,73,241,15,175,197,113,140,36,69,
    10,180,213,117,138,55,95,240,10,180,214,117,138,52,86,245,10,183,208,127,138,55,80,246,10,183,222,127,138,55,80,247,10,183,213,
    190,195,126,154,56,67,254,26,188,195,126,154,61,67,254,27,187,195,120,151,35,94,255,30,163,222,127,156,114,67,239,84,190,214,122,
    212,106,140,42,84,234,13,171,212,106,138,45,84,234,12,171,212,106,136,46,84,233,1,173,212,106,136,43,84,234,9,175,212,106,136,
    82,237,16,182,212,109,144,55,83,237,16,185,215,109,144,53,85,237,16,178,216,109,144,52,86,188,13,161,154,112,152,56,77,243,18,
    242,6,184,222,114,134,56,94,250,6,184,217,114,134,59,89,251,6,184,216,127,134,56,91,252,6,184,218,126,134,59,95,243,6,184,
    0,171,223,98,129,37,68,255,2,162,196,103,159,34,65,231,10,191,194,98,139,37,95,226,2,171,197,127,130,33,66,235,31,162,193,
    174,207,112,141,46,78,235,16,173,204,101,137,48,72,232,16,173,204,105,139,48,77,237,13,169,208,109,140,40,72,240,4,176,205,108,
    48,86,233,20,181,214,125,137,52,85,246,22,169,212,117,150,60,73,244,21,178,201,116,148,55,93,233,20,180,215,116,137,52,85,240,
    86,226,31,191,223,125,130,63,95,255,24,162,215,124,211,34,78,181,28,191,222,98,156,60,88,226,28,187,218,98,156,58,87,226,28,
    227,2,187,198,110,133,59,69,231,4,187,198,110,128,59,69,229,6,187,197,102,142,59,70,227,14,187,198,111,130,59,70,239,0,187,
    113,150,57,76,241,19,177,204,113,148,50,76,241,20,185,157,108,128,123,81,249,22,172,210,114,150,44,82,243,23,172,210,117,144,44,
    155,58,81,229,24,176,221,101,155,59,91,229,27,184,223,101,155,56,92,229,27,185,208,101,152,61,88,229,24,191,221,101,152,63,89,
    111,94,242,73,163,203,100,158,32,64,228,30,160,193,101,158,32,71,226,30,160,193,106,158,35,75,230,30,160,192,96,158,32,67,228,
    87,233,10,174,215,105,139,34,87,234,15,170,215,106,141,47,87,234,13,171,215,106,142,34,87,234,8,174,215,106,136,40,87,234,8,
    215,104,149,48,87,232,21,177,209,57,136,36,31,246,21,180,200,118,150,50,72,246,23,183,200,118,150,48,72,246,16,180,200,117,157,
    121,129,63,92,251,1,191,217,127,129,63,93,248,1,191,221,121,129,60,90,245,1,188,219,127,129,60,85,248,1,188,218,117,129,60,
    131,36,90,231,5,160,218,103,133,36,90,231,3,174,218,103,130,35,90,231,6,161,218,97,135,58,71,228,4,186,199,103,134,107,90,
    63,4,238,6,169,211,109,141,41,83,237,13,169,211,109,141,43,83,237,13,167,211,110,134,39,83,237,12,172,211,110,134,41,83,237,
    184,219,100,154,56,91,228,25,190,209,100,153,62,88,228,25,176,209,100,153,62,89,228,25,187,217,100,153,61,95,228,25,189,219,100,
    192,100,131,61,64,229,5,189,198,105,157,32,65,224,29,160,193,98,204,61,81,170,0,168,196,125,131,37,67,253,3,164,194,125,131,
    104,143,54,72,238,9,182,200,106,140,54,75,227,15,182,200,106,137,54,72,235,13,182,200,106,137,54,75,237,15,182,203,108,136,54,
    242,27,181,207,114,151,55,79,242,16,186,207,114,150,52,30,239,3,248,210,122,144,47,81,247,17,175,209,118,147,47,81,246,19,175,
    29,180,212,96,158,63,90,224,30,189,212,96,158,61,94,224,30,189,216,96,157,57,85,224,29,191,217,96,157,58,93,224,29,180,216,
    185,199,96,132,57,68,227,4,185,196,96,131,57,68,230,4,185,196,102,132,57,68,225,0,185,196,101,129,57,68,229,4,185,196,101,
    203,114,143,44,77,242,6,171,210,104,139,50,72,234,18,166,198,114,140,39,82,239,11,178,205,106,146,45,70,242,10,172,210,104,138,
    75,240,30,171,214,118,151,51,75,246,23,176,222,107,150,55,94,241,11,182,213,119,145,43,86,245,23,182,203,118,149,51,82,235,22,
    225,8,169,220,97,129,40,69,252,1,164,195,45,156,48,11,226,1,160,220,98,130,38,92,226,5,164,220,98,132,41,92,226,4,165,
    21,168,192,107,149,43,73,234,21,168,192,110,149,43,75,232,21,171,200,96,149,40,77,224,21,168,193,108,149,40,65,238,21,168,207,
    155,46,83,241,19,174,211,118,144,46,83,246,27,255,206,98,217,51,91,244,14,176,208,116,142,48,81,245,14,176,215,114,142,48,81,
    51,71,250,18,191,199,121,153,57,71,249,26,189,199,121,154,62,71,249,27,178,199,122,159,58,71,250,29,191,199,122,157,59,22,231,
    84,175,5,173,194,120,134,38,66,248,6,167,195,120,134,33,68,248,6,167,204,120,133,45,64,248,6,166,198,120,134,37,66,248,6,
    236,8,177,207,109,132,49,76,233,12,177,204,107,137,49,76,235,13,177,204,104,132,49,76,238,8,177,204,110,142,49,76,238,14,177,
    119,146,53,74,247,19,179,155,106,134,125,84,247,22,170,212,116,144,42,84,245,21,170,212,116,146,42,84,242,22,170,215,127,146,42,
    157,62,89,227,29,187,221,99,157,63,90,227,29,191,219,99,158,56,87,227,30,185,221,99,158,55,90,227,30,184,215,99,158,58,93,
    52,73,235,14,180,201,107,138,52,73,237,0,180,201,108,141,52,73,232,15,180,207,105,148,41,74,234,20,169,201,104,197,52,88,163,
    176,216,119,141,51,83,247,13,179,211,119,141,51,83,245,13,179,211,121,141,48,88,249,13,179,210,114,141,48,88,247,13,179,209,114,
    198,120,154,57,70,251,28,179,198,123,156,58,70,251,18,179,198,123,156,59,70,251,25,187,198,123,159,61,70,251,31,185,198,123,159,
    97,159,34,71,231,31,164,203,127,130,35,66,255,2,163,192,46,159,51,8,226,10,166,223,97,135,33,95,225,6,160,223,97,129,38,
    144,46,72,239,16,174,204,106,144,45,69,233,16,174,204,111,144,46,77,235,16,174,204,111,144,45,75,233,16,173,202,110,144,45,68,
    19,169,212,113,145,41,84,246,28,169,212,112,146,120,73,229,94,180,220,118,137,55,81,247,9,183,208,117,137,55,80,245,9,180,221,
    182,194,124,156,58,66,255,23,186,194,124,156,60,66,252,30,190,194,127,155,55,66,252,29,189,194,124,157,57,66,255,27,185,194,127,
    207,102,155,38,68,229,27,166,194,97,155,38,68,230,27,166,194,111,155,38,67,226,27,166,199,96,202,59,87,172,6,174,194,123,133,
    83,249,12,178,210,117,140,50,82,249,12,177,216,120,140,50,82,244,12,178,208,115,140,49,89,245,12,177,213,114,140,50,84,241,12,
    248,31,190,197,120,159,57,69,248,30,190,148,101,137,114,88,240,28,165,219,122,144,37,91,251,28,165,219,123,144,37,88,241,17,165,
    0,160,198,126,128,34,65,254,3,171,199,126,131,39,64,254,0,166,202,126,131,38,69,254,3,161,192,126,131,38,70,175,30,178,137,
    170,194,104,151,41,79,233,23,169,206,107,151,41,78,235,23,170,195,99,151,41,73,239,23,170,194,111,151,41,73,233,23,169,203,107,
    40,85,241,29,168,213,112,144,40,85,242,28,168,213,124,156,40,85,243,28,168,213,118,157,40,85,247,23,168,213,112,157,121,72,228,
    22,255,28,189,193,127,159,59,65,255,24,185,193,127,153,52,65,255,25,184,193,124,148,63,65,255,29,190,193,124,148,58,65,255,31,
    231,26,164,199,111,154,39,66,239,26,167,206,99,154,39,78,225,26,167,192,111,154,39,69,231,26,167,194,100,154,39,66,239,75,186,
    31,228,205,111,135,51,77,236,15,179,205,108,136,51,77,234,11,179,205,106,140,51,78,230,9,179,205,111,136,51,78,230,11,226,211,
    136,115,90,250,27,164,218,120,158,36,90,250,28,164,218,124,153,36,90,252,17,164,218,121,145,117,68,232,83,186,220,123,132,58,91,
    36,93,227,2,164,221,99,132,35,93,227,2,163,221,99,129,36,93,224,8,164,221,99,128,33,93,227,0,160,221,99,131,37,93,224,
    77,226,22,171,194,106,150,43,76,238,22,171,195,106,150,43,73,238,22,171,195,108,150,43,73,234,22,171,206,108,150,43,78,237,22,
    210,115,149,47,82,241,19,175,210,114,155,47,90,243,15,178,212,111,149,47,81,250,15,177,215,111,146,48,30,239,3,248,209,119,151,
    96,158,57,88,224,30,185,216,96,158,56,92,224,30,184,212,96,157,56,94,224,30,189,218,96,158,61,94,224,30,189,223,96,158,60,
    141,57,68,226,13,185,196,99,141,104,89,245,78,167,196,101,153,39,71,227,25,167,192,96,153,39,71,225,25,167,193,108,153,39,69,
    38,82,236,12,172,210,108,138,44,82,236,14,166,210,108,142,38,82,239,6,172,131,114,158,101,76,238,15,178,204,109,141,50,76,237,
    181,203,117,149,51,75,245,20,190,203,117,151,53,75,246,30,176,203,117,149,52,75,246,18,181,203,117,146,53,75,246,17,176,203,118,
    201,97,156,34,68,228,28,161,196,105,156,33,67,225,28,161,195,98,156,33,68,233,77,188,208,43,130,32,65,252,2,163,195,124,130,
    106,139,53,75,235,13,181,203,106,128,53,75,233,11,181,200,96,142,53,75,235,10,181,200,108,139,53,75,236,11,181,200,111,142,53,
    243,27,179,206,112,150,54,78,243,23,180,206,115,154,49,78,243,20,178,206,115,154,50,31,238,2,249,211,123,145,46,80,246,16,174,
    25,190,219,103,153,62,91,231,26,179,211,103,153,56,95,231,26,178,221,103,153,58,94,231,25,187,222,103,153,59,95,231,26,188,222,
    184,197,98,134,56,69,236,2,184,198,97,133,56,69,236,4,184,197,96,132,56,69,225,6,184,197,97,140,56,69,225,3,184,197,100,
    200,113,140,45,72,160,17,189,134,111,140,45,81,239,15,171,209,111,136,41,81,239,9,164,209,111,137,40,81,236,4,175,209,111,141,
    85,234,23,191,209,106,148,52,87,234,20,183,223,106,151,50,95,234,23,190,211,106,151,62,81,234,23,176,223,106,151,53,87,234,23,
    251,29,163,222,123,150,114,67,239,84,189,223,119,131,61,92,255,3,189,220,120,131,61,90,251,3,189,218,124,131,62,86,249,3,189,
    8,175,212,105,129,44,5,244,24,227,202,106,139,52,74,232,14,180,202,106,140,52,74,236,9,180,202,108,129,52,74,233,1,229,212,
    129,122,83,245,18,173,211,114,148,45,83,242,20,173,211,116,147,45,83,242,19,173,211,113,148,45,80,248,20,173,211,112,145,45,83,
    59,91,230,24,184,222,102,155,61,82,230,27,178,218,102,155,60,94,230,27,179,218,102,155,57,94,230,27,179,220,102,155,57,90,230,
    66,231,5,191,194,103,132,63,66,227,5,191,194,97,131,63,66,226,11,191,202,99,159,34,68,255,5,191,193,106,159,33,71,255,2,
    239,65,176,220,39,142,40,72,240,14,169,200,112,142,41,72,240,14,168,204,112,142,40,68,240,13,168,206,112,142,45,74,240,14,173,
    119,137,55,84,246,9,183,213,125,137,52,82,253,9,180,211,125,216,41,69,190,23,180,213,105,151,55,83,233,23,176,208,105,151,55,
    154,34,92,250,23,162,220,126,150,34,92,252,28,162,220,122,150,34,92,255,26,162,220,127,153,34,95,249,23,162,223,119,158,34,95,
    47,78,251,6,175,199,123,134,35,71,170,27,183,140,102,142,36,91,229,3,165,219,101,130,39,91,229,2,167,219,102,143,47,91,229,
    178,212,108,145,57,88,236,18,176,216,108,146,48,89,236,18,177,208,108,146,51,80,236,17,179,215,108,145,56,81,236,17,183,216,108,
    216,125,155,37,88,253,29,165,219,121,145,37,88,255,29,165,216,122,145,37,88,248,16,165,216,121,156,37,88,248,29,165,216,120,154,
    47,158,50,9,224,3,162,222,96,128,36,94,224,7,166,222,96,134,43,94,224,6,167,222,99,139,32,94,224,2,161,222,99,139,37,
    151,41,73,234,23,169,202,98,151,42,79,226,23,170,195,110,151,42,67,236,23,170,205,98,151,42,72,234,23,170,207,105,151,42,79,
    29,249,200,100,223,54,85,244,8,182,214,114,136,54,86,243,8,182,209,116,136,54,87,246,8,181,221,124,136,54,85,243,89,168,196,
    246,220,116,154,33,95,249,28,161,223,126,152,33,95,248,28,161,223,126,159,33,95,255,25,161,220,116,154,33,95,255,30,161,223,125,
    194,122,132,38,67,250,7,160,207,122,135,32,71,250,7,174,194,122,135,47,70,250,7,162,194,43,154,54,13,231,15,160,218,100,133,
    111,147,45,76,238,19,173,203,102,147,45,77,230,19,173,203,111,147,45,77,237,19,174,198,106,147,45,77,238,19,173,205,109,147,46,
    255,27,245,196,104,211,58,89,248,4,186,218,126,132,58,90,255,4,186,221,120,132,58,91,250,4,185,209,112,132,58,91,241,4,185,
    8,168,221,99,131,32,93,227,1,168,221,96,134,41,12,253,17,234,192,104,132,61,67,226,4,189,195,98,136,61,67,228,3,189,195,
    174,203,39,150,58,1,235,3,175,214,104,137,47,86,232,9,163,214,104,143,40,86,232,14,171,135,118,154,97,72,235,10,182,200,104,
    53,79,241,17,180,207,113,150,51,79,241,16,177,207,114,154,59,79,241,16,181,207,114,154,53,79,241,18,183,207,113,145,51,79,242,
    91,244,0,189,218,120,128,61,84,251,0,189,212,125,209,32,76,183,30,189,220,96,158,62,90,224,30,185,216,96,158,56,85,224,30,
    225,0,185,196,108,135,57,71,229,6,185,196,108,130,57,71,231,4,185,199,100,140,57,68,225,12,185,196,109,128,57,68,237,2,185,
    15,168,199,114,143,45,79,242,15,170,204,114,143,42,71,163,18,190,133,108,143,46,82,236,12,168,210,108,140,41,82,236,11,174,210,
    149,52,85,235,22,190,223,107,149,54,80,186,11,167,156,118,158,49,75,245,20,183,203,117,148,54,75,245,19,190,203,117,149,62,75,
    34,68,224,28,162,194,98,156,33,73,229,28,162,194,97,156,34,66,226,28,161,199,99,205,60,80,171,2,161,192,124,130,34,70,252,
    75,235,14,181,203,108,137,53,75,234,11,181,200,96,129,53,75,234,15,181,200,96,143,53,75,232,13,181,203,107,137,53,72,238,1,
    206,115,148,54,78,243,26,181,206,115,154,51,31,238,2,249,211,123,145,46,80,246,16,174,208,119,146,46,80,247,18,174,211,122,154,
    103,153,57,94,231,25,185,216,103,153,59,91,231,26,190,217,103,153,62,89,231,26,189,220,103,154,50,90,231,26,189,220,103,153,62,
    133,56,70,228,6,184,197,102,135,39,88,229,6,166,199,120,134,37,65,248,5,166,197,108,152,37,68,227,3,184,197,100,140,35,88,
    44,77,232,4,177,204,109,139,36,81,236,13,169,196,113,140,45,73,232,17,172,205,104,136,49,78,236,64,177,221,38,143,45,72,241,
    180,213,126,138,52,84,242,10,183,222,119,138,52,85,240,10,180,214,127,138,55,95,243,10,180,215,118,138,52,84,247,10,183,211,127,
    195,125,156,55,67,253,26,188,195,125,155,59,67,253,28,191,195,126,150,59,67,254,28,186,195,126,154,54,67,253,30,186,195,126,155,
    110,148,41,72,224,20,161,207,116,137,42,74,244,9,169,200,116,128,101,84,248,67,170,200,109,148,42,75,232,20,170,204,110,148,41,
    249,16,173,211,114,151,45,83,241,24,173,208,120,148,45,83,240,17,173,211,115,144,45,80,244,24,173,211,114,153,45,83,245,21,173,
    24,185,221,102,152,56,92,230,24,187,211,102,152,58,82,230,24,186,219,102,152,58,92,230,27,179,211,102,156,58,70,254,30,166,222,
    165,223,102,139,63,68,234,31,164,194,127,130,38,95,234,3,191,203,103,159,39,66,255,0,167,223,96,139,63,66,226,1,238,223,115,
    135,110,141,45,80,238,8,171,208,110,143,41,80,238,8,170,208,110,136,41,80,237,5,171,208,109,133,41,80,238,13,172,208,109,137,
    87,233,23,183,213,105,148,51,82,233,20,188,212,105,151,49,81,233,20,189,212,105,148,54,84,233,20,182,215,105,148,49,92,233,23,
    255,27,162,220,127,154,34,87,248,2,183,217,98,151,55,66,255,31,190,194,118,150,34,86,226,31,182,194,124,156,34,87,252,2,186,
    7,187,196,110,155,38,70,227,27,163,207,123,134,35,91,224,6,187,197,111,155,37,71,251,6,175,219,101,133,47,91,229,4,174,219,
    145,56,84,189,12,160,155,113,153,51,76,242,20,178,204,114,149,48,76,242,21,176,204,113,152,56,76,242,18,181,204,114,146,51,76,
    59,89,249,5,184,220,123,133,59,92,251,5,184,223,126,133,56,80,248,5,184,223,126,133,59,92,248,5,187,217,123,133,56,91,250,
    74,254,3,160,193,98,158,35,64,224,11,190,195,96,131,33,94,227,2,170,192,126,131,34,74,230,30,163,194,100,128,62,67,227,3,
    233,23,170,215,106,139,47,78,247,10,171,206,107,151,42,75,233,13,183,202,107,137,44,87,234,11,169,194,119,138,43,72,232,23,170,
    117,150,54,72,245,20,176,211,104,149,52,82,241,8,181,213,117,157,40,85,245,21,177,200,124,145,40,85,244,28,188,200,117,150,52,
    158,33,92,255,28,181,193,124,156,52,94,225,28,188,213,116,129,60,95,254,27,161,220,121,158,112,65,237,86,191,220,125,129,63,95,
    32,90,228,3,162,218,100,130,47,90,228,2,163,218,103,143,36,90,228,6,165,218,103,143,33,90,228,4,167,218,100,135,47,90,231,
    75,230,19,174,199,106,147,46,71,232,19,174,201,102,147,46,76,238,19,174,203,109,147,46,75,230,66,179,223,36,141,47,71,243,13,
    219,125,132,58,91,241,4,186,219,126,132,58,92,241,4,186,216,113,132,58,89,255,85,164,200,51,153,49,94,228,26,187,216,100,154,
    100,129,61,67,229,5,236,221,113,202,35,65,230,29,163,197,97,157,35,67,229,29,163,197,97,157,35,69,233,29,163,195,101,157,35,
    138,41,86,235,3,175,214,104,138,41,7,246,26,225,200,107,138,54,72,232,12,182,200,111,142,54,72,238,3,182,200,110,143,54,75,
    26,177,207,113,147,48,79,242,26,180,207,113,145,50,79,241,18,186,207,114,151,58,79,242,27,182,207,114,155,52,79,242,21,186,207,
    189,223,125,128,61,88,254,0,189,216,117,209,32,76,183,30,189,220,96,158,62,90,224,30,190,219,96,158,57,92,224,30,191,222,96,
    196,108,141,57,71,228,2,232,217,117,206,39,68,228,25,167,199,99,153,39,64,231,25,167,199,98,153,39,65,224,25,164,204,103,153,
    108,142,41,82,239,7,170,131,114,158,101,79,231,11,178,204,109,142,50,76,235,12,178,207,103,134,50,76,234,10,178,204,110,138,50,
    245,22,191,203,117,149,49,75,245,21,182,203,117,151,50,75,246,16,177,203,118,145,51,75,246,31,180,203,118,158,55,26,235,7,252,
    2,160,200,124,130,36,66,252,2,165,194,124,130,36,70,252,2,164,196,124,129,41,68,252,2,161,199,124,130,33,66,252,2,165,193,
    181,203,107,139,53,72,225,9,228,213,121,194,40,72,238,1,181,200,107,139,41,85,232,11,169,200,117,136,40,64,225,21,168,200,96,
    49,78,243,19,186,208,110,147,51,85,250,14,179,214,119,142,51,83,247,20,174,211,115,148,53,78,243,19,180,212,110,147,48,84,251,
    71,250,25,190,220,103,154,57,94,242,7,185,218,125,135,57,91,250,86,167,203,48,154,61,91,231,26,185,219,123,135,58,89,250,31,
    248,5,172,197,41,152,52,15,229,5,172,197,120,133,38,68,230,24,165,195,96,152,37,70,231,12,184,197,101,141,38,88,229,5,163,
    12,177,204,108,139,36,81,236,12,171,202,113,140,47,74,238,17,172,207,107,138,49,79,238,13,177,204,111,138,44,81,236,12,170,200,
    138,55,84,243,20,170,215,116,146,52,74,247,23,191,211,106,151,52,87,244,10,180,215,115,219,42,70,189,23,183,222,114,138,55,84,
    63,93,227,30,189,223,125,131,62,94,246,26,163,222,125,155,56,67,254,29,187,214,99,158,60,87,227,29,189,218,99,157,63,90,227,
    74,232,13,180,201,110,141,52,73,238,13,180,201,96,137,52,73,238,0,180,201,107,141,52,73,239,8,180,201,108,141,52,73,235,11,
    205,115,147,51,77,240,17,185,209,109,144,49,89,240,13,180,208,109,144,49,87,242,13,176,209,117,144,45,80,241,21,176,205,112,145,
    127,155,38,91,250,24,189,198,123,154,56,94,183,6,170,145,120,154,63,70,248,25,178,198,120,159,57,70,248,30,188,151,102,138,113,
    130,42,75,255,1,160,193,127,129,38,65,255,1,167,197,127,129,39,74,255,2,160,194,127,129,32,67,255,1,161,193,127,129,34,68,
    48,78,237,5,176,206,111,140,48,77,238,4,176,205,100,141,48,77,235,13,225,208,124,199,46,76,233,16,174,207,110,144,46,79,232,
    169,215,113,149,41,87,241,21,248,201,101,222,55,84,245,9,183,214,117,137,55,86,242,9,183,209,117,137,52,93,253,9,183,209,114,
    194,124,158,57,66,252,28,191,194,124,156,63,66,252,30,185,194,127,152,55,66,255,23,191,194,127,152,62,66,255,24,182,147,98,142,
    44,133,39,65,251,5,164,197,123,133,37,67,251,5,163,199,42,155,55,12,229,7,161,219,101,132,37,91,229,5,163,219,101,131,39,
    189,12,160,155,114,144,48,76,242,20,178,204,114,146,55,76,242,20,180,204,114,148,50,76,242,16,180,204,113,153,53,76,242,17,179,
    84,165,201,50,155,56,90,229,27,186,218,101,155,58,88,229,27,188,217,101,155,61,91,229,27,186,223,101,155,56,81,229,27,184,219,
    190,192,98,128,62,64,224,0,190,195,101,138,62,67,228,6,190,195,106,133,62,67,234,3,239,222,114,201,32,67,225,30,160,193,97,
    215,105,136,42,87,233,14,171,215,105,143,41,87,233,8,173,215,105,138,35,87,233,10,169,215,105,139,41,87,233,9,169,215,106,140,
    92,232,21,178,208,104,149,60,83,232,21,188,213,57,136,36,31,245,29,183,200,118,144,54,72,246,17,180,200,118,145,52,72,245,28,
    245,1,191,222,116,129,60,84,250,1,191,223,127,129,63,93,253,1,188,216,116,129,60,94,248,1,188,219,124,129,60,85,249,1,191,
    3,167,218,100,134,36,90,231,14,160,218,103,130,47,90,231,3,166,218,103,130,39,90,231,6,160,218,111,142,58,67,231,26,162,207,
    179,206,115,134,38,83,232,15,179,201,105,147,40,71,243,14,175,207,115,134,41,83,238,14,171,211,110,143,51,78,233,19,174,203,115,
    56,68,254,4,176,221,53,132,40,19,250,25,184,196,122,154,62,68,250,29,188,196,122,156,49,68,250,28,189,196,121,145,58,68,250,
    65,226,29,160,200,102,157,35,67,224,29,163,192,104,157,32,69,232,29,160,201,100,157,32,73,230,29,160,199,104,157,32,66,224,29,
    235,14,168,214,107,142,35,7,246,26,225,200,107,138,54,72,232,12,182,200,104,141,54,72,239,10,182,200,105,136,54,75,227,2,182,
    113,146,52,30,239,3,248,209,114,146,47,81,241,21,175,209,118,145,47,81,241,20,175,209,119,150,47,82,250,17,175,209,115,148,47,
    157,53,88,177,0,172,151,126,157,62,64,254,24,185,192,126,158,57,64,254,30,181,192,126,152,56,64,254,29,180,192,126,152,53,64,
    39,68,231,25,167,196,98,153,39,69,225,25,164,195,108,153,36,67,230,25,164,198,97,153,36,76,229,25,164,193,102,153,36,70,225,
    82,239,13,172,210,111,138,40,82,239,10,175,131,114,158,101,79,231,11,178,204,109,139,50,76,237,7,178,204,107,140,50,76,234,15,
    203,117,148,62,75,245,23,176,203,118,158,62,75,245,21,182,203,117,150,54,75,246,19,191,203,118,145,63,75,246,17,180,203,118,159,
    102,156,33,68,228,28,161,196,97,205,60,80,171,1,169,200,124,130,36,69,252,2,163,197,124,130,36,64,173,28,176,139,98,128,40,
    149,43,77,236,21,171,202,108,149,43,77,225,21,171,205,108,149,43,72,237,21,168,192,96,196,53,89,162,8,160,204,117,139,42,75,
    14,176,208,118,142,48,81,242,14,176,209,113,142,48,82,244,14,176,210,113,142,48,83,243,14,176,211,112,142,48,83,250,14,179,214,
    178,199,122,157,51,71,250,29,189,199,122,156,56,71,250,24,178,199,122,152,51,71,250,31,178,199,122,157,62,71,250,30,190,199,122,
    196,96,152,45,77,248,5,164,199,120,133,38,67,248,12,166,137,120,148,111,69,237,1,184,198,103,134,56,70,230,0,184,198,103,132,
    113,143,46,78,241,15,173,203,113,143,45,74,160,17,189,134,108,132,43,81,239,15,171,209,111,142,42,81,239,8,173,209,111,142,37,
    234,23,191,210,106,148,52,84,234,20,183,208,106,148,55,83,234,20,182,223,106,151,50,87,234,23,176,210,106,151,48,86,187,10,166,
    84,190,214,121,131,61,93,249,3,189,220,120,131,61,90,255,3,189,220,119,131,62,86,251,3,189,221,125,131,61,94,249,3,189,222,
    173,212,106,136,33,84,233,12,169,212,105,142,44,84,233,14,168,212,105,141,33,84,233,11,173,212,105,139,43,84,233,11,171,212,105,
    53,82,237,16,180,212,60,141,33,26,243,16,177,205,115,147,55,77,243,18,178,205,115,147,53,77,243,21,177,205,112,152,53,77,243,
    91,252,6,184,222,120,134,56,90,255,6,184,218,126,134,59,93,242,6,187,220,120,134,59,82,255,6,187,221,114,134,59,95,248,6,
    226,0,165,223,98,128,33,95,226,6,171,223,98,135,38,95,226,3,164,223,100,130,63,66,225,1,191,194,98,131,110,95,243,72,162,
    5,170,208,110,142,42,80,238,14,170,208,110,142,40,80,238,14,164,208,109,133,36,80,238,15,175,208,109,133,42,80,238,12,175,208,
    151,53,86,233,20,179,220,105,148,51,85,233,20,189,220,105,148,51,84,233,20,182,212,105,148,48,82,233,20,176,214,105,148,48,87,
    34,95,250,26,162,217,118,130,63,94,255,2,191,222,125,211,34,78,181,31,183,219,98,156,58,92,226,28,187,221,98,156,60,91,226,
    69,227,4,187,197,103,129,59,70,238,2,187,197,103,132,59,69,230,0,187,197,103,132,59,70,224,2,187,198,97,133,59,70,239,1,
    204,113,148,52,76,241,19,185,204,113,149,55,29,236,0,251,210,113,144,44,82,242,22,172,210,117,148,44,82,244,25,172,210,116,149,
    101,152,48,91,229,27,185,218,101,152,48,94,229,27,187,216,101,155,56,80,229,24,189,208,101,152,49,92,229,24,177,222,101,152,63,
    139,62,67,225,3,190,195,102,128,62,67,230,11,239,222,114,201,35,75,228,30,160,193,98,158,32,71,226,30,160,198,102,158,32,71,
    47,87,234,2,175,215,105,138,44,87,233,10,169,215,105,139,40,6,247,27,224,201,106,138,55,73,239,12,183,201,104,138,55,73,238,
    181,200,118,144,54,72,245,29,188,200,118,149,50,72,245,29,176,153,104,132,127,86,245,21,168,214,112,147,40,86,247,21,168,214,113,
    220,97,159,60,90,225,31,188,222,97,159,61,90,225,31,191,222,97,159,61,89,176,1,173,150,127,156,60,65,255,25,190,193,127,158,
    111,154,36,67,231,26,164,194,110,154,39,79,226,26,164,199,96,154,36,71,229,75,186,214,45,135,47,78,250,4,162,195,122,132,37,
    138,51,77,235,15,226,211,127,196,45,79,239,19,173,202,107,147,45,74,235,19,173,203,111,147,45,76,231,66,179,223,36,142,38,71,
    4,186,220,125,132,58,91,253,4,186,220,120,213,36,72,179,26,185,217,100,154,60,95,228,26,187,217,100,154,61,89,228,26,188,218,
    189,192,104,137,61,67,224,7,189,195,99,134,61,67,227,0,189,195,96,129,61,64,231,8,189,192,105,132,61,64,230,6,189,192,103,
    194,39,150,58,1,232,11,171,214,104,142,45,86,232,9,171,214,104,143,43,7,246,26,225,200,107,139,54,72,238,9,182,200,105,131,
    79,241,22,178,207,113,151,59,79,242,26,183,207,113,146,53,79,241,18,176,158,111,131,120,81,243,19,175,209,118,151,47,81,246,23,
    224,30,184,220,96,158,63,84,177,0,172,151,125,149,63,64,254,24,190,192,126,153,60,64,254,25,188,192,125,148,52,64,254,30,184,
    25,164,204,109,153,39,69,237,25,167,197,108,153,39,68,229,25,167,198,101,153,36,64,230,25,164,205,98,153,36,66,227,25,164,198,
    171,210,111,141,43,82,239,13,175,131,114,158,101,76,239,14,178,204,108,136,50,76,235,10,178,204,106,135,50,76,234,11,178,207,103,
    53,75,245,23,180,203,118,158,48,75,245,21,182,203,117,150,62,75,246,19,190,203,118,159,50,75,246,31,176,203,118,145,62,75,246,
    67,225,28,161,196,98,156,33,68,233,77,188,208,43,129,41,72,252,2,164,197,124,130,35,69,252,2,164,192,45,156,48,11,225,9,
    234,21,171,205,107,149,43,76,233,21,171,204,105,149,40,65,225,21,171,205,111,149,43,72,238,21,171,200,107,149,40,76,235,21,171,
    119,147,46,83,244,17,174,211,116,147,46,83,244,19,174,211,116,145,46,83,241,23,174,208,114,147,46,83,244,23,174,211,113,151,46,
    154,62,88,231,26,186,210,103,154,59,82,231,26,186,210,103,154,57,92,231,26,167,210,114,135,60,91,231,29,189,150,103,139,112,89,
    37,68,248,6,166,194,120,134,33,64,248,6,160,205,120,134,32,65,248,5,173,198,120,134,36,71,248,5,173,195,120,134,38,69,248,
    79,236,4,177,204,105,132,49,76,229,8,177,204,101,138,49,76,235,4,177,204,110,140,49,76,233,15,177,204,105,132,96,81,253,70,
    215,127,144,42,84,244,16,170,212,116,144,42,84,244,18,170,212,116,158,42,87,255,30,170,212,115,147,42,87,255,21,170,212,116,149,
    99,157,63,90,227,30,185,216,99,158,57,86,227,30,184,216,99,158,59,91,227,30,188,214,99,158,58,88,178,3,175,148,126,150,60,
    148,42,76,234,20,170,205,104,148,42,77,232,20,169,192,96,148,42,76,232,20,169,193,97,148,42,72,224,20,170,200,106,148,42,72,
    18,173,211,114,145,45,80,244,25,173,208,118,150,45,80,249,18,173,208,117,147,45,83,241,16,173,211,112,151,45,80,243,17,183,205,
    187,216,121,154,38,91,250,18,187,198,123,154,51,95,230,27,186,220,124,134,63,82,230,27,186,222,127,134,59,90,254,28,166,219,123,
    192,102,159,34,67,224,1,191,194,99,128,43,95,226,2,167,197,127,130,34,64,235,31,162,194,103,159,34,66,224,7,191,194,98,131,
    104,144,45,77,237,11,176,205,109,141,36,80,237,12,165,204,112,132,41,1,240,28,231,206,108,139,48,78,232,12,176,206,110,136,48,
    247,17,181,201,119,150,61,24,233,5,254,215,116,148,41,87,241,22,169,215,112,151,41,87,240,23,169,215,113,151,41,84,252,19,169,
    28,187,220,98,156,62,86,226,28,191,220,98,156,62,92,226,31,184,221,51,130,46,21,252,30,182,194,124,157,59,66,252,28,187,194,
    165,197,98,202,59,87,172,5,166,198,123,133,36,66,251,5,165,194,123,133,37,66,170,27,183,140,102,142,33,91,229,5,161,219,101,
    51,89,236,18,180,217,108,146,52,89,236,18,176,217,108,146,49,87,236,18,177,215,108,146,48,89,236,18,176,215,61,140,32,27,242,
    89,252,5,187,218,123,133,59,90,253,5,187,221,121,133,59,93,249,84,165,201,50,155,57,89,229,27,189,219,101,155,59,94,229,27,
    230,6,190,192,102,128,62,64,226,6,190,195,107,135,62,64,227,1,190,192,97,134,62,64,226,10,190,195,100,139,62,67,234,7,190,
    10,168,201,119,138,35,77,247,10,175,207,119,138,46,76,166,23,187,128,105,139,44,87,233,15,174,215,105,136,47,87,233,15,171,215,
    150,55,92,232,22,176,212,104,150,53,92,232,22,181,214,104,150,53,93,232,22,177,215,104,149,51,93,232,21,178,221,104,149,51,93,
    33,92,244,29,161,220,120,157,112,65,237,86,191,220,125,129,63,95,251,1,191,216,121,129,63,89,244,1,191,217,120,129,60,84,255,
    90,228,6,165,218,103,143,33,90,228,4,167,218,100,135,47,90,231,2,175,218,103,142,35,90,231,14,161,218,103,128,47,90,231,5,
    238,19,174,203,109,147,46,75,230,66,179,223,36,141,46,79,243,13,173,201,115,141,42,75,243,13,171,198,115,141,43,74,243,14,166,
    122,132,58,88,251,4,185,209,127,132,58,90,249,4,186,217,113,132,57,92,241,4,185,208,125,132,57,80,255,4,185,222,113,132,57,
    130,32,93,224,5,163,221,96,133,40,12,253,17,234,195,97,134,61,67,229,4,189,195,98,133,61,67,229,1,189,195,98,137,61,67,
    41,78,246,8,170,204,39,150,58,1,235,3,169,214,104,136,34,86,232,15,170,214,104,143,40,86,232,14,169,214,104,138,47,7,246,
    163,152,114,154,48,79,241,17,187,207,113,144,52,79,241,23,179,207,113,144,53,79,241,18,182,207,113,145,58,79,242,26,182,207,113,
    222,124,128,62,93,244,0,189,212,124,209,32,76,183,30,188,219,96,158,56,89,224,30,191,216,96,158,56,92,224,30,191,212,96,158,
    102,129,57,71,229,3,232,217,117,206,39,69,226,25,167,193,96,153,39,70,225,25,167,193,101,153,39,70,237,25,167,198,97,153,39,
    142,40,3,242,30,229,207,103,141,50,76,236,6,178,204,107,142,50,76,235,12,178,204,106,141,50,76,238,11,227,210,126,197,47,71,
    18,171,213,116,149,43,85,245,16,171,213,117,158,43,85,243,23,171,214,126,159,43,85,245,21,171,213,118,149,43,85,243,16,171,213,
    160,197,124,129,38,66,252,1,166,200,124,129,38,70,173,28,176,139,98,129,33,92,226,4,167,220,98,131,37,92,226,4,166,220,98,
    202,96,196,53,89,162,8,160,204,117,139,42,73,245,11,172,203,36,149,57,2,232,0,172,213,107,138,43,85,235,11,175,213,107,140,
    82,238,16,177,218,63,142,34,25,240,18,181,206,112,150,55,78,240,17,182,206,112,150,50,78,240,17,186,206,112,150,50,78,240,19,
    243,7,185,218,121,135,57,90,242,7,185,222,121,135,58,93,242,7,186,221,122,135,58,83,252,7,186,221,114,214,39,75,176,25,186,
    4,184,198,103,140,56,70,230,3,184,198,103,132,105,88,244,79,166,196,99,152,38,64,225,24,166,199,96,152,38,64,228,24,166,199,
    165,209,111,137,45,81,239,12,165,209,111,140,47,81,239,12,164,209,111,142,42,81,236,10,168,209,108,139,45,81,236,11,170,128,113,
    38,29,244,23,183,202,116,146,49,74,244,19,180,202,116,147,52,74,244,18,180,202,119,159,48,74,244,23,177,155,106,134,125,84,246,
    88,227,29,187,218,99,157,60,91,227,29,187,223,99,157,60,87,227,29,187,223,99,157,62,87,227,29,190,221,99,157,62,86,227,29,
    235,14,180,201,96,138,52,73,225,9,180,201,96,129,52,73,224,9,180,201,107,139,52,73,237,12,229,212,120,195,42,73,232,20,170,
    114,153,45,83,243,22,173,211,112,149,45,83,245,18,173,211,113,150,45,80,248,22,173,208,120,148,124,77,225,90,179,209,118,141,51,
    158,63,70,248,25,190,198,120,158,58,70,248,25,178,198,120,158,58,70,248,27,178,198,120,155,56,70,248,27,179,198,120,153,61,70,
    34,68,230,31,162,197,99,159,34,70,226,31,162,203,99,159,34,71,225,31,162,192,103,159,34,64,227,78,191,211,40,130,42,64,255,
    78,238,4,176,206,105,140,48,78,233,14,176,206,104,143,48,78,236,9,225,208,124,199,45,69,233,16,174,207,110,144,46,78,234,16,
    215,113,156,41,87,241,28,169,212,124,151,41,87,247,23,169,215,119,146,41,87,247,20,169,215,117,149,41,84,243,18,169,212,124,148,
    98,159,57,88,179,2,174,149,124,158,57,66,252,26,187,194,124,157,58,66,252,26,190,194,124,157,54,66,252,29,186,194,124,158,56,
    202,59,87,172,6,174,194,123,133,36,69,251,5,165,195,123,133,36,71,251,5,164,196,123,133,39,65,251,5,167,192,123,134,35,66,
    12,177,213,113,140,49,85,249,12,177,213,112,140,49,88,244,12,177,214,118,140,49,88,244,12,177,211,120,140,49,83,246,12,177,211,
    184,197,120,157,63,20,229,9,242,216,112,154,37,91,253,27,165,219,124,153,37,91,252,25,165,216,113,145,37,91,251,29,165,216,112,
    197,126,128,32,65,254,0,162,193,126,128,34,64,254,3,165,195,126,131,36,74,254,0,166,198,126,131,38,68,254,3,167,194,126,131,
    111,139,55,74,238,12,230,215,123,192,42,66,232,23,169,207,105,151,41,78,235,23,169,206,107,151,42,67,227,23,169,201,111,151,42,
    253,19,168,214,118,151,40,86,244,23,168,214,116,150,40,85,243,21,168,213,114,156,40,86,240,16,168,213,112,146,40,85,241,20,168,
    28,185,221,97,156,56,90,225,28,190,223,48,129,45,22,255,28,189,193,127,159,59,65,255,24,185,193,127,153,52,65,255,25,184,193,
    167,207,100,154,36,70,229,26,167,207,97,154,36,68,231,26,164,199,111,154,39,66,239,26,167,206,99,154,39,78,225,26,167,192,111,
    211,110,140,46,83,238,11,173,211,110,139,38,2,243,31,228,206,102,140,51,77,235,13,179,205,106,143,51,77,234,15,179,206,103,135,
    68,250,28,187,196,122,154,59,68,249,17,189,196,122,153,49,68,250,25,189,196,121,158,63,68,249,17,184,196,121,159,63,68,250,29,
    224,29,160,198,96,157,32,68,230,29,160,197,104,157,32,68,229,76,189,209,42,128,40,66,253,3,165,195,125,131,36,65,253,3,164,
    10,182,203,98,130,54,72,238,9,182,200,104,137,54,75,227,15,182,200,107,131,54,72,235,15,182,203,108,141,54,75,227,10,182,203,
    148,52,79,241,22,178,207,113,147,49,79,242,17,176,212,111,146,49,82,245,15,178,209,113,147,47,82,241,16,179,207,114,147,52,87,
    32,93,252,27,186,192,125,156,59,92,224,25,189,145,96,140,119,93,245,31,160,222,120,158,32,94,249,28,160,222,121,156,32,93,244,
    77,249,7,161,198,121,135,39,70,249,4,172,192,121,135,36,76,249,7,164,192,121,132,35,66,249,4,172,197,121,132,34,66,249,7,
    236,11,178,207,103,138,50,79,239,7,173,210,111,140,44,79,242,15,172,204,109,146,47,76,236,15,178,207,110,134,43,82,239,14,166,
    116,139,54,86,247,19,171,214,119,146,62,75,246,22,181,212,107,150,55,82,244,11,182,210,107,150,54,83,244,11,182,215,116,158,43,
    129,33,68,230,28,161,193,99,136,60,65,225,4,188,193,96,132,41,92,225,1,160,201,124,129,33,65,229,28,161,193,96,132,60,65,
    41,78,225,21,168,201,97,143,100,85,249,66,168,192,109,149,43,74,236,21,171,203,108,149,43,77,239,21,171,205,110,149,40,74,232,
    174,208,113,151,46,80,240,17,174,208,115,149,46,80,243,19,174,211,123,147,46,83,250,23,174,211,122,155,46,83,250,22,174,211,118,
    222,103,153,59,90,231,26,179,218,103,154,57,82,231,26,190,222,103,154,59,92,231,26,185,219,103,146,61,22,231,11,240,217,122,154,
    120,134,39,77,248,6,166,193,120,134,38,66,248,5,172,204,120,134,38,66,248,5,173,204,120,134,38,69,248,5,161,198,120,134,39,
    138,49,76,235,14,177,204,107,141,49,76,229,10,177,204,106,136,49,76,238,8,177,204,104,137,96,81,253,70,172,197,100,145,44,69,
    16,170,215,113,159,42,87,254,23,170,212,116,151,42,84,246,17,170,215,127,158,42,87,242,19,170,212,117,146,42,84,247,30,170,215,
    184,222,99,158,57,93,227,30,185,223,99,158,54,95,227,30,187,218,99,157,63,94,227,30,186,220,99,158,58,92,227,29,189,221,99,
    192,111,148,41,72,237,20,161,193,116,137,41,64,244,15,170,212,111,141,52,79,224,20,174,206,116,128,32,84,235,10,180,202,108,148,
    82,249,13,180,213,109,144,57,77,247,13,184,205,112,151,45,88,243,13,176,216,113,141,48,89,242,13,176,214,115,220,45,65,186,19,
    251,26,166,216,120,156,38,88,248,29,166,216,127,154,38,88,249,24,166,219,115,146,38,88,249,19,166,219,115,147,38,88,248,27,166,
    1,163,202,127,130,36,75,174,31,179,136,97,130,35,95,225,1,165,223,97,129,36,95,225,6,163,223,97,128,33,95,226,10,171,223,
    174,207,106,144,45,69,234,16,174,205,104,144,46,78,236,16,173,203,100,144,45,74,232,16,173,196,107,144,45,68,237,65,176,220,39,
    55,84,245,9,183,215,115,137,55,87,242,9,183,208,117,137,55,86,247,9,180,220,125,137,55,86,240,9,183,212,117,137,55,85,241,
    66,252,31,186,194,127,152,55,66,255,24,189,147,98,142,117,92,255,30,162,220,124,152,34,92,251,26,162,220,122,151,34,92,250,27,
    251,6,174,197,123,133,39,68,251,6,174,192,123,133,37,70,251,5,166,206,123,134,35,78,251,6,175,194,123,134,47,64,251,6,161,
    121,140,49,83,241,12,177,212,114,140,49,84,249,93,172,192,59,145,56,89,236,17,184,214,108,145,55,89,236,17,184,209,108,146,49,
    158,37,91,249,28,165,219,121,159,37,88,253,28,165,219,120,156,37,91,248,30,165,219,122,153,37,88,252,16,165,216,126,158,37,88,
    42,64,254,3,166,195,126,131,39,69,254,3,166,203,126,131,33,64,254,0,160,192,126,135,36,94,230,11,190,198,100,207,62,82,169,
    73,234,10,183,201,104,139,55,73,239,3,183,201,111,139,55,74,227,3,183,201,111,139,55,73,235,12,183,202,98,140,55,73,235,15,
    200,118,149,48,72,245,18,188,200,117,147,52,72,245,18,179,153,104,132,127,86,245,21,168,214,118,146,40,86,241,20,168,214,118,145,
    97,159,57,88,225,31,189,216,97,159,61,88,225,28,180,217,97,156,56,95,225,31,189,217,97,156,59,90,225,28,181,218,97,156,58,
    129,58,71,239,7,186,199,111,131,107,90,246,77,164,198,98,154,36,69,228,26,164,197,111,154,36,66,231,26,167,206,110,154,36,66,
    47,83,237,15,168,211,110,134,40,83,237,15,171,211,109,142,43,83,238,9,167,211,110,136,47,83,238,9,168,130,115,159,100,77,238,
    185,196,122,154,62,68,250,29,184,196,122,154,61,68,250,28,189,196,122,152,61,68,250,24,189,196,121,145,60,68,249,29,186,196,122,
    192,96,157,32,71,232,29,160,198,99,157,32,70,231,29,160,200,97,157,32,66,229,29,163,193,97,204,61,81,170,0,161,192,96,134,
    118,139,44,77,246,11,171,195,99,150,43,75,227,3,182,203,104,142,46,86,235,11,173,195,118,139,43,77,233,22,171,200,108,141,54,
    242,22,177,207,114,145,52,85,239,18,178,214,122,143,50,81,245,21,175,210,113,151,58,79,242,18,180,210,111,146,49,87,244,15,178,
    30,191,213,96,158,60,84,224,29,190,221,122,128,61,94,255,28,160,221,124,155,52,64,253,29,188,220,96,157,61,92,248,0,189,220,
    163,205,121,132,37,65,225,25,164,197,97,128,57,68,224,25,166,197,121,132,39,67,249,0,161,217,102,129,57,67,230,25,161,199,121,
    207,107,146,39,82,233,6,178,202,102,146,44,74,242,12,173,202,114,140,43,74,242,12,170,198,114,140,42,73,242,12,170,207,114,143,
    84,243,11,182,213,113,151,43,86,243,31,171,214,118,146,49,75,246,21,176,209,107,150,53,81,241,11,182,213,113,150,43,86,246,31,
    224,28,161,194,101,128,60,65,233,7,188,193,97,137,34,92,225,2,160,192,124,129,34,66,227,28,161,192,104,131,60,65,225,0,162,
    21,168,201,110,128,53,72,233,15,173,213,104,137,44,79,245,8,169,205,109,149,40,73,237,9,181,200,105,138,47,85,232,9,171,192,
    142,59,84,238,19,179,209,123,142,51,83,246,16,174,211,115,145,54,78,243,19,176,219,110,147,50,87,251,14,179,211,115,150,46,90,
    51,71,243,18,246,203,54,161,103,4,168,74,231,203,20,199,103,34,130,98,194,162,122,199,58,52,130,98,231,218,20,201,43,86,235,
    18,161,90,247,128,61,219,122,92,189,80,236,221,94,148,52,84,244,88,251,151,53,216,52,43,184,88,248,152,56,133,120,69,184,88,
    177,81,241,145,2,222,61,64,253,98,194,145,108,209,113,20,177,12,241,145,108,209,66,28,134,84,249,133,0,183,61,93,253,29,244,
    32,134,104,9,178,6,217,138,42,202,106,10,247,74,183,138,42,202,106,10,170,121,229,198,50,206,99,8,230,84,227,146,51,212,104,
    143,45,77,239,74,225,139,69,143,47,79,239,67,224,140,46,195,47,48,163,67,208,131,35,158,70,3,163,67,208,134,16,203,47,82,
    56,3,165,50,184,216,120,152,116,23,187,89,244,216,7,241,81,73,135,103,209,177,17,209,41,39,189,24,165,216,105,138,32,114,248,
    161,193,97,199,110,19,225,72,161,220,97,144,45,65,226,126,237,141,45,205,109,80,173,16,237,141,45,205,109,13,158,66,161,133,46,
    224,106,138,42,74,234,10,170,202,38,197,105,11,166,10,213,163,3,227,59,6,166,99,195,134,38,155,102,53,172,10,183,202,21,198,
    63,223,127,31,226,95,162,159,63,223,127,31,191,108,240,168,58,238,25,83,243,19,179,211,115,147,51,31,188,80,242,159,115,236,90,
    245,112,53,176,13,240,205,21,208,112,77,131,91,188,193,124,148,67,53,149,13,195,163,21,245,85,21,237,99,249,220,119,156,52,21,
    5,168,197,116,140,37,79,229,18,172,197,96,133,55,80,243,47,165,197,101,133,37,69,229,5,233,138,38,196,105,69,154,108,204,172,
    199,130,127,231,98,95,135,103,226,223,34,194,81,6,238,19,174,222,68,142,46,78,238,14,174,206,110,194,97,13,175,66,174,177,34,
    198,59,219,123,27,230,91,166,158,102,254,94,30,136,94,183,202,119,134,29,87,247,23,183,215,119,151,55,27,184,84,246,155,119,232,
    12,241,127,223,191,44,145,105,41,137,76,236,209,31,202,44,64,159,76,177,137,113,233,73,41,137,127,177,191,44,255,107,64,253,0,
    150,96,192,160,120,197,101,32,128,69,229,216,37,246,111,69,233,118,192,160,37,224,101,88,165,24,192,133,37,152,86,14,195,9,169,
    18,178,210,114,146,50,5,186,91,254,151,114,237,126,67,141,109,205,158,99,219,91,59,190,94,163,173,56,146,44,82,226,18,253,128,
    187,164,55,138,114,74,146,114,210,178,4,138,68,23,132,80,187,197,123,139,59,31,180,49,187,219,123,155,59,91,251,27,187,219,123,
    36,8,171,71,229,136,100,251,104,45,168,72,205,173,27,237,77,13,168,21,219,136,104,132,91,8,168,72,181,173,13,237,104,8,173,
    92,161,65,210,128,109,144,45,50,161,28,210,178,18,193,60,4,132,100,225,129,124,242,103,77,232,13,191,193,109,242,97,92,164,28,
    159,127,223,191,9,135,73,26,137,93,182,211,118,132,28,86,246,22,182,214,118,150,54,86,246,22,182,159,48,150,73,26,159,90,250,
    118,214,160,22,246,118,19,238,96,243,223,33,130,63,32,179,83,243,206,22,246,86,19,179,86,174,147,51,224,114,95,171,87,250,145,
    136,87,33,129,97,193,132,121,225,100,89,129,97,228,217,36,196,87,0,232,21,168,183,1,225,65,33,164,25,193,132,121,225,65,4,
    32,29,189,110,249,209,122,145,78,29,224,93,253,157,61,128,125,64,184,0,216,184,56,238,120,81,180,95,245,251,113,145,49,81,241,
    90,250,26,186,218,122,154,69,22,235,101,197,165,54,139,115,51,147,86,246,203,5,208,58,71,250,87,251,142,50,148,124,22,181,85,
    145,107,252,111,82,156,124,220,143,114,202,74,42,175,79,178,188,41,131,44,67,241,10,137,195,99,131,35,67,227,3,163,195,99,131,
    108,243,96,93,165,29,197,165,5,229,83,93,147,64,211,135,108,145,44,1,173,88,228,194,42,192,99,3,190,4,211,128,125,197,61,
    252,92,60,156,106,164,170,57,234,126,85,250,21,167,220,95,149,53,85,245,21,181,213,117,149,53,85,245,106,249,196,57,217,121,25,
    47,18,239,87,175,183,23,215,65,23,254,3,190,161,50,143,114,18,178,82,175,146,111,215,47,55,151,87,193,151,126,148,62,76,212,
    167,199,103,135,39,71,231,7,226,137,35,173,39,71,231,7,167,199,103,135,88,11,171,120,235,139,118,238,107,11,171,120,238,184,35,
    171,57,237,48,77,240,67,228,130,57,222,119,94,143,92,161,185,25,249,89,65,185,111,252,193,15,131,106,88,143,121,217,185,25,220,
    104,240,117,72,144,112,245,200,53,213,70,17,240,51,185,217,121,153,124,23,189,51,185,217,121,153,107,28,173,76,235,151,121,205,120,
    160,78,231,204,33,205,108,1,163,86,170,189,46,206,93,14,174,19,203,142,46,206,93,11,157,70,171,232,39,204,102,104,200,40,136,
    33,231,132,40,202,103,75,173,94,229,136,63,194,100,5,235,116,231,135,122,199,103,2,167,71,231,135,39,154,66,52,148,69,163,194,
    158,212,116,148,52,24,187,87,245,152,116,235,93,24,184,93,248,152,56,216,93,61,189,88,165,171,59,148,41,84,175,107,248,152,29,
    180,20,244,84,76,177,12,194,180,20,209,44,34,191,21,172,212,32,183,61,93,253,29,244,155,125,202,114,15,182,78,237,156,62,216,
    92,128,79,232,130,0,207,116,21,178,101,238,143,42,194,46,57,170,74,207,175,15,239,79,87,170,23,217,175,15,202,55,57,164,14,
    253,6,166,207,59,199,106,1,197,15,175,207,111,143,47,79,239,73,224,157,111,240,35,79,144,67,190,166,6,195,99,38,144,112,230,
    103,209,177,7,141,125,88,177,86,184,136,57,209,106,11,240,79,247,138,51,203,104,25,187,93,182,170,57,219,125,11,226,127,253,140,
    226,105,8,173,69,243,132,47,137,40,72,225,69,238,235,97,129,33,65,225,1,161,193,97,129,33,65,168,71,161,190,45,144,72,40,
    102,6,131,117,213,131,21,227,67,53,255,79,176,163,57,235,34,53,166,70,195,163,3,227,67,91,166,27,213,163,3,198,59,53,168,
    91,224,26,186,211,39,219,118,29,217,19,179,211,115,147,51,83,243,19,179,211,115,147,51,83,243,71,242,145,63,214,61,26,189,64,
    185,78,232,212,3,245,112,16,181,80,240,144,48,245,85,21,176,13,195,147,112,156,67,16,237,117,213,144,48,245,67,35,181,99,213,
    12,250,48,0,235,107,228,136,32,140,15,69,229,5,165,197,101,133,37,69,229,5,165,128,43,193,15,69,229,5,165,197,101,133,37,
    203,96,10,196,14,174,206,110,203,96,10,196,14,174,206,110,220,107,26,187,92,224,206,17,231,98,2,167,66,226,130,34,231,71,7,
    123,70,136,88,157,146,57,211,29,125,221,91,248,148,54,219,55,40,158,104,166,190,30,232,94,62,187,6,222,190,59,232,103,87,234,
    160,135,33,205,101,90,135,69,244,179,37,210,118,9,163,69,168,191,44,204,73,41,137,105,201,209,44,145,95,41,137,76,177,191,34,
    193,125,128,32,99,174,72,228,140,115,238,108,29,154,76,251,159,32,202,108,65,150,69,229,160,0,224,64,32,248,69,184,182,0,224,
    62,131,77,16,250,7,187,219,124,254,125,17,179,94,194,158,51,203,119,0,252,123,246,158,55,214,40,49,189,92,252,151,49,198,58,
    221,110,21,184,79,242,148,53,147,50,113,251,27,187,219,4,242,68,74,146,114,196,178,18,215,42,50,146,87,196,139,97,249,110,15,
    80,235,138,118,224,107,19,170,12,210,129,39,208,107,22,246,10,219,136,117,237,53,8,245,72,232,136,40,149,104,85,155,16,176,204,
    189,193,125,132,33,77,186,66,255,134,62,221,108,14,168,3,206,152,63,223,104,3,185,110,236,128,40,223,108,67,142,107,255,140,32,
    147,127,188,54,86,246,22,226,151,37,221,56,1,183,95,226,222,103,159,28,86,246,22,182,169,31,233,39,63,159,105,223,191,58,135,
    22,246,115,32,175,5,221,138,43,203,112,17,237,106,239,215,9,218,124,11,176,77,173,209,0,211,46,54,238,83,174,147,51,211,115,
    249,68,185,183,124,156,32,88,228,24,161,196,104,223,103,26,163,91,248,137,43,205,38,43,189,90,250,141,38,220,75,9,165,77,250,
    80,191,178,23,195,112,28,180,24,155,148,63,213,56,123,219,59,155,157,62,210,112,29,241,110,216,152,61,221,78,29,224,110,253,157,
    246,203,5,203,58,71,250,93,255,142,40,219,109,23,191,78,251,142,59,216,118,31,242,93,251,151,63,147,16,9,191,78,232,159,59,
    103,12,173,79,250,203,28,234,106,15,175,124,239,210,28,207,111,15,242,124,242,207,99,197,98,15,176,70,170,233,47,204,96,2,175,
    76,147,29,197,128,125,157,101,0,253,64,211,128,32,243,126,76,241,12,211,165,37,192,96,51,160,29,211,128,32,192,61,51,189,2,
    138,106,251,148,56,208,118,20,185,89,159,255,10,252,124,25,185,106,249,196,10,217,121,25,228,106,228,219,10,234,123,20,184,80,246,
    95,242,146,126,131,62,16,187,73,253,157,50,209,109,11,172,91,182,152,43,208,125,10,183,81,240,214,45,219,114,24,242,30,176,208,
    137,46,109,231,7,167,199,43,200,100,6,171,7,216,214,43,203,107,56,174,75,216,142,24,248,116,71,250,7,224,130,51,201,102,10,
    117,19,177,92,252,157,53,196,120,31,180,24,185,250,112,144,48,80,188,95,243,145,60,144,79,65,188,1,249,156,60,217,124,28,225,
    72,134,77,185,196,121,194,55,87,247,68,147,217,121,153,57,115,249,25,185,217,48,223,57,38,232,85,245,149,6,208,117,38,176,102,
    189,49,130,63,95,226,125,238,142,11,235,75,43,139,19,238,211,29,235,75,14,243,125,224,202,116,139,34,22,170,71,236,232,98,130,
    107,139,43,75,235,11,226,141,107,216,110,7,173,5,197,138,38,206,43,86,246,11,212,135,39,226,66,34,130,98,186,135,122,244,66,
    253,120,69,139,86,188,195,125,148,117,26,176,20,230,149,35,211,113,0,252,26,186,218,120,148,75,24,184,125,221,189,29,253,37,24,
    44,34,148,116,241,204,2,223,53,69,244,20,189,192,96,157,66,17,177,116,212,180,20,244,44,17,236,98,212,180,49,140,66,31,245,
    191,207,102,210,110,3,168,44,166,198,102,134,38,70,230,6,166,198,102,134,89,33,232,84,227,139,41,210,99,18,167,68,234,131,102,
    210,111,129,33,65,197,15,175,207,111,143,47,79,239,74,227,156,42,198,105,79,188,74,227,137,97,225,110,2,170,15,178,210,111,240,
    52,212,81,49,145,113,209,201,52,137,71,49,145,84,169,167,58,144,41,72,241,24,236,144,61,214,18,88,248,24,184,216,120,152,56,
    225,1,161,193,30,230,47,19,164,76,238,149,36,213,96,3,173,68,176,193,124,129,94,80,173,16,232,141,45,200,109,13,240,16,222,
    94,128,202,106,138,42,74,234,10,170,202,106,138,42,53,141,4,248,143,39,197,126,15,251,10,183,202,57,207,102,12,192,10,170,202,
    179,211,115,147,51,22,191,64,246,154,53,147,96,22,191,85,189,189,50,222,118,83,238,14,179,172,63,223,90,58,154,122,218,194,63,
    205,3,245,85,16,237,99,254,212,109,141,53,92,189,82,248,220,116,227,45,16,237,85,240,144,53,208,112,77,237,99,232,167,110,225,
    69,248,24,165,186,41,201,76,44,140,108,204,212,41,148,90,44,140,73,180,186,39,141,52,87,236,5,234,151,101,250,52,9,244,76,
    162,66,231,130,34,159,63,49,186,117,188,179,110,147,51,78,145,66,226,167,7,231,71,39,255,66,191,177,7,231,98,95,145,76,166,
    6,164,222,126,151,99,31,178,89,157,215,119,151,55,87,247,23,183,215,119,151,55,40,144,25,229,146,58,216,99,18,163,86,245,155,
    197,50,64,253,0,223,209,44,145,105,12,172,73,236,140,113,145,95,20,202,0,160,192,96,128,32,64,224,0,160,192,96,255,71,78,
    123,12,164,70,253,140,123,137,52,73,186,76,229,143,67,137,41,73,233,9,169,201,105,204,101,26,172,64,239,201,58,204,101,15,231,
    60,179,95,247,210,111,143,50,45,190,94,219,187,27,251,91,67,190,3,205,187,27,222,35,45,176,26,163,198,123,146,115,28,182,18,
    168,79,233,146,53,220,53,29,178,85,255,211,47,212,104,15,169,82,245,156,115,228,42,23,234,82,247,151,50,215,119,74,234,100,239,
    31,150,89,77,232,4,219,136,40,237,77,45,141,109,181,136,117,251,77,45,168,21,219,134,108,149,49,77,237,4,240,140,33,202,14,
    141,45,77,237,13,173,205,109,141,45,77,237,114,202,195,63,200,96,2,185,72,249,140,47,193,104,94,237,16,173,178,124,193,60,4,
    122,26,191,90,250,199,103,233,98,124,246,22,182,214,118,150,54,86,246,22,182,214,9,241,56,4,179,91,249,130,51,133,54,75,246,
    12,186,83,249,245,127,159,63,95,255,31,191,223,58,211,108,26,182,89,191,140,58,211,121,81,145,94,242,154,127,130,34,95,128,83,
    132,1,225,65,33,129,25,228,217,23,225,65,4,249,119,234,192,121,158,33,72,169,70,236,200,58,201,127,15,173,92,160,198,102,134,
    125,145,78,29,189,120,216,184,24,248,32,29,224,110,216,184,61,128,78,19,249,0,166,216,120,145,44,76,241,110,253,157,24,248,88,
    243,83,75,182,11,197,179,19,214,43,37,184,18,171,194,115,154,110,18,191,84,144,218,122,154,58,90,250,26,186,218,122,154,58,8,
    70,247,150,49,205,9,67,227,3,163,195,99,131,35,6,173,71,137,195,99,131,35,6,175,80,230,138,37,131,43,60,242,79,239,143,
    211,133,32,243,101,51,147,95,172,209,113,140,83,0,160,101,197,165,5,229,61,0,253,115,197,165,32,157,83,14,228,29,181,197,108,
    148,59,209,53,18,176,65,243,144,59,195,61,92,251,106,220,153,28,252,121,68,138,4,220,188,100,252,92,42,225,64,188,213,58,199,
    126,150,65,79,178,82,242,161,55,210,65,23,129,97,237,222,99,131,62,33,178,82,215,183,23,247,87,79,178,15,193,183,23,210,47,
    152,69,175,213,119,142,39,6,169,67,167,184,0,137,117,6,164,66,243,130,52,211,46,71,179,79,226,137,77,135,39,71,231,7,167,
    16,176,175,97,220,33,25,188,92,249,156,60,129,33,47,164,107,162,173,112,141,48,38,181,83,228,159,34,131,62,47,188,1,217,193,
    245,200,53,213,117,21,232,85,168,166,109,141,49,73,245,25,180,200,105,137,41,85,249,9,176,243,121,153,57,89,188,85,234,156,48,
    100,66,157,19,238,142,46,253,107,14,157,75,221,189,49,130,63,95,226,125,238,142,11,235,75,43,139,19,238,211,29,235,75,14,243,
    52,169,3,185,218,98,139,106,5,175,11,248,142,39,205,37,37,170,70,238,203,118,150,43,52,167,71,194,162,2,226,66,90,167,26,
    139,125,221,152,101,235,118,92,230,6,189,212,53,218,112,84,252,83,241,128,50,209,122,2,252,29,186,144,49,216,97,12,177,5,180,
    82,239,221,58,216,105,27,184,83,235,213,116,147,121,24,177,72,229,152,116,157,105,21,184,83,151,221,125,157,61,93,253,29,189,143,
    195,114,19,180,72,140,198,102,134,38,3,168,66,140,198,102,134,38,108,230,6,166,198,52,195,114,19,180,72,166,185,119,239,106,87,
    62,6,163,30,227,176,35,195,80,29,231,92,234,131,41,131,47,65,225,1,166,229,42,193,107,70,197,37,232,138,59,201,106,1,185,
    80,241,22,255,138,57,206,56,69,248,79,247,138,51,203,104,25,187,93,182,191,42,217,110,17,172,65,146,159,61,204,126,29,182,78,
    201,104,143,94,40,173,16,222,141,112,232,72,40,136,77,237,190,112,254,53,86,225,28,161,210,113,145,11,6,164,85,231,132,47,215,
    98,131,36,24,171,73,239,185,58,207,111,14,234,23,170,216,122,154,0,96,192,32,230,133,41,203,102,74,149,67,230,134,123,198,59,
    130,90,31,191,122,218,172,38,147,46,83,168,57,179,211,115,147,25,83,243,19,179,151,33,218,101,22,128,67,246,150,55,147,46,83,
    47,76,236,16,150,220,124,156,60,29,169,72,243,186,61,206,113,92,225,28,250,157,48,207,121,80,214,28,188,220,124,221,105,8,179,
    198,138,41,201,96,6,177,76,231,137,32,214,37,88,229,67,228,137,54,192,41,111,229,5,165,197,36,208,113,10,147,64,237,140,38,
    130,43,229,103,26,238,19,174,136,47,194,125,11,226,36,174,206,110,142,111,27,186,65,200,135,60,203,46,83,238,72,239,130,61,203,
    123,189,55,87,247,23,246,130,35,216,68,18,187,91,183,202,119,209,118,27,164,82,187,253,119,151,55,87,186,94,249,164,50,219,123,
    144,82,233,131,37,128,61,64,240,12,138,192,96,128,32,1,181,84,239,164,37,204,105,22,165,82,249,192,125,128,102,1,172,83,229,
    5,131,201,105,137,41,8,188,93,230,173,44,197,96,31,172,91,240,168,45,223,41,84,233,79,232,133,58,204,37,99,233,9,169,201,
    246,151,62,219,100,23,160,75,193,134,51,192,97,82,239,18,167,222,88,146,50,82,242,86,247,158,59,196,119,0,171,127,251,156,31,
    148,53,222,98,91,230,27,171,215,81,155,59,91,251,95,254,151,50,205,126,9,162,118,250,131,22,212,117,30,162,27,166,219,98,130,
    93,253,29,189,221,125,157,40,110,228,4,164,196,37,209,112,11,145,84,227,150,37,192,97,68,249,4,226,133,40,215,97,72,206,4,
    237,13,173,140,35,195,98,20,157,66,253,152,61,141,48,77,171,76,225,158,40,129,7,103,237,13,173,205,71,141,45,77,237,95,236,
    85,243,165,38,211,115,18,246,11,182,196,102,134,58,124,246,22,182,214,55,195,98,25,132,87,245,147,118,139,54,16,183,90,229,147,
    179,245,127,159,63,95,190,74,235,144,13,222,124,26,153,94,236,139,127,130,63,25,190,83,236,154,115,181,63,95,255,31,254,138,43,
    103,44,186,65,238,156,26,201,107,13,232,21,168,142,41,196,123,13,228,34,168,200,104,136,105,29,188,71,206,137,58,197,68,9,184,
    2,241,12,177,151,48,221,98,20,253,59,177,209,113,145,112,4,165,94,195,144,50,212,87,16,163,92,248,159,54,145,44,81,183,80,
    182,73,255,214,80,176,58,90,250,26,144,218,122,154,58,27,175,78,245,169,63,219,105,21,180,26,167,218,60,219,118,9,191,22,144,
    99,131,35,67,176,70,226,144,44,205,69,17,172,78,163,222,99,146,47,105,227,3,163,195,48,198,98,16,172,77,215,140,99,158,35,
    153,60,64,198,12,172,204,108,205,121,24,163,106,254,137,41,235,101,10,184,95,172,209,108,202,109,0,191,73,160,230,108,140,44,76,
    116,0,161,90,198,133,60,219,70,1,180,91,241,148,39,209,53,72,245,83,244,153,38,208,57,127,245,21,181,213,52,192,97,26,134,
    14,183,80,214,135,46,219,108,94,227,30,248,159,50,205,123,82,212,30,190,222,126,205,110,23,176,125,241,139,48,202,62,67,254,15,
    203,77,135,39,71,231,84,247,142,41,227,98,11,166,94,167,218,103,151,41,84,235,45,167,199,103,135,102,18,179,72,200,151,34,201,
    27,217,100,3,240,13,176,150,49,220,99,21,252,58,176,208,112,144,123,25,164,115,255,133,62,196,48,77,240,1,188,250,112,144,48,
    153,120,12,173,86,214,137,60,215,88,21,181,114,240,141,42,153,36,89,191,88,245,138,60,149,19,89,249,25,185,152,44,205,118,58,
    74,237,146,98,159,34,4,163,78,241,135,110,168,34,66,226,2,225,138,45,210,65,3,176,108,227,143,39,130,63,66,157,78,238,171,
    194,162,2,226,58,7,250,116,194,162,39,154,84,9,227,25,184,194,103,161,43,75,235,11,232,131,36,219,72,10,185,108,222,162,15,
    212,105,148,75,24,184,125,221,189,29,253,37,24,229,107,221,189,56,133,75,22,252,6,160,221,120,190,52,84,244,20,245,129,32,219,
    20,211,123,8,174,84,242,147,125,128,61,27,188,81,238,152,113,183,61,93,253,29,244,147,59,200,110,20,178,83,222,156,47,243,124,
    171,67,166,219,102,249,106,10,143,111,207,175,15,151,106,87,153,111,207,138,119,249,100,78,244,19,175,202,76,134,38,70,230,79,232,
    73,250,156,38,192,97,44,174,93,200,186,6,235,47,82,239,112,227,131,6,230,70,38,134,30,227,222,16,230,70,3,254,112,237,199,
    170,206,113,148,18,88,248,24,184,153,45,204,119,60,185,81,244,129,120,133,56,30,185,84,235,157,116,178,56,88,248,24,249,141,44,
    110,34,174,79,242,148,44,196,33,92,225,71,224,141,50,196,45,107,225,1,161,193,34,206,111,18,180,76,228,168,53,196,108,65,252,
    74,149,70,230,163,3,227,67,35,251,70,187,181,3,227,102,91,149,72,162,216,125,131,38,96,234,10,170,202,43,223,126,5,154,95,
    161,80,251,146,32,214,51,78,243,85,242,159,32,214,63,121,243,19,179,211,35,198,97,16,187,82,224,150,26,199,118,30,243,14,179,
    99,240,144,21,245,85,53,149,13,240,205,3,245,85,16,237,99,254,212,110,132,53,80,214,28,188,220,124,221,105,8,179,108,233,142,
    198,109,4,182,64,214,149,44,203,118,69,248,5,227,132,41,214,96,73,207,5,165,197,101,213,112,23,166,77,228,150,32,246,117,12,
    96,29,154,87,254,139,110,147,46,49,162,66,199,167,7,231,71,95,162,31,209,167,7,194,63,49,172,6,188,215,103,130,4,78,238,
    87,247,71,226,133,52,223,118,4,178,100,231,158,57,196,86,26,184,66,249,131,119,138,55,70,251,61,183,215,119,151,118,2,163,88,
    163,47,204,108,5,163,84,193,140,44,230,114,5,165,114,229,151,33,210,100,19,224,29,160,134,33,204,115,5,236,42,160,192,96,128,
    40,220,125,6,154,68,232,155,61,250,108,5,165,9,180,201,47,200,101,26,172,5,131,227,105,137,41,73,195,9,169,201,105,200,124,
    198,125,48,167,75,209,147,32,193,50,79,242,84,243,158,33,215,62,120,242,18,178,210,48,199,107,63,187,92,194,128,59,209,119,82,
    38,91,235,23,145,219,123,155,59,25,174,66,214,154,35,235,105,18,184,94,187,198,123,130,34,66,226,2,162,194,98,130,55,113,251,
    164,196,100,198,113,29,151,84,225,135,45,194,109,7,135,69,246,196,121,132,38,70,232,46,142,196,100,132,36,110,228,4,164,196,35,
    132,59,200,127,38,164,89,173,208,109,203,108,1,190,72,161,231,48,167,7,103,161,66,238,140,33,141,107,24,163,78,249,132,34,195,
    118,233,127,41,186,127,167,191,31,218,122,71,137,64,190,223,92,150,54,86,246,95,240,214,38,213,119,26,186,30,240,131,56,213,98,
    214,112,17,247,22,191,141,58,203,106,13,177,31,237,154,62,219,121,22,179,90,183,160,51,211,86,54,150,118,214,206,51,142,64,54,
    97,228,217,23,202,32,91,248,1,161,200,45,198,108,65,232,92,224,141,38,162,40,72,232,8,168,200,104,136,100,7,171,73,228,200,
    206,152,56,248,88,64,152,0,253,157,61,128,125,29,142,70,177,204,113,214,112,28,180,11,214,148,37,226,116,3,167,88,242,148,121,
    165,54,214,83,51,147,115,211,203,54,139,69,51,147,86,171,165,56,146,41,75,243,19,160,176,9,245,84,62,191,89,245,158,63,146,
    17,166,66,231,133,42,207,102,75,156,79,239,170,10,234,74,42,242,79,178,188,10,234,111,82,156,65,171,208,113,138,42,74,201,3,
    236,12,172,204,108,140,44,5,170,12,211,133,37,229,69,93,133,29,224,128,32,157,96,0,147,91,172,152,36,201,98,102,236,12,172,
    21,181,213,117,149,53,85,245,21,243,154,39,149,74,60,156,4,202,170,28,252,92,28,228,106,240,217,117,234,121,68,156,124,249,153,
    215,161,1,215,65,55,151,97,171,155,126,215,112,94,174,95,247,140,45,150,65,23,183,119,215,207,23,143,114,18,178,15,242,146,1,
    112,78,231,67,232,237,103,135,39,71,231,7,167,199,103,135,39,71,231,7,167,199,46,193,39,56,174,75,235,214,43,150,54,46,171,
    28,153,121,207,133,11,239,89,57,225,111,207,185,25,249,121,65,143,85,205,208,46,141,48,30,185,92,176,132,56,213,126,122,240,16,
    249,25,185,217,121,153,57,89,249,25,185,217,121,153,57,89,249,25,198,144,53,213,40,21,232,8,208,149,53,240,80,38,172,98,198,
    11,235,51,61,157,107,203,171,43,147,93,7,159,2,191,194,29,206,51,43,139,78,238,171,29,253,107,61,139,107,221,215,39,168,34,
    139,43,75,235,11,171,203,107,139,43,75,235,11,171,203,46,197,111,97,235,11,171,203,107,139,43,75,235,11,171,203,46,197,111,97,
    52,84,244,20,180,212,116,148,113,26,176,62,180,212,116,148,113,26,176,62,180,212,116,148,30,84,244,20,180,157,50,148,100,23,181,
    17,177,21,251,136,51,222,105,20,178,83,181,212,125,207,120,9,168,79,243,221,47,216,124,25,187,84,241,152,117,226,113,17,148,116,
    175,15,239,55,10,247,121,207,175,42,151,89,4,238,21,181,207,111,134,99,8,162,15,166,135,40,194,38,20,163,71,226,128,47,202,
    42,135,80,3,163,102,198,166,6,230,62,3,254,112,198,166,35,158,80,13,231,28,187,198,102,143,113,82,239,65,230,131,111,219,103,
    221,118,114,248,24,184,216,120,152,56,88,180,87,251,153,52,152,71,17,177,113,209,201,17,137,116,20,180,9,244,148,7,207,56,69,
    1,243,132,32,197,103,8,173,68,169,190,45,205,72,40,136,104,200,208,45,144,94,40,136,77,176,190,35,137,50,84,232,8,187,190,
    195,134,38,155,102,6,131,70,187,134,21,195,85,95,166,2,168,202,104,131,0,74,234,10,170,202,106,138,42,3,172,10,169,181,35,
    154,26,250,34,58,226,95,255,159,98,223,127,44,164,19,173,206,115,128,51,7,187,86,253,249,115,147,51,83,243,19,179,211,115,147,
    124,156,67,21,176,80,173,144,109,141,85,16,176,117,213,163,41,146,120,25,176,85,234,153,46,197,79,8,189,78,239,220,97,156,104,
    170,75,240,136,39,192,119,77,154,76,236,172,12,148,76,84,169,73,233,212,41,201,90,18,158,20,216,204,101,202,119,69,240,47,165,
    14,174,206,110,142,46,78,238,14,174,206,17,199,98,2,255,66,191,223,7,194,98,39,135,113,251,192,42,203,98,7,184,75,252,151,
    218,158,57,250,120,25,178,78,183,202,119,195,120,25,162,90,245,146,37,159,72,30,190,126,222,198,30,134,123,27,187,6,251,155,8,
    119,59,242,125,169,192,47,210,32,80,202,0,160,192,96,128,32,64,224,0,160,192,96,255,105,12,172,17,236,209,113,233,108,12,137,
    32,150,92,167,141,44,197,96,31,172,91,240,164,40,209,68,6,167,76,240,201,116,137,125,6,167,92,228,139,44,219,33,54,160,64,
    155,123,163,187,99,222,126,30,227,94,254,173,37,233,33,47,251,18,253,128,114,139,43,75,235,11,171,203,107,139,24,82,242,18,178,
    27,187,219,123,222,117,31,209,27,187,219,123,222,117,31,209,94,245,159,81,228,114,36,183,114,170,178,18,215,119,74,132,77,179,210,
    174,14,8,171,71,229,136,100,194,113,10,167,80,237,139,42,132,91,59,141,72,232,187,13,149,77,45,141,123,219,156,108,141,14,68,
    45,77,237,65,226,142,44,193,45,50,146,65,228,164,4,193,100,1,161,65,225,220,18,212,45,80,237,74,236,128,40,151,74,8,185,
    37,179,68,224,159,53,211,62,41,186,90,223,191,31,255,95,71,186,7,201,191,31,218,39,41,180,30,165,192,127,159,44,60,133,121,
    145,122,241,156,48,219,122,87,128,86,243,147,110,211,46,78,150,83,243,182,22,224,106,86,213,31,191,223,127,200,109,22,171,90,249,
    33,196,109,64,151,68,228,161,1,225,65,33,249,68,185,183,1,225,100,89,151,74,160,219,127,129,36,72,151,119,228,129,1,225,100,
    216,125,29,189,93,160,174,40,152,27,81,241,17,177,157,62,210,112,29,241,110,206,157,96,248,125,29,184,0,248,184,14,203,49,76,
    58,14,181,73,238,136,51,212,125,82,133,83,246,150,107,214,43,75,147,86,246,179,19,229,111,84,190,95,246,147,44,223,104,3,137,
    247,130,49,208,45,77,225,3,161,205,109,252,106,15,175,18,239,210,114,234,111,15,138,106,220,150,109,199,102,15,170,85,230,145,58,
    161,37,194,65,3,162,73,245,194,98,142,44,78,226,2,211,133,32,192,61,0,253,29,197,128,32,229,69,51,185,2,232,137,32,197,
    35,208,103,12,152,84,237,184,58,219,112,12,252,63,181,213,117,149,98,7,188,65,240,147,60,217,112,93,138,89,249,188,28,252,92,
    247,47,18,239,97,215,183,50,143,65,28,246,13,166,215,114,158,65,33,178,15,215,146,50,215,47,23,151,97,228,215,84,219,112,26,
    45,141,237,77,203,104,4,166,75,167,184,43,203,107,11,171,110,235,214,24,238,78,86,171,22,216,214,119,135,58,71,188,90,141,139,
    255,147,49,220,48,36,167,85,245,158,3,213,98,6,185,83,245,208,109,144,119,17,189,85,170,183,53,196,67,21,162,70,249,147,53,
    209,6,213,117,48,144,112,208,176,104,213,40,38,144,112,245,200,6,219,49,74,224,16,176,243,53,214,122,24,181,25,204,138,60,203,
    43,172,82,247,150,17,199,112,20,171,65,231,194,127,130,101,3,175,71,184,165,39,214,81,7,176,84,235,129,39,138,93,14,174,107,
    130,98,194,162,122,199,58,52,130,98,231,218,20,201,35,95,251,2,162,225,39,196,104,10,167,11,200,132,57,206,76,30,162,11,182,
    20,243,149,57,209,46,51,177,64,199,145,38,194,125,23,177,28,203,152,56,253,93,61,157,125,165,152,101,235,93,61,184,5,203,150,
    181,201,108,148,52,119,177,82,254,156,49,157,85,9,169,77,206,152,47,203,116,30,184,29,160,221,58,220,112,24,231,122,248,137,14,
    99,20,176,79,229,131,110,249,106,10,143,111,207,175,15,151,106,87,153,111,207,138,119,249,100,78,242,20,175,207,76,202,105,5,167,
    3,239,127,227,142,54,202,125,28,239,18,175,136,46,194,106,85,136,74,251,188,42,221,121,6,172,74,167,176,35,195,70,38,134,102,
    145,9,244,201,7,241,81,20,233,103,250,208,108,139,49,81,210,84,247,155,57,212,56,42,173,86,203,157,42,206,113,27,189,24,165,
    97,198,96,12,164,27,198,132,53,242,100,19,183,72,226,132,105,254,109,13,136,104,200,168,8,144,109,80,158,104,200,141,112,254,99,
    130,62,94,227,3,128,134,37,201,107,6,234,117,230,134,21,227,67,3,166,27,213,219,3,227,67,53,251,27,170,215,106,205,107,7,
    118,73,148,86,231,160,54,193,101,26,176,86,187,172,63,223,90,58,154,122,218,194,63,130,76,58,154,95,162,172,49,155,39,70,250,
    85,214,80,243,159,61,208,60,48,181,91,244,136,53,210,123,92,225,28,251,157,49,217,38,59,185,72,207,153,46,202,117,31,185,20,
    186,41,201,76,44,140,108,204,212,41,148,90,44,140,73,180,186,39,141,49,83,236,12,143,239,41,202,102,4,169,5,201,138,38,196,
    34,254,98,15,183,75,252,206,115,142,94,2,175,87,235,156,61,128,66,1,173,79,226,190,34,207,119,11,188,36,132,228,40,219,96,
    212,99,30,184,89,183,168,59,219,123,27,187,126,251,198,8,254,94,70,187,6,200,198,103,141,80,18,163,118,228,132,50,195,63,22,
    83,243,133,52,245,114,12,143,82,201,132,108,128,99,21,179,84,239,141,6,201,108,5,142,65,237,133,105,170,32,64,224,0,233,134,
    169,135,38,221,41,8,186,90,236,157,28,219,101,38,187,96,237,201,38,219,41,8,186,90,236,157,28,219,101,38,187,96,237,201,116,
    207,114,144,48,82,166,90,247,156,114,192,119,6,167,64,252,210,112,144,50,23,188,86,152,210,114,146,50,27,180,18,225,134,32,219,
    53,220,53,29,178,85,255,211,58,200,104,30,175,110,233,151,20,201,82,31,247,27,196,151,55,242,82,50,146,114,170,151,106,228,82,
    141,72,181,187,38,140,48,83,237,13,164,139,54,132,119,16,182,77,234,131,106,194,109,10,160,12,229,151,55,193,112,49,182,72,203,
    95,196,137,97,141,82,1,161,100,196,164,4,228,60,1,252,114,196,164,33,156,82,15,229,25,181,196,100,141,121,5,168,67,135,205,
    182,214,118,150,54,86,246,68,243,130,35,196,120,86,183,69,229,147,34,227,100,26,153,68,223,146,92,150,54,86,246,83,248,146,92,
    223,127,159,63,22,185,31,183,140,43,205,118,17,184,17,249,150,49,219,55,30,172,76,250,139,10,205,115,48,173,118,251,211,127,224,
    4,164,97,193,161,1,225,57,4,249,119,193,161,36,153,87,10,224,28,177,193,97,136,103,26,232,91,252,154,33,198,111,70,174,65,
    191,85,185,144,34,194,116,5,132,67,253,190,35,248,117,93,241,110,253,157,24,248,88,56,152,0,253,192,14,248,88,29,224,110,243,
    18,175,202,115,147,51,90,187,84,254,218,45,200,115,14,191,92,243,150,63,154,123,20,190,26,253,159,46,217,111,9,174,85,247,155,
    208,112,6,183,3,247,139,38,205,9,67,227,3,163,195,99,131,35,15,172,64,226,143,99,252,111,15,170,79,239,143,47,207,50,15,
    96,37,133,64,211,179,125,158,44,81,236,79,249,159,56,195,97,42,165,64,233,162,45,193,105,76,163,94,172,196,19,192,96,37,133,
    60,156,124,164,153,100,234,92,60,185,4,202,151,125,128,36,92,245,27,187,213,33,218,102,1,167,92,251,146,125,216,116,1,189,27,
    191,92,237,214,42,215,125,21,246,23,183,215,126,144,48,94,129,82,242,183,23,247,87,55,239,82,175,161,23,247,114,79,129,92,182,
    114,149,46,78,205,7,167,199,103,135,39,71,231,87,228,134,43,203,47,1,178,73,228,147,46,200,105,79,238,45,167,199,103,135,39,
    144,48,80,240,16,176,208,57,214,48,30,191,68,176,153,35,214,121,28,181,16,255,130,112,222,127,4,240,89,227,150,57,220,117,88,
    70,21,181,80,245,149,53,213,117,72,181,85,208,176,53,230,70,72,235,16,185,141,49,220,119,115,249,25,185,217,121,153,57,89,249,
    162,194,98,130,34,66,226,78,237,129,35,206,34,61,171,75,203,171,115,235,51,14,174,78,179,142,46,253,117,66,255,2,229,131,47,
    142,113,227,127,31,187,108,238,159,99,202,120,24,174,95,222,153,39,228,121,34,175,2,129,203,107,139,43,75,235,11,171,203,107,139,
    116,148,52,84,244,67,230,157,32,209,114,29,184,81,188,171,56,216,125,24,184,88,248,152,101,216,120,61,157,88,203,171,101,134,56,
    157,66,20,180,116,212,204,20,140,113,17,177,12,241,145,2,202,52,119,253,29,189,221,125,157,61,93,253,29,189,221,56,211,121,119,
    6,166,198,102,134,38,70,230,67,232,130,111,172,38,70,230,6,166,198,102,134,106,9,165,71,234,198,25,239,79,87,175,74,183,175,
    198,131,35,198,99,94,254,112,190,220,99,143,80,38,134,67,198,131,6,230,70,38,163,30,198,166,6,240,62,91,239,18,175,159,44,
    153,52,212,48,31,189,76,251,141,43,204,119,21,185,75,235,157,44,148,56,39,180,84,241,148,52,212,116,20,233,84,244,177,17,212,
    62,158,16,179,200,75,129,33,65,225,1,161,193,97,200,103,65,158,104,200,208,40,205,48,40,136,77,237,136,45,144,48,62,240,18,
    234,75,228,142,106,245,67,35,166,99,230,163,3,227,67,6,251,99,195,163,21,155,62,74,190,66,239,132,106,216,111,30,191,88,228,
    19,204,186,26,223,90,31,154,122,218,186,63,130,90,58,154,108,162,199,115,214,125,23,217,19,179,211,115,214,125,23,217,19,179,211,
    188,142,57,200,105,14,178,28,253,143,47,217,104,41,174,80,211,142,21,216,22,25,178,88,150,246,58,201,114,31,168,85,243,146,124,
    90,9,169,73,233,137,12,201,52,58,140,108,180,137,116,250,52,85,255,102,247,128,36,209,96,50,172,75,225,138,50,141,106,21,177,
    7,161,64,253,199,68,142,46,78,238,65,254,154,39,193,96,29,238,19,174,129,62,218,103,1,160,93,174,129,60,142,117,19,196,14,
    247,23,183,155,56,212,118,27,247,104,222,190,59,134,123,70,187,91,222,190,62,219,123,27,230,104,166,194,119,138,55,24,167,67,254,
    47,206,115,78,159,105,201,140,113,204,49,12,172,105,201,137,44,204,108,81,159,17,181,192,47,210,32,63,172,76,201,169,9,233,73,
    152,101,88,150,96,192,133,120,246,107,65,252,26,160,227,105,137,41,73,165,70,234,136,37,137,86,32,128,96,192,160,0,246,101,5,
    126,67,190,3,205,187,27,237,35,68,242,15,178,157,34,198,123,29,188,65,188,173,27,251,91,59,155,123,205,158,62,222,35,30,227,
    36,146,114,196,202,109,155,116,9,251,100,247,151,18,242,82,50,146,10,247,202,4,242,82,23,234,100,249,211,110,143,50,113,251,27,
    196,100,200,107,7,165,72,164,187,40,149,91,59,168,72,219,136,117,251,109,59,155,21,179,196,121,132,107,20,176,77,235,138,55,138,
    18,193,60,50,146,65,225,178,33,156,82,4,146,114,188,218,109,194,127,77,136,67,248,128,99,230,104,20,142,66,233,136,99,255,100,
    209,126,2,149,89,248,130,36,217,122,124,220,22,182,214,118,188,54,86,246,22,250,153,53,215,122,86,137,90,167,159,63,218,39,41,
    115,19,238,86,192,206,103,159,34,95,176,79,235,150,48,209,108,81,128,83,174,150,54,211,46,32,179,83,174,150,0,142,39,95,176,
    250,200,11,199,100,7,186,27,166,142,58,199,101,58,143,106,160,218,122,152,36,72,250,24,164,200,126,152,33,72,232,8,130,200,104,
    209,113,221,126,18,176,93,177,174,61,128,32,56,152,110,253,174,61,248,78,64,232,17,172,209,62,193,101,24,190,95,226,223,14,221,
    107,139,83,51,133,86,197,150,19,229,43,67,250,85,232,218,25,213,118,21,168,9,180,156,40,213,119,40,157,120,178,200,106,150,58,
    242,19,175,195,114,145,42,67,227,41,163,195,99,131,111,12,160,66,239,195,28,207,111,15,242,74,234,170,47,207,50,15,242,124,178,
    77,172,209,108,195,124,24,165,67,226,159,98,243,96,0,160,29,229,133,5,192,96,93,160,29,211,221,45,140,99,30,236,111,227,128,
    250,135,102,155,115,7,186,88,199,178,23,157,38,69,249,21,164,192,121,149,36,77,252,63,181,213,117,149,121,26,182,84,249,213,10,
    146,50,143,87,55,129,87,215,146,50,247,87,55,151,97,175,156,126,131,62,17,174,74,247,145,48,205,48,33,178,82,175,183,23,225,
    14,142,75,235,174,14,238,78,56,246,69,167,136,53,135,68,8,171,72,245,212,105,193,117,8,170,117,192,165,111,147,55,75,231,21,
    226,28,176,194,102,153,26,80,240,16,176,156,63,211,113,28,240,111,252,185,25,239,89,57,225,1,217,156,60,239,79,65,179,16,173,
    25,246,137,45,208,118,23,170,23,198,149,16,240,70,48,144,8,168,176,53,213,70,38,232,90,185,150,43,153,90,22,181,86,235,202,
    140,100,16,173,79,208,165,0,138,48,87,247,14,162,208,119,151,46,66,240,23,183,203,72,168,34,66,226,2,238,141,33,195,110,66,
    84,34,148,66,231,218,122,199,103,52,162,116,186,143,107,150,43,4,187,95,226,132,37,216,37,52,130,116,226,135,122,154,103,7,148,
    29,139,5,240,212,59,198,52,43,184,88,221,189,29,253,93,69,184,5,203,189,29,216,37,43,182,28,161,193,125,190,52,84,244,20,
    177,82,254,156,49,157,66,52,180,116,212,180,52,244,116,52,130,12,248,221,96,157,114,13,169,84,242,147,46,147,66,52,180,116,212,
    15,207,79,15,143,121,183,131,102,201,116,70,153,74,234,175,15,239,79,47,247,74,183,185,15,239,106,87,153,68,174,211,112,143,12,
    143,47,79,239,67,224,140,46,195,47,48,134,30,227,222,38,230,102,3,163,30,227,176,126,201,47,82,239,64,255,155,38,192,97,28,
    54,39,145,9,244,201,49,241,113,20,180,9,244,167,105,222,56,23,170,24,236,138,45,221,18,88,248,24,184,148,55,219,121,20,248,
    222,208,45,232,72,13,173,104,222,208,8,232,72,62,240,70,161,220,97,206,113,21,168,78,239,146,111,254,48,13,136,104,237,141,8,
    181,123,227,67,35,149,27,237,202,37,216,42,12,171,70,249,143,64,138,42,74,234,70,229,137,43,198,42,53,251,70,187,181,38,155,
    63,236,90,58,191,108,204,194,59,147,46,83,188,67,231,154,60,221,96,93,140,2,255,194,12,223,34,31,140,122,218,159,12,236,34,
    212,60,19,174,28,232,142,41,217,22,118,252,28,188,220,86,156,60,92,252,85,250,220,31,211,110,25,155,73,245,198,26,213,114,24,
    99,236,151,54,209,70,13,172,73,225,205,26,201,105,44,140,108,204,172,116,201,52,58,140,108,233,212,26,199,45,80,242,12,172,197,
    250,134,43,192,4,78,238,14,174,206,110,142,46,45,161,92,235,169,59,199,32,47,171,90,230,139,60,251,71,49,156,65,225,154,116,
    179,50,196,99,5,184,78,191,222,93,151,55,87,247,82,249,147,93,189,55,87,247,23,157,215,119,151,55,27,184,84,246,155,119,232,
    81,137,105,177,140,44,204,108,81,172,17,233,191,113,201,32,93,224,78,233,140,74,128,32,64,224,73,230,192,46,207,116,64,140,73,
    174,65,253,128,39,206,51,47,160,71,237,175,32,219,122,29,138,65,224,133,45,129,86,5,165,96,192,160,0,224,56,5,248,118,192,
    123,254,195,13,208,58,71,234,27,187,210,38,218,119,28,216,18,178,210,114,146,50,82,242,109,163,187,27,131,126,30,190,94,163,158,
    170,146,4,138,114,91,230,27,210,149,40,207,122,21,184,94,181,164,55,138,82,74,183,10,247,151,55,215,42,23,234,100,175,207,115,
    91,8,168,109,205,173,13,237,53,8,245,123,205,173,40,149,91,6,236,17,189,205,109,174,36,68,228,4,164,196,100,132,91,85,141,
    36,252,65,225,129,33,156,97,92,164,114,188,132,99,227,108,0,168,13,176,205,18,193,97,36,132,100,196,164,124,193,60,50,132,100,
    186,7,201,148,126,128,38,95,220,22,182,214,118,150,54,86,246,105,167,191,31,135,122,26,186,90,167,154,103,223,73,71,191,24,197,
    86,229,154,127,130,63,73,213,31,191,223,127,159,63,95,255,96,174,182,22,142,115,19,179,83,174,147,110,214,64,78,182,17,207,158,
    218,109,6,188,8,181,200,4,193,111,0,188,65,230,143,66,136,40,72,232,77,228,155,45,162,40,72,232,8,168,200,104,136,87,89,
    88,56,224,93,253,157,61,128,125,64,184,110,160,152,113,140,49,61,184,86,249,133,56,223,118,95,144,84,229,153,52,195,83,29,164,
    8,208,26,186,218,122,223,116,30,208,26,186,218,122,229,43,51,147,11,246,150,54,214,43,22,235,83,197,203,51,148,95,20,187,88,
    143,38,199,35,94,227,87,241,150,38,169,9,67,227,3,163,233,99,131,35,67,175,76,224,130,47,131,92,10,175,79,202,210,47,146,
    32,192,69,37,160,64,197,179,125,198,44,81,236,101,226,159,56,205,98,15,169,2,211,128,125,229,61,0,253,64,224,128,32,157,96,
    132,74,65,225,29,202,153,57,252,92,60,156,124,164,153,100,234,92,60,185,4,202,151,125,131,36,92,252,63,181,213,117,149,74,28,
    114,18,151,15,242,207,50,210,87,55,178,82,215,161,111,212,48,48,191,83,251,222,99,158,65,18,178,119,215,183,23,247,47,18,239,
    216,174,14,203,54,56,165,15,177,213,110,173,39,71,231,7,216,142,43,203,78,86,171,22,235,139,14,238,107,11,142,120,182,141,105,
    162,53,195,117,4,159,94,195,128,49,199,126,80,237,16,246,145,60,195,117,122,240,16,176,208,15,217,124,28,153,1,252,193,60,220,
    16,240,117,21,144,102,168,147,119,227,80,23,189,92,225,187,60,209,120,15,176,86,235,217,100,153,92,23,172,84,183,163,16,215,125,
    167,90,192,135,42,195,116,11,173,80,172,177,43,192,110,11,172,69,136,194,98,130,34,18,161,67,238,142,106,196,119,12,161,86,235,
    68,229,195,98,161,43,75,235,11,171,203,107,139,98,13,235,88,242,133,107,202,101,15,235,88,242,133,101,219,121,4,191,78,232,159,
    203,147,33,221,52,0,188,81,250,254,116,148,52,84,244,20,180,212,116,148,52,84,167,77,250,218,36,198,123,0,177,87,224,171,51,
    136,52,149,66,20,177,81,212,204,49,140,113,17,148,116,241,145,20,226,44,23,244,55,189,221,125,157,61,93,253,29,189,221,125,157,
    57,175,74,234,175,119,202,55,10,170,111,207,138,42,239,89,87,172,8,214,135,52,195,104,18,230,27,166,165,41,212,99,33,179,79,
    197,15,175,207,111,143,47,79,239,74,227,156,42,198,105,79,168,74,251,135,58,198,47,27,167,74,225,229,111,143,47,79,239,15,175,
    24,184,216,120,152,71,17,180,84,209,201,52,137,116,20,145,113,244,148,17,231,41,18,246,104,249,138,61,214,108,88,229,24,255,157,
    213,105,20,168,9,168,235,97,129,33,65,225,1,161,193,36,205,114,4,203,1,161,193,97,129,33,65,225,1,161,193,97,254,104,13,
    102,35,251,70,187,134,38,227,67,6,166,99,213,219,32,132,90,11,184,79,228,158,106,151,42,41,165,88,239,173,63,195,0,74,234,
    83,243,19,179,211,115,214,125,23,217,19,179,211,115,214,125,23,250,57,153,211,115,147,51,121,243,19,179,211,12,218,127,31,154,2,
    176,13,240,144,21,245,112,16,149,99,173,150,114,253,114,31,185,79,232,142,37,255,116,29,178,91,249,152,102,255,115,18,178,89,255,
    49,141,99,16,171,70,241,140,42,203,45,76,207,5,165,197,101,133,37,69,229,76,227,197,43,202,113,69,154,76,233,137,12,148,105,
    159,98,2,135,103,226,130,7,241,63,4,224,126,239,156,43,192,122,78,186,70,235,128,68,142,46,78,238,14,174,206,110,142,46,78,
    55,30,177,23,200,198,30,254,38,27,187,91,251,198,59,134,126,40,230,94,183,131,63,210,121,87,136,6,222,190,102,219,123,27,187,
    177,140,113,201,95,81,169,14,197,142,33,194,108,5,164,0,189,192,38,193,108,19,165,0,229,142,36,170,32,64,224,0,160,192,96,
    201,44,199,109,99,233,9,169,201,44,199,109,64,195,35,169,201,105,137,3,73,233,9,169,133,38,202,104,5,233,118,224,128,37,152,
    13,222,35,59,155,91,205,158,13,131,121,82,239,18,219,156,33,198,115,28,177,87,188,173,62,131,91,67,190,3,254,158,62,222,35,
    215,42,36,239,15,179,164,55,215,82,50,146,114,210,202,55,138,68,50,146,87,170,164,57,147,45,72,242,18,145,219,123,155,59,36,
    77,237,136,117,251,104,85,141,109,237,187,40,251,53,15,234,106,229,137,33,132,57,68,155,72,232,173,13,237,77,45,245,72,181,187,
    196,164,33,156,82,15,229,27,185,196,71,141,45,77,237,114,228,132,33,156,82,1,252,100,196,132,18,193,82,92,166,3,222,132,55,
    147,118,139,54,35,146,95,251,196,120,233,122,71,159,7,250,199,58,218,122,26,231,90,167,169,98,130,62,70,250,22,161,195,102,154,
    127,143,51,95,234,13,175,214,85,159,63,95,255,96,246,150,51,142,64,19,238,118,214,150,0,211,64,78,180,17,207,144,44,214,107,
    161,71,230,200,117,136,93,44,161,69,186,198,23,196,57,33,249,68,185,132,36,196,100,89,164,25,215,220,124,128,56,70,253,4,168,
    28,162,198,100,157,49,65,255,4,189,209,124,131,39,65,248,59,177,209,113,145,78,24,184,93,160,174,61,128,88,56,184,110,253,174,
    171,145,116,248,123,25,177,93,232,149,47,212,126,57,181,86,245,136,105,154,39,90,133,86,171,203,19,243,69,22,133,86,211,165,107,
    58,105,227,3,163,195,28,202,106,15,242,124,239,210,10,234,106,60,175,124,178,136,109,225,98,0,168,68,241,140,54,205,103,55,177,
    13,162,95,252,141,62,201,98,15,181,12,177,204,124,130,52,89,236,12,172,230,108,140,44,76,147,69,229,128,125,243,96,93,133,101,
    188,106,249,170,100,222,59,55,186,71,241,144,39,230,124,15,176,101,252,141,48,217,53,72,245,5,159,213,117,149,53,42,188,92,249,
    15,193,146,111,247,87,23,129,82,193,207,53,144,93,18,183,78,237,186,59,205,125,27,176,90,255,144,42,205,62,67,254,74,236,139,
    194,13,71,231,7,167,184,46,206,107,86,152,75,182,174,14,206,88,11,152,22,236,201,23,198,117,2,169,83,167,218,103,248,110,11,
    124,57,225,92,161,156,60,249,89,28,188,121,207,193,58,186,26,80,240,16,176,156,63,211,113,28,240,111,249,193,25,249,124,28,153,
    48,144,112,245,200,48,240,80,38,232,85,185,196,121,240,119,10,173,88,247,154,60,151,70,21,232,112,168,149,104,213,117,21,181,8,
    142,115,253,54,86,234,125,238,142,11,235,75,43,139,19,238,211,29,235,75,14,243,125,224,202,116,151,43,78,226,125,235,139,46,147,
    20,199,58,34,130,66,212,135,20,154,96,66,193,11,171,203,107,244,98,90,130,98,231,135,2,226,66,34,167,26,226,162,2,244,58,
    216,58,55,187,70,250,145,38,230,117,16,189,65,231,212,105,148,65,48,189,89,186,171,56,133,93,69,184,5,248,152,56,216,37,24,
    44,34,233,9,181,205,113,157,44,73,244,55,151,221,125,157,61,17,178,94,252,145,125,226,66,52,130,81,172,180,20,209,44,20,236,
    234,138,25,151,107,70,251,6,207,136,53,210,103,8,165,67,168,185,42,151,79,87,170,23,234,138,42,202,55,10,247,121,178,210,110,
    176,35,195,70,38,134,102,198,222,35,158,80,38,134,67,190,176,45,135,57,89,230,3,175,176,38,198,99,94,144,67,190,166,6,198,
    7,212,71,73,179,17,146,216,120,152,56,39,135,113,199,148,105,241,81,20,233,81,169,148,52,231,41,21,246,123,247,148,55,202,56,
    252,1,222,168,112,205,48,8,136,72,237,141,112,205,94,80,167,1,224,143,37,129,94,13,240,72,232,141,112,254,109,13,240,72,222,
    27,178,202,37,216,42,41,165,70,229,152,121,132,108,24,165,71,216,173,8,130,50,90,230,10,190,218,102,138,63,90,227,32,170,202,
    179,211,12,236,90,44,191,2,218,186,63,130,122,66,191,95,204,194,62,157,71,27,186,80,248,157,54,192,96,83,238,19,204,186,98,
    144,109,213,85,21,176,80,173,144,3,141,122,92,189,82,248,220,110,156,115,14,252,13,178,201,86,182,60,92,252,28,150,220,124,156,
    69,172,67,165,186,12,204,76,44,140,76,204,140,12,250,52,0,229,24,184,197,26,201,105,44,140,108,204,172,116,201,52,58,140,108,
    162,31,209,140,102,152,57,71,238,90,230,139,32,164,46,78,238,14,174,206,110,142,81,7,167,66,191,177,34,159,71,39,167,113,226,
    104,166,156,121,228,126,13,178,23,170,215,2,243,126,26,229,25,200,155,102,254,38,27,230,91,251,155,59,134,123,70,136,3,163,223,
    144,44,64,243,23,181,204,96,144,44,64,242,22,176,201,74,128,32,64,224,0,160,192,96,255,105,9,172,17,223,140,113,233,73,9,
    86,5,150,24,226,199,25,198,122,0,189,64,230,135,105,148,41,60,141,64,228,219,103,246,101,88,128,24,229,216,37,197,101,5,248,
    30,227,109,166,198,122,130,60,71,254,18,191,195,106,133,62,82,226,28,167,222,114,159,35,65,226,27,152,210,114,146,50,82,242,18,
    251,111,236,158,62,213,72,30,169,77,242,152,62,129,88,9,190,90,239,158,115,228,114,18,183,10,196,151,106,242,82,18,132,87,196,
    117,207,40,68,144,83,225,129,42,237,106,2,171,10,219,136,117,237,53,8,245,72,232,136,40,149,104,85,155,16,176,204,116,138,49,
    129,45,40,163,88,224,195,8,204,126,4,163,74,222,153,52,193,104,67,143,76,238,134,97,141,72,3,184,64,163,168,44,222,100,3,
    113,50,191,68,243,149,34,223,121,24,248,121,227,130,127,154,54,13,220,22,182,214,118,150,54,86,246,22,182,214,118,229,127,12,179,
    95,226,31,202,187,54,210,45,81,128,83,174,182,110,211,46,19,179,83,243,206,51,142,64,75,235,23,175,211,127,136,42,79,243,31,
    216,100,136,61,90,248,1,164,226,104,136,40,72,232,8,168,200,104,136,40,72,152,71,251,129,60,193,103,6,232,21,168,189,12,193,
    60,131,63,46,189,0,216,192,61,128,125,29,189,93,160,157,96,238,37,69,249,1,191,196,125,145,60,66,230,4,189,209,97,159,36,
    150,58,87,232,12,170,211,80,154,58,90,250,26,186,218,122,199,51,64,138,86,251,131,114,147,16,90,250,26,186,159,54,201,127,19,
    69,163,188,10,202,74,42,138,74,202,138,10,252,50,6,227,30,190,195,28,207,111,42,138,106,202,170,114,207,50,60,138,106,239,210,
    211,142,100,154,52,69,236,88,228,137,34,166,44,76,236,12,172,204,108,140,83,5,165,64,189,179,32,157,69,37,165,115,224,179,125,
    158,123,247,116,22,190,82,231,154,32,219,113,33,167,84,251,134,37,212,103,16,187,86,236,213,104,149,36,127,245,21,181,213,117,149,
    126,158,74,9,187,91,240,173,59,204,104,23,189,91,164,189,44,219,127,10,187,22,193,151,55,210,47,33,178,15,215,183,55,225,114,
    152,22,236,203,103,243,112,2,162,73,206,137,33,200,41,56,171,22,206,214,43,150,107,11,171,75,182,139,118,248,51,83,239,23,169,
    4,188,208,21,222,101,29,254,117,241,131,57,222,119,35,164,73,252,149,126,225,101,17,180,28,176,181,62,197,125,94,149,81,227,153,
    247,158,29,208,107,28,186,77,240,150,55,151,86,12,173,16,181,217,34,179,57,89,249,25,185,217,121,153,57,89,249,25,219,152,58,
    105,5,176,77,247,140,38,246,112,3,172,81,242,131,48,199,108,1,187,2,191,194,114,140,58,87,200,2,162,194,98,130,34,66,226,
    22,226,17,219,135,42,210,35,66,193,11,171,203,107,206,101,15,193,33,171,203,107,139,1,75,235,11,171,135,36,200,106,7,235,79,
    166,85,243,147,61,218,115,88,244,80,230,149,51,253,122,4,161,64,184,212,48,198,117,19,135,64,245,134,32,152,52,7,160,85,230,
    73,205,146,46,183,61,93,253,29,194,148,52,209,44,34,177,12,212,180,52,226,113,34,236,86,179,180,51,205,104,9,159,88,250,156,
    200,60,37,169,72,232,131,37,210,46,0,179,72,229,146,47,201,104,78,175,72,246,147,50,143,12,70,230,6,166,198,102,134,38,15,
    105,79,166,65,255,154,59,129,90,28,170,93,198,129,63,218,123,59,182,95,234,207,114,146,47,42,161,90,226,193,26,220,106,29,134,
    22,168,77,236,172,33,200,125,86,149,87,237,139,61,250,109,12,172,87,246,201,120,215,106,88,177,86,232,141,44,150,77,11,189,74,
    168,47,209,116,21,149,88,241,132,97,156,60,65,132,79,244,140,111,244,114,4,179,104,239,145,52,213,85,24,177,68,175,181,46,212,
    41,194,42,30,162,79,228,224,106,138,42,74,234,10,170,202,106,138,42,74,174,88,235,141,45,195,100,13,234,23,170,158,56,223,111,
    185,51,83,243,19,179,211,115,147,51,83,243,19,247,129,50,212,64,7,178,65,231,211,110,147,122,29,163,70,231,221,3,220,96,26,
    104,21,179,82,150,220,124,156,60,92,252,28,188,220,124,156,60,15,168,93,238,136,12,211,111,92,225,28,195,149,53,208,45,35,176,
    180,172,12,204,90,9,154,20,238,203,21,202,118,12,177,76,234,139,79,133,37,69,229,5,165,197,101,133,37,69,229,76,235,149,48,
    154,96,237,102,15,160,73,235,138,116,237,97,0,160,75,237,154,102,200,123,0,173,90,231,129,32,134,39,100,238,14,174,206,110,142,
    119,151,55,87,247,23,183,215,119,151,126,17,247,94,249,135,34,195,57,34,164,82,229,190,57,199,98,3,132,67,246,131,50,151,42,
    253,0,197,142,53,205,46,53,179,69,242,169,46,208,117,20,147,84,225,148,37,142,69,14,164,0,244,136,37,206,32,4,178,65,231,
    78,224,135,46,137,52,73,175,72,229,154,44,137,108,7,173,35,169,201,105,137,41,73,233,9,169,201,105,137,108,7,173,0,131,201,
    178,210,114,146,50,82,242,87,252,150,88,146,50,82,242,87,252,150,123,184,50,82,242,18,205,155,59,222,35,45,190,3,219,187,59,
    164,55,228,42,16,245,114,245,139,46,207,88,19,186,85,252,158,63,129,88,20,181,85,254,152,47,147,125,14,181,88,239,146,52,213,
    76,173,74,244,145,48,141,14,68,228,4,164,196,100,132,36,13,162,4,237,138,52,209,112,74,145,87,225,150,13,202,116,17,176,112,
    180,93,232,205,112,144,45,40,163,88,224,195,24,222,104,31,132,67,253,152,57,249,116,29,168,3,192,130,56,222,104,32,162,91,232,
    91,243,152,34,150,121,4,246,95,248,134,35,194,56,35,165,83,228,191,56,198,99,2,130,79,230,147,118,139,43,86,147,88,227,155,
    177,170,44,218,109,54,177,79,234,139,11,198,111,26,241,107,240,138,60,215,63,11,183,90,241,245,127,159,63,95,255,31,191,223,127,
    40,72,232,76,250,137,47,225,102,24,189,92,168,213,104,193,102,24,189,92,130,200,104,136,40,72,232,8,168,141,38,204,2,72,232,
    81,241,84,255,149,120,187,49,81,241,17,196,130,52,195,88,31,161,68,229,162,52,195,103,24,178,84,191,184,63,193,100,5,146,89,
    187,84,253,159,62,128,89,21,180,84,255,153,46,146,124,15,180,89,238,147,53,212,50,19,180,74,239,142,115,176,58,90,250,26,186,
    99,131,35,10,165,3,234,141,51,214,119,67,254,30,163,135,49,194,100,42,173,83,246,151,99,194,109,7,227,71,241,130,36,196,106,
    194,107,76,184,68,233,130,70,140,44,76,236,12,172,204,108,140,44,76,236,64,227,143,45,192,44,51,147,64,189,221,5,229,69,0,
    36,25,228,124,252,170,100,219,53,72,245,92,251,133,32,193,59,37,186,70,252,129,60,218,123,85,248,21,241,135,52,210,70,1,180,
    12,170,52,190,222,126,158,62,94,254,30,190,222,126,158,65,23,183,82,175,161,50,143,87,55,183,97,242,161,111,213,48,46,177,77,
    142,51,206,104,9,231,26,167,178,3,206,106,85,233,120,235,214,14,150,107,86,171,75,235,139,118,203,54,56,243,19,175,148,51,198,
    34,196,64,31,163,30,200,222,3,211,113,28,181,28,176,131,36,209,98,4,128,95,227,222,8,158,95,22,182,67,245,132,112,155,48,
    230,70,21,232,8,208,176,16,213,40,21,232,112,240,166,104,215,55,33,245,25,234,141,56,203,109,41,182,74,183,160,119,234,122,24,
    78,231,206,98,209,118,3,176,86,210,141,49,140,91,76,141,68,228,145,39,214,34,73,226,125,221,142,115,147,75,43,139,78,179,142,
    186,162,34,244,58,5,229,114,162,225,107,139,43,75,235,11,171,203,46,197,111,97,235,11,171,203,46,197,111,66,193,33,171,203,107,
    212,94,148,52,84,244,88,251,151,53,216,52,43,139,125,221,189,61,216,120,24,139,88,221,171,101,219,52,73,244,125,250,135,32,213,
    51,222,120,83,130,81,172,180,108,209,44,17,177,81,241,204,49,140,66,73,233,21,194,145,49,244,84,52,148,116,172,145,108,226,84,
    143,74,183,185,36,142,48,95,239,10,166,185,47,207,106,87,153,74,183,175,15,207,89,10,153,23,237,207,76,134,38,70,230,121,217,
    102,198,166,38,195,99,3,144,67,198,176,126,192,33,33,174,66,234,207,114,143,80,3,163,102,198,166,6,230,62,3,254,112,198,166,
    244,201,7,218,48,79,232,17,146,216,120,152,56,39,135,113,209,177,49,212,116,20,135,84,209,167,105,215,54,43,177,66,253,216,101,
    33,52,133,72,236,211,111,254,109,80,136,16,237,208,45,205,109,13,240,77,176,190,117,149,41,80,237,1,177,205,97,145,45,65,244,
    92,227,32,170,202,106,138,85,53,131,99,195,131,38,198,102,53,166,99,213,219,37,132,72,11,169,65,237,152,37,223,100,14,137,69,
    191,92,225,192,115,142,51,48,188,95,252,129,96,157,117,1,188,94,193,180,17,155,33,70,255,19,162,193,127,147,34,69,250,57,179,
    28,188,220,3,227,85,53,149,85,240,144,48,227,112,53,131,13,243,210,30,221,127,23,187,78,243,137,50,216,72,14,189,82,239,140,
    196,119,0,171,70,252,197,120,133,53,75,240,47,165,197,101,133,90,58,140,108,204,140,41,201,105,58,169,108,218,212,42,139,71,10,
    124,10,171,92,221,135,52,203,94,7,182,75,226,206,115,142,62,100,196,14,174,206,110,194,97,13,175,66,174,177,34,194,98,2,162,
    70,136,91,251,190,59,219,38,27,136,6,231,215,106,151,94,25,164,67,246,153,52,210,57,40,187,6,222,198,59,134,123,27,187,91,
    209,44,145,95,84,244,8,223,140,44,233,73,41,137,105,177,140,113,255,73,41,172,17,223,130,104,151,49,73,236,0,223,191,9,233,
    0,192,101,5,165,118,229,160,22,152,102,64,195,9,169,201,105,246,101,5,165,69,229,216,22,197,101,32,165,69,184,133,22,152,121,
    156,65,27,168,87,178,207,114,231,86,27,191,0,188,173,62,131,91,67,190,3,254,158,62,222,35,30,227,109,166,198,122,131,62,82,
    43,87,251,11,183,219,106,146,17,91,251,27,187,164,55,215,119,23,183,10,196,151,55,242,119,23,234,87,196,202,43,149,75,20,168,
    237,144,45,203,106,68,249,4,209,160,45,201,54,74,155,72,181,173,117,200,53,8,168,72,232,213,40,149,91,80,240,12,180,200,100,
    221,97,141,60,65,237,0,188,196,71,141,45,77,237,114,225,129,33,193,97,92,146,65,225,164,33,193,60,1,146,28,253,195,15,204,
    53,221,113,4,185,67,248,146,21,217,122,25,164,5,182,203,118,245,121,26,185,68,165,216,48,196,121,27,132,113,212,222,110,134,58,
    159,43,79,243,31,170,207,118,181,63,95,255,31,192,147,51,211,115,19,238,96,243,147,22,211,115,78,179,96,174,143,113,253,112,13,
    76,237,154,27,193,114,13,152,65,240,141,36,136,53,72,248,34,130,200,104,136,40,4,167,75,233,132,104,247,100,4,161,68,228,161,
    216,174,24,238,88,56,152,120,206,192,32,145,44,81,152,95,226,133,48,223,114,20,255,110,253,192,24,128,125,64,189,93,253,157,96,
    150,107,229,46,78,242,101,246,150,19,243,83,51,147,11,246,203,5,243,83,22,235,101,248,210,109,136,51,86,250,101,197,179,19,243,
    10,175,79,239,188,47,234,92,82,172,10,137,195,99,131,35,60,175,79,234,143,47,234,74,60,138,124,202,170,10,234,92,82,178,13,
    152,73,244,152,108,145,44,51,133,101,224,221,32,157,96,0,133,101,229,128,32,192,61,51,253,25,134,204,108,140,44,51,160,64,229,
    89,249,188,28,234,92,42,156,124,220,188,10,132,100,91,147,90,251,129,117,136,53,48,187,64,248,219,19,218,123,1,251,114,250,129,
    246,159,51,252,113,18,186,52,190,222,126,158,65,18,178,87,242,146,23,247,65,55,129,119,215,183,23,225,47,15,240,106,251,134,42,
    84,14,189,66,167,218,103,150,49,109,231,7,167,199,24,203,107,14,171,75,206,174,24,238,88,46,142,110,206,184,118,214,41,51,162,
    8,164,115,255,156,63,194,35,80,237,16,207,156,25,249,79,57,153,1,161,185,60,220,79,47,225,83,154,208,112,144,48,47,188,92,
    176,85,245,176,16,230,80,38,144,112,208,176,6,136,104,87,141,92,225,141,1,248,117,16,190,87,244,156,55,205,57,68,249,124,247,
    55,207,44,54,167,90,246,186,3,206,107,5,172,79,231,140,54,140,78,7,164,86,136,194,98,130,34,61,174,78,235,142,46,235,75,
    244,66,52,130,98,194,162,20,154,122,69,155,68,248,130,63,194,100,5,235,22,171,190,15,194,102,89,229,116,231,218,2,154,103,90,
    120,24,184,88,165,152,101,235,32,64,252,4,184,212,102,132,56,84,228,24,180,197,100,157,30,84,244,20,180,171,56,216,125,24,184,
    52,148,98,212,162,20,244,84,52,130,12,236,211,14,212,103,24,253,0,189,168,25,212,112,79,243,98,241,204,20,140,113,76,177,81,
    138,42,151,106,87,153,18,178,206,118,138,38,85,246,22,170,198,118,138,38,84,246,15,140,198,102,134,38,57,170,74,239,138,42,239,
    6,240,70,48,134,102,198,166,16,158,126,65,141,78,236,132,40,221,96,26,161,75,219,157,46,193,124,31,174,93,234,129,44,214,47,
    133,56,73,210,50,184,216,120,152,116,23,187,89,244,216,7,212,116,73,135,84,199,201,52,212,116,20,180,103,169,138,120,133,56,49,
    79,242,149,32,207,98,4,239,126,237,208,8,144,109,80,173,77,237,141,112,205,48,62,245,21,169,190,45,205,72,40,136,104,200,208,
    230,219,21,227,67,6,251,117,232,194,125,153,35,70,234,117,213,163,3,227,99,6,166,70,213,134,3,245,59,5,227,32,170,202,106,
    211,12,223,127,66,140,95,204,194,63,223,127,31,191,108,162,129,125,231,118,11,167,19,174,211,12,250,90,58,154,122,218,172,63,223,
    48,141,112,77,131,117,213,163,109,138,22,92,252,28,188,163,48,208,45,35,176,99,173,144,48,208,112,16,131,13,238,210,26,211,114,
    177,5,184,197,0,203,112,8,235,99,234,139,49,139,66,10,177,77,228,136,79,133,37,69,229,122,233,137,116,250,105,58,244,73,233,
    66,226,130,17,159,124,64,154,75,246,154,29,199,116,11,238,19,174,223,127,164,46,78,238,14,209,130,34,159,81,2,145,31,226,130,
    251,155,59,232,38,5,249,99,242,143,35,244,120,27,184,69,164,215,106,151,84,24,187,88,229,196,121,209,101,24,186,101,208,181,127,
    50,80,240,12,160,209,120,144,44,64,241,24,181,201,74,128,32,64,224,127,236,140,113,255,108,63,241,76,236,140,44,204,95,81,178,
    71,157,76,241,157,17,232,101,0,174,71,228,140,39,221,41,84,233,108,231,156,36,135,93,12,177,93,209,168,37,192,110,7,164,76,
    188,70,188,190,55,212,102,120,242,18,178,210,13,222,126,67,141,94,205,195,62,222,126,30,190,109,163,128,124,226,125,1,187,70,251,
    84,245,219,102,155,78,63,178,86,169,213,4,215,42,50,234,87,170,151,55,215,119,74,183,10,196,207,111,147,43,87,251,9,171,215,
    132,52,72,228,23,182,205,78,132,36,68,228,123,232,136,117,251,104,59,245,72,232,136,40,200,91,85,182,10,215,141,62,193,36,89,
    45,56,137,68,224,223,99,242,97,92,132,28,225,220,33,193,97,1,252,65,188,178,121,153,37,93,225,13,190,221,125,129,45,93,225,
    86,231,0,191,252,118,150,54,86,137,90,250,199,9,218,73,71,186,90,250,154,58,233,39,4,248,116,247,149,61,209,100,25,163,88,
    187,107,237,158,49,204,111,30,173,90,241,156,38,159,34,95,238,53,149,223,127,159,63,117,255,31,191,223,51,208,124,30,179,31,192,
    36,196,65,89,249,65,185,183,33,193,87,89,187,8,181,200,1,198,123,28,169,70,235,141,102,247,100,89,129,25,228,217,36,196,100,
    221,32,29,224,110,165,197,121,238,125,29,152,120,216,184,24,128,125,64,142,120,216,157,96,238,115,89,230,5,184,221,113,238,78,56,
    83,51,179,86,246,150,5,214,83,37,235,85,179,240,122,154,58,90,133,86,246,179,107,139,115,75,133,83,243,165,107,201,52,46,191,
    251,151,99,158,35,65,8913,1,137,195,99,131,35,60,175,79,202,210,114,202,50,60,170,74,220,210,48,141,69,12,173,87,163,222,99,
    169,34,217,97,66,138,67,226,152,98,235,99,24,164,77,225,174,35,192,104,102,236,12,172,204,19,192,96,37,253,29,229,221,19,197,
    60,234,36,6,251,97,240,141,33,230,124,15,176,21,168,213,100,141,31,85,245,21,181,170,57,217,92,68,228,92,164,170,60,220,74,
    143,109,80,138,91,230,138,29,209,114,17,172,13,190,195,126,253,113,18,177,76,173,208,56,204,113,19,140,121,220,214,108,142,46,82,
    7,182,223,119,139,39,86,255,18,174,237,103,135,39,71,152,75,235,174,118,150,110,86,152,78,238,184,118,212,41,37,166,68,236,128,
    226,159,37,222,116,51,191,92,255,130,99,144,45,80,147,95,252,159,34,131,62,22,162,95,253,162,23,242,56,67,229,28,176,193,104,
    213,121,139,43,80,211,25,185,217,121,230,117,21,144,8,168,144,104,230,112,16,134,8,234,215,10,208,99,28,249,4,185,172,29,208,
    15,240,12,221,142,115,235,51,14,243,78,238,142,46,147,110,83,157,22,182,202,114,142,34,81,240,14,162,210,110,130,49,80,235,40,
    235,11,171,203,20,199,103,34,250,26,226,218,20,194,98,52,250,88,165,187,36,216,98,31,162,68,229,203,118,139,94,47,162,70,185,
    26,203,152,101,253,37,24,229,88,248,152,56,133,120,69,139,0,160,220,101,152,52,89,236,0,184,212,100,152,52,69,230,29,158,212,
    189,221,125,244,115,14,169,92,243,158,56,147,66,17,236,116,172,145,108,209,113,17,177,12,241,204,2,137,41,85,130,81,241,180,20,
    79,47,143,23,234,215,25,239,79,10,247,121,228,206,113,147,47,74,230,121,234,138,15,151,55,15,247,121,239,143,25,151,117,79,232,
    44,160,93,225,138,61,253,110,11,166,90,252,207,114,143,90,43,166,66,161,176,35,158,70,94,163,30,227,131,35,195,62,3,254,112,
    236,12,176,200,116,152,32,81,210,50,184,216,120,152,18,88,248,24,184,148,55,219,121,20,248,103,209,177,52,137,116,17,177,81,209,
    112,144,94,80,181,1,188,193,8,207,114,21,160,79,226,132,111,254,109,80,136,16,237,208,45,205,109,13,240,77,176,190,117,149,41,
    245,102,6,131,99,195,163,3,155,102,91,149,99,195,134,123,245,104,66,253,28,163,198,106,245,85,35,131,99,227,134,38,198,85,6,
    90,44,226,92,186,249,115,147,51,83,140,122,218,159,98,223,122,26,186,122,162,194,12,130,103,93,135,86,235,135,115,142,51,81,10182,
    94,214,28,188,220,124,227,85,53,176,13,240,149,53,213,85,77,237,99,173,136,114,250,115,18,168,28,161,220,25,210,105,17,242,122,
    138,43,209,43,34,170,81,237,132,40,231,106,9,161,47,165,197,101,133,90,44,140,73,180,137,44,204,108,44,244,20,218,212,49,139,
    26,203,118,26,157,71,244,139,110,147,46,95,253,36,174,206,110,142,81,39,135,66,191,130,39,199,103,39,255,31,209,223,58,128,90,
    210,111,3,148,88,251,152,37,132,55,74,247,116,248,155,56,197,36,89,177,69,248,154,5,240,85,95,229,7,167,219,119,134,47,71,
    12,160,209,120,149,41,106,224,0,160,192,31,233,73,12,241,76,233,137,41,233,49,81,159,17,244,206,2,193,99,11,167,82,239,149,
    231,141,10,198,101,6,187,26,169,212,105,234,102,5,166,91,186,199,47,219,102,4,155,110,203,193,122,156,37,73,248,17,165,201,123,
    192,123,184,50,82,242,18,205,187,27,222,35,30,187,91,251,187,99,131,77,67,166,28,193,155,40,215,50,79,242,103,214,155,63,128,
    117,228,119,74,146,10,247,202,55,215,119,23,234,87,170,164,111,143,51,75,247,27,168,201,119,155,43,87,251,8,169,210,81,155,59,
    228,4,219,173,13,200,53,8,173,77,237,173,117,149,91,85,176,10,212,139,55,205,112,13,171,74,164,217,100,241,64,13,169,22,170,
    114,225,220,4,156,97,92,161,65,225,129,124,193,60,50,249,25,165,220,97,141,32,89,249,1,173,221,97,141,60,95,228,39,173,205,
    182,214,31,216,101,2,183,88,245,147,120,233,122,71,159,7,250,199,58,218,122,26,231,90,167,169,98,130,62,41,186,90,223,191,31,
    182,22,142,115,78,128,118,214,147,110,224,125,87,232,8,182,211,127,224,86,54,179,14,243,150,54,214,86,78,238,96,174,139,118,145,
    43,167,90,230,141,58,250,105,12,161,93,251,200,117,136,93,44,161,69,166,183,36,153,65,89,164,25,228,132,36,196,57,4,249,119,
    229,5,185,193,125,145,41,88,219,59,177,209,113,145,27,81,241,17,177,157,62,210,112,29,241,110,216,184,24,248,125,64,189,93,248,
    83,246,150,19,214,69,75,175,26,167,218,19,212,105,14,187,84,249,159,116,229,118,75,147,11,246,203,54,214,118,22,235,86,171,165,
    151,55,75,156,79,239,170,10,234,74,42,242,79,178,188,10,234,111,82,156,65,171,212,123,138,47,67,156,74,234,143,114,252,111,82,
    69,37,165,115,224,179,125,199,37,102,236,12,172,204,19,229,69,37,133,64,189,128,32,197,101,0,160,101,224,179,125,217,34,34,173,
    24,176,21,168,213,10,217,121,60,156,124,220,188,100,217,36,42,156,124,249,196,10,215,61,66,236,28,159,213,117,149,53,42,156,124,
    151,119,242,207,50,210,119,23,178,82,215,146,1,143,107,80,141,87,228,155,126,131,62,43,154,87,243,204,112,225,114,79,151,15,242,
    118,203,107,11,171,22,235,214,24,147,51,79,247,11,167,214,127,146,43,71,246,11,167,202,114,145,46,109,231,7,167,199,24,238,78,
    249,89,28,225,92,252,153,57,220,124,57,188,111,161,133,126,224,127,3,185,68,249,159,62,144,45,80,133,116,249,157,98,158,79,28,
    40,48,232,85,168,149,53,213,117,72,181,8,198,205,109,145,41,85,249,9,181,217,105,149,57,76,239,16,147,217,121,153,57,38,144,
    203,171,11,206,51,14,174,75,235,142,46,235,110,61,243,87,172,160,35,193,105,5,176,77,247,140,38,225,109,14,173,80,177,194,127,
    203,20,199,103,7,250,66,226,162,39,199,58,7,250,116,186,138,65,139,43,75,235,116,194,162,2,226,103,90,167,71,226,130,39,199,
    29,216,75,69,161,26,214,149,55,223,115,6,187,65,250,144,0,198,117,26,167,68,245,134,49,218,119,13,244,9,180,196,122,130,30,
    157,61,93,253,98,212,180,20,244,113,76,177,81,244,148,49,209,84,17,130,12,232,211,31,210,111,25,184,79,206,148,39,216,77,20,
    94,227,138,102,155,38,86,204,6,166,198,102,249,79,47,143,111,234,215,42,202,111,15,170,74,207,138,25,151,115,72,149,69,244,137,
    227,131,13,206,125,59,167,70,236,132,33,202,124,28,239,18,175,221,69,143,47,79,239,112,198,166,6,230,99,94,163,67,230,134,35,
    148,17,212,71,73,173,22,219,153,54,206,121,11,139,81,226,157,120,133,56,45,156,81,245,202,118,231,116,73,145,9,244,201,52,212,
    13,173,16,237,208,30,149,53,73,241,13,161,209,109,129,49,77,225,17,168,235,97,129,33,65,158,104,200,168,8,205,48,13,173,72,
    163,70,230,163,38,245,59,31,228,107,255,158,37,199,107,30,163,73,201,139,36,220,107,25,153,67,240,143,106,151,42,47,164,95,231,
    29,210,134,39,220,126,18,167,90,240,160,58,201,118,93,138,57,153,211,115,147,51,31,188,80,242,159,115,236,90,58,191,95,255,159,
    240,205,109,227,85,16,149,117,195,205,42,156,33,92,149,82,239,136,61,210,127,25,242,99,240,205,21,141,112,77,176,80,240,144,109,
    105,84,154,17,177,205,26,201,105,44,140,108,204,172,116,201,52,58,140,108,233,212,26,199,45,93,245,12,169,197,26,236,76,44,140,
    2,255,66,226,135,39,194,98,39,162,113,191,155,103,164,46,78,238,14,209,167,7,194,98,2,162,66,191,223,17,231,98,39,135,113,
    230,65,185,167,54,211,115,30,185,80,183,202,119,226,83,30,186,25,200,155,102,254,38,27,230,91,251,155,59,134,123,70,136,3,163,
    104,144,44,64,246,9,138,192,96,128,32,63,137,105,236,140,44,204,108,81,241,127,201,140,9,233,95,81,182,14,200,143,50,201,122,
    198,103,29,168,69,200,133,32,206,103,4,172,71,253,201,116,137,76,7,188,68,167,161,38,219,96,19,166,71,253,136,37,232,101,0,
    117,28,191,87,252,134,124,241,119,28,166,87,224,248,114,146,50,82,141,123,219,158,62,222,126,30,227,3,205,187,62,251,91,45,227,
    13,245,104,244,137,47,244,105,31,190,73,187,198,123,254,117,14,182,21,200,148,41,207,84,9,191,94,233,213,23,218,98,20,174,79,
    171,54,192,97,22,206,46,164,196,100,132,104,11,167,69,232,196,27,200,53,13,155,72,181,187,40,200,104,85,168,72,219,213,51,132,
    112,141,68,3,190,89,236,131,46,200,35,50,161,28,196,220,33,156,97,1,161,65,188,129,124,242,57,89,229,114,225,129,4,228,68,
    255,95,71,186,7,201,191,31,218,39,41,180,30,174,199,127,154,54,41,159,127,223,191,58,135,122,26,191,95,250,154,31,218,73,71,
    106,86,213,31,191,223,127,224,115,78,182,96,243,206,0,211,115,19,238,83,243,160,110,200,49,47,190,91,251,150,49,216,75,16,175,
    168,213,104,253,76,1,165,6,215,132,121,225,57,4,249,68,228,132,36,153,100,89,151,28,188,192,120,132,40,89,250,1,130,200,104,
    209,113,238,125,64,184,110,253,192,14,221,125,29,224,93,253,174,96,198,63,33,176,85,245,152,63,214,83,30,165,69,254,156,113,140,
    122,239,94,19,183,20,197,150,107,243,43,22,235,86,246,150,54,139,118,75,133,14,174,210,106,150,58,75,232,19,144,240,122,154,58,
    227,41,163,195,99,131,111,12,160,66,239,195,28,207,50,82,242,18,202,143,47,146,74,42,170,124,178,155,99,158,35,42,173,80,247,
    77,226,143,41,130,83,0,253,101,189,128,125,192,96,0,160,29,224,221,19,152,56,68,147,64,224,165,5,229,69,37,253,64,189,179,
    220,188,57,132,74,23,253,13,167,220,121,149,74,28,188,89,164,170,57,132,92,60,188,106,249,170,100,222,60,127,245,21,181,213,10,
    146,111,143,47,79,151,82,242,207,23,247,119,33,239,70,176,176,63,211,123,94,227,30,193,146,50,247,87,55,151,119,175,146,111,225,
    46,142,75,182,184,37,143,63,84,238,45,167,199,103,135,88,11,246,22,182,214,14,203,107,86,142,110,238,184,118,223,41,52,174,93,
    181,16,173,208,5,244,121,29,226,30,207,156,97,249,33,28,225,92,252,156,60,129,124,65,143,4,164,216,97,156,48,93,225,9,165,
    21,185,200,117,153,52,79,239,16,147,217,121,153,57,38,181,8,168,200,104,240,117,21,232,112,208,144,6,136,97,87,137,86,234,144,
    214,107,13,172,2,191,194,23,230,107,15,240,12,221,142,115,235,51,14,243,78,238,142,46,147,110,83,157,22,182,202,114,142,34,83,
    50,91,231,11,187,199,107,157,58,66,193,11,171,203,107,244,103,90,250,26,186,162,39,199,58,34,130,66,212,218,51,133,73,10,168,
    31,179,70,251,129,58,208,64,6,181,90,231,132,53,198,113,26,183,77,180,201,116,133,30,126,244,20,180,212,94,148,52,84,244,88,
    178,94,252,145,125,226,113,76,148,81,194,180,49,209,84,52,177,81,172,162,108,196,61,64,253,116,243,142,41,220,115,30,184,19,194,
    42,151,79,87,170,23,234,138,42,202,55,10,247,121,178,210,110,249,106,10,143,111,207,175,15,151,106,87,153,111,207,138,119,249,100,
    135,55,91,230,3,175,176,38,195,99,38,254,67,190,131,35,230,70,3,163,102,208,222,37,134,5,79,239,15,175,176,35,158,70,3,
    71,49,180,84,209,177,52,212,41,39,233,65,182,182,57,213,125,88,229,24,199,148,52,241,81,49,145,113,169,148,105,231,81,49,180,
    176,190,35,137,57,84,232,43,161,193,97,129,94,13,240,104,237,190,8,205,109,40,136,77,237,208,30,144,120,79,146,72,251,132,97,
    215,106,255,78,3,167,24,164,181,38,155,67,91,166,27,230,134,38,198,59,6,251,117,190,222,98,154,38,74,249,24,186,198,106,155,
    127,147,62,65,227,26,153,211,115,147,51,44,191,2,218,159,12,250,127,31,154,122,255,159,98,236,34,10,253,99,252,128,58,199,122,
    211,114,92,225,28,201,184,53,209,46,82,131,80,173,181,109,208,45,16,176,80,240,205,48,141,67,72,232,20,173,208,124,145,47,79,
    21,169,197,117,137,37,84,245,12,143,197,101,133,37,58,169,20,204,137,26,236,105,9,140,108,233,137,116,250,52,28,235,103,228,134,
    229,137,60,193,123,0,170,122,252,143,32,221,126,15,188,75,224,141,55,142,51,78,255,36,132,206,110,142,46,2,161,77,239,130,110,
    168,59,219,123,70,158,126,251,190,30,134,72,27,136,6,237,215,106,151,94,25,164,67,246,153,52,210,57,40,187,6,222,198,59,134,
    12,172,76,236,209,44,145,95,84,244,8,223,140,44,233,73,41,137,105,177,140,113,255,73,41,172,17,223,130,104,152,54,73,236,0,
    150,69,184,160,37,246,64,5,165,96,192,133,37,152,86,88,176,0,131,201,105,137,41,54,165,69,229,216,0,224,101,32,128,24,214,
    94,205,195,40,156,68,23,160,70,251,145,51,222,83,30,187,85,252,159,55,220,102,82,239,18,215,156,39,223,60,36,183,64,230,155,
    248,154,55,250,119,18,188,85,246,158,53,207,53,57,180,79,239,148,54,177,59,91,251,27,196,151,55,215,42,50,146,87,210,178,106,
    91,8,155,21,254,202,20,197,96,0,173,74,227,196,121,132,81,32,173,73,170,187,40,149,77,85,168,21,232,136,40,200,53,8,245,
    50,249,25,165,221,97,141,60,93,228,39,135,205,109,141,45,103,237,13,173,205,43,216,99,14,185,68,226,131,109,242,97,1,161,65,
    186,127,250,199,9,255,95,71,186,7,201,199,102,140,88,25,162,95,240,143,126,219,101,17,130,95,226,154,51,154,54,27,165,81,210,
    90,236,156,115,159,123,10,173,94,235,150,48,209,54,117,255,31,191,223,127,159,63,95,187,74,237,158,43,214,112,17,255,2,191,155,
    221,122,9,188,65,231,134,104,199,122,72,251,6,189,226,104,136,40,72,232,8,168,200,36,199,107,9,164,8,215,132,1,225,100,4,
    125,64,189,120,216,184,24,216,88,56,142,3,161,209,108,145,88,31,162,69,240,159,50,212,63,46,189,0,216,192,61,128,125,29,189,
    22,235,86,171,165,110,142,50,37,182,86,211,179,19,243,83,75,182,11,197,179,19,214,43,37,184,18,162,205,115,150,58,37,182,11,
    170,47,252,74,15,175,106,202,143,47,146,92,82,186,10,137,195,99,131,35,67,227,3,163,188,47,234,74,15,175,79,178,143,10,234,
    5,229,101,37,133,115,190,220,98,255,101,22,169,12,177,204,25,232,101,1,254,2,211,128,125,229,61,0,253,64,224,128,32,157,96,
    132,74,65,225,29,164,217,117,133,57,85,229,25,181,195,109,156,31,85,245,21,181,213,117,149,53,42,185,124,220,153,57,217,36,25,
    87,55,151,119,247,183,23,225,44,78,240,124,255,157,53,217,108,17,171,80,250,189,49,210,113,12,237,30,163,222,29,209,114,17,172,
    180,201,33,213,104,10,149,96,197,207,117,146,43,71,246,21,171,199,118,145,46,109,231,7,167,199,103,135,39,71,152,75,206,174,43,
    156,60,129,124,57,153,121,217,153,25,249,79,66,224,30,210,145,51,219,119,2,191,69,254,148,4,194,113,30,163,64,241,130,53,222,
    58,192,57,68,249,9,183,192,83,153,57,89,249,25,185,217,121,230,117,48,144,85,245,149,104,213,80,48,144,112,240,176,16,230,43,
    242,12,192,141,48,198,103,16,145,75,248,135,18,203,122,7,174,2,191,194,114,168,34,66,226,2,162,194,98,130,75,12,177,86,227,
    69,232,142,101,244,103,90,130,26,231,218,39,199,103,7,250,71,186,180,127,159,35,52,167,71,194,162,2,226,66,90,167,26,212,162,
    221,152,101,235,118,92,236,12,189,216,116,235,120,61,157,88,248,152,101,216,93,61,157,125,253,189,29,235,38,68,253,26,215,155,38,
    147,56,207,79,28,185,84,232,142,125,128,61,40,153,84,240,211,2,209,44,52,236,81,172,145,49,209,113,76,177,12,194,201,105,149,
    86,234,6,183,214,111,172,38,70,230,6,166,198,102,134,106,9,165,71,234,198,25,202,106,10,175,111,234,138,119,207,55,10,170,121,
    253,30,175,210,111,230,97,28,187,78,225,140,42,129,80,3,254,102,190,131,126,195,99,3,163,30,227,222,16,155,59,71,144,67,227,
    113,209,177,17,241,41,20,233,103,209,177,52,137,71,26,240,0,161,209,116,152,71,20,145,113,244,148,52,137,116,49,145,113,209,145,
    232,72,62,243,17,168,235,97,129,33,65,225,1,161,193,30,205,109,13,168,104,237,141,112,200,48,13,173,126,179,208,111,226,110,13,
    101,24,234,23,170,181,38,155,99,3,166,27,213,134,38,155,99,53,251,18,128,202,106,138,42,74,234,10,170,181,38,198,102,3,131,
    31,191,2,250,194,63,223,76,65,226,29,199,155,58,208,120,29,182,64,224,211,110,147,34,93,230,57,153,211,115,147,51,83,243,19,
    252,80,243,159,61,208,60,35,149,99,173,149,48,141,112,77,176,13,240,149,3,142,46,92,225,28,213,146,47,200,125,18,191,89,178,
    26,201,52,44,244,73,180,137,41,201,105,84,169,20,218,209,113,141,90,9,169,108,204,172,12,236,52,9,244,122,204,172,41,148,90,
    204,38,87,254,7,162,206,17,194,71,39,162,66,226,223,34,231,71,39,135,71,199,167,17,156,62,71,196,14,174,206,110,142,46,78,
    55,40,158,104,166,158,59,134,123,70,187,6,251,158,8,133,37,89,131,82,239,131,119,138,55,26,164,80,195,158,35,219,114,87,184,
    242,192,31,204,108,41,137,105,201,169,113,204,49,63,137,105,236,209,31,194,40,89,241,9,138,192,96,128,32,64,224,0,160,191,9,
    182,120,192,101,88,165,24,229,216,37,192,86,91,251,7,207,134,39,221,41,84,233,108,231,156,36,135,79,6,167,93,167,174,38,221,
    58,211,127,48,189,94,246,248,114,146,50,82,242,18,178,210,13,251,77,67,187,94,163,158,99,222,35,30,187,109,160,192,124,230,119,
    195,111,40,178,65,254,219,102,155,42,79,209,27,187,219,123,155,59,91,251,100,210,164,106,210,119,74,183,10,247,202,55,210,68,73,
    22,170,176,33,220,112,39,171,72,235,150,119,132,57,68,135,75,232,139,54,151,42,2,182,75,233,182,3,230,44,86,241,17,168,196,
    191,216,120,129,45,95,248,24,164,231,109,141,45,77,237,13,173,205,18,228,82,92,164,65,188,129,124,193,60,1,164,114,191,223,99,
    166,57,197,127,2,191,89,248,214,107,150,67,50,191,91,164,216,9,218,39,63,231,90,167,154,58,218,122,71,186,7,201,194,98,158,
    111,147,63,78,235,19,191,207,115,159,46,79,246,53,191,223,127,159,63,95,255,31,192,182,0,142,118,19,238,83,174,147,110,211,118,
    151,26,186,198,27,193,114,13,232,21,168,189,12,193,101,90,230,119,228,217,1,153,100,89,164,68,228,132,121,196,57,55,252,28,160,
    0,189,209,124,131,41,93,241,1,189,209,99,129,56,123,241,17,177,209,113,145,49,81,142,120,206,192,56,221,32,29,224,93,160,157,
    243,165,104,136,52,46,191,66,238,162,27,214,115,29,180,87,255,148,46,154,39,90,159,84,239,151,116,238,127,2,174,98,219,150,51,
    100,13,174,70,237,151,109,239,102,5,183,41,163,195,99,131,35,67,227,3,220,170,28,146,106,15,242,79,178,143,114,207,106,60,241,
    94,226,110,237,143,39,203,126,3,185,66,232,184,62,205,98,31,188,77,254,137,34,207,117,76,241,12,189,230,70,140,44,76,236,12,
    245,21,181,153,58,214,116,25,245,106,220,196,57,234,121,68,185,92,249,196,100,234,39,70,245,8,181,188,59,198,97,20,187,86,240,
    16,193,146,111,247,47,18,239,82,242,146,50,143,114,79,129,10,170,214,1,210,114,55,151,119,215,183,111,210,47,33,151,119,242,207,
    248,101,79,254,21,174,203,103,248,107,46,142,75,235,139,118,203,78,46,142,110,238,174,14,248,53,87,238,45,167,199,103,135,39,71,
    48,80,143,121,161,156,15,220,33,28,185,92,161,193,15,130,35,94,132,85,232,132,112,141,48,29,163,87,212,149,35,211,48,31,162,
    89,251,27,147,217,121,153,57,89,249,25,185,166,16,136,117,38,181,8,245,144,53,136,40,38,235,10,183,191,54,215,109,89,228,25,
    167,44,215,111,76,132,77,236,150,108,229,109,22,170,67,239,232,98,130,34,66,226,2,162,194,29,235,51,14,157,78,179,142,43,206,
    122,154,84,89,248,5,223,142,51,223,88,2,177,78,171,214,107,154,57,97,235,11,171,203,107,139,43,75,148,98,186,135,20,199,58,
    216,125,24,229,5,203,198,103,154,64,17,172,64,215,155,56,219,102,71,244,9,180,183,59,216,123,6,231,26,242,134,59,217,70,51,
    95,85,239,12,173,209,125,140,36,77,241,29,172,196,104,148,23,93,253,29,189,221,125,157,61,34,148,12,241,162,49,140,113,20,177,
    183,215,25,148,53,72,150,73,245,143,50,207,105,8,230,27,166,179,2,207,107,84,232,121,234,215,15,151,106,87,170,74,234,138,119,
    131,126,240,59,91,231,31,163,207,126,155,35,79,255,3,175,220,123,134,5,79,239,15,175,207,111,143,47,48,134,30,227,176,35,158,
    52,209,116,73,233,103,170,203,118,235,113,2,189,24,165,216,13,252,113,21,234,22,199,148,105,241,41,20,233,84,244,148,52,137,116,
    240,126,181,213,105,144,45,65,236,19,185,205,97,145,45,65,243,23,168,235,97,129,33,65,225,1,161,193,30,232,48,13,158,77,176,
    70,227,134,123,155,85,88,249,4,222,143,50,222,82,43,166,67,237,132,39,207,100,30,234,23,170,175,36,223,103,68,158,79,242,158,
    203,178,63,218,116,29,190,86,253,135,125,255,118,21,167,57,179,211,115,147,51,83,243,19,204,186,98,223,76,31,226,95,250,159,98,
    205,3,142,47,82,136,89,228,136,11,206,125,12,172,89,248,220,97,156,104,14,169,89,150,220,124,156,60,92,252,28,188,163,21,141,
    9,154,73,180,137,44,201,52,84,154,23,182,203,7,196,102,14,162,87,234,144,43,193,81,23,164,75,246,149,36,215,96,11,166,92,
    238,19,174,223,68,164,46,78,238,14,174,206,110,142,4,78,238,14,174,206,110,142,46,49,162,103,199,130,34,194,63,2,135,103,199,
    126,254,190,30,232,37,71,249,103,248,132,62,195,126,24,185,23,170,215,2,243,126,26,229,25,200,155,102,254,38,27,230,91,251,155,
    204,49,12,241,127,180,212,104,144,44,64,240,12,160,209,108,128,49,80,233,42,160,192,96,128,32,64,224,0,223,140,9,233,108,12,
    101,88,165,96,192,160,0,192,64,32,150,27,185,199,11,200,106,2,174,91,230,156,39,205,93,27,168,71,250,153,40,219,108,7,170,
    11,242,15,178,195,88,146,50,82,242,18,178,210,114,237,91,45,227,91,254,195,62,131,126,67,190,91,205,192,96,156,70,23,170,70,
    143,73,250,149,40,203,122,9,190,85,248,130,123,134,59,74,209,27,187,219,123,155,59,91,251,100,210,202,55,228,119,74,183,82,247,
    117,149,91,86,247,10,208,129,60,208,80,22,165,74,247,148,37,214,97,10,167,93,164,217,100,149,14,68,228,4,164,196,100,132,36,
    249,122,8,168,67,222,136,63,219,100,14,168,23,206,159,40,204,121,8,229,114,225,164,4,193,97,1,252,65,196,164,4,228,100,36,
    95,41,228,6,186,214,2,193,115,19,184,127,248,144,57,152,73,26,231,127,167,154,103,218,122,26,186,7,250,199,9,130,34,94,230,
    81,236,10,179,223,26,209,106,18,241,122,254,140,54,209,120,44,171,70,243,154,113,238,106,30,187,19,191,186,49,202,114,81,154,94,
    155,33,198,111,44,161,90,237,139,60,193,103,6,230,103,253,156,97,132,40,19,194,8,168,200,104,136,40,72,232,8,168,200,104,248,
    62,194,120,5,184,94,255,209,108,145,68,53,184,92,163,223,14,221,32,56,224,93,160,157,61,221,125,64,189,0,206,197,101,153,33,
    150,58,74,246,26,171,214,122,151,69,22,147,115,246,150,54,139,118,51,147,115,211,147,19,243,69,72,234,20,201,147,32,223,52,35,
    13,204,133,37,208,102,23,227,14,163,210,115,138,47,105,227,3,163,195,99,131,35,67,227,3,163,195,1,194,96,8,164,81,236,150,
    226,136,24,222,109,2,191,92,237,158,41,194,111,21,236,17,172,220,98,157,6,76,236,12,172,204,108,140,44,17,229,22,220,128,45,
    140,125,156,31,85,245,21,181,213,117,149,53,33,162,80,240,155,6,208,103,3,188,86,240,207,22,199,112,20,161,80,189,170,28,234,
    111,215,114,79,178,15,242,207,50,215,65,76,236,18,190,170,41,219,123,16,151,80,248,145,112,225,114,79,151,15,242,207,50,210,114,
    171,22,235,214,24,147,51,79,247,9,180,210,110,139,39,28,231,115,226,159,51,243,117,6,169,84,247,134,53,194,105,4,190,7,186,
    16,160,208,45,153,42,32,188,81,233,216,121,186,48,80,240,16,176,208,112,144,68,7,181,85,254,163,53,194,102,25,179,85,170,179,
    235,156,56,205,124,81,134,112,168,149,6,213,40,21,176,85,168,200,6,139,42,85,249,109,238,156,60,215,80,23,191,86,183,166,53,
    51,43,243,78,179,142,46,206,110,83,174,19,221,214,118,138,50,76,241,23,171,206,98,217,34,54,167,90,246,182,48,195,108,17,178,
    10,185,78,229,136,50,139,54,75,251,11,246,194,113,251,103,10,178,3,162,225,65,139,43,75,235,11,171,203,107,223,106,24,160,5,
    176,81,248,149,45,156,112,1,166,85,224,157,59,218,56,84,178,65,250,151,32,221,123,26,252,29,158,212,116,148,52,84,244,20,180,
    29,189,221,125,233,106,24,184,83,206,152,47,203,116,30,184,7,222,143,56,220,105,24,245,98,241,180,20,209,113,17,236,81,212,180,
    239,79,15,143,111,217,212,118,138,38,50,177,67,227,136,15,200,96,9,232,121,234,215,15,151,106,87,170,74,234,138,119,202,55,57,
    59,91,231,31,161,220,99,143,74,1,186,66,161,170,46,220,102,1,168,124,251,150,35,202,33,62,186,78,235,195,111,234,97,26,162,
    86,157,89,235,145,54,223,92,17,170,93,251,140,49,215,118,86,145,86,177,212,120,195,18,88,248,24,184,216,120,152,56,88,248,24,
    193,97,129,33,65,145,78,242,136,53,200,110,15,225,28,161,180,5,200,108,83,239,126,237,208,8,144,109,80,173,77,237,141,112,205,
    123,245,62,94,226,26,166,202,122,134,42,91,230,10,187,218,99,134,0,74,234,10,170,202,106,138,42,74,234,10,170,202,106,138,42,
    241,114,16,184,84,225,156,38,221,119,39,161,82,253,128,35,210,97,22,189,80,234,211,110,147,34,121,243,19,179,211,115,147,51,83,
    60,92,252,28,225,213,102,236,112,29,165,20,181,246,124,156,60,92,252,28,188,220,124,156,60,92,136,75,249,153,50,239,121,14,170,
    236,134,32,159,70,23,160,68,241,128,109,250,76,58,244,76,233,212,41,148,105,84,169,76,218,215,119,137,37,49,178,64,224,139,12,
    128,40,193,32,49,162,31,199,223,34,159,98,2,162,66,191,130,127,241,58,90,230,30,160,221,103,130,46,21,238,122,235,150,58,250,
    37,214,121,4,167,86,229,146,57,212,110,87,234,23,166,215,42,158,45,39,187,86,238,223,126,189,55,87,247,23,183,215,119,151,55,
    224,0,160,180,55,197,101,14,147,69,242,150,41,195,101,90,131,82,229,129,52,197,40,63,137,17,236,191,44,145,108,9,172,17,177,
    118,187,218,101,137,93,30,172,76,231,160,39,207,102,71,150,69,184,160,120,197,56,5,165,69,229,216,37,152,86,93,253,1,185,199,
    161,219,126,146,105,82,134,87,234,134,6,192,115,28,161,66,243,128,55,220,113,11,242,15,178,195,114,207,59,72,130,94,243,139,122,
    210,81,155,59,91,251,27,187,219,123,155,59,91,251,79,250,136,48,149,108,26,178,79,179,203,117,136,46,82,209,27,187,219,123,155,
    68,228,4,164,196,100,132,91,8,141,109,232,136,40,149,104,45,141,109,205,141,13,237,91,86,244,30,192,129,55,208,118,11,189,12,
    228,39,173,205,109,141,45,77,237,13,232,131,41,132,7,77,237,13,173,136,35,201,7,103,237,13,173,205,71,141,45,77,237,75,248,
    88,245,130,63,217,120,86,137,90,250,154,58,218,95,26,231,105,223,191,103,218,39,41,231,6,172,166,58,215,111,37,185,67,248,146,
    183,140,48,202,113,27,150,91,179,223,41,208,115,10,178,90,182,245,127,159,63,95,255,31,191,223,54,217,63,17,176,75,191,140,48,
    125,6,172,97,236,200,39,218,40,27,167,93,230,140,1,204,40,85,245,8,170,202,104,220,96,13,166,8,250,141,60,221,122,6,232,
    20,191,85,155,209,113,145,49,81,241,17,177,129,50,208,125,29,249,87,228,159,50,197,120,30,191,25,184,251,113,145,49,81,241,17,
    250,26,186,218,122,154,118,21,185,91,246,218,5,243,83,51,147,115,211,179,19,214,118,75,147,115,246,165,104,142,58,71,250,115,244,
    48,215,98,13,160,70,173,188,47,146,74,82,175,18,239,143,47,207,50,15,242,124,183,215,107,252,111,15,138,106,202,170,10,146,111,
    157,83,37,133,64,189,179,46,132,53,95,229,5,134,204,108,140,44,76,236,12,172,204,108,140,44,51,133,101,197,165,5,229,69,37,
    121,25,228,124,220,153,10,135,33,91,134,90,224,155,49,252,113,85,232,21,230,154,32,219,113,60,177,63,181,213,117,149,53,85,245,
    94,254,30,190,222,1,247,87,55,151,119,215,183,23,210,114,79,151,119,242,161,108,138,48,40,177,82,235,147,59,158,35,94,168,81,
    139,50,202,98,71,168,85,167,214,77,135,39,71,231,7,167,199,103,135,39,71,231,120,206,174,14,238,78,46,142,110,235,139,118,238,
    25,220,79,66,228,30,192,145,34,213,126,4,240,13,176,175,57,220,124,57,225,92,161,156,60,249,89,28,188,121,207,193,58,186,48,
    153,57,89,249,25,185,217,121,153,57,89,134,112,208,176,16,240,80,48,144,85,245,200,16,240,117,38,235,13,163,169,53,216,96,81,
    11,136,194,98,130,34,66,226,2,162,194,98,130,34,61,139,107,203,171,11,235,75,43,174,78,179,171,11,206,93,80,246,12,199,140,
    239,142,47,145,72,4,165,69,238,136,63,131,109,30,165,72,255,130,36,197,35,66,235,116,194,162,2,226,66,34,130,98,231,135,122,
    189,29,216,75,70,224,14,208,145,39,192,102,27,173,28,189,212,49,218,112,93,222,20,180,212,116,148,52,84,244,81,250,144,125,190,
    125,157,61,93,184,83,249,247,87,157,61,93,253,55,189,221,125,157,113,18,190,92,241,221,2,140,113,17,177,81,212,180,20,212,113,
    170,74,183,185,116,147,38,91,230,64,231,138,53,195,12,70,230,6,166,138,41,197,103,10,230,121,183,175,15,207,55,10,170,111,234,
    112,227,131,16,157,57,79,242,15,225,134,35,143,47,101,197,15,175,207,111,240,99,3,134,30,190,134,126,240,102,6,144,30,252,193,
    213,151,45,203,125,58,173,76,236,151,54,137,91,20,177,91,243,194,27,215,118,22,189,91,236,208,62,205,118,27,172,81,247,150,112,
    40,107,225,1,161,193,97,129,33,65,168,71,161,143,46,213,33,62,240,77,237,141,45,232,72,40,168,77,237,141,112,254,51,84,225,
    30,162,79,228,224,106,138,42,74,234,10,170,202,106,138,42,74,149,27,230,134,38,198,67,35,131,67,230,134,38,155,85,88,255,10,
    238,19,231,129,38,214,25,83,243,19,179,211,115,147,51,83,243,19,179,249,115,147,51,83,243,19,179,211,115,147,51,83,135,68,246,
    89,242,175,57,206,106,21,191,89,166,191,46,217,125,8,185,20,195,149,53,208,45,35,176,13,213,181,53,227,112,35,237,87,176,220,
    241,114,0,160,75,204,139,35,202,43,58,169,20,204,212,41,148,105,9,169,73,180,137,116,250,49,81,237,21,171,214,105,133,64,11,
    123,3,224,107,239,157,39,192,105,61,186,87,226,139,96,255,123,15,170,2,174,171,32,219,99,64,139,79,253,135,32,201,74,7,188,
    18,180,67,254,152,57,153,94,25,152,66,227,222,123,151,108,125,247,23,183,215,119,151,55,87,247,23,183,215,119,151,55,87,132,94,
    154,37,128,61,64,149,100,233,141,114,142,95,12,241,105,177,140,113,204,108,12,172,17,236,209,31,148,52,72,240,12,160,214,112,140,
    105,153,37,73,255,25,160,197,67,137,41,73,233,9,169,201,105,137,41,73,233,9,169,201,105,249,102,26,160,93,224,134,39,137,52,
    146,71,54,187,95,160,220,13,222,35,59,227,94,163,158,62,222,126,67,190,3,205,198,102,154,35,94,242,31,165,194,126,146,34,94,
    59,74,239,18,183,241,123,155,59,91,251,27,187,219,123,155,59,91,251,27,187,219,25,218,120,16,188,73,244,142,53,223,79,9,186,
    234,151,52,197,118,1,170,71,253,196,121,132,52,74,253,17,142,196,100,132,36,68,228,4,164,196,100,132,36,25,237,30,212,136,37,
    148,101,132,7,77,237,13,173,205,109,141,45,77,237,13,173,185,58,200,104,3,158,72,255,155,36,206,104,87,142,95,232,140,57,200,
    126,233,73,63,137,90,167,191,31,218,39,31,231,90,250,169,103,219,58,86,130,65,243,147,56,255,120,16,185,24,201,154,103,255,39,
    211,46,19,179,83,243,206,51,142,64,75,235,23,175,209,108,150,51,95,164,31,203,141,62,209,108,15,190,77,250,145,60,198,63,66,
    8,185,200,53,129,50,56,164,73,241,192,97,162,40,72,232,8,168,200,104,136,40,72,232,8,130,200,104,136,40,72,232,8,168,200,
    177,209,113,238,88,56,152,120,253,192,61,221,120,24,189,93,216,157,14,128,100,95,135,88,226,152,51,221,116,81,236,17,247,144,61,
    137,63,176,58,90,250,26,186,218,122,154,58,90,250,26,197,150,107,139,43,75,147,86,246,203,19,243,115,37,235,66,180,172,51,201,
    10,161,79,230,195,126,131,101,2,175,80,230,233,99,131,35,67,227,3,163,195,99,131,35,67,156,124,202,170,10,202,111,15,175,124,
    160,101,211,221,35,130,90,5,191,69,238,128,41,140,49,76,170,77,224,159,41,166,6,76,236,12,172,204,108,140,44,76,236,12,172,
    63,181,213,117,149,53,85,245,21,181,213,117,149,74,68,156,124,252,196,57,217,92,25,138,89,249,170,103,131,53,72,245,124,251,134,
    234,159,48,221,123,80,129,82,175,183,111,210,47,18,178,82,242,207,50,143,65,74,234,22,193,146,50,247,87,55,151,119,175,146,111,
    88,46,142,75,182,184,37,143,62,83,238,11,167,184,46,203,107,46,246,75,182,139,43,238,78,11,171,110,216,214,45,142,13,71,231,
    80,240,16,176,208,112,144,48,80,240,111,161,185,25,217,33,28,188,121,252,175,60,220,79,66,230,30,195,153,42,213,48,77,240,101,
    157,80,244,203,119,230,117,72,144,8,245,200,53,213,117,21,232,85,168,166,109,141,49,73,245,25,173,205,117,153,41,85,249,13,173,
    107,168,34,66,226,2,162,194,98,130,34,66,226,2,221,211,11,235,107,83,174,78,203,142,29,206,110,61,240,20,172,178,45,209,107,
    223,98,4,165,11,182,203,30,239,98,6,249,5,212,135,122,226,58,7,250,71,231,135,39,154,103,90,148,31,191,195,122,135,43,70,
    33,66,248,20,164,216,116,133,44,93,222,20,180,212,116,148,52,84,244,20,180,212,116,235,37,61,157,93,165,152,56,253,120,43,184,
    17,130,15,171,211,31,220,126,22,186,79,242,136,51,217,94,18,177,82,239,206,125,128,61,34,177,12,244,148,49,140,66,17,177,12,
    143,25,151,62,108,230,6,166,198,102,134,38,70,230,6,166,198,25,151,79,47,175,23,234,138,15,202,89,10,170,121,180,208,104,228,
    46,204,100,8,189,64,250,129,43,251,125,14,161,92,255,142,61,202,97,12,182,15,178,207,127,129,60,101,239,15,175,207,111,143,47,
    152,56,88,248,24,209,150,43,204,121,22,187,93,182,167,52,137,81,73,180,9,244,148,52,212,41,20,233,103,172,204,112,231,116,20,
    104,200,168,8,232,48,13,240,126,200,168,45,144,94,3,233,24,180,200,109,129,94,80,136,104,232,208,45,205,72,13,158,77,237,190,
    184,220,99,132,73,5,184,68,239,152,24,203,110,3,191,89,170,215,106,255,78,3,167,4,213,134,123,227,59,6,251,70,230,134,38,
    194,63,130,76,71,231,27,162,223,115,131,58,121,243,19,179,211,115,147,51,83,243,19,179,211,63,220,112,18,191,19,204,194,63,223,
    109,213,112,16,237,99,245,149,3,142,43,92,225,28,213,146,47,200,125,18,191,89,178,163,48,141,85,77,176,13,240,144,48,208,45,
    169,20,218,209,113,141,90,9,169,108,204,172,12,236,52,9,244,122,204,172,41,148,90,7,237,28,179,204,105,133,90,84,140,108,236,
    31,226,130,7,194,81,2,162,113,188,216,103,164,46,78,238,14,174,206,110,142,46,78,238,14,209,223,34,194,63,7,162,66,191,177,
    254,158,8,133,32,89,132,94,237,146,119,138,55,34,147,94,250,197,121,232,123,70,158,6,251,198,59,219,123,27,230,91,166,168,99,
    52,72,241,12,160,208,108,128,49,76,224,16,169,234,96,128,32,64,224,0,160,192,96,128,32,64,159,17,236,140,113,201,108,12,241,
    54,160,64,214,219,126,135,93,12,177,93,169,212,105,139,72,75,195,9,169,201,105,137,41,73,233,9,169,201,105,246,56,5,165,24,
    187,94,254,195,13,219,123,45,224,5,188,180,61,220,102,82,239,18,215,156,39,223,60,52,189,92,230,220,21,221,102,26,179,95,208,
    84,247,159,81,155,59,91,251,27,187,219,123,155,59,91,251,100,170,151,55,138,114,23,183,10,196,146,50,228,41,76,245,111,254,131,
    208,87,13,190,65,164,217,100,149,60,110,228,4,164,196,100,132,36,68,228,4,164,196,27,149,104,8,245,77,232,136,117,251,109,13,
    82,95,250,3,217,136,53,217,78,2,161,66,255,222,109,144,45,46,162,65,226,159,126,131,107,31,162,64,223,170,15,133,63,88,248,
    90,228,3,163,218,100,131,35,95,220,22,182,214,118,150,54,86,246,22,182,214,118,233,39,26,186,7,255,154,58,135,73,31,191,105,
    237,8,177,189,62,220,116,24,173,80,234,145,59,235,109,30,177,76,239,158,45,218,113,28,166,31,162,223,110,181,21,95,255,31,191,
    104,136,40,72,232,8,168,200,23,153,65,33,161,25,228,132,1,196,87,4,164,119,186,222,102,225,102,24,189,92,202,141,47,201,102,
    139,82,30,191,95,244,146,37,153,119,4,191,82,229,152,62,223,57,24,191,65,228,133,120,187,49,81,241,17,177,209,113,145,49,81,
    58,90,250,26,186,218,51,220,58,19,180,74,239,142,116,239,105,31,168,115,244,138,47,206,78,3,170,95,186,199,103,154,95,20,175,
    238,205,22,208,102,17,138,77,243,150,55,247,122,19,166,13,206,140,54,208,102,33,182,87,247,140,45,146,35,23,171,70,237,233,99,
    204,108,140,44,76,236,12,172,204,108,140,44,76,236,12,172,204,108,140,6,76,236,12,172,204,108,140,44,76,236,12,172,204,108,140,
    117,149,53,85,245,106,164,153,57,217,121,60,156,124,252,153,57,217,36,42,231,0,181,200,117,211,116,25,166,80,159,213,117,149,53,
    158,62,94,254,30,190,222,126,158,62,94,254,30,190,222,126,225,47,55,151,87,175,146,50,247,114,33,178,82,193,204,104,132,90,27,
    84,243,149,40,222,47,78,205,7,167,199,103,135,39,71,231,7,167,199,103,135,39,71,231,7,167,199,103,248,78,46,142,110,235,214,
    252,156,57,217,124,28,153,92,207,193,37,158,70,25,163,89,242,156,53,144,45,80,164,66,229,149,90,144,48,80,240,16,176,208,112,
    217,121,153,57,89,249,25,185,217,121,153,57,38,181,8,168,200,104,240,117,21,232,112,208,144,6,136,97,87,143,80,234,144,59,213,
    7,226,31,162,150,48,215,103,104,226,2,162,194,98,130,34,66,226,2,162,194,98,130,34,66,226,2,162,194,29,253,75,43,139,75,
    167,71,231,180,39,226,84,90,164,5,221,130,56,194,105,7,174,11,182,203,63,217,126,14,193,11,171,203,107,139,43,75,235,11,171,
    20,180,212,116,148,52,84,244,20,180,160,35,209,113,26,135,81,230,130,61,215,113,78,151,70,241,149,32,209,60,43,189,93,248,197,
    194,145,108,244,84,20,130,81,194,204,54,145,61,41,170,88,248,147,20,211,123,18,243,98,241,204,20,140,113,76,177,81,241,145,108,
    106,87,153,18,178,206,118,136,53,74,230,99,232,147,43,136,67,7,181,79,232,129,21,210,127,10,163,8,215,147,39,194,42,70,131,
    1,186,66,161,170,46,220,102,1,168,107,230,157,42,204,123,6,160,65,161,166,33,224,122,27,230,3,175,148,69,143,47,79,239,15,
    248,24,184,216,120,152,56,88,248,24,184,216,120,152,56,88,248,24,184,171,49,194,125,88,229,24,205,188,49,213,42,86,135,84,169,
    8,144,109,80,173,77,237,141,112,205,48,62,245,21,169,209,109,129,54,84,241,13,161,209,109,129,52,83,241,8,173,235,97,129,33,
    138,42,74,234,10,170,202,106,138,42,74,234,10,170,202,106,138,42,74,234,10,218,133,57,195,126,3,165,68,170,215,106,255,78,3,
    126,65,253,108,255,194,26,130,127,66,191,95,255,159,98,223,34,44,231,7,187,195,125,134,63,83,254,0,164,198,127,147,35,93,230,
    80,252,17,174,202,108,149,48,118,252,28,188,220,124,156,60,92,252,28,188,220,124,156,60,92,252,28,188,220,124,156,60,92,158,93,
    134,46,194,119,10,176,75,225,177,55,196,107,22,181,68,247,128,43,198,124,69,248,5,181,203,125,144,15,69,229,5,165,197,101,133,
    110,142,46,78,238,14,174,206,110,142,46,78,238,83,167,212,30,194,111,23,230,7,132,206,110,142,46,78,238,14,174,206,110,142,46,
    151,55,87,247,23,183,215,119,227,96,18,178,89,196,146,37,193,126,20,178,13,212,133,50,214,99,18,255,104,200,190,8,219,38,62,
    105,236,209,41,145,108,12,159,17,237,204,96,244,119,5,165,78,201,142,38,207,46,63,172,17,201,209,44,145,108,12,172,76,177,140,
    184,182,125,157,33,89,231,26,160,197,105,210,41,61,187,72,231,154,57,200,123,12,167,74,240,201,116,137,57,73,180,0,179,185,37,
    147,43,154,59,120,242,18,178,210,114,146,50,82,242,18,178,210,114,146,50,82,183,92,246,248,114,146,50,82,242,18,178,210,114,146,
    123,155,126,21,191,18,145,219,123,155,59,91,251,27,187,158,53,223,17,91,251,27,187,158,53,223,50,113,209,27,187,219,123,177,59,
    228,4,164,187,13,237,104,85,168,77,237,141,13,149,53,59,245,80,170,169,43,209,119,1,134,81,240,144,43,202,53,39,168,77,231,
    70,183,174,34,195,99,8,174,89,165,139,56,195,110,25,164,66,227,197,100,167,45,77,237,13,173,205,109,141,100,11,237,114,188,164,
    223,199,58,218,122,26,231,90,167,159,9,135,127,86,162,94,243,152,118,233,39,63,159,7,250,154,58,218,39,26,231,95,201,199,63,
    209,26,209,126,29,179,90,251,223,98,159,121,30,179,76,250,223,58,209,123,117,255,31,191,223,127,159,63,95,128,86,243,147,22,142,
    4,249,68,228,161,1,196,100,33,151,25,226,210,12,205,123,28,186,71,241,192,97,162,40,72,232,8,237,134,44,129,2,98,232,8,
    241,17,155,209,113,145,49,36,162,84,227,184,63,193,100,5,130,84,227,135,56,210,116,95,152,95,225,132,37,243,116,22,176,95,171,
    121,245,148,52,223,121,14,242,92,239,148,57,206,115,21,180,18,243,148,42,207,110,86,250,93,234,159,115,176,58,90,250,26,186,218,
    131,35,10,165,3,237,140,55,131,100,19,166,3,226,141,39,131,106,13,179,86,247,205,8,198,122,32,172,71,230,195,126,158,35,60,
    96,93,147,115,224,128,19,192,61,51,165,115,211,221,123,140,120,4,169,66,134,204,108,140,44,76,236,12,172,204,108,140,44,51,165,
    28,185,4,202,153,100,252,92,28,138,89,202,196,62,155,67,28,166,92,247,153,48,149,40,85,187,90,225,213,10,220,124,25,228,106,
    178,15,215,183,55,225,114,33,239,85,176,168,55,205,119,28,178,91,148,222,126,158,62,94,254,30,190,155,48,218,20,94,254,30,190,
    34,201,99,78,205,45,167,199,103,135,13,71,231,7,167,139,40,196,102,11,231,120,238,184,43,203,107,11,171,22,235,214,118,248,53,
    136,48,77,240,75,237,250,112,144,48,80,188,95,243,145,60,144,79,25,225,121,217,156,97,239,121,47,153,92,207,194,105,144,45,80,
    109,11,172,92,147,243,121,153,57,89,191,76,247,154,45,208,118,23,249,102,240,166,53,213,117,21,181,8,245,200,104,230,43,65,227,
    193,144,39,195,118,7,150,67,224,202,54,195,96,44,163,79,231,206,98,214,99,0,139,65,237,140,107,168,34,66,226,2,162,194,98,
    203,39,196,104,10,167,11,212,130,2,199,103,7,148,66,194,135,39,154,84,89,170,11,182,203,2,197,120,31,170,69,232,142,101,244,
    56,133,93,69,184,5,248,152,56,216,37,24,229,107,160,192,124,235,120,24,157,125,221,189,29,133,120,69,139,125,221,152,101,235,118,
    149,36,74,244,17,189,162,20,244,84,52,177,12,241,145,52,212,113,17,148,81,194,204,40,148,23,93,253,29,189,221,125,157,61,34,
    79,207,138,42,202,89,15,143,74,234,215,25,148,103,72,149,79,252,131,102,155,38,51,130,79,235,212,104,249,106,87,143,23,234,215,
    227,131,35,195,62,3,254,112,187,219,103,158,35,79,226,29,191,195,111,159,35,79,252,23,166,229,111,143,47,79,239,15,175,207,16,
    145,17,212,116,20,135,81,209,148,52,137,71,74,185,22,218,153,59,211,127,10,183,77,246,156,27,215,116,23,170,11,184,197,120,231,
    13,173,16,200,168,30,200,72,13,173,104,200,168,8,254,48,3,203,1,161,193,97,129,33,65,225,126,232,168,45,205,109,62,168,104,
    166,70,187,181,120,203,36,40,171,73,225,141,56,197,127,4,174,126,248,139,36,217,122,11,184,79,228,137,51,138,55,74,250,4,185,
    57,179,211,115,147,51,83,243,19,204,154,26,223,127,31,140,90,218,159,63,130,76,65,178,29,199,150,43,199,51,78,243,27,231,146,
    254,181,63,211,114,92,189,82,248,220,116,200,125,30,149,95,243,146,124,146,50,92,254,28,190,213,124,211,110,92,254,30,181,220,114,
    43,69,237,81,228,135,11,196,104,0,229,74,247,197,26,201,105,44,140,108,204,172,116,201,52,58,140,108,233,212,26,199,45,92,253,
    71,231,36,174,206,110,142,46,78,238,14,209,135,7,194,98,2,145,71,199,130,34,159,81,92,175,0,200,129,32,218,46,83,238,107,
    185,66,250,217,17,216,121,3,249,112,248,131,63,214,122,36,178,90,254,149,56,219,115,125,247,23,183,215,119,151,55,87,136,94,222,
    44,204,108,63,169,105,236,140,113,255,50,1,238,116,229,152,52,243,105,26,165,0,189,192,113,147,10,64,224,0,160,192,96,128,32,
    246,96,32,165,69,229,182,32,224,101,5,248,118,187,136,103,253,108,17,189,106,230,133,38,219,58,73,244,9,202,134,37,198,123,90,
    60,20,160,93,255,160,21,240,58,64,226,2,190,210,99,138,34,94,242,3,170,199,123,184,50,82,242,18,178,210,114,146,77,27,155,
    23,183,87,196,146,18,215,119,74,132,9,250,213,26,206,111,20,153,78,239,143,52,213,88,20,183,84,233,219,102,155,125,26,183,72,
    129,78,132,36,68,228,4,164,196,100,237,106,23,176,69,234,135,33,138,91,8,245,109,181,136,117,200,104,8,168,21,232,213,27,144,
    121,133,82,1,161,100,196,164,4,228,60,1,252,114,196,164,33,156,82,15,229,20,180,196,97,141,82,4,132,65,225,129,18,196,68,
    218,122,71,137,4,247,223,120,245,121,4,184,83,228,164,55,210,127,3,165,22,171,214,3,242,127,27,248,105,250,199,31,135,122,71,
    115,19,179,83,174,147,110,224,43,75,247,15,179,223,103,150,21,117,255,31,191,223,127,159,63,95,179,80,252,158,51,159,64,32,179,
    225,217,33,247,100,4,164,25,228,132,23,154,106,72,245,8,193,134,59,220,105,6,171,77,166,183,36,153,65,89,164,25,228,132,36,
    157,96,221,32,46,229,5,185,174,61,221,88,56,152,120,216,192,61,128,78,56,152,93,160,174,51,153,32,65,225,24,189,209,14,221,
    107,139,43,75,147,86,246,203,19,243,115,37,235,66,179,240,122,154,58,90,250,26,186,218,5,229,118,19,235,83,197,150,54,214,43,
    175,79,220,209,33,141,77,2,174,70,163,222,99,215,98,1,141,66,238,134,99,141,45,67,156,79,239,170,10,234,74,42,242,79,178,
    115,197,165,32,157,83,14,228,29,188,221,101,166,44,76,236,12,172,204,108,140,83,51,160,69,189,133,19,192,96,0,253,64,224,179,
    167,151,123,230,124,15,176,21,168,213,0,241,124,24,231,27,202,153,100,252,36,25,228,89,249,153,57,132,121,68,138,1,161,221,100,
    210,126,142,50,94,239,18,190,206,119,180,62,94,254,30,190,222,126,158,65,33,178,87,175,151,1,210,114,18,239,82,242,161,108,220,
    73,133,70,228,140,32,213,104,18,169,67,211,149,38,201,116,23,166,85,226,137,36,222,39,90,231,22,141,199,103,135,39,71,231,7,
    240,111,207,156,57,129,121,47,188,92,252,193,60,220,79,66,178,30,210,159,34,212,117,2,131,89,234,149,0,217,104,21,188,16,173,
    25,169,243,121,153,57,89,249,25,185,217,6,230,117,16,232,80,198,149,53,213,40,21,181,102,171,155,119,234,122,11,182,85,245,187,
    195,112,54,170,75,225,137,44,199,113,17,226,31,162,209,72,130,34,66,226,2,162,194,98,253,93,14,171,19,235,189,46,206,110,83,
    103,7,148,25,233,197,24,200,121,4,167,71,201,138,57,226,102,10,172,78,200,132,39,196,121,88,235,22,171,180,39,154,98,2,167,
    69,139,88,248,197,61,235,37,76,222,20,180,212,116,148,52,84,244,107,203,152,61,133,125,43,184,88,248,197,56,216,75,70,182,26,
    139,84,238,148,63,209,120,93,224,29,251,156,49,206,120,119,253,29,189,221,125,157,61,93,130,98,241,148,108,212,66,17,177,81,172,
    42,202,89,84,164,8,199,147,50,201,107,7,178,79,229,165,39,200,112,7,181,117,239,156,35,134,59,70,131,72,243,139,104,231,115,
    219,96,2,174,91,230,140,28,198,117,10,225,118,133,207,111,143,47,79,239,15,175,176,16,195,102,94,166,112,227,131,35,158,99,3,
    71,74,186,22,219,153,54,206,121,11,139,81,226,157,120,133,56,45,156,81,245,202,118,231,116,73,145,9,244,201,52,212,116,20,233,
    237,208,30,149,53,73,241,13,161,209,109,129,49,77,225,17,168,235,75,129,33,65,225,1,161,193,97,205,110,2,160,77,161,190,30,
    163,3,227,85,3,149,99,230,134,21,245,56,9,234,23,170,163,36,217,126,11,164,73,239,196,21,198,59,35,251,70,187,134,38,198,
    63,130,127,66,140,7,167,219,12,223,127,58,154,122,218,186,98,223,34,44,154,122,255,194,12,209,59,66,227,1,186,223,115,236,76,
    208,117,77,181,99,240,144,48,141,112,16,131,14,254,213,86,156,60,92,252,28,188,220,124,227,67,53,149,117,195,149,3,245,112,16,
    122,218,215,38,139,85,4,161,65,236,139,34,133,56,69,144,97,236,136,107,250,105,84,140,20,233,212,41,201,105,9,244,73,180,186,
    186,218,102,158,34,78,255,30,167,228,110,142,46,78,238,14,174,206,17,241,71,39,135,113,231,177,7,194,98,49,145,28,237,192,29,
    152,37,195,88,5,179,82,229,215,106,151,82,25,162,90,185,164,56,197,99,56,165,83,242,133,121,251,118,14,184,66,227,184,37,211,
    5,178,42,138,192,96,128,32,64,224,0,160,140,47,195,97,12,224,127,223,140,44,204,73,41,241,76,236,140,44,255,49,63,242,68,
    233,20,169,160,39,218,125,8,167,74,236,199,22,197,56,32,248,69,184,133,37,197,101,88,165,24,214,221,125,129,86,5,165,96,192,
    123,219,187,99,222,35,45,155,123,254,195,13,208,58,67,226,1,187,222,114,237,77,30,187,3,251,173,62,222,126,67,190,94,205,192,
    249,210,81,155,59,91,251,27,187,219,123,228,68,23,183,87,210,178,106,215,119,23,183,100,170,164,105,223,53,43,186,95,255,146,53,
    99,54,173,67,236,144,100,153,36,49,128,77,233,202,27,200,53,45,245,72,181,136,40,200,104,85,168,21,219,208,112,140,52,72,228,
    92,253,4,135,205,109,141,45,77,237,13,173,178,18,193,97,1,132,100,188,129,33,193,97,50,252,114,191,137,99,253,108,9,169,68,
    184,81,194,153,38,150,43,86,131,114,255,155,120,233,122,71,159,7,250,199,58,218,122,26,231,90,167,169,98,130,62,70,250,22,162,
    22,149,223,127,159,63,95,255,31,191,160,0,211,115,19,150,118,174,147,51,211,115,32,238,96,173,155,113,239,126,27,187,86,241,152,
    234,103,28,188,71,229,200,117,136,93,44,161,69,166,183,36,153,65,89,164,25,228,132,36,196,57,4,249,119,188,220,96,152,36,72,
    32,65,248,59,155,209,113,145,49,81,241,17,177,157,62,210,112,29,241,87,228,159,50,197,120,30,191,17,206,174,14,248,88,29,224,
    75,182,86,171,147,54,229,40,31,242,19,144,218,122,154,58,90,250,26,186,218,122,154,58,28,181,72,186,165,118,154,121,18,179,86,
    135,99,202,109,67,179,66,234,145,48,139,92,15,242,18,178,210,10,207,111,82,138,106,234,188,114,219,57,36,166,87,192,139,42,207,
    40,222,105,2,228,5,165,204,40,195,6,76,236,12,172,204,108,140,44,76,236,12,172,204,108,140,44,5,170,12,239,132,37,192,104,
    143,92,6,148,29,202,153,57,252,92,60,156,124,164,153,100,234,92,60,185,4,202,151,125,132,37,65,252,28,181,129,61,208,123,85,
    125,22,183,82,250,208,8,215,109,23,188,82,251,222,99,158,120,31,178,77,251,222,59,208,122,116,254,30,190,222,126,158,62,94,254,
    167,199,103,194,105,3,205,7,167,199,103,135,39,71,231,7,167,199,103,193,104,21,231,120,171,199,37,211,105,71,174,73,167,151,38,
    153,34,195,56,47,153,121,217,185,60,129,124,28,185,89,252,156,25,220,79,65,165,10,215,149,36,243,120,25,188,84,226,149,62,152,
    112,144,57,29,182,51,185,217,121,153,57,89,249,25,185,217,121,153,57,89,249,25,240,159,121,219,109,23,227,112,234,184,113,230,117,
    174,107,203,171,11,235,51,14,243,125,203,171,46,147,93,0,234,19,178,215,107,139,34,22,170,71,236,232,98,130,34,66,226,2,162,
    11,171,203,107,139,43,75,235,11,171,203,107,139,105,31,165,5,201,138,40,192,108,25,164,94,229,143,8,196,103,4,185,24,171,214,
    180,171,56,216,37,61,157,107,253,189,56,216,93,61,157,125,203,197,54,190,52,84,244,20,180,212,116,148,52,84,244,20,180,212,116,
    221,125,157,61,93,191,73,243,211,31,220,126,22,186,79,242,136,51,217,73,15,188,83,238,141,60,207,120,19,190,68,189,192,125,141,
    72,245,44,166,198,102,134,38,70,230,6,166,198,102,134,38,70,230,6,166,198,102,134,100,18,168,8,210,131,62,210,69,9,170,73,
    189,28,175,210,111,236,96,3,160,93,188,193,41,221,96,2,157,104,205,199,125,159,63,67,239,30,183,223,99,143,62,87,250,6,133,
    24,184,216,120,152,56,88,248,24,184,216,120,152,56,88,248,93,246,156,82,152,56,88,248,24,184,216,120,152,56,88,248,93,246,156,
    171,33,65,225,1,161,193,97,129,33,65,225,1,222,190,45,200,48,8,158,77,237,141,112,205,109,62,243,67,175,183,40,210,104,3,
    102,15,234,23,170,158,56,223,111,96,234,10,170,202,106,138,42,74,234,10,170,202,21,195,67,6,166,70,213,131,3,198,102,91,149,
    65,178,29,209,146,48,216,116,1,188,70,253,151,16,220,127,28,161,0,179,206,115,236,127,66,186,90,255,194,12,223,127,66,186,108,
    237,4,150,220,124,156,60,92,252,28,188,220,124,156,60,35,181,117,240,144,48,227,117,53,176,80,173,163,110,221,50,62,189,95,247,
    34,215,106,16,171,65,209,151,36,203,118,21,164,87,224,139,38,220,37,88,229,21,171,211,79,133,37,69,229,5,165,197,101,133,37,
    142,46,49,167,103,226,130,34,241,103,39,162,66,191,177,124,207,32,58,171,86,250,173,33,194,97,28,253,14,179,206,13,193,98,1,
    101,68,249,81,229,152,58,229,80,53,255,5,162,194,123,151,37,66,226,27,183,197,98,130,62,125,247,23,183,215,119,151,55,87,178,
    238,132,74,170,32,64,224,0,160,192,96,128,95,9,137,76,236,140,31,201,73,12,172,17,223,210,33,142,77,15,181,83,229,162,53,
    157,61,198,103,88,138,69,224,138,34,147,74,6,167,71,236,138,61,129,86,54,150,96,192,133,120,152,101,5,248,64,229,182,123,204,
    123,184,24,82,242,18,178,210,114,146,50,27,180,18,205,155,99,251,91,30,227,109,251,173,27,222,77,64,235,18,230,154,55,220,24,
    155,59,91,251,27,187,219,123,155,59,91,251,100,242,202,18,242,119,74,132,82,196,178,55,228,41,66,251,6,187,157,58,215,104,30,
    46,164,196,100,132,36,68,228,4,164,196,100,132,91,59,155,109,205,136,117,149,104,8,245,77,232,187,118,193,44,77,206,4,164,196,
    173,205,109,141,45,8,163,73,135,231,109,141,45,77,237,13,173,205,33,194,110,12,161,13,210,129,33,196,82,36,252,100,196,164,4,
    199,58,135,73,68,176,22,171,214,45,203,28,124,246,22,182,214,118,150,54,86,220,22,182,214,118,150,54,86,246,80,227,152,53,194,
    54,208,113,95,128,83,243,150,0,246,46,54,150,118,214,206,51,142,64,77,185,5,222,155,59,236,122,28,171,86,240,145,119,224,118,
    164,68,228,129,33,153,57,55,164,25,215,220,45,129,2,72,232,8,168,200,104,136,40,72,232,8,168,132,39,203,105,4,232,119,228,
    93,216,152,56,248,88,56,224,120,253,157,14,131,118,81,236,17,216,159,34,197,112,31,178,84,191,174,61,128,88,64,189,0,253,157,
    246,150,107,214,43,37,238,14,178,165,54,214,83,51,147,115,211,203,54,139,69,51,147,86,171,165,56,146,43,74,236,19,182,218,5,
    92,15,170,18,234,188,47,207,111,82,175,79,220,209,33,138,9,67,227,3,163,195,99,131,35,67,227,3,163,188,47,207,74,10,170,
    37,133,101,189,165,32,192,83,94,171,2,223,133,54,201,44,81,236,121,200,133,33,158,34,51,160,29,197,221,32,157,96,0,160,64,
    228,89,164,170,97,129,61,68,249,21,165,217,117,133,57,85,231,1,188,255,117,149,53,85,245,21,181,213,117,149,53,85,138,89,249,
    119,247,151,23,247,87,79,151,82,242,161,108,217,48,60,191,93,245,153,44,209,107,16,186,106,236,159,48,205,110,31,172,91,240,157,
    222,39,90,231,22,141,199,103,135,39,71,231,7,167,199,103,135,39,56,171,75,206,142,46,238,78,46,246,110,235,139,24,149,96,73,
    68,21,168,68,176,205,112,195,100,2,185,94,247,222,37,192,96,21,162,24,207,153,60,220,124,25,185,1,161,175,60,129,79,68,181,
    80,211,25,185,217,121,153,57,89,249,25,185,217,121,230,117,21,144,80,240,176,16,240,40,48,181,85,198,203,62,151,95,22,183,77,
    194,127,130,71,12,183,79,172,164,45,204,118,76,133,77,246,138,35,207,64,13,174,70,136,194,98,130,34,66,226,2,162,194,98,130,
    107,244,103,7,130,66,226,162,2,226,58,34,167,71,212,217,44,133,95,14,179,95,216,130,49,206,43,86,235,26,186,225,107,139,43,
    148,52,84,244,20,180,212,116,148,75,24,184,125,253,157,29,253,93,69,157,88,248,171,102,211,58,32,177,76,224,183,59,216,123,6,
    46,93,224,29,222,146,49,210,111,78,243,91,239,146,48,239,90,63,245,12,165,205,113,157,44,72,237,17,189,204,104,136,52,119,253,
    166,198,102,134,38,70,230,6,166,198,102,249,106,10,143,79,239,175,15,239,55,47,170,74,217,212,33,136,82,3,190,82,222,167,42,
    134,40,193,98,10,161,91,175,210,111,234,97,26,162,1,219,138,55,219,87,46,163,70,232,129,34,202,97,27,225,99,234,137,59,165,
    120,152,56,88,248,24,184,216,61,214,124,114,210,24,184,216,120,152,56,88,248,50,184,216,120,152,56,88,248,24,254,141,54,219,108,
    168,78,239,193,30,205,109,8,158,104,176,168,8,232,72,80,173,16,222,211,39,155,64,5,165,99,244,149,53,206,111,73,163,85,239,
    126,239,146,62,134,42,9,171,70,230,136,43,201,97,70,234,89,229,159,36,206,67,14,230,10,233,159,57,222,101,7,137,69,230,133,
    225,218,89,147,51,83,243,19,179,211,115,147,51,83,243,80,242,159,63,209,114,16,184,19,174,211,48,210,127,31,177,82,240,152,115,
    147,46,156,122,9,178,95,232,149,51,210,52,85,252,89,242,152,86,156,60,92,252,28,188,220,124,156,60,92,252,80,243,159,61,208,
    69,154,73,233,137,12,201,105,44,169,20,204,172,41,250,90,87,173,5,184,197,38,208,118,17,170,72,198,138,41,202,119,69,170,87,
    238,113,226,130,127,231,71,49,167,103,226,130,7,231,71,39,145,31,236,228,110,142,46,78,238,14,174,206,110,142,46,78,162,65,237,
    86,251,215,8,254,94,27,230,91,222,190,59,219,38,30,187,6,166,168,101,222,55,74,247,126,249,132,35,214,121,20,178,25,200,155,
    145,73,81,172,17,236,140,44,204,49,12,241,127,180,212,104,255,108,12,137,105,201,169,9,145,108,81,159,105,201,140,113,255,98,72,
    56,89,254,0,165,201,22,246,101,0,248,64,214,133,37,197,56,5,165,118,187,139,96,163,41,73,233,9,169,201,105,137,41,73,233,
    82,141,123,219,158,99,222,91,59,190,94,163,155,62,131,35,45,224,91,188,161,59,200,119,82,239,18,199,182,59,223,32,92,141,94,
    234,114,170,151,106,215,119,23,183,10,247,202,4,143,47,83,234,23,187,203,119,155,43,87,251,15,171,210,81,155,59,91,251,27,187,
    100,132,36,68,228,4,219,173,13,200,53,8,141,109,232,136,117,205,104,85,245,123,182,141,106,230,101,7,175,67,246,139,49,202,96,
    238,98,1,162,95,190,205,112,141,82,1,161,65,196,129,33,228,97,92,132,100,225,178,18,159,101,103,237,13,173,205,109,141,45,77,
    54,86,246,22,201,191,31,218,39,26,159,127,250,154,103,223,122,71,231,105,164,159,120,244,119,21,189,81,228,153,35,216,114,34,164,
    30,177,76,239,158,45,218,113,28,166,31,162,223,111,145,43,117,255,31,191,223,127,159,63,95,255,31,191,223,0,246,86,19,238,83,
    161,1,196,100,89,161,68,185,217,23,154,97,70,156,77,240,156,104,149,40,10,188,70,220,141,48,220,2,72,232,8,168,200,104,136,
    113,145,49,81,241,110,216,184,61,128,125,56,152,93,253,192,56,221,32,64,142,3,248,223,23,222,127,5,241,12,177,180,63,196,124,
    148,92,21,180,78,180,189,53,206,114,27,183,105,255,151,51,216,117,22,190,48,186,218,122,154,58,90,250,26,186,218,122,154,69,51,
    106,239,210,47,234,74,15,175,18,234,143,114,146,92,81,170,13,215,134,59,215,80,10,185,70,163,222,99,146,48,105,227,3,163,195,
    172,204,108,140,44,76,236,12,211,165,5,192,61,0,133,101,224,128,125,197,96,93,253,115,190,133,98,248,105,20,184,111,227,128,35,
    135,102,149,40,85,138,89,220,188,10,252,92,68,228,124,249,153,10,234,36,22,223,21,181,213,117,149,53,85,245,21,181,213,117,252,
    48,205,106,31,176,93,251,208,1,210,47,55,239,82,175,146,50,210,114,79,178,15,193,202,106,150,65,18,178,119,215,183,23,247,47,
    171,22,216,174,14,203,54,56,165,15,182,215,127,142,43,71,152,110,206,139,118,203,78,46,171,75,182,142,43,150,54,56,245,78,174,
    30,211,159,34,222,117,2,130,81,244,153,37,195,48,77,240,101,212,153,61,158,79,28,225,121,161,156,97,220,124,28,188,1,252,193,
    198,205,109,145,41,85,249,1,176,243,121,153,57,89,249,25,185,217,121,153,57,89,181,86,250,152,53,153,70,48,144,85,245,176,16,
    110,14,174,78,179,171,11,235,93,80,168,2,191,194,11,204,113,22,163,76,225,135,108,253,110,83,139,19,238,211,46,206,110,14,243,
    7,250,116,191,223,99,244,103,7,130,98,194,162,2,154,103,90,148,98,194,135,122,244,105,67,250,27,178,194,103,139,84,34,130,71,
    229,88,221,189,56,216,37,29,184,5,165,171,102,221,61,126,244,20,180,212,116,148,52,84,244,20,180,212,11,253,93,24,184,125,221,
    81,241,145,49,140,84,52,148,98,175,151,115,254,114,17,178,79,189,192,125,254,114,17,178,79,174,211,59,207,114,16,143,122,223,213,
    158,54,74,230,18,182,202,102,147,54,79,204,6,166,198,102,134,38,70,230,6,166,198,102,249,79,47,170,74,207,175,42,202,106,10,
    62,38,134,102,208,221,37,129,91,7,166,76,228,129,42,220,124,79,242,15,190,229,69,143,47,79,239,15,175,207,111,143,47,79,239,
    39,145,113,244,201,52,241,81,20,180,9,241,148,105,137,71,74,177,22,213,151,45,203,125,58,173,76,236,151,54,137,91,20,177,91,
    138,123,226,110,15,175,68,226,149,105,199,116,15,162,85,232,142,47,137,40,107,225,1,161,193,97,129,33,65,225,1,161,193,97,129,
    106,138,99,12,234,89,229,159,36,206,67,14,234,75,228,142,106,217,101,31,164,78,195,142,106,212,55,74,232,8,170,158,34,207,100,
    147,76,31,191,95,255,159,26,223,34,44,154,122,162,159,98,236,34,67,233,99,255,146,42,224,124,6,189,87,187,128,60,198,125,23,
    85,24,245,28,249,146,56,182,60,92,252,28,188,220,124,156,60,92,252,28,188,220,124,156,72,11,185,89,242,175,57,206,106,21,191,
    224,223,6,215,96,4,177,64,173,186,12,236,105,84,169,108,204,137,41,148,108,9,244,20,218,215,44,137,37,49,178,64,224,139,12,
    128,40,193,32,49,162,31,199,223,34,159,98,2,162,66,191,130,127,241,58,90,230,30,160,223,103,130,46,21,238,108,239,141,37,201,
    37,216,98,25,179,116,248,155,56,197,36,87,234,23,200,155,102,222,126,27,230,104,251,155,102,222,72,70,239,23,234,222,109,231,123,
    161,89,168,201,74,128,32,64,224,0,160,192,96,128,32,64,224,0,160,192,96,212,97,19,171,14,247,129,41,212,40,80,238,17,169,
    35,169,201,105,137,41,73,233,9,169,201,105,137,41,73,233,9,221,158,44,204,103,58,172,91,255,128,42,204,51,42,187,76,232,157,
    247,218,13,251,91,30,227,94,219,187,62,222,35,27,190,3,163,173,96,219,62,82,134,69,247,151,60,251,124,20,189,28,205,158,99,
    178,106,215,42,23,183,87,247,202,55,138,68,79,239,19,171,213,105,146,55,91,160,27,217,154,56,208,124,9,180,78,245,159,24,212,
    8,171,86,183,196,121,132,91,8,168,72,205,136,40,237,104,85,141,109,232,187,27,150,108,68,185,13,190,180,40,197,125,76,237,46,
    237,13,173,205,109,141,45,77,237,13,173,205,109,141,45,77,189,78,236,129,33,133,110,12,161,65,239,140,46,198,36,103,237,13,173,
    22,182,214,118,150,54,86,246,22,182,214,118,150,73,26,186,90,250,154,31,218,39,41,159,127,167,154,103,233,39,70,236,120,249,130,
    246,153,38,151,64,19,179,118,214,182,22,246,46,19,238,96,214,182,51,142,64,29,247,14,174,207,118,147,63,32,179,83,214,182,22,
    65,33,249,68,185,183,1,225,100,89,151,74,160,217,121,153,33,70,230,74,252,134,28,205,112,28,230,6,215,132,36,225,65,33,129,
    56,224,93,160,174,24,248,125,64,142,83,185,192,96,131,56,93,241,3,184,251,113,145,49,81,241,17,177,209,113,145,49,81,180,95,
    190,19,144,218,122,154,58,90,250,26,186,159,52,222,16,112,250,26,186,218,122,154,58,90,208,26,186,218,122,154,58,90,250,92,239,
    45,192,119,10,172,77,163,188,47,207,106,60,138,18,202,170,10,234,50,15,242,124,177,133,121,226,103,7,151,76,228,132,47,198,43,
    216,99,11,171,64,233,184,41,212,120,64,236,72,233,138,45,217,96,24,224,12,239,141,32,192,110,13,175,71,160,204,63,195,121,2,
    113,60,177,28,159,213,117,149,53,85,245,21,181,213,117,149,53,17,176,83,244,128,57,193,53,72,245,81,240,147,52,192,121,1,245,
    17,172,30,248,159,50,205,123,116,254,30,190,222,126,158,62,94,254,30,190,222,61,223,114,18,188,95,253,149,126,131,62,29,191,82,
    139,37,198,100,12,231,72,245,199,33,210,105,4,179,78,232,137,111,142,39,2,169,67,141,199,103,135,39,71,231,7,167,199,103,135,
    112,220,127,19,177,92,176,175,25,249,79,47,225,92,161,156,57,220,124,28,225,111,162,155,112,141,48,20,181,86,241,133,60,196,26,
    179,57,89,249,25,185,217,121,153,57,89,249,25,245,150,58,216,117,89,134,85,168,144,48,208,117,72,144,85,168,166,53,213,70,75,
    78,162,223,98,235,108,17,182,67,236,129,39,140,93,14,243,107,179,142,115,206,110,14,174,19,238,211,29,150,54,74,157,78,238,171,
    194,162,2,226,58,7,250,116,194,162,39,154,84,9,227,26,186,216,98,135,43,52,148,71,226,218,34,244,103,7,167,26,231,135,20,
    198,54,157,30,84,244,20,180,212,116,148,52,84,244,20,180,171,56,133,125,29,189,88,165,189,56,133,75,24,184,107,166,152,122,231,
    52,199,120,93,224,29,200,185,52,208,47,83,130,81,172,180,108,209,44,17,177,81,241,204,49,140,66,73,233,21,172,209,125,141,49,
    230,22,170,198,114,148,47,108,230,6,166,198,102,134,38,70,230,6,166,198,25,202,55,15,175,79,234,215,15,202,55,57,170,74,217,
    29,227,193,13,206,108,4,168,93,224,154,33,203,76,0,163,64,253,220,111,146,47,48,163,67,190,166,6,240,102,38,163,67,198,166,
    209,177,7,137,122,114,248,24,184,216,120,152,56,88,248,24,184,216,7,212,41,17,177,81,244,201,17,212,41,39,180,84,199,202,52,
    47,35,160,66,234,134,51,206,116,15,165,117,243,128,47,210,113,0,179,68,239,130,56,129,60,65,241,15,181,235,97,129,33,65,225,
    74,234,10,170,202,106,138,67,4,185,94,235,132,41,207,36,53,166,27,195,219,38,155,102,6,166,70,187,134,123,245,62,94,226,117,
    191,95,218,186,26,250,90,66,191,2,204,186,26,223,34,44,177,27,162,194,103,154,63,83,140,95,162,154,58,218,127,66,154,95,162,
    99,240,144,3,142,112,85,242,127,243,142,50,217,110,46,189,88,245,137,47,156,33,92,137,120,245,145,114,227,112,77,149,13,240,205,
    201,105,9,169,20,233,212,26,145,49,77,245,9,165,221,108,175,37,69,229,5,165,197,101,133,37,69,229,5,233,138,38,196,105,69,
    81,39,135,66,226,167,7,194,98,2,162,31,199,167,7,241,60,4,238,19,174,167,32,221,122,15,160,77,235,192,17,194,63,39,255,
    27,230,91,251,155,59,134,123,70,136,3,163,223,8,219,123,62,158,126,222,190,102,219,38,40,158,126,251,198,8,213,63,70,230,2,
    201,108,128,95,12,241,73,233,137,44,145,73,12,241,127,236,140,31,146,108,73,202,0,160,192,96,128,32,64,224,0,160,192,96,255,
    0,224,101,5,128,96,229,133,37,197,56,32,128,96,214,219,35,135,74,6,165,70,251,201,116,137,74,6,165,70,251,218,103,207,123,
    221,127,32,149,112,186,202,98,158,50,70,226,30,178,199,98,155,24,82,242,18,178,210,114,146,50,82,242,18,178,173,27,251,126,30,
    82,50,183,87,247,151,106,242,82,50,132,9,241,213,15,211,114,24,176,85,254,136,40,155,38,91,234,49,145,219,123,155,59,91,251,
    164,196,100,132,36,68,168,75,231,133,40,132,91,8,245,109,205,136,40,200,53,45,173,21,219,187,118,201,36,89,228,109,234,151,48,
    140,35,206,104,67,146,65,188,164,124,193,60,1,161,65,225,220,33,156,82,89,249,5,210,129,33,228,68,36,132,100,188,129,124,242,
    31,255,122,71,137,84,190,199,103,128,63,90,246,105,250,199,63,223,127,26,231,127,250,199,9,218,122,41,228,90,191,252,118,150,54,
    159,63,95,255,31,191,223,127,159,64,19,238,118,214,147,51,211,46,54,182,14,192,160,109,210,49,44,182,69,250,223,98,159,74,59,
    65,229,218,102,247,100,89,129,25,228,217,36,196,100,4,249,68,185,183,124,156,32,89,228,8,165,223,120,132,40,89,228,8,184,193,
    155,209,113,145,49,81,241,17,177,209,113,145,49,46,189,0,216,184,61,221,125,64,152,88,160,174,14,131,124,95,129,94,226,152,37,
    147,53,212,58,71,250,111,222,147,55,136,52,37,182,11,211,203,54,139,118,22,182,86,171,150,107,229,46,78,242,10,182,218,107,142,
    79,227,19,175,195,115,138,9,67,227,3,163,195,99,131,35,67,227,3,163,188,47,146,74,42,175,79,239,210,10,202,50,60,156,17,
    161,2,216,137,52,216,44,81,236,88,227,139,43,192,105,56,169,84,248,230,108,140,44,76,236,12,172,204,108,140,44,76,147,64,189,
    124,220,153,57,217,36,60,188,4,202,170,103,216,59,51,186,91,225,213,104,149,80,27,160,88,187,179,58,219,97,91,146,90,225,157,
    255,147,19,219,122,23,171,83,148,222,126,158,62,94,254,30,190,222,126,158,62,33,178,15,215,183,50,210,114,79,151,87,175,161,1,
    53,10,233,115,226,159,51,244,110,29,162,7,186,199,118,148,13,71,231,7,167,199,103,135,39,71,231,7,167,184,43,150,78,46,171,
    28,188,1,217,153,97,239,79,66,189,30,196,149,40,196,83,31,188,95,226,195,112,141,48,47,188,121,217,175,25,249,33,65,153,92,
    181,102,198,200,58,179,57,89,249,25,185,217,121,153,57,89,249,25,198,149,104,240,80,21,181,85,168,176,48,136,70,38,235,84,183,
    22,199,122,22,154,99,238,139,37,204,111,7,172,86,162,223,98,231,108,23,175,12,214,135,58,214,90,35,174,75,229,140,47,199,108,
    223,37,39,174,77,255,225,107,139,43,75,235,11,171,203,107,139,43,75,148,71,186,162,2,199,103,7,250,98,226,218,20,244,57,6,
    58,54,181,87,255,147,38,219,97,26,176,96,230,149,58,199,100,21,166,81,250,151,45,148,41,84,229,62,158,212,116,148,52,84,244,
    93,253,29,189,221,125,209,114,30,188,81,189,162,49,140,113,17,236,81,172,180,20,140,113,52,236,98,175,147,125,128,61,52,179,78,
    146,39,200,101,3,232,121,234,215,15,151,106,87,170,74,234,138,119,202,55,57,242,18,174,185,42,202,79,47,143,111,207,215,42,151,
    16,230,70,3,254,112,237,199,126,158,56,70,227,15,208,131,126,198,102,6,163,30,198,131,126,240,99,3,144,29,227,198,69,143,47,
    152,56,88,248,24,184,216,120,152,56,39,180,9,244,148,105,212,41,49,145,9,244,177,105,231,42,22,246,107,241,130,61,152,37,88,
    116,197,136,44,147,47,62,173,16,200,208,45,144,109,13,173,77,176,141,112,254,53,85,233,17,173,193,117,149,45,65,241,13,161,211,
    190,195,64,138,42,74,234,10,170,202,106,138,42,74,234,117,230,219,38,198,59,6,251,99,195,219,38,227,59,53,248,68,164,186,37,
    128,58,199,122,28,189,19,174,211,6,247,122,30,225,29,204,159,98,250,34,31,226,95,255,159,63,130,127,66,140,7,167,219,98,159,
    124,145,41,72,240,28,172,210,105,144,60,81,237,14,181,246,124,156,60,92,252,28,188,220,124,156,60,92,131,80,173,144,48,141,112,
    244,108,204,212,41,236,52,58,247,75,171,167,36,198,110,2,183,74,240,139,33,230,106,9,170,87,182,197,120,133,90,44,140,122,218,
    31,226,223,34,199,98,2,162,31,209,220,37,142,111,0,170,14,209,130,127,199,103,2,255,113,226,130,127,199,81,95,246,14,225,156,
    183,180,56,219,120,5,228,25,241,133,56,218,69,48,149,31,162,199,123,151,36,71,251,23,164,194,126,189,55,87,247,23,183,215,119,
    32,64,224,0,160,191,44,145,108,12,241,76,177,169,9,145,108,41,241,127,178,142,110,244,101,24,180,0,189,192,98,130,10,64,224,
    73,233,9,169,201,105,137,41,73,233,96,231,154,61,200,103,10,172,7,214,133,120,224,56,5,248,69,229,133,37,152,101,88,150,29,
    230,26,205,158,62,251,91,59,155,123,163,158,99,237,91,59,190,3,205,144,122,131,35,74,251,30,178,173,62,131,126,30,227,94,163,
    114,210,202,55,242,42,36,233,85,178,213,24,212,105,21,190,73,201,154,63,210,110,8,251,6,187,174,31,210,118,85,132,87,170,178,
    149,104,85,168,72,232,136,117,200,53,59,240,16,172,213,104,132,52,77,206,46,164,196,100,132,36,68,228,4,164,196,100,132,104,11,
    110,12,161,13,210,129,33,156,68,36,132,100,196,220,18,193,68,50,255,66,173,208,109,228,99,30,185,76,227,142,40,131,82,1,252,
    63,231,90,167,154,58,218,122,71,186,7,201,194,98,158,73,26,186,127,223,191,31,255,39,26,231,105,223,191,58,135,73,20,254,7,
    238,6,182,211,127,224,115,78,179,83,174,147,110,246,86,78,179,118,174,160,109,209,54,117,255,31,191,223,127,159,63,95,255,31,191,
    104,247,100,4,249,97,193,161,1,225,57,55,164,97,215,218,39,134,91,1,178,77,168,213,104,253,76,1,165,26,166,183,36,153,65,
    128,125,64,189,93,253,157,96,221,32,46,229,5,185,193,125,145,32,73,253,17,161,221,113,128,41,88,219,17,177,209,113,145,49,81,
    58,90,250,26,186,165,54,214,43,51,147,115,211,179,107,229,118,51,133,8,245,212,10,213,105,19,174,83,245,148,122,135,58,37,147,
    202,188,28,146,111,82,175,74,239,143,47,146,92,81,168,3,226,141,39,131,86,39,170,78,177,205,28,207,50,42,242,79,178,143,47,
    128,32,157,96,93,147,24,184,196,125,128,44,65,254,29,160,204,124,130,57,64,236,1,181,197,108,195,126,76,153,104,229,129,126,130,
    10,217,36,60,228,89,164,153,57,217,121,68,185,4,202,193,97,157,37,89,245,6,185,213,101,155,32,89,245,24,172,220,95,149,53,
    158,62,94,254,30,190,222,126,158,62,33,178,82,175,183,23,247,87,55,239,97,242,183,1,140,113,80,156,95,253,149,57,204,113,11,
    73,227,164,40,203,104,21,244,7,186,199,4,200,107,8,181,20,169,129,53,200,106,53,128,101,175,213,114,146,43,71,245,18,178,203,
    176,194,101,133,57,122,240,16,176,208,112,144,48,80,240,16,176,208,25,222,99,4,177,94,243,149,126,239,124,65,153,1,252,193,60,
    149,53,213,40,21,232,102,173,205,113,230,117,21,144,112,208,176,16,136,117,72,134,112,208,149,104,230,123,81,232,11,169,208,117,153,
    61,174,78,179,171,11,235,75,43,243,125,238,171,29,144,109,75,236,97,237,144,44,199,112,48,163,70,235,151,49,130,63,66,151,102,
    162,70,165,180,39,154,66,90,167,26,231,135,39,199,58,7,250,116,191,223,99,154,39,75,251,2,129,225,107,139,43,75,235,11,171,
    20,180,212,116,148,120,27,183,85,248,212,50,193,122,23,160,93,251,154,116,235,120,24,184,107,165,152,56,221,120,24,229,88,165,171,
    175,141,117,203,124,17,244,55,189,221,125,157,61,93,253,29,189,221,125,157,61,93,253,29,194,180,20,226,66,76,177,12,241,148,49,
    106,10,247,121,180,141,102,155,38,16,167,74,140,198,102,134,38,70,230,6,166,198,102,134,38,70,230,6,166,143,32,134,117,9,179,
    1,171,102,235,207,46,193,107,79,188,64,250,129,43,230,107,79,177,18,175,205,109,143,123,7,170,65,175,176,35,195,99,3,163,102,
    180,9,199,177,17,137,116,73,135,9,168,194,8,212,121,1,139,87,237,150,60,144,107,23,173,86,252,177,60,145,56,29,182,92,146,
    97,129,33,65,225,1,161,193,97,129,33,65,225,1,161,193,45,206,98,0,173,1,222,141,30,144,94,13,173,72,222,168,8,232,72,
    245,56,27,234,23,170,181,3,227,85,53,251,70,187,134,35,198,102,6,251,117,184,129,106,203,100,14,234,117,230,219,35,195,102,91,
    76,31,191,2,250,172,98,139,51,28,161,19,208,156,63,220,97,64,253,85,225,156,62,225,84,49,251,6,163,223,115,128,35,95,243,
    79,233,21,150,220,124,156,60,92,252,28,188,220,124,156,60,92,252,28,188,144,51,223,125,16,252,99,213,149,21,245,85,35,131,117,
    137,41,250,90,87,183,5,184,197,26,236,76,58,154,20,233,212,41,204,105,9,169,20,218,215,46,133,100,11,161,5,208,161,44,200,
    124,128,81,2,255,103,191,130,127,194,98,2,162,31,226,223,17,154,58,70,255,2,174,195,124,159,34,78,254,0,187,194,110,131,55,
    158,55,24,165,23,194,179,62,218,37,89,136,91,166,190,102,219,38,27,187,91,251,198,59,134,72,67,227,31,167,219,119,132,59,87,
    16,174,213,108,128,45,89,233,42,160,192,96,128,32,64,224,0,160,192,96,128,32,64,224,0,212,151,37,197,110,51,165,82,246,137,
    234,140,115,234,123,12,168,93,236,193,22,197,56,5,165,24,229,216,0,224,56,5,128,24,214,219,39,133,41,61,190,76,236,135,0,
    156,52,221,60,45,190,3,219,195,62,131,126,30,190,94,163,158,99,237,38,70,250,2,188,192,123,158,50,9,242,112,243,145,57,213,
    41,212,110,21,191,120,244,151,52,201,40,91,230,27,196,151,4,138,68,23,183,82,196,178,18,242,82,36,233,74,187,134,114,129,75,
    168,69,253,204,109,174,36,68,228,4,164,196,100,132,36,68,228,4,164,196,100,132,80,19,161,65,234,183,33,214,114,13,167,65,190,
    110,255,136,44,217,104,69,146,65,225,220,4,228,68,36,132,28,210,129,4,242,63,2,225,13,217,154,40,200,99,36,163,75,226,195,
    201,154,103,255,39,26,231,90,250,154,58,135,122,71,137,2,162,222,102,152,36,95,250,22,237,214,6,217,101,31,162,95,249,152,118,
    194,127,224,86,22,150,118,214,160,0,246,115,19,128,96,173,141,127,194,54,69,143,83,254,134,119,150,21,95,255,31,191,223,127,159,
    72,232,8,168,200,104,136,40,72,184,75,233,132,36,128,107,9,164,68,234,137,43,195,36,72,151,97,193,183,23,153,100,89,164,65,
    189,93,253,192,14,131,122,88,219,17,177,209,113,145,49,81,241,17,177,209,113,212,127,21,219,59,177,209,113,145,49,81,241,17,177,
    26,186,218,5,214,43,22,182,11,246,203,19,243,43,22,147,11,197,200,52,148,87,21,175,73,255,184,47,206,110,21,180,11,217,150,
    202,96,8,249,96,236,141,45,198,96,23,235,69,246,141,32,215,106,12,173,11,170,195,28,207,111,15,156,18,239,143,42,207,111,82,
    96,93,147,30,252,196,34,195,120,76,147,101,197,179,19,157,96,93,160,69,224,128,32,157,83,94,167,5,172,137,34,200,37,102,236,
    85,245,21,181,213,117,149,53,85,245,21,249,154,54,212,121,85,138,124,220,153,100,217,36,42,138,89,249,170,100,234,39,6,245,8,
    254,119,240,141,42,223,112,29,187,16,193,146,111,247,47,18,239,82,242,146,50,143,114,79,129,10,170,214,1,210,114,55,151,119,215,
    14,150,107,86,152,110,206,139,118,248,101,79,246,21,182,206,107,135,88,11,246,78,238,142,43,150,78,11,246,120,235,139,24,149,107,
    153,26,80,240,16,176,208,112,144,48,80,240,16,176,175,25,249,124,65,188,1,207,175,60,220,79,65,143,2,227,222,3,217,106,21,
    57,68,249,108,221,144,52,139,55,38,181,8,208,200,53,136,117,21,181,85,168,149,104,230,45,77,241,8,181,217,116,143,41,85,249,
    179,206,98,146,43,104,226,2,162,194,98,130,34,66,226,2,162,194,29,235,75,14,243,78,179,189,29,206,110,61,243,125,176,145,108,
    169,42,200,96,12,185,68,254,133,47,255,121,10,165,88,251,138,57,206,101,8,178,11,182,203,122,161,43,75,235,11,171,203,107,139,
    116,148,52,84,139,125,221,152,101,216,37,43,139,88,248,171,101,235,38,7,250,96,241,140,32,148,41,84,246,22,158,212,116,148,52,
    157,61,93,253,29,189,221,125,226,84,52,177,12,241,204,2,226,113,17,130,12,194,207,46,147,80,18,168,78,248,191,40,201,105,18,
    72,183,165,42,207,101,13,252,101,233,136,40,195,101,18,238,64,243,136,37,210,111,9,168,14,175,198,25,202,106,10,153,23,234,138,
    230,131,35,158,99,94,144,29,255,199,33,192,123,79,144,102,198,176,16,158,99,94,163,70,227,131,35,158,80,93,164,6,175,138,33,
    156,113,178,18,88,248,24,184,216,120,152,56,88,248,24,184,136,59,217,116,20,240,91,249,148,52,218,121,27,179,20,184,167,17,241,
    62,158,16,237,208,45,200,109,13,173,16,222,211,42,136,11,65,225,1,161,193,97,129,33,65,225,1,161,147,36,213,116,19,175,1,
    177,10,217,143,62,138,55,74,149,70,230,134,21,155,102,6,163,70,230,219,38,155,85,88,186,10,247,224,106,138,42,74,234,10,170,
    19,246,157,55,185,25,83,243,19,179,211,115,147,51,121,243,19,179,211,115,147,51,83,181,70,253,144,39,218,124,29,243,108,255,159,
    245,163,21,141,85,53,149,117,173,144,109,227,46,26,230,125,248,152,15,208,117,24,185,78,180,143,48,213,120,25,174,104,249,132,40,
    41,69,168,76,235,201,101,200,100,29,233,5,225,128,35,196,112,9,177,9,165,134,36,201,105,7,164,70,238,204,79,133,37,69,229,
    78,238,14,174,206,110,142,46,3,167,64,174,211,110,195,103,0,238,65,252,206,126,164,46,78,238,14,174,206,110,142,46,78,238,14,
    186,86,239,215,106,151,122,22,175,23,248,133,119,134,39,71,221,23,183,215,119,151,55,87,247,23,183,215,119,211,114,17,182,66,251,
    52,128,61,64,164,69,230,129,53,204,116,64,175,82,160,141,41,206,10,64,224,0,160,192,96,128,32,64,224,0,160,131,33,204,108,
    203,104,10,162,9,180,201,42,200,101,5,171,72,234,130,105,198,123,73,175,92,231,138,61,192,102,7,225,0,169,140,39,205,3,73,
    50,82,242,18,178,210,114,146,50,82,242,94,253,145,51,222,50,45,155,94,219,187,27,237,126,30,155,91,219,173,96,198,50,79,242,
    31,190,93,250,142,55,207,17,113,251,27,187,219,123,155,59,91,251,27,187,219,55,212,120,26,183,27,196,202,55,138,68,18,178,87,
    136,40,200,53,8,245,123,182,145,100,153,36,45,170,87,240,133,42,199,97,74,155,72,181,173,117,200,53,8,168,72,232,213,40,149,
    18,153,57,69,146,65,225,164,4,228,68,36,252,65,188,178,4,228,97,92,146,79,165,220,127,159,36,65,237,114,210,129,36,156,100,
    233,122,26,186,7,250,154,9,132,116,95,220,22,182,214,118,150,54,86,246,22,182,214,118,233,39,26,231,105,255,159,58,218,122,26,
    46,19,238,96,173,138,113,236,118,5,186,31,162,223,10,251,118,18,237,17,192,147,110,246,46,19,238,83,243,147,51,142,115,78,128,
    188,220,96,153,36,72,248,4,168,216,100,136,61,92,225,34,168,200,104,136,40,72,232,8,168,200,104,136,87,89,164,25,215,129,33,
    157,61,221,125,64,189,0,206,195,36,159,83,16,178,90,246,131,62,196,127,21,146,94,253,158,35,130,49,76,241,110,253,157,96,248,
    19,229,115,51,182,86,211,179,19,243,69,75,184,48,186,218,122,154,58,90,250,26,186,218,122,154,69,75,182,11,197,147,51,214,118,
    175,79,178,143,114,252,49,22,237,97,226,128,40,196,113,12,182,77,231,183,49,194,109,16,179,66,241,134,45,192,122,67,254,3,179,
    2,184,230,108,140,44,76,236,12,172,204,108,140,44,76,133,66,255,152,45,194,111,9,226,115,224,221,5,157,96,93,160,64,224,128,
    164,153,100,234,33,65,253,106,249,153,28,252,92,60,156,4,249,196,10,252,92,25,228,106,247,221,100,135,38,92,249,21,202,196,57,
    207,1,215,119,18,178,82,242,207,50,143,65,76,171,23,176,189,49,204,112,27,172,108,255,154,55,203,109,94,227,30,203,186,55,211,
    73,152,75,182,174,118,203,54,11,171,75,235,214,43,150,88,83,243,15,183,203,103,159,46,109,231,7,167,199,103,135,39,71,231,7,
    240,16,252,159,51,209,124,80,143,121,217,156,60,249,89,28,188,92,252,193,25,249,89,47,226,90,176,205,112,249,126,3,164,81,254,
    90,252,215,6,213,40,48,232,85,168,149,53,213,117,72,181,8,198,205,109,145,70,21,181,112,208,176,16,240,40,21,232,102,208,176,
    206,51,61,160,10,179,208,118,139,46,66,157,19,238,211,29,203,107,14,174,78,238,211,46,147,93,80,183,11,136,194,98,130,34,66,
    43,75,235,11,171,203,107,244,66,34,167,71,194,162,39,199,103,7,250,98,194,162,20,153,97,69,136,68,231,132,57,139,54,75,136,
    27,184,91,230,199,122,210,102,27,185,102,211,182,124,140,36,88,244,0,164,216,116,129,36,93,222,20,180,212,116,148,52,84,244,20,
    253,29,189,162,20,244,113,17,148,116,241,145,49,209,44,52,148,116,194,207,55,147,73,21,180,94,246,147,56,206,110,93,224,29,172,
    76,172,38,70,230,6,166,198,102,134,38,70,230,6,234,137,37,199,106,70,153,74,183,175,15,202,106,10,247,111,239,215,25,249,52,
    194,47,82,239,102,225,156,59,206,97,12,170,1,208,131,126,230,62,3,254,67,227,131,35,158,99,94,144,27,187,199,16,195,99,38,
    81,49,145,113,169,148,105,231,81,49,180,9,199,154,112,137,42,77,241,20,184,167,105,212,41,39,177,81,244,148,52,212,41,20,233,
    222,211,52,136,11,65,225,1,161,193,97,129,33,65,225,1,161,190,45,144,72,40,173,77,237,208,8,200,48,62,158,19,236,207,18,
    131,48,207,42,87,234,127,206,131,39,152,36,53,166,27,195,219,38,155,102,6,166,70,187,134,123,245,62,94,226,27,166,202,103,155,
    99,131,63,83,227,31,179,193,103,154,25,83,243,19,179,211,115,147,51,83,243,19,179,172,63,130,90,58,191,95,255,194,26,218,34,
    227,67,78,177,18,204,147,47,213,104,21,179,82,188,193,124,233,88,21,177,14,178,163,48,141,85,77,176,13,240,144,48,208,45,16,
    20,218,209,113,141,53,73,229,20,177,201,101,149,41,69,243,12,143,197,101,133,37,69,229,5,165,197,101,133,37,58,169,20,204,172,
    226,130,34,159,71,7,255,113,209,220,35,128,90,11,182,90,174,211,110,221,98,7,170,75,252,186,43,214,122,100,238,14,174,206,110,
    215,119,151,55,87,247,23,200,155,102,254,94,27,187,91,166,190,62,134,72,40,229,90,185,177,56,217,99,87,234,23,210,153,34,218,
    78,134,79,238,148,110,231,111,20,168,65,237,173,37,196,105,21,173,42,160,192,96,128,32,64,224,0,160,192,96,128,95,12,241,105,
    128,69,229,133,120,224,96,88,150,118,187,132,103,253,108,17,189,122,224,147,44,137,52,73,248,26,131,201,105,137,41,73,233,9,169,
    18,178,210,114,237,126,67,155,123,254,158,62,131,91,27,227,109,205,192,63,156,70,23,170,70,209,157,62,221,96,65,242,15,178,173,
    247,178,18,228,82,50,234,10,210,151,55,228,68,74,184,49,187,219,123,155,59,91,251,27,187,219,123,155,68,23,234,114,210,151,55,
    104,85,141,77,181,187,27,150,105,74,144,65,252,144,28,229,104,13,163,74,233,129,42,208,36,89,228,97,234,145,41,138,80,1,188,
    25,149,108,225,132,42,195,96,8,163,89,163,161,40,203,121,103,237,13,173,205,109,141,45,77,237,13,173,205,18,193,60,36,132,65,
    186,90,167,191,63,135,73,41,228,91,184,180,55,213,125,17,164,89,227,152,50,226,100,23,184,69,230,151,36,211,120,21,175,22,171,
    31,174,245,85,159,63,95,255,31,191,223,127,159,63,95,255,83,240,156,62,211,63,32,238,118,214,206,51,211,118,54,150,14,243,182,
    225,87,90,190,8,181,200,1,198,123,28,169,70,235,141,102,247,100,89,129,25,228,217,36,196,100,4,249,68,185,183,124,156,32,55,
    125,29,152,120,216,184,24,128,125,64,142,120,216,157,96,238,115,89,224,3,167,216,125,145,78,64,189,0,206,152,56,221,125,29,189,
    75,182,11,197,200,47,147,16,90,250,26,186,218,122,154,58,90,250,26,186,165,107,243,83,75,182,86,243,179,19,139,118,51,147,101,
    209,53,141,80,10,185,70,163,222,99,246,71,10,174,17,173,188,47,146,74,82,175,18,239,143,47,207,50,15,242,124,183,215,107,147,
    96,140,52,92,224,12,188,192,108,158,56,69,198,12,172,204,108,140,44,76,236,12,172,204,108,243,61,37,133,29,224,128,37,229,69,
    132,121,60,156,106,167,131,123,229,122,6,188,65,252,154,59,149,40,85,128,113,252,152,103,155,74,25,228,124,164,153,100,217,121,25,
    114,79,178,15,193,202,106,150,47,82,254,19,167,202,114,158,46,82,254,8,183,244,126,158,62,94,254,30,190,222,126,158,62,94,129,
    182,174,14,150,107,11,174,110,206,214,43,238,78,56,245,81,169,179,34,223,115,71,250,7,243,136,52,211,117,14,169,64,175,184,14,
    156,25,249,89,47,188,92,217,153,25,239,34,4,249,58,176,208,112,144,48,80,240,16,176,208,112,144,79,65,153,121,161,156,60,217,
    16,240,40,21,144,112,198,203,47,151,95,22,183,77,185,196,121,252,119,12,180,23,223,150,55,205,55,62,182,77,241,152,52,251,118,
    174,70,136,194,98,130,34,66,226,2,162,194,98,130,34,61,243,107,203,211,46,206,107,43,139,19,238,171,11,253,48,20,236,118,231,
    83,255,184,34,209,110,75,246,11,186,216,65,139,43,75,235,11,171,203,107,139,43,75,235,116,186,162,2,154,103,7,162,98,194,218,
    248,189,29,235,38,2,250,96,241,140,32,247,123,24,187,70,167,212,105,148,75,24,229,93,253,152,101,235,120,24,229,93,203,197,108,
    247,125,157,61,93,253,29,189,221,125,157,61,93,130,12,212,180,108,209,113,20,148,116,172,145,20,244,66,79,171,19,201,152,37,201,
    62,135,74,239,129,40,203,99,8,178,6,187,198,3,200,115,11,232,114,227,158,50,254,71,10,175,65,232,139,35,200,114,72,148,79,
    168,71,251,229,111,143,47,79,239,15,175,207,111,143,47,79,144,30,198,166,126,195,99,6,134,102,190,131,6,230,80,93,185,1,205,
    89,251,147,63,202,119,13,182,92,204,138,57,214,107,8,185,74,253,150,59,193,56,69,248,9,146,242,120,152,56,88,248,24,184,216,
    129,33,65,225,77,238,130,32,205,33,62,240,126,200,168,8,144,72,40,136,104,237,208,30,254,51,22,225,28,161,168,47,210,117,0,
    100,9,175,4,213,134,123,227,59,6,251,70,230,134,38,155,102,91,149,30,190,194,21,198,102,35,131,99,195,163,123,198,59,53,131,
    58,191,2,204,145,123,130,33,68,250,31,179,172,98,223,34,44,186,90,255,159,63,223,34,31,226,108,161,134,122,185,51,83,243,19,
    252,28,188,220,124,156,60,92,131,13,195,181,21,245,45,53,149,117,213,144,109,227,67,78,171,18,207,149,38,217,60,65,252,105,216,
    44,200,55,75,154,73,180,172,116,201,52,9,169,73,233,212,41,148,90,81,241,13,180,201,101,136,55,93,233,5,181,201,101,147,44,
    164,46,78,238,14,174,206,110,142,46,78,238,14,209,223,17,231,71,39,255,103,199,167,7,194,63,49,145,28,249,192,30,193,125,7,
    99,30,184,89,183,202,119,226,83,30,186,5,185,168,59,134,94,70,187,6,251,155,59,219,38,27,230,104,163,195,127,135,59,87,230,
    180,204,96,144,44,64,243,22,169,234,96,128,32,64,224,0,160,192,96,128,32,64,159,17,223,169,9,233,49,41,137,105,201,140,113,
    182,22,155,126,71,139,72,234,130,46,219,102,28,167,77,202,134,37,198,123,90,233,20,169,170,38,197,102,27,250,7,239,155,38,196,
    0,245,80,90,231,2,190,210,97,130,62,82,225,7,187,248,114,146,50,82,242,18,178,210,114,146,50,82,141,3,205,187,27,251,35,
    242,82,50,146,87,170,164,4,137,108,85,143,94,227,143,123,134,59,89,249,49,187,219,123,155,59,91,251,27,187,219,123,155,68,74,
    123,205,173,13,149,77,45,141,109,232,213,27,251,54,19,234,101,241,144,43,230,113,16,176,75,234,167,43,200,107,22,228,25,164,130,
    236,129,62,200,7,77,237,13,173,205,109,141,45,77,237,13,173,164,35,222,121,12,163,78,232,195,18,193,60,36,252,65,188,129,33,
    154,58,135,122,71,137,2,162,222,9,218,122,63,159,127,223,191,103,218,39,41,159,127,250,199,9,212,62,71,228,14,191,218,118,233,
    110,224,86,54,150,14,214,182,22,246,115,78,128,96,173,136,118,145,92,16,173,81,250,141,13,222,123,22,170,76,191,194,127,234,91,
    161,69,166,183,36,153,65,89,164,25,228,132,36,196,57,4,249,119,188,220,96,153,36,72,248,1,130,226,104,136,40,72,232,8,168,
    17,177,209,113,145,125,30,178,80,253,209,14,216,120,29,224,93,160,157,96,128,88,56,184,110,163,137,113,140,49,56,191,66,229,144,
    244,153,63,148,69,22,235,115,171,150,107,214,118,22,182,11,246,203,5,142,46,82,133,86,246,179,19,243,83,51,235,86,171,165,19,
    74,15,242,124,225,203,114,145,58,74,239,3,220,210,28,234,74,42,242,106,202,170,10,207,50,60,156,17,244,202,73,131,35,67,227,
    76,236,12,172,204,108,140,44,51,165,69,224,221,32,157,96,93,253,101,197,133,19,158,116,66,159,69,246,137,108,145,44,57,136,69,
    184,7,187,170,57,132,92,68,185,4,249,153,57,217,36,25,228,106,161,193,125,216,116,1,189,27,246,153,52,216,101,93,253,106,220,
    82,215,183,23,225,114,18,151,87,215,161,108,202,62,83,254,83,247,144,119,158,49,94,246,83,255,134,126,147,62,19,183,80,183,210,
    135,55,75,231,22,174,203,103,151,43,71,246,11,167,215,110,173,39,71,231,7,167,199,103,135,39,71,231,7,216,142,46,203,54,11,
    33,28,225,1,217,185,57,239,34,8,254,114,241,147,59,215,98,31,165,94,244,179,63,220,127,2,227,16,173,208,15,220,33,25,185,
    21,232,102,245,149,104,208,70,72,225,51,185,217,121,153,57,89,249,25,185,217,121,153,70,16,176,85,168,149,104,213,40,72,144,112,
    139,29,144,122,76,128,77,240,134,39,208,81,11,184,71,210,139,58,199,110,66,255,2,178,232,98,130,34,66,226,2,162,194,98,130,
    107,139,66,5,184,95,234,133,40,206,37,52,167,26,194,218,39,154,103,7,167,71,186,135,122,244,63,95,227,116,231,135,2,226,66,
    253,93,69,184,5,203,189,29,216,37,43,182,28,165,199,100,157,56,84,139,93,253,152,101,216,37,24,229,5,221,189,61,235,38,12,
    52,83,158,82,239,147,56,207,79,28,185,84,232,142,125,128,61,40,153,84,240,211,2,209,44,52,236,81,172,145,49,209,113,76,177,
    183,185,114,146,46,87,234,6,182,207,76,172,38,70,230,6,166,198,102,134,38,70,230,6,234,137,37,199,106,70,160,83,232,133,50,
    134,32,193,47,48,166,30,227,131,126,230,99,94,134,102,227,131,6,240,61,22,231,70,225,159,58,219,38,101,239,15,175,207,111,143,
    120,152,56,88,248,24,184,216,120,152,116,23,187,89,244,216,7,209,116,39,135,113,244,201,7,212,41,39,234,66,184,197,120,213,121,
    181,73,175,130,45,192,108,17,233,9,232,143,49,212,117,79,145,78,242,136,53,200,110,15,239,121,161,204,97,254,48,62,136,104,200,
    27,195,163,3,227,102,91,149,117,184,157,100,235,104,25,165,70,255,158,47,250,101,25,163,94,227,133,36,132,82,67,234,5,170,181,
    162,172,26,250,90,66,154,122,218,186,63,130,76,44,225,68,189,178,49,192,124,31,166,71,246,160,58,201,118,93,139,31,179,195,127,
    220,109,149,22,92,252,28,188,220,124,156,60,92,252,28,188,220,124,156,60,35,149,80,213,181,21,227,112,16,149,85,213,163,110,200,
    69,248,5,232,132,49,205,43,3,169,74,234,151,109,200,108,11,229,14,165,205,40,196,125,69,232,5,232,140,43,140,37,79,229,122,
    167,66,209,177,7,194,63,49,162,31,209,220,52,135,4,78,238,14,174,206,110,142,46,78,238,14,174,206,110,142,46,49,255,103,199,
    6,251,155,62,254,94,70,187,126,222,168,101,193,57,35,178,79,227,215,106,151,99,24,164,67,229,158,57,208,63,40,158,91,222,190,
    233,95,12,172,105,233,169,31,146,116,73,202,0,160,192,96,128,32,64,224,0,160,192,96,128,32,64,224,127,233,137,44,145,108,81,
    101,88,248,96,192,128,22,155,113,71,154,64,243,140,105,148,41,60,141,64,228,219,103,246,101,88,128,24,229,216,37,197,101,5,248,
    30,227,109,166,198,122,237,123,30,141,109,219,158,99,237,126,67,141,0,232,222,114,130,62,82,227,30,178,194,123,184,50,82,242,18,
    251,27,187,219,123,155,59,91,251,27,187,219,43,216,122,23,183,19,248,154,55,215,121,26,184,80,183,219,4,242,119,50,146,114,196,
    40,200,77,13,141,123,182,144,109,174,36,68,228,4,164,196,100,132,36,68,228,4,225,138,32,174,14,68,228,4,164,196,100,132,36,
    141,45,77,237,65,226,142,44,193,45,50,146,65,188,220,33,193,68,1,161,28,228,164,4,242,62,93,237,16,173,139,44,193,126,8,
    28,86,246,22,182,214,118,150,54,86,246,22,182,169,103,233,95,63,159,7,223,191,31,255,122,71,137,105,164,129,120,255,120,6,163,
    11,157,90,248,158,49,133,92,16,177,81,250,156,43,151,121,10,177,92,235,150,48,209,55,22,177,79,234,139,118,181,63,95,255,31,
    200,104,136,40,72,232,8,168,200,104,136,40,1,174,8,225,134,56,221,124,70,157,91,237,154,1,198,120,29,188,124,241,152,45,136,
    108,140,49,52,191,68,252,223,4,194,116,3,152,95,225,132,37,229,104,1,180,31,220,158,36,194,116,51,164,69,229,158,63,128,49,
    213,104,90,179,84,234,143,46,148,79,9,191,72,211,148,42,207,110,46,163,74,255,218,103,135,58,63,180,79,247,212,15,201,127,8,
    106,237,147,54,215,87,26,179,70,173,183,44,214,96,11,227,87,235,134,45,169,35,67,227,3,163,195,99,131,35,67,227,3,163,195,
    172,204,108,140,44,76,147,115,224,221,125,192,96,37,160,64,189,133,5,229,83,95,252,12,177,204,56,222,121,9,198,12,172,204,108,
    213,117,149,53,85,245,21,181,213,117,149,53,85,245,21,181,170,60,132,121,25,228,124,249,196,28,252,121,25,156,106,167,140,125,220,
    48,206,107,10,247,52,190,222,126,158,62,94,254,30,190,222,126,158,62,94,254,30,251,144,58,180,62,94,254,30,190,222,126,158,62,
    231,7,167,130,41,195,46,109,231,7,167,199,103,135,39,71,231,7,167,199,18,212,98,21,142,73,247,146,51,244,98,21,177,78,228,
    85,190,185,62,192,101,4,149,94,244,149,52,138,83,31,190,94,245,147,36,152,118,5,190,83,228,153,63,222,56,25,190,64,229,132,
    176,243,121,153,57,89,249,25,185,217,121,153,57,89,249,25,185,217,48,223,57,16,183,73,236,141,119,236,106,28,171,112,247,137,44,
    118,54,187,82,231,194,127,159,34,39,172,87,239,204,23,209,103,16,139,76,242,151,54,246,123,18,167,12,207,141,55,209,103,32,183,
    31,191,68,229,218,107,196,121,75,162,69,251,158,63,133,94,24,174,89,194,133,59,222,127,63,178,91,238,203,118,150,43,46,165,94,
    185,26,193,135,49,198,93,26,164,65,224,160,45,196,113,90,128,91,225,151,60,148,96,28,177,90,158,212,116,148,52,84,244,20,180,
    29,189,221,125,157,61,93,253,29,189,221,125,226,66,17,236,12,241,145,20,209,113,76,180,116,212,162,110,141,61,64,253,91,252,145,
    213,99,108,230,6,166,198,102,134,38,70,230,6,166,198,102,134,38,70,163,72,226,236,102,134,38,70,230,6,166,198,102,134,38,70,
    106,1,171,6,133,207,111,143,47,79,239,15,175,207,111,143,47,58,188,74,253,166,33,223,122,27,156,74,253,153,38,204,106,65,134,
    22,168,77,236,187,48,217,118,31,189,92,162,187,55,214,118,29,187,76,176,158,45,214,123,12,177,87,246,208,49,214,104,13,172,17,
    235,97,129,33,65,225,1,161,193,97,129,33,65,225,1,161,193,40,199,33,62,158,77,176,208,45,205,72,13,173,16,232,168,8,254,
    121,154,42,11,164,78,170,194,35,196,122,31,190,4,223,153,47,216,67,4,186,95,254,190,51,218,111,74,247,23,170,175,36,223,103,
    157,70,0,182,65,218,157,35,198,103,39,170,67,246,221,30,220,102,0,182,126,252,133,54,222,118,29,167,19,252,129,115,218,125,3,
    105,8,242,105,239,153,46,245,114,12,169,72,200,133,44,217,60,65,225,28,217,146,41,209,50,41,175,89,238,181,50,204,105,8,136,
    252,149,32,139,81,10,176,70,237,204,101,209,109,0,171,47,165,197,101,133,37,69,229,5,165,197,101,133,37,69,229,5,165,197,101,
    206,17,199,63,2,162,31,199,130,127,231,71,2,162,103,209,220,55,134,103,0,190,91,250,199,68,142,46,78,238,14,174,206,110,142,
    119,151,55,87,247,23,183,146,57,211,29,87,247,23,183,215,119,151,55,87,247,23,183,146,57,211,62,125,221,23,183,215,119,151,55,
    224,0,160,192,96,128,112,3,161,76,236,200,35,193,108,12,162,65,227,139,108,128,95,41,172,105,201,169,31,204,108,41,169,105,223,
    27,253,192,67,137,41,73,233,9,169,201,105,204,103,13,195,35,169,201,105,137,41,73,233,9,131,201,105,137,41,73,233,9,169,143,
    231,156,49,198,123,29,188,18,205,158,62,219,77,59,227,123,219,187,27,131,126,67,141,0,244,200,19,214,118,57,188,93,240,218,57,
    149,52,217,79,30,163,79,183,219,54,210,117,87,251,86,250,131,119,155,127,30,189,90,238,151,47,151,59,14,181,82,239,215,123,216,
    5,168,72,230,133,39,207,45,110,228,4,164,196,100,132,36,68,228,4,164,196,41,205,106,68,249,4,233,141,42,132,107,22,228,20,
    199,13,173,205,109,141,45,77,237,13,173,205,109,192,108,21,237,16,173,128,44,213,45,2,191,13,188,221,125,167,45,77,237,13,173,
    22,182,214,118,150,54,86,178,83,240,151,35,218,98,86,235,22,242,147,48,215,99,26,162,22,249,132,118,219,127,24,220,22,182,214,
    191,223,127,159,63,95,255,31,191,138,49,214,107,95,226,31,234,145,54,203,63,16,173,31,189,218,125,181,63,95,255,31,191,223,127,
    40,72,232,8,168,139,41,196,100,10,169,75,227,200,117,136,107,9,164,68,234,137,43,195,40,7,186,8,238,157,38,203,124,1,167,
    31,249,24,177,148,63,213,27,81,241,17,177,209,113,145,49,81,241,17,177,157,62,210,112,29,241,110,216,157,24,248,88,46,189,93,
    147,83,211,165,104,206,58,71,250,94,255,156,59,207,118,14,208,48,186,218,122,154,58,90,250,26,186,218,122,154,118,21,185,91,246,
    99,252,50,15,242,124,234,138,47,207,111,15,242,79,178,188,113,214,35,94,227,106,237,144,55,194,109,0,166,13,220,143,114,234,50,
    192,61,0,160,64,224,221,32,157,83,88,248,4,211,128,32,229,69,37,133,101,189,128,125,243,69,37,160,29,211,142,100,157,63,93,
    60,89,245,106,202,153,60,132,124,42,185,89,249,196,57,217,74,71,183,28,159,213,117,149,53,85,245,21,181,213,117,149,53,42,228,
    18,239,97,247,151,50,210,114,18,239,82,175,161,108,203,48,45,183,68,251,222,99,158,75,58,183,83,172,208,1,210,47,55,239,82,
    214,43,203,107,11,246,75,182,184,115,147,47,86,235,7,183,203,103,151,43,71,241,31,174,237,103,135,39,71,231,7,167,199,103,135,
    112,144,79,65,188,1,207,153,57,220,124,28,188,1,252,193,15,130,101,94,146,81,243,155,55,194,127,5,190,84,211,159,60,223,98,
    138,57,68,249,102,245,149,104,240,80,38,176,112,245,149,16,240,80,48,134,8,251,243,121,153,57,89,249,25,185,217,121,153,57,89,
    125,179,142,115,253,107,11,174,78,238,142,115,206,51,61,240,87,172,160,35,193,105,5,176,77,247,140,38,246,112,3,172,81,242,131,
    249,142,37,200,114,75,246,11,187,197,127,161,43,75,235,11,171,203,107,139,43,75,235,11,194,133,56,223,106,5,168,78,165,180,39,
    197,29,133,120,69,184,88,248,152,101,216,37,43,224,0,188,171,56,216,93,61,157,125,221,197,56,133,75,61,157,88,165,171,54,156,
    108,142,47,84,241,29,194,204,49,140,66,20,180,81,241,145,49,140,113,76,130,15,232,212,115,254,114,15,179,88,239,175,60,217,116,
    179,85,166,219,102,243,66,15,171,8,217,138,119,239,55,10,247,74,234,138,42,151,106,87,153,18,178,206,118,138,38,94,239,44,166,
    15,175,207,111,143,47,79,239,15,175,207,35,192,108,14,163,15,208,166,6,195,99,38,134,67,227,131,35,158,70,38,134,112,189,133,
    184,197,120,241,118,11,172,89,246,155,61,150,71,20,233,113,169,148,105,212,116,20,180,9,244,201,7,140,44,80,135,84,244,177,17,
    72,40,136,16,237,208,30,232,72,13,240,126,227,201,112,146,50,72,237,1,222,208,45,144,94,8,168,77,237,141,45,144,109,80,158,
    88,191,3,128,202,106,138,42,74,234,10,170,202,106,138,42,53,131,99,230,134,3,227,102,6,166,70,187,163,3,227,85,88,160,4,
    144,92,255,156,33,147,46,83,144,92,255,156,33,128,61,21,161,92,254,161,20,241,59,75,227,31,179,199,99,159,51,70,227,26,153,
    28,188,220,124,156,60,92,252,28,188,220,124,227,85,53,176,80,213,181,48,208,112,16,237,117,213,181,3,142,118,82,136,84,245,159,
    206,107,0,182,86,165,216,101,148,15,111,229,5,165,197,101,133,37,69,229,5,165,197,41,202,102,4,169,5,218,137,116,236,76,9,
    98,2,255,103,231,223,17,241,60,3,238,19,174,167,32,221,122,15,160,77,235,192,17,194,63,39,255,66,191,130,34,194,98,95,162,
    70,136,3,163,223,8,219,123,62,158,126,222,190,102,219,38,40,158,126,251,198,8,213,63,70,228,3,190,219,119,232,38,27,230,104,
    137,41,204,108,12,172,17,236,209,31,146,117,73,202,0,160,192,96,128,32,64,224,0,160,192,96,255,108,81,137,105,236,140,44,145,
    0,192,56,54,150,27,228,199,26,192,115,12,233,20,169,188,13,192,100,91,231,118,229,216,0,152,101,88,165,69,229,133,120,197,56,
    237,38,70,250,2,188,196,126,146,34,94,242,2,190,210,96,134,59,120,242,18,178,210,114,146,50,82,242,18,178,210,13,222,35,59,
    82,23,183,87,170,178,50,138,68,36,233,86,181,171,52,200,114,15,178,84,245,219,102,155,78,63,178,86,169,213,4,215,42,50,234,
    232,213,40,200,104,8,245,72,181,187,112,144,44,84,232,4,181,208,104,132,52,72,228,21,180,205,78,132,36,68,228,4,164,196,100,
    205,109,141,45,50,161,28,196,164,33,193,97,92,132,68,188,178,18,159,96,67,153,72,245,153,109,144,45,6,163,66,239,185,40,213,
    34,188,54,86,246,22,182,214,118,150,54,86,246,22,201,154,103,255,95,26,186,90,167,191,63,135,73,41,228,91,184,176,57,216,98,
    159,34,95,154,81,234,146,113,249,112,17,171,17,216,144,43,215,126,18,146,90,251,150,42,210,21,95,255,31,191,223,127,159,63,95,
    8,168,200,23,196,57,33,129,68,228,132,121,225,97,89,151,119,186,133,102,252,109,16,188,123,225,146,45,136,53,72,249,27,130,200,
    177,209,113,145,49,81,241,17,177,209,113,238,125,64,152,120,253,157,61,128,88,24,224,110,206,195,60,159,69,20,169,69,210,158,61,
    149,40,137,58,71,250,101,246,179,19,229,83,51,235,11,211,150,54,229,69,75,185,48,186,218,122,154,58,90,250,26,186,218,122,154,
    60,175,18,202,170,47,207,111,82,138,74,178,188,28,145,110,77,151,70,251,151,27,226,111,10,164,77,238,134,45,215,35,94,227,102,
    162,89,225,194,24,201,116,24,148,109,224,133,43,194,97,9,162,88,162,160,41,202,120,102,236,12,172,204,108,140,44,76,236,12,172,
    21,202,153,100,252,92,25,185,89,164,188,60,132,74,42,231,88,187,183,52,214,126,18,167,90,224,155,49,225,103,20,187,70,229,148,
    236,155,48,221,103,94,227,30,175,244,84,158,62,94,254,30,190,222,126,158,62,94,254,82,241,157,63,210,62,33,239,119,215,207,50,
    107,14,142,110,182,139,14,238,88,85,177,7,186,199,14,201,116,19,166,73,228,130,105,248,107,86,142,22,235,214,43,203,107,11,246,
    28,225,111,164,196,120,239,124,28,153,121,217,185,25,129,124,65,143,121,217,156,97,239,114,88,225,3,165,217,124,144,79,65,188,1,
    134,80,240,149,53,213,117,72,181,8,198,203,44,144,19,89,249,25,185,217,121,153,57,89,249,25,185,166,104,240,80,72,181,85,240,
    11,235,51,14,139,107,221,208,52,140,81,11,184,71,162,223,98,247,70,11,175,16,172,189,46,147,75,83,174,19,238,142,46,206,51,
    199,58,52,255,31,163,219,101,157,39,75,251,7,171,219,103,139,57,91,226,33,171,203,107,139,43,75,235,11,171,203,107,139,84,90,
    93,61,229,88,248,157,29,253,37,24,157,125,203,198,34,154,68,27,167,93,224,157,59,218,52,73,244,97,208,157,57,134,58,43,184,
    76,148,12,241,204,49,209,113,17,236,81,172,162,105,137,53,77,241,29,172,201,113,157,45,81,253,14,169,212,87,157,61,93,253,29,
    198,102,134,38,70,230,6,217,215,15,239,55,10,170,79,207,175,119,202,79,47,153,20,240,200,18,195,126,18,230,27,166,149,50,212,
    38,193,104,65,169,64,253,130,46,219,39,48,163,67,198,166,6,230,70,94,163,30,208,166,6,195,62,48,173,7,190,220,121,134,35,
    152,71,49,180,113,209,177,7,212,116,49,177,113,199,202,44,148,56,13,182,81,236,212,120,213,113,22,244,24,245,153,32,145,18,88,
    1,161,193,97,129,33,65,225,1,161,193,30,144,72,40,240,77,237,136,8,232,48,13,136,104,222,211,55,143,71,14,175,85,161,220,
    170,175,36,223,103,68,140,69,228,158,100,237,101,30,162,75,231,224,106,138,42,74,234,10,170,202,106,138,42,74,149,27,195,163,123,
    159,63,218,90,58,226,95,218,186,12,129,101,93,135,86,235,135,0,218,105,22,243,14,179,194,98,185,51,83,243,19,179,211,115,147,
    124,156,60,92,131,13,213,181,109,208,112,21,149,117,173,144,21,245,67,78,170,18,200,153,36,200,95,19,176,83,238,207,124,129,60,
    134,74,233,138,55,150,43,3,183,74,232,183,2,231,45,87,245,21,169,197,116,157,53,73,229,20,189,208,108,175,37,69,229,5,165,
    14,174,206,110,142,46,78,145,31,199,167,127,194,98,7,135,103,191,130,7,231,81,92,184,0,218,139,54,218,86,47,162,71,233,128,
    250,146,57,195,55,74,247,114,249,130,58,153,67,18,175,67,207,182,59,222,112,25,186,82,249,131,121,251,114,17,163,61,183,215,119,
    32,64,224,0,160,192,96,128,32,63,241,105,201,209,44,204,105,41,137,17,236,169,9,255,50,22,238,98,225,131,43,199,114,15,181,
    7,173,125,251,136,39,218,121,8,187,76,231,138,48,137,52,73,248,35,131,201,105,137,41,73,233,9,169,201,105,137,41,5,166,74,
    179,94,178,173,13,251,91,30,190,3,254,187,59,131,77,45,225,3,178,207,114,251,124,1,166,83,252,145,55,156,77,30,227,123,163,
    87,170,151,55,215,119,74,183,10,196,207,111,147,68,23,183,114,210,178,18,242,42,23,234,100,210,178,55,138,68,25,243,10,168,204,
    141,40,68,155,21,232,213,27,205,109,8,168,72,232,213,40,149,91,86,177,13,142,196,100,132,36,68,228,4,164,196,100,132,36,59,
    82,36,132,65,225,220,33,228,100,92,146,114,190,220,99,254,100,23,168,13,176,205,24,233,100,0,255,3,210,129,124,228,60,1,252,
    26,186,90,250,199,58,135,73,66,226,30,166,218,118,130,32,90,246,6,186,214,98,128,63,124,246,22,182,214,118,150,54,86,246,22,
    255,31,192,160,22,246,115,19,238,83,214,150,110,224,64,76,238,17,207,144,44,214,107,22,176,81,191,194,127,234,91,22,178,13,177,
    23,196,57,33,249,68,185,132,36,196,100,89,164,25,215,220,124,128,57,68,232,5,190,216,100,136,56,70,253,4,168,197,122,155,33,
    187,49,81,241,17,177,209,113,145,49,81,241,17,206,174,24,248,125,29,224,93,216,152,96,238,78,66,224,31,211,144,50,218,118,3,
    117,15,180,94,217,149,54,213,104,73,250,7,186,185,53,214,117,8,233,20,252,136,53,215,72,61,152,18,175,202,118,154,41,74,246,
    163,208,118,138,9,67,227,3,163,195,99,131,35,67,227,3,163,188,28,234,74,15,175,18,239,170,42,146,92,60,240,18,173,183,38,
    148,56,140,49,76,238,14,134,204,108,140,44,76,236,12,172,204,108,140,44,37,162,95,248,141,34,207,105,66,147,64,189,165,125,192,
    100,217,121,25,185,4,249,196,10,129,33,93,138,89,249,188,28,252,92,60,228,89,164,170,28,252,121,68,138,87,189,196,102,141,60,
    146,62,33,129,119,215,146,50,143,114,55,183,15,193,161,109,143,55,80,157,81,236,144,59,204,76,31,186,87,235,141,126,131,62,43,
    99,238,138,105,248,107,86,142,22,235,214,43,203,107,11,246,75,182,184,115,147,47,86,235,7,183,206,77,135,39,71,231,7,167,199,
    176,208,112,144,48,28,191,83,241,156,112,239,79,47,188,1,217,156,25,220,33,57,185,111,163,194,112,141,48,57,190,67,228,145,62,
    154,60,151,70,21,232,112,168,149,104,213,117,21,181,8,245,200,6,141,45,81,134,85,245,176,16,240,80,48,232,85,168,166,16,240,
    14,243,125,224,202,115,145,59,75,238,2,221,189,11,235,110,14,243,78,203,139,115,253,93,81,243,11,136,194,98,130,34,66,226,2,
    235,11,171,203,107,244,84,52,167,26,194,135,2,199,58,34,162,116,184,217,101,232,100,7,164,89,171,214,107,244,103,90,162,66,231,
    5,203,152,56,133,125,43,229,12,158,212,116,148,52,84,244,20,180,212,116,148,52,43,139,107,248,197,29,216,93,24,229,125,253,171,
    174,207,115,233,117,20,190,86,243,152,46,206,61,64,253,15,151,247,125,157,61,93,253,29,189,221,125,157,61,93,177,82,254,156,49,
    38,57,153,79,234,138,119,202,55,87,175,74,207,185,117,149,38,91,230,111,232,149,50,199,104,5,163,8,217,138,119,239,55,10,247,
    3,163,67,227,222,35,158,80,91,251,7,208,131,35,230,70,38,134,102,190,131,126,240,70,38,163,30,208,141,103,158,59,95,230,3,
    248,103,199,177,17,212,116,73,180,113,241,201,7,231,43,73,241,50,184,216,120,152,56,88,248,24,184,216,120,152,71,39,177,84,244,
    112,205,48,80,168,77,200,190,114,146,47,50,168,91,228,193,124,129,84,37,168,76,179,207,30,205,48,40,240,77,176,141,45,205,109,
    155,102,91,149,30,190,194,122,134,42,94,230,10,186,198,106,155,62,67,192,10,170,202,106,138,42,74,234,10,170,202,106,245,85,3,
    127,31,226,95,162,194,58,223,90,44,224,0,189,163,60,192,122,7,186,92,253,211,110,147,70,55,186,94,161,221,12,223,34,58,226,
    16,237,80,240,144,48,141,112,77,131,8,168,212,108,146,41,80,252,17,174,208,124,140,48,92,232,21,150,220,124,156,60,92,252,28,
    197,101,133,37,69,154,122,236,137,41,148,105,84,244,76,233,172,26,150,54,75,135,68,230,142,34,215,106,16,171,65,198,138,41,202,
    60,157,46,83,238,109,225,130,33,220,61,64,168,92,225,131,28,233,76,70,252,27,187,194,110,156,59,91,226,14,188,219,123,135,4,
    151,55,87,247,23,183,215,119,151,55,87,247,104,200,158,59,219,38,27,230,6,254,155,30,232,36,68,249,117,248,133,51,210,101,36,
    73,250,133,16,201,120,5,172,0,189,192,112,170,32,64,224,0,160,192,96,128,32,64,224,0,201,142,51,212,97,14,163,69,174,191,
    229,216,0,152,101,88,165,69,229,133,120,197,56,54,253,29,161,182,37,197,64,32,128,96,192,216,37,152,86,32,128,69,184,182,43,
    218,99,134,35,91,254,18,205,173,59,222,126,67,190,3,163,155,62,251,77,65,225,27,188,177,61,192,124,23,160,96,243,150,59,199,
    40,155,38,91,142,127,242,150,117,228,119,74,146,10,247,202,55,215,119,23,234,87,170,164,111,143,51,74,247,27,171,210,81,177,59,
    228,4,164,196,100,132,36,68,228,4,164,136,43,199,101,8,228,66,241,138,39,208,109,11,170,4,219,136,40,149,91,59,168,21,181,
    65,225,220,33,242,62,89,229,91,236,129,100,167,45,77,237,13,173,205,109,141,45,77,237,13,173,205,109,141,97,2,174,76,225,205,
    201,154,58,218,39,63,159,127,223,159,9,218,122,63,159,105,165,195,118,139,54,27,183,66,254,216,53,218,119,27,166,30,190,128,55,
    147,127,146,63,18,182,81,182,223,112,159,55,18,190,71,191,210,127,210,118,17,246,19,191,207,115,159,46,86,213,31,191,223,127,159,
    72,232,8,168,200,104,136,40,72,232,8,228,135,43,201,100,72,151,68,228,132,121,196,100,33,129,65,228,183,23,247,59,94,232,21,
    241,28,160,194,100,145,58,81,249,110,253,157,61,128,88,56,152,120,248,174,61,221,88,56,142,2,164,209,123,145,35,70,225,24,155,
    26,186,218,122,154,58,90,250,26,186,218,122,154,58,90,250,101,197,179,19,214,118,75,182,115,243,203,5,229,41,75,244,104,245,142,
    194,119,10,172,77,163,222,99,252,111,15,175,18,239,143,10,234,106,15,156,124,220,208,117,169,35,67,227,3,163,195,99,131,35,67,
    44,76,236,12,172,204,19,157,69,37,253,64,224,133,5,229,61,0,133,101,211,222,58,130,88,9,180,88,172,209,108,223,120,30,165,
    27,178,27,243,154,39,216,116,1,253,106,249,153,28,252,92,60,156,4,249,196,10,252,92,25,228,106,247,221,100,129,39,92,249,21,
    168,95,242,210,126,203,112,23,170,18,190,147,55,208,50,94,179,95,230,215,84,158,62,94,254,30,190,222,126,158,62,94,254,30,190,
    103,135,119,4,166,75,235,207,36,198,107,11,165,70,228,140,107,135,113,6,171,14,141,199,103,135,39,71,231,7,167,199,103,135,39,
    213,126,20,218,58,176,208,112,144,48,80,240,16,176,208,112,144,124,31,179,81,252,208,15,249,89,57,153,92,161,185,25,249,79,47,
    112,16,134,10,174,217,100,153,127,24,181,74,252,243,121,153,57,89,249,25,185,217,121,153,57,89,181,86,250,152,53,153,70,48,144,
    221,142,46,203,110,14,157,107,179,171,29,145,58,78,226,125,203,171,43,203,110,14,174,78,238,142,46,206,75,14,157,17,187,194,127,
    203,123,135,43,15,174,77,234,158,39,223,1,97,235,11,171,203,107,139,43,75,235,11,171,203,20,244,66,34,167,71,186,135,2,194,
    101,235,75,71,229,26,221,154,36,193,96,54,177,83,245,154,110,247,123,26,186,81,247,128,124,210,97,26,183,64,253,155,58,156,125,
    211,109,8,169,20,151,221,125,157,61,93,253,29,189,221,125,157,61,93,253,29,189,148,59,157,116,19,173,72,233,211,8,206,120,15,
    111,232,150,51,210,82,31,182,67,166,219,123,134,67,8,179,75,168,179,53,195,116,47,168,86,243,146,18,223,118,3,232,107,233,147,
    252,138,13,218,123,27,160,65,190,207,32,221,47,6,161,95,250,155,97,250,124,10,189,102,225,159,58,219,91,22,191,74,175,210,114,
    216,29,214,109,21,246,109,235,157,42,241,118,8,173,76,204,129,40,221,54,44,183,77,251,144,120,204,112,29,182,50,184,216,120,152,
    65,225,1,161,193,97,129,33,65,225,1,161,193,97,129,33,62,136,104,200,168,45,144,72,40,136,126,222,136,40,254,50,86,225,28,
    234,94,248,159,47,160,42,74,234,10,170,202,106,138,42,74,234,10,170,202,106,138,42,74,234,10,213,163,3,245,102,6,163,70,230,
    108,218,194,26,236,32,75,243,14,179,154,61,195,102,7,253,99,252,128,58,199,122,28,189,29,202,249,115,147,51,83,243,19,179,211,
    188,220,124,156,60,92,252,28,188,220,124,156,67,53,149,85,245,144,48,208,112,16,176,80,240,181,48,227,47,69,252,1,188,163,21,
    105,44,140,108,218,137,41,236,108,44,154,23,241,239,101,133,37,69,229,5,165,197,101,133,37,69,229,5,165,197,32,203,97,111,229,
    78,238,14,174,206,110,142,46,78,238,14,235,128,42,135,4,78,238,14,174,206,110,142,46,78,238,14,174,187,61,203,124,39,160,94,
    162,67,196,146,37,193,126,20,178,25,222,153,39,194,99,50,185,83,242,147,109,244,120,25,185,82,244,131,127,209,98,25,180,67,254,
    47,206,40,9,174,80,245,148,105,170,32,64,224,0,160,192,96,128,32,64,224,0,160,192,96,128,105,6,224,73,238,144,53,212,46,
    252,122,12,187,96,231,153,60,221,93,16,185,76,169,212,116,137,76,7,188,68,167,188,58,204,123,32,167,89,252,157,29,208,121,12,
    60,63,189,71,225,151,16,199,102,6,189,92,163,210,61,192,50,27,188,66,231,134,124,231,97,23,160,123,252,130,39,198,70,11,162,
    30,251,6,166,219,30,213,110,22,245,110,232,158,41,242,117,11,174,79,207,130,43,222,53,47,180,78,248,147,123,207,115,30,181,49,
    196,100,132,36,68,228,4,164,196,100,132,36,68,228,4,164,196,100,132,36,59,141,109,205,173,40,149,77,45,141,123,219,141,45,251,
    126,154,45,80,237,75,236,129,62,200,7,77,237,13,173,205,109,141,45,77,237,13,173,205,109,141,45,8,163,73,135,205,109,141,45,
    150,54,86,246,22,182,214,118,211,120,18,255,60,182,214,118,150,54,86,246,22,182,214,118,150,67,5,179,68,223,152,38,195,98,37,
    122,13,169,86,252,154,113,246,113,15,170,75,220,151,62,209,120,26,187,5,220,144,49,209,122,28,171,23,249,138,49,220,107,22,176,
    230,192,33,198,120,29,188,1,130,200,104,136,40,72,232,8,168,200,104,136,40,72,232,8,168,129,46,136,87,33,129,97,193,132,121,
    184,24,248,78,46,184,88,206,194,102,145,112,31,181,17,185,152,63,193,100,5,255,100,226,148,35,248,127,1,164,69,197,136,33,212,
    122,135,39,90,159,84,239,151,116,239,105,31,168,115,244,138,47,206,78,3,170,95,180,183,53,207,105,31,151,85,236,159,55,223,116,
    183,3,236,145,99,202,109,19,182,87,173,182,48,198,113,42,173,83,246,151,23,218,115,6,227,30,190,195,6,205,118,14,237,118,240,
    73,254,165,34,220,121,24,152,85,252,137,98,248,99,25,175,68,165,204,56,196,105,2,198,12,172,204,108,140,44,76,236,12,172,204,
    181,213,117,149,53,85,245,21,181,153,58,214,116,25,245,106,202,153,100,132,92,60,156,89,164,153,100,252,124,42,228,91,181,200,117,
    214,1,247,87,33,178,82,247,146,50,225,87,79,151,97,173,198,126,147,62,23,176,78,235,138,112,238,113,13,183,74,247,145,48,144,
    62,238,7,168,199,118,151,55,109,231,7,167,199,103,135,39,71,231,7,167,199,103,135,39,71,231,7,167,199,24,238,107,46,142,110,
    143,92,252,185,57,249,79,66,164,16,173,208,61,209,100,24,254,83,252,145,61,192,56,29,177,68,248,222,54,220,127,31,162,24,207,
    112,208,144,48,213,117,21,181,85,245,149,53,240,117,38,234,0,185,210,121,145,116,24,161,25,180,217,52,208,119,80,249,19,185,166,
    253,110,83,243,107,203,171,46,147,110,83,139,75,221,211,44,139,46,66,175,75,236,206,98,207,99,26,235,40,162,194,98,130,34,66,
    43,75,235,11,171,203,107,139,43,75,235,11,171,203,20,199,103,90,148,116,231,218,122,199,103,90,167,116,184,223,99,244,66,7,130,
    61,157,107,248,152,29,221,93,43,230,64,189,254,116,148,52,84,244,20,180,212,116,148,52,84,244,20,180,212,116,148,52,84,139,88,
    177,81,241,145,20,209,44,34,148,116,172,145,108,226,44,77,231,115,242,137,52,219,100,85,130,81,241,180,20,244,84,52,236,81,172,
    25,239,79,10,247,121,228,206,119,146,53,79,234,6,217,138,42,239,79,47,143,111,183,138,119,249,79,47,170,23,217,132,110,151,50,
    155,38,65,225,112,198,131,6,230,70,48,163,67,198,134,6,240,61,27,225,1,173,207,109,129,33,26,161,70,251,195,111,158,33,90,
    49,114,248,24,184,216,120,152,56,88,248,24,184,216,120,152,56,88,189,86,252,242,120,152,56,88,248,24,184,216,120,152,56,88,189,
    239,133,104,171,11,65,225,1,161,193,97,129,33,65,225,1,161,190,45,205,48,62,158,77,176,208,45,205,48,13,158,18,181,201,37,
    143,44,203,127,6,190,3,128,202,106,138,42,74,234,10,170,143,36,206,0,96,234,10,170,202,106,138,42,74,192,10,170,202,106,138,
    115,147,51,21,166,93,240,135,58,220,125,83,140,95,255,154,12,250,34,58,154,122,218,194,63,130,76,65,181,9,210,151,55,248,118,
    197,126,21,178,88,180,158,53,210,120,40,185,68,232,208,124,216,121,26,189,73,240,136,23,217,101,80,252,95,253,144,48,222,125,31,
    78,172,239,101,133,37,69,229,5,165,197,101,133,37,69,161,64,227,132,48,201,113,46,160,92,165,216,101,193,96,3,164,80,233,145,
    197,139,55,142,97,28,238,107,224,155,35,128,69,11,183,109,225,138,43,128,75,100,238,14,174,206,110,142,46,78,238,14,174,206,45,
    150,59,219,117,22,180,92,183,202,119,212,118,27,187,85,246,148,60,151,120,5,247,81,226,153,52,195,126,24,185,31,190,215,50,217,
    4,202,0,160,192,96,128,32,64,224,0,160,192,96,204,111,3,161,76,160,191,44,145,49,81,137,105,223,140,44,233,108,41,137,127,
    250,72,169,212,105,205,108,15,168,92,229,157,2,204,112,99,233,9,169,201,105,137,41,73,233,9,169,201,37,198,106,8,165,9,214,
    94,163,187,62,222,77,59,155,94,254,158,99,222,126,45,225,80,178,207,114,212,115,30,161,87,152,248,114,146,50,82,242,18,178,210,
    187,219,123,155,119,20,184,90,247,219,4,138,119,74,132,82,242,151,55,215,119,74,183,10,196,201,46,155,38,91,146,85,232,143,58,
    106,7,161,10,219,136,117,237,53,8,245,72,232,136,40,149,104,85,155,16,176,204,27,200,104,45,141,109,205,173,117,200,53,59,141,
    36,161,28,210,143,101,156,57,88,228,1,173,178,18,193,100,92,164,114,225,129,33,156,97,1,146,31,239,196,71,141,45,77,237,13,
    246,22,182,214,118,150,54,41,231,90,167,169,63,223,122,26,186,90,167,154,103,233,36,3,248,101,255,140,51,150,43,86,131,114,255,
    82,173,209,0,211,46,54,238,83,174,147,51,211,115,78,179,14,192,203,107,151,46,83,255,15,179,223,111,147,63,75,237,22,149,223,
    136,40,72,232,8,168,200,104,136,40,72,151,25,228,217,23,193,97,4,164,68,228,217,36,153,87,90,189,6,202,137,43,195,111,26,
    126,4,191,85,210,158,61,222,99,66,241,12,177,174,61,221,32,56,152,110,248,184,61,221,88,56,152,120,206,192,51,187,49,81,241,
    90,250,26,186,218,122,154,58,90,133,11,246,203,5,211,115,22,182,86,246,203,54,139,69,72,175,20,216,155,57,209,125,8,181,79,
    141,39,247,113,2,173,80,243,130,49,198,109,0,186,3,190,195,115,141,55,105,227,3,163,195,99,131,35,67,227,3,163,195,10,205,
    63,216,109,2,175,73,162,179,32,157,69,93,160,29,224,128,32,192,61,0,253,115,184,216,100,243,96,0,133,101,197,165,5,157,96,
    132,74,60,156,89,164,170,55,157,36,65,227,28,185,213,10,132,121,68,138,92,252,153,57,217,121,68,185,4,202,199,32,156,59,54,
    113,12,176,91,236,172,63,218,119,11,173,30,163,222,11,250,119,19,240,97,242,207,23,143,114,79,178,82,242,146,111,210,47,33,234,
    179,207,119,139,39,95,238,45,167,199,103,135,39,71,231,7,167,199,103,135,107,8,164,70,235,199,24,238,78,11,171,110,206,139,43,
    156,60,129,89,57,153,111,162,154,112,141,48,57,190,67,228,145,62,211,117,94,143,92,161,185,97,220,33,28,188,92,252,193,60,129,
    6,141,45,81,134,85,245,176,16,240,80,48,232,85,168,166,16,240,117,72,134,91,177,200,109,142,48,85,249,102,168,149,104,230,112,
    171,78,238,142,46,147,110,83,157,16,247,203,72,130,34,66,226,2,162,194,98,130,34,66,226,125,203,171,46,206,75,43,174,78,238,
    71,186,162,2,226,84,89,161,5,200,132,39,196,121,75,246,11,200,132,39,196,121,88,229,77,249,132,38,249,76,41,227,19,187,199,
    180,192,100,152,52,65,228,29,158,212,116,148,52,84,244,20,180,212,116,148,52,43,157,125,248,152,29,253,120,24,184,88,165,189,29,
    180,2,143,119,83,137,85,244,158,54,211,120,14,174,29,160,221,108,183,23,93,253,29,189,221,125,157,61,93,253,29,189,145,50,222,
    7,170,6,217,138,119,239,79,10,170,74,183,175,47,151,89,57,244,75,166,219,102,239,104,21,178,71,232,133,35,136,89,10,247,111,
    254,67,190,131,35,195,99,94,163,30,208,219,123,135,80,3,163,102,198,166,6,230,62,3,254,112,198,166,35,158,80,13,231,30,187,
    0,177,212,120,231,41,20,233,103,241,145,52,212,116,20,233,84,169,167,106,205,49,114,248,24,184,216,120,152,56,88,248,24,184,216,
    254,109,80,136,104,237,141,45,144,72,8,240,126,222,211,44,143,82,8,187,68,161,220,97,244,69,8,172,19,175,190,45,144,72,80,
    102,91,166,70,230,134,123,198,59,53,254,30,162,218,100,156,38,74,250,6,170,219,102,138,58,67,192,10,170,202,106,138,42,74,234,
    83,243,19,179,172,63,130,90,58,191,95,255,194,26,218,34,44,140,1,254,221,3,220,96,26,167,90,252,157,115,142,51,38,151,90,
    177,14,178,163,48,141,85,77,176,13,240,144,48,208,45,16,237,99,168,200,116,140,48,92,237,8,176,220,108,144,60,76,245,54,188,
    101,133,37,69,229,5,165,197,101,133,37,58,169,20,204,172,41,201,105,84,140,76,180,186,26,151,104,75,145,64,253,145,101,152,37,
    241,98,2,135,103,199,167,7,159,98,95,145,103,199,130,127,241,108,70,255,26,183,199,110,128,32,78,172,71,224,138,26,203,118,26,
    29,87,247,23,183,215,119,151,55,87,247,23,183,168,59,134,94,62,187,91,251,198,30,222,38,40,136,5,250,217,17,216,121,3,247,
    189,192,5,206,117,13,238,102,239,142,52,142,71,15,180,72,225,141,13,197,100,9,181,77,138,192,96,128,32,64,224,0,160,192,96,
    201,105,246,101,88,128,96,229,133,37,152,64,0,248,118,214,219,36,135,93,12,177,93,218,128,51,204,41,84,233,24,186,227,105,137,
    114,146,50,82,242,18,178,210,114,146,77,30,227,123,219,158,62,222,35,59,187,3,205,173,96,223,60,38,183,74,230,177,61,222,125,
    201,40,91,230,27,196,151,18,242,68,50,146,10,170,178,55,215,68,36,234,88,145,219,123,155,59,91,251,27,187,219,123,155,59,36,
    72,181,173,13,200,104,8,245,109,237,213,27,251,54,9,234,112,225,156,48,252,69,8,173,67,234,137,33,202,112,68,249,4,193,138,
    248,128,99,249,104,21,185,117,204,129,36,202,99,0,168,67,249,195,1,200,107,25,199,13,173,205,109,141,45,77,237,13,173,205,109,
    169,58,135,95,63,186,90,250,199,31,223,39,41,137,4,251,216,20,215,117,29,177,68,249,131,56,210,66,4,183,88,229,134,55,196,
    58,209,124,6,255,2,191,206,85,181,63,95,255,31,191,223,127,159,63,95,255,31,243,144,60,222,115,95,128,83,174,147,110,246,86,
    249,65,193,161,1,225,65,1,151,27,235,200,117,136,65,6,187,92,233,134,43,205,38,55,164,25,193,217,36,153,100,4,164,68,185,
    93,160,174,101,133,57,46,189,93,216,184,24,248,88,64,189,0,206,184,24,221,32,46,179,25,160,196,97,152,61,81,142,0,253,192,
    197,147,51,214,118,22,182,11,246,203,5,136,111,83,208,26,186,218,122,154,58,90,250,26,186,218,122,229,118,75,182,11,211,179,107,
    106,42,138,106,202,170,42,252,48,0,237,112,234,153,38,131,62,67,150,103,234,142,113,141,92,15,242,106,178,143,114,207,111,15,175,
    93,160,29,211,216,120,132,60,66,255,25,160,204,97,157,56,64,236,28,160,204,126,154,37,102,236,12,172,204,108,140,44,76,236,12,
    245,21,202,153,100,217,36,60,156,4,252,188,28,252,92,60,188,106,166,150,123,229,122,6,188,65,252,154,59,149,40,85,128,113,252,
    83,172,208,1,210,47,55,239,82,175,146,50,210,114,79,178,15,193,202,106,150,46,80,232,11,178,222,110,146,62,78,240,11,178,222,
    138,54,84,238,45,167,199,103,135,39,71,231,7,167,199,103,135,88,11,246,75,182,174,14,150,110,46,142,110,206,174,46,248,52,4,
    62,50,177,83,251,151,34,223,101,30,180,115,255,156,63,194,35,80,237,16,211,159,60,223,98,67,254,86,226,159,61,226,87,50,248,
    76,233,21,185,202,105,149,57,74,236,16,147,217,121,153,57,89,249,25,185,217,121,153,57,38,181,8,245,200,16,240,40,16,144,112,
    171,11,235,107,61,241,65,172,182,39,218,118,66,255,2,246,155,50,199,109,4,234,125,238,211,115,147,75,43,157,78,238,171,46,235,
    2,244,56,10,226,11,182,214,107,244,103,7,130,98,194,162,2,154,103,90,148,98,194,135,122,244,105,67,250,30,186,194,107,202,101,
    208,52,43,184,5,165,197,29,253,75,24,184,125,248,189,29,235,39,21,250,122,245,153,49,148,123,6,244,64,251,135,32,198,125,26,
    122,85,130,81,172,204,108,244,84,34,177,81,212,145,20,244,66,78,188,20,151,221,125,157,61,93,253,29,189,221,125,157,61,34,177,
    183,138,119,239,79,87,175,111,207,175,15,239,111,57,245,69,168,160,41,200,114,70,251,6,195,136,51,203,40,32,169,72,242,200,1,
    128,59,199,110,2,141,64,227,139,69,143,47,79,239,15,175,207,111,143,47,79,239,112,227,222,35,158,70,38,254,70,198,166,6,230,
    17,209,71,75,187,22,204,157,32,204,75,17,162,93,184,197,120,137,41,114,248,24,184,216,120,152,56,88,248,24,184,216,7,212,41,
    173,16,200,168,112,200,72,40,136,104,200,136,30,146,98,79,149,68,249,149,2,206,109,14,179,18,161,220,97,254,109,80,168,72,237,
    27,213,134,38,155,99,53,251,18,128,202,106,138,42,74,234,10,170,202,106,138,42,35,164,89,254,139,36,201,111,68,149,70,187,163,
    162,159,98,223,127,31,191,2,255,194,12,135,39,91,140,95,255,186,26,250,90,58,226,95,162,172,26,250,127,66,140,81,187,194,102,
    206,117,144,60,35,176,13,240,205,21,245,45,21,149,117,213,181,21,213,67,79,191,21,178,191,51,206,114,25,174,110,253,152,53,201,
    22,229,24,165,176,1,204,104,75,154,73,180,172,116,201,52,9,169,73,233,212,41,148,90,81,241,13,181,201,101,147,44,111,207,5,
    238,14,174,206,110,142,46,78,238,14,174,177,34,159,98,95,135,103,191,135,7,231,71,39,135,71,209,221,45,128,67,1,187,93,235,
    117,226,131,35,216,121,70,148,91,254,148,60,141,84,24,185,89,242,148,35,159,113,2,185,84,227,158,56,217,63,94,221,23,183,215,
    128,32,64,224,0,160,192,96,128,32,64,224,0,223,140,113,233,108,12,159,105,201,140,44,204,49,12,172,127,179,130,96,157,32,20,
    123,28,172,35,169,201,105,137,41,73,233,9,169,201,105,137,41,73,233,9,214,133,120,197,56,32,128,24,224,160,0,224,64,32,160,
    45,225,81,188,166,55,202,102,82,239,18,205,158,62,251,91,59,155,123,163,158,99,237,91,59,190,3,205,144,122,131,39,65,251,56,
    251,27,187,219,123,155,59,91,251,27,187,219,123,155,59,91,132,87,170,151,106,242,82,74,178,114,210,178,18,242,114,36,232,88,181,
    16,193,124,16,135,75,232,139,54,151,36,89,228,103,235,136,43,214,55,74,162,86,235,137,22,227,70,76,246,17,177,200,100,149,60,
    157,33,77,253,4,135,205,109,141,45,77,237,13,173,205,109,141,45,8,163,73,164,231,71,141,45,77,237,13,173,205,109,141,45,77,
    54,35,165,83,228,191,56,198,99,2,133,83,228,128,63,213,115,88,159,88,230,131,34,244,115,17,183,88,172,181,57,216,120,19,181,
    11,247,89,234,145,60,203,118,16,177,23,246,145,47,202,107,83,255,88,239,154,118,181,63,95,255,31,191,223,127,159,63,95,255,31,
    200,104,136,40,1,174,8,215,132,121,225,100,4,151,97,193,132,36,196,57,4,164,119,187,138,104,201,102,12,232,65,230,152,61,220,
    127,228,98,20,163,120,255,129,36,197,69,8,161,84,177,204,108,145,84,31,164,92,191,164,34,212,99,56,191,65,228,133,5,200,97,
    223,52,49,191,67,248,149,59,200,126,90,174,82,255,148,80,154,58,90,250,26,186,218,122,154,58,90,250,26,186,218,122,154,58,90,
    3,220,143,114,234,111,15,156,106,202,143,47,207,50,15,175,124,176,129,99,158,35,5,162,79,240,134,73,131,35,67,227,3,163,195,
    172,204,108,140,44,76,236,12,172,204,108,140,44,51,160,29,189,221,5,229,83,0,160,101,224,165,5,243,63,13,236,17,172,133,34,
    133,32,193,59,62,176,76,214,154,49,208,31,85,245,21,181,213,117,149,53,85,245,21,181,213,117,149,53,85,245,21,181,170,57,132,
    50,143,87,55,239,87,215,183,23,247,87,23,129,13,253,208,10,219,102,10,254,3,190,161,50,143,47,79,151,119,193,146,50,247,114,
    142,110,216,212,38,137,73,6,170,66,141,199,103,135,39,71,231,7,167,199,103,135,39,71,231,7,167,199,103,135,39,56,171,22,235,
    1,217,185,97,217,89,57,153,121,217,153,15,131,115,94,132,85,232,132,19,223,124,31,162,3,176,205,112,239,124,65,185,89,252,193,
    198,149,53,136,112,38,232,1,147,217,121,153,57,89,249,25,185,217,121,153,57,89,249,25,185,156,53,202,124,16,191,25,247,150,45,
    34,5,178,71,162,131,44,198,34,11,172,82,247,150,108,233,103,27,129,77,230,135,98,159,63,66,157,78,179,211,115,235,75,61,174,
    7,130,71,194,162,20,152,106,75,191,67,238,133,65,139,43,75,235,11,171,203,107,139,43,75,235,11,171,203,107,139,43,75,235,91,
    183,85,248,152,124,215,117,24,184,86,245,151,63,152,52,43,184,5,165,197,29,253,75,24,184,125,248,189,29,235,39,21,253,62,180,
    29,189,221,125,157,61,93,253,29,189,221,125,157,61,93,184,83,249,247,125,157,61,93,253,29,189,221,125,157,61,93,184,83,249,212,
    172,38,70,230,6,166,198,102,134,99,8,162,44,140,198,102,134,38,70,230,6,166,236,102,134,38,70,230,6,166,198,32,211,104,5,
    123,6,160,65,175,176,35,195,102,48,134,30,198,166,6,230,62,3,254,112,189,137,117,238,107,11,140,64,227,128,61,255,102,12,164,
    29,170,16,232,145,59,211,125,10,140,93,224,140,116,152,124,29,190,89,237,148,44,251,119,20,183,74,180,216,59,217,116,20,186,89,
    130,42,136,11,65,225,1,161,193,97,129,33,65,225,1,161,133,36,199,96,20,173,85,194,142,45,206,115,65,252,1,229,132,39,192,
    63,198,126,41,165,70,229,152,106,197,120,74,149,70,187,131,35,198,59,53,166,70,187,131,21,155,50,96,234,10,170,202,106,138,42,
    147,51,83,243,19,240,146,63,223,113,18,176,88,179,206,115,208,114,31,191,81,242,144,56,147,124,1,243,85,230,157,48,199,122,28,
    114,84,245,28,249,146,56,182,60,92,252,28,188,220,124,156,60,92,252,28,240,147,63,221,112,92,131,80,213,181,48,208,67,21,176,
    180,172,12,201,105,44,154,22,225,197,120,133,97,0,163,68,240,137,49,230,106,9,170,87,143,239,101,133,37,69,229,5,165,197,101,
    206,110,142,98,1,173,79,226,206,17,159,98,95,145,71,231,130,34,194,98,95,162,31,209,220,59,142,51,78,135,64,253,154,47,192,
    52,210,57,40,187,6,222,198,59,134,123,27,187,91,166,155,102,232,35,67,255,104,251,155,30,254,94,62,158,6,251,198,8,254,94,
    172,17,223,130,104,145,53,84,233,12,160,191,31,204,105,81,169,127,236,140,44,145,108,12,159,18,226,201,74,128,32,64,224,0,160,
    9,169,201,105,137,41,54,248,69,184,182,32,192,101,5,165,69,184,133,120,246,59,28,231,122,224,147,44,137,52,73,156,109,224,132,
    160,220,13,222,35,59,227,94,163,158,62,222,126,67,190,3,205,198,102,154,35,94,242,2,190,210,98,158,50,70,230,27,152,210,114,
    219,123,155,59,91,251,27,187,219,123,228,42,23,234,100,242,146,55,215,119,23,234,87,170,164,105,206,53,57,186,88,240,156,41,212,
    17,170,64,199,139,40,203,118,87,228,25,164,187,40,200,53,45,141,123,237,173,40,200,77,45,141,109,219,213,38,174,36,68,228,4,
    237,13,173,205,109,141,45,77,146,28,225,220,18,196,100,1,161,65,225,220,33,156,82,95,184,3,207,140,46,198,106,31,162,88,227,
    82,194,132,55,216,101,6,183,68,243,152,53,207,54,75,246,6,184,194,92,150,54,86,246,22,182,214,118,150,54,86,246,127,248,133,
    235,158,49,220,122,81,128,83,174,182,110,211,46,19,179,83,243,206,51,142,64,75,235,23,192,147,51,246,86,54,150,118,174,147,110,
    87,33,129,68,185,183,42,128,57,93,253,1,164,200,23,153,100,89,151,65,225,132,36,196,100,89,164,25,215,218,61,129,38,43,167,
    3,191,84,227,163,48,213,120,4,162,17,172,209,4,245,120,28,255,110,253,192,24,128,125,64,189,93,253,157,96,221,32,46,229,5,
    242,10,182,218,98,147,16,90,250,26,186,218,122,154,58,90,250,26,186,150,53,217,123,22,250,101,211,179,54,214,83,51,182,86,246,
    47,146,74,42,138,124,177,137,99,158,35,42,173,80,247,130,45,192,102,77,156,79,178,170,114,207,50,15,175,79,239,210,47,146,92,
    152,56,68,147,64,224,165,5,229,69,37,253,64,189,179,5,229,96,93,147,78,164,221,121,154,37,64,236,115,189,128,125,243,101,5,
    121,25,185,89,164,153,100,234,39,0,252,63,181,213,117,149,53,85,245,21,181,213,117,149,74,60,156,89,249,188,28,217,121,25,185,
    79,151,119,215,161,108,212,48,61,177,82,241,140,126,131,62,61,177,82,241,140,109,144,120,12,177,83,204,185,28,150,38,78,242,30,
    211,119,139,39,82,247,14,141,199,103,135,39,71,231,7,167,199,103,135,39,56,142,110,235,139,14,238,107,11,171,75,182,174,14,238,
    15,130,122,94,132,88,249,147,59,222,117,3,163,16,173,208,97,186,26,80,240,16,176,208,112,144,48,80,240,16,176,156,63,211,113,
    213,57,38,181,8,208,176,53,213,117,72,144,80,168,166,6,139,116,89,228,25,208,151,42,205,120,23,186,92,183,166,53,136,80,72,
    78,179,142,46,206,110,83,174,19,221,214,118,138,93,14,174,107,203,171,11,235,51,14,243,125,203,171,46,147,93,0,234,19,183,213,
    162,199,107,244,58,7,250,116,226,130,39,199,103,7,250,71,186,180,121,222,34,97,235,11,171,203,107,139,43,75,235,11,171,203,20,
    152,101,253,93,24,184,88,165,189,61,133,75,43,230,89,186,167,61,206,113,84,233,20,193,176,61,217,38,90,139,88,165,189,101,216,
    108,209,113,17,177,12,241,204,2,137,41,85,237,19,171,209,125,141,49,93,236,17,189,205,116,183,61,93,253,29,189,221,125,157,61,
    230,6,166,185,42,151,79,47,170,74,234,215,15,207,55,57,153,20,235,200,22,201,117,15,178,79,233,136,102,155,38,51,130,79,235,
    29,161,176,35,158,70,94,163,30,227,131,35,195,62,3,254,112,187,219,103,159,35,79,254,27,163,207,127,131,47,95,230,37,175,207,
    184,216,120,152,56,88,248,24,184,216,7,212,41,49,145,84,244,148,105,241,113,73,135,103,170,149,118,236,125,0,172,24,165,216,7,
    109,13,136,104,200,168,8,144,109,80,158,104,200,141,112,254,99,73,240,20,185,200,97,143,47,65,177,72,226,138,36,211,85,4,185,
    30,192,10,170,202,106,138,42,74,234,10,170,202,106,245,102,91,131,99,230,134,38,155,67,3,251,117,213,216,39,132,76,5,164,94,
    243,14,179,182,61,198,126,93,149,92,253,135,125,244,124,7,187,82,254,190,54,215,122,6,190,57,179,211,115,147,51,83,243,19,179,
    28,188,220,3,208,45,53,149,80,240,144,109,245,117,77,131,99,174,145,114,232,121,4,168,111,245,134,57,156,33,92,237,15,150,220,
    133,37,69,229,5,165,197,101,133,37,69,154,73,180,172,12,201,105,9,244,108,236,212,26,250,55,8,235,113,224,157,49,230,106,9,
    97,28,253,14,179,206,17,194,71,39,145,103,199,223,127,231,98,2,145,113,191,141,68,142,46,78,238,14,174,206,110,142,46,78,238,
    40,187,6,222,190,59,219,123,70,158,94,166,168,8,133,122,89,131,82,239,131,15,246,123,30,176,89,250,146,57,195,55,74,247,114,
    142,53,205,46,52,165,88,244,184,1,204,105,7,174,77,229,142,52,142,76,5,166,84,138,192,96,128,32,64,224,0,160,192,96,128,
    105,246,101,88,128,96,229,133,37,152,64,0,248,118,214,219,36,135,75,8,170,66,238,155,38,220,103,13,157,91,232,135,58,217,104,
    192,119,28,177,75,178,207,114,131,24,120,242,18,178,210,114,146,50,82,242,18,178,210,62,221,113,19,190,18,205,158,62,222,123,30,
    119,18,183,10,170,164,55,228,40,30,251,6,187,178,53,200,111,26,181,88,254,213,4,215,42,50,234,87,170,151,55,215,119,74,183,
    181,187,112,144,44,59,168,72,205,173,13,237,77,85,168,21,219,173,13,200,53,59,166,12,181,209,125,141,40,68,155,21,232,213,27,
    132,36,193,97,1,161,28,225,220,18,159,120,68,199,13,173,205,109,141,45,77,237,13,173,205,109,242,97,1,161,68,225,129,36,193,
    103,135,73,26,137,5,243,216,5,223,108,19,246,11,182,163,18,223,123,68,248,105,250,199,31,135,122,71,186,90,250,154,103,218,39,
    224,43,75,247,15,179,223,108,141,51,95,239,19,191,205,107,150,21,95,255,31,191,223,127,159,63,95,255,31,191,160,51,211,115,22,
    68,228,129,36,153,57,55,164,119,187,141,102,248,103,27,161,92,225,135,38,136,53,72,157,108,225,133,122,134,87,4,249,97,185,132,
    160,157,61,221,125,64,189,0,206,197,101,153,32,93,241,28,165,197,125,145,33,95,228,29,177,220,96,131,56,123,241,17,177,209,113,
    218,122,154,58,90,250,26,197,150,54,214,115,22,182,83,246,203,107,229,118,37,233,95,180,184,59,217,113,29,168,85,239,148,62,249,
    12,175,76,241,208,99,158,35,60,175,106,202,143,47,252,106,15,242,106,202,143,47,234,92,80,167,41,163,195,99,131,35,67,227,3,
    236,12,172,204,19,192,96,0,165,64,224,133,32,157,61,51,160,115,191,137,98,248,105,20,184,12,177,204,110,142,6,76,236,12,172,
    21,181,213,117,149,53,85,245,124,251,134,33,212,123,22,176,27,202,153,100,252,36,25,228,89,249,153,57,132,121,68,138,1,161,221,
    193,146,50,247,87,55,151,119,175,146,111,225,87,55,178,15,193,156,118,143,40,78,247,18,190,161,50,210,114,23,178,82,247,146,111,
    54,56,171,120,180,130,110,137,68,8,181,73,226,149,21,198,99,14,178,84,167,218,103,242,67,14,170,9,216,139,118,238,54,11,246,
    28,188,92,252,193,60,129,79,68,228,24,160,220,112,134,57,122,240,16,176,208,112,144,48,80,240,16,176,208,60,223,115,17,188,16,
    134,85,240,200,53,136,40,21,144,112,168,176,16,230,42,31,249,4,185,176,55,202,109,24,183,90,252,215,6,213,40,48,232,85,168,
    46,206,110,14,243,78,179,189,118,150,42,61,174,78,203,171,11,235,75,83,174,19,221,171,11,206,51,61,160,10,179,212,115,139,46,
    139,84,7,167,71,226,135,39,194,103,90,250,116,231,180,120,206,34,97,235,11,171,203,107,139,43,75,235,11,171,203,20,199,98,90,
    120,69,229,88,221,189,101,253,93,43,231,82,186,183,59,216,123,6,244,9,180,183,59,216,123,6,231,26,242,134,59,217,70,51,150,
    85,239,8,168,209,125,143,40,72,241,29,175,200,104,148,23,93,253,29,189,221,125,157,61,93,253,29,189,162,49,212,44,17,236,12,
    138,15,239,55,47,143,121,181,128,104,242,110,15,165,77,232,131,53,213,38,91,230,23,140,236,102,134,38,70,230,6,166,198,102,134,
    111,143,99,0,172,78,227,207,16,230,62,3,134,30,227,222,6,195,99,48,252,72,175,210,111,212,5,79,239,15,175,207,111,143,47,
    152,56,88,248,24,184,216,120,251,119,20,183,74,171,214,62,202,119,21,138,127,218,208,106,138,40,84,248,10,168,212,120,142,40,81,
    13,139,193,97,129,33,65,225,1,161,193,97,129,33,65,225,1,161,162,46,205,110,19,242,15,231,147,46,204,83,38,131,9,179,209,
    186,198,106,158,58,70,234,28,186,195,102,160,42,74,234,10,170,202,106,138,42,74,234,10,170,202,106,138,73,5,166,69,248,217,100,
    149,33,220,126,33,148,113,187,194,107,131,63,83,224,3,191,211,102,131,58,95,217,19,179,211,115,147,51,83,243,19,179,211,115,147,
    124,156,60,63,179,80,243,142,111,146,122,14,179,81,206,187,30,148,46,73,233,16,188,201,108,144,60,68,236,21,176,246,124,156,60,
    229,5,165,197,101,133,37,69,229,5,165,197,101,230,106,9,170,87,182,203,35,215,106,8,151,98,199,205,116,144,53,73,229,23,181,
    2,174,218,126,135,34,100,238,14,174,206,110,142,46,78,238,14,174,206,51,164,46,78,238,14,174,206,110,142,46,78,238,14,226,129,
    244,150,59,151,72,62,158,126,222,198,30,254,123,70,187,94,200,196,63,151,42,87,230,61,157,215,119,151,55,87,247,23,183,215,119,
    32,64,159,76,236,140,41,204,108,9,172,17,177,191,44,255,51,5,238,109,239,149,51,197,66,21,180,84,239,142,113,227,108,9,163,
    2,243,106,230,135,39,204,106,29,225,79,252,135,42,221,96,6,167,1,160,227,105,137,41,73,233,9,169,201,105,137,41,73,233,9,
    242,18,205,187,27,251,91,67,155,123,254,195,62,219,77,65,186,18,175,210,122,237,91,59,155,123,163,187,27,222,35,30,187,109,161,
    83,187,222,123,152,68,50,234,87,210,202,55,138,82,23,183,100,168,156,114,155,48,91,234,49,187,219,123,155,59,91,251,27,187,219,
    132,36,68,228,4,164,187,40,237,77,8,168,123,237,136,117,237,77,8,168,109,219,215,32,132,57,68,155,109,181,136,13,149,104,85,
    68,1,161,114,190,138,22,242,68,36,132,100,188,164,4,193,60,1,164,114,190,133,16,167,45,77,237,13,173,205,109,141,45,77,237,
    86,246,22,182,214,9,218,122,26,191,90,250,159,58,135,39,41,186,105,165,147,120,244,119,21,189,81,228,153,35,216,114,53,185,90,
    176,77,172,223,98,159,64,19,150,118,243,147,0,214,115,78,150,118,243,147,22,224,44,27,213,31,191,223,127,159,63,95,255,31,191,
    104,136,40,72,232,8,248,139,41,196,100,64,171,73,228,132,42,201,107,3,228,8,215,132,1,225,100,4,151,65,228,217,1,225,100,
    221,88,46,226,85,184,251,113,145,49,81,241,17,177,209,113,145,49,81,180,95,245,216,91,145,49,81,241,17,177,209,113,212,127,21,
    16,112,250,26,186,218,122,154,58,90,208,26,186,218,122,154,58,90,250,92,239,148,57,206,115,21,180,26,197,150,54,211,69,51,235,
    202,170,10,234,50,15,242,124,177,133,121,226,103,7,147,81,236,132,49,198,112,16,129,66,241,203,51,209,108,4,151,70,251,151,111,
    204,40,201,106,13,185,64,248,188,47,216,32,76,173,66,229,129,45,216,105,8,156,89,224,159,41,133,6,76,236,12,172,204,108,140,
    117,149,53,85,245,81,240,147,52,192,121,1,133,86,225,213,104,149,120,20,161,93,187,150,57,212,120,5,253,81,240,147,52,192,121,
    202,78,29,170,30,241,140,126,139,46,82,254,14,178,222,111,142,46,87,212,30,190,222,126,158,62,94,254,30,190,222,126,210,113,29,
    70,235,199,24,150,107,86,152,78,238,139,43,203,107,86,171,22,216,213,50,135,58,71,142,73,244,147,38,201,100,2,233,120,235,214,
    217,193,60,129,124,28,188,92,161,156,97,239,36,68,248,111,252,156,25,249,89,57,153,1,252,193,15,249,89,28,225,111,242,216,97,
    207,107,144,53,89,134,102,245,144,104,208,70,21,181,85,168,149,53,230,43,27,240,51,185,217,121,153,57,89,249,25,185,217,121,153,
    61,243,78,179,189,43,203,110,14,174,78,179,142,115,253,48,23,236,113,235,152,39,130,63,66,151,102,235,143,112,140,93,14,243,107,
    250,71,186,135,39,199,103,90,167,26,212,223,127,131,58,71,235,27,167,203,123,135,43,94,251,2,129,203,107,139,43,75,235,11,171,
    20,180,212,116,235,37,24,229,107,253,157,56,216,120,24,229,88,165,171,102,193,58,54,181,87,255,147,38,219,97,26,176,119,251,152,
    242,143,110,157,32,93,130,81,241,204,20,244,66,20,148,81,241,180,20,244,84,34,236,95,151,221,125,157,61,93,253,29,189,221,125,
    38,70,153,23,234,215,25,207,111,10,170,74,234,215,42,151,89,84,179,8,196,135,37,205,97,20,169,83,232,130,18,212,103,8,181,
    31,174,93,234,129,44,214,47,82,239,31,161,219,69,143,47,79,239,15,175,207,111,143,47,79,239,102,225,156,59,206,97,12,170,1,
    135,84,169,177,105,212,41,20,180,84,244,201,52,137,71,76,236,16,199,148,52,241,81,49,145,113,169,148,105,231,81,49,180,9,199,
    35,137,48,87,242,8,173,193,30,144,109,80,158,72,232,141,45,205,109,80,173,16,222,211,52,136,47,34,174,83,239,132,51,243,96,
    206,99,31,185,10,183,202,31,238,99,7,228,117,230,219,3,155,102,91,166,70,230,134,123,198,59,53,254,30,162,218,102,138,50,67,
    25,83,243,19,179,211,115,147,51,83,243,19,179,159,60,208,114,31,243,108,218,186,63,223,90,58,191,95,255,159,98,250,90,58,140,
    78,182,28,161,220,21,210,111,8,189,82,255,153,114,227,112,77,149,13,240,205,48,208,112,16,237,80,173,163,104,136,52,35,176,80,
    172,12,236,76,44,244,73,180,186,12,236,105,84,154,71,173,212,115,145,44,73,229,122,180,137,116,250,108,12,169,73,233,137,116,201,
    127,241,60,27,231,36,174,206,110,142,46,78,238,14,174,206,110,142,81,39,135,66,226,167,7,194,98,2,162,31,199,167,7,241,60,
    221,57,52,184,91,248,133,119,138,55,52,184,91,248,133,100,153,113,5,184,90,197,176,21,159,47,71,251,23,163,199,123,151,34,71,
    9,138,192,96,128,32,64,224,0,160,192,96,128,32,63,137,105,236,140,9,233,108,12,172,76,177,169,9,233,95,82,170,14,212,136,
    224,138,34,199,108,26,186,9,180,201,120,163,3,73,233,9,169,201,105,137,41,73,233,9,169,133,38,202,104,5,233,118,229,216,0,
    187,62,222,126,67,155,91,163,173,13,128,127,82,239,18,219,156,33,198,115,28,177,87,188,173,62,131,91,67,190,3,254,158,62,222,
    106,215,42,36,239,15,179,164,55,215,82,50,146,114,210,202,55,138,68,50,146,87,170,164,57,147,42,77,238,18,183,219,4,138,119,
    245,123,237,141,40,200,104,8,245,72,181,187,118,209,45,110,228,4,164,196,100,132,36,68,228,4,164,196,27,200,53,45,141,72,232,
    65,188,164,36,156,82,50,255,64,163,190,36,215,104,77,240,13,216,169,36,192,63,67,146,65,188,164,124,193,60,1,161,65,225,220,
    250,199,9,130,34,94,230,24,161,218,118,134,58,86,230,26,182,196,102,159,28,86,246,22,182,214,118,150,54,86,246,22,182,169,58,
    206,22,246,115,19,179,14,214,150,110,224,64,77,178,17,207,144,44,214,107,22,176,81,191,194,127,234,91,22,178,13,177,160,51,142,
    33,249,68,185,132,36,196,100,89,164,25,215,220,124,128,56,68,232,25,188,196,104,152,36,72,240,1,130,200,104,136,40,72,232,8,
    241,17,177,209,113,238,125,64,152,120,253,157,61,128,88,24,224,110,206,195,60,159,69,20,169,69,177,204,113,193,99,30,182,101,244,
    66,238,240,122,154,58,90,250,26,186,218,122,154,58,90,133,86,171,179,19,214,118,22,235,115,243,203,5,229,40,23,244,124,245,148,
    215,35,94,227,102,237,150,46,141,69,12,173,87,173,164,44,215,107,2,174,110,230,135,42,214,110,105,227,3,163,195,99,131,35,67,
    44,76,236,12,211,128,125,229,69,0,160,64,189,165,37,157,83,51,254,65,162,184,41,212,120,63,165,86,233,204,113,140,61,94,198,
    85,245,21,181,213,117,149,53,85,245,21,181,170,57,132,92,60,185,89,249,196,28,220,36,42,138,7,248,219,1,208,109,1,150,90,
    178,81,236,205,126,131,62,33,178,119,215,161,23,247,47,79,151,82,242,161,1,143,125,116,254,30,190,222,126,158,62,94,254,30,190,
    103,248,107,86,142,110,235,139,43,150,78,14,246,120,216,213,42,137,83,2,191,83,223,166,43,206,96,9,170,66,233,147,103,154,39,
    245,126,5,189,30,196,149,40,196,72,49,188,89,247,158,61,213,126,4,254,124,245,150,36,186,48,80,240,16,176,208,112,144,48,80,
    57,89,134,85,168,176,16,213,117,21,232,112,240,200,6,230,43,20,247,123,248,154,50,222,107,22,172,87,253,173,43,216,119,10,169,
    227,144,39,204,97,27,226,31,162,211,72,168,34,66,226,2,162,194,98,130,34,66,226,2,238,141,33,195,110,66,157,107,238,211,46,
    135,20,226,66,2,167,26,194,180,120,194,43,86,235,98,229,152,63,202,101,8,174,5,212,135,122,226,58,7,250,71,231,135,39,154,
    56,133,75,64,224,28,203,152,56,253,93,61,157,125,165,152,101,235,93,61,184,5,203,150,124,133,34,66,253,24,180,171,101,216,37,
    226,116,20,177,81,241,145,108,209,44,34,239,72,180,247,125,157,61,93,253,29,189,221,125,157,61,93,130,116,241,204,49,209,66,52,
    111,239,138,119,239,89,85,175,8,213,143,60,195,38,91,230,115,194,143,43,148,40,57,170,23,207,215,42,151,106,10,170,74,183,138,
    190,176,123,155,39,95,225,28,163,207,98,158,59,67,239,31,163,207,125,159,38,101,239,15,175,207,111,143,47,79,239,15,175,207,16,
    177,52,137,116,20,135,113,209,145,52,137,81,39,235,81,182,168,55,203,113,12,177,87,246,216,101,152,77,60,177,85,170,214,7,212,
    80,136,16,237,208,45,205,109,13,240,77,176,190,117,149,41,81,239,22,173,193,113,141,33,81,237,1,185,200,75,129,33,65,225,1,
    234,10,170,202,106,138,42,53,131,70,187,134,38,245,67,35,163,70,187,163,21,153,99,68,158,79,242,158,106,151,42,30,165,89,254,
    65,250,157,52,155,119,22,181,82,230,159,39,227,112,7,250,19,189,221,115,145,54,81,217,19,179,211,115,147,51,83,243,19,179,211,
    188,163,21,208,45,16,176,99,213,181,53,208,45,53,131,15,245,210,26,211,114,8,252,1,188,185,50,201,113,82,154,83,242,136,114,
    66,10,177,77,228,136,7,202,105,1,207,5,165,197,101,133,37,69,229,5,165,197,101,250,76,9,244,73,233,186,12,236,108,9,244,
    39,145,29,231,192,26,203,118,26,157,71,244,139,110,147,46,95,252,36,174,206,110,142,46,78,238,14,174,206,110,142,81,39,162,31,
    187,91,200,190,30,222,123,70,158,104,164,158,121,227,114,15,163,116,248,155,56,197,36,87,234,23,200,155,102,222,126,27,230,104,251,
    44,145,105,63,241,24,138,192,96,128,32,64,224,0,160,192,96,128,32,63,137,76,177,140,44,255,73,41,169,76,177,169,31,147,105,
    135,93,12,177,93,209,168,37,192,110,7,164,76,231,157,105,148,41,44,167,92,228,199,29,204,113,29,145,104,229,128,46,199,100,12,
    124,6,252,96,251,149,58,198,24,82,242,18,178,210,114,146,50,82,242,18,178,173,27,222,35,30,190,109,219,187,59,222,35,59,141,
    72,178,21,217,154,56,208,124,9,180,78,245,159,15,201,122,21,168,75,250,137,62,213,120,2,251,6,187,202,81,177,59,91,251,27,
    196,100,132,36,68,228,4,164,136,43,199,101,8,228,123,181,173,13,205,77,45,168,21,232,213,13,237,104,59,247,78,164,217,100,237,
    35,222,121,12,163,78,232,195,18,193,60,36,252,65,188,129,33,193,97,92,161,28,210,217,121,133,82,1,161,100,196,164,4,228,60,
    218,39,41,159,127,250,199,9,212,62,71,224,1,191,218,118,233,39,26,231,105,255,159,58,218,122,26,231,90,167,169,100,195,63,124,
    63,95,255,31,191,223,127,159,63,95,255,31,192,206,22,246,118,54,150,83,174,147,110,246,86,19,128,12,245,209,12,214,101,26,255,
    181,200,29,236,97,5,250,6,215,132,121,225,57,4,249,68,228,132,36,153,100,89,151,28,188,192,121,132,40,69,250,16,164,200,120,
    221,113,137,56,123,241,17,177,209,113,145,49,81,241,17,177,209,14,128,88,56,184,120,216,157,96,221,32,56,152,93,206,194,59,159,
    10,213,105,19,174,83,245,148,122,135,58,47,158,83,247,200,116,229,118,75,147,11,246,203,54,214,118,22,235,86,171,165,110,142,50,
    243,15,163,210,119,143,35,83,239,3,176,209,106,169,35,67,227,3,163,195,99,131,35,67,227,3,220,210,10,234,106,42,138,79,178,
    64,189,165,5,192,83,95,166,2,206,141,47,199,107,30,163,89,226,136,15,195,96,3,190,31,172,209,108,239,99,0,163,94,191,194,
    243,135,58,216,71,50,151,29,160,197,121,149,38,69,249,21,166,192,124,191,53,85,245,21,181,213,117,149,53,85,245,21,220,155,38,
    138,63,208,125,27,240,97,242,207,23,143,114,79,178,82,242,146,111,210,47,33,234,10,182,161,50,210,87,55,151,119,215,207,50,143,
    56,142,110,235,214,24,197,47,86,241,31,174,203,103,248,54,46,142,78,206,174,43,150,107,86,142,110,235,184,116,205,46,73,132,72,
    162,94,245,130,2,209,116,25,165,67,176,205,112,229,84,25,189,30,207,156,97,249,33,28,225,92,252,156,60,129,124,65,143,4,164,
    17,168,213,121,137,48,115,211,25,185,217,121,153,57,89,249,25,185,217,121,213,118,26,184,85,185,166,104,213,117,48,181,85,168,144,
    206,110,43,139,125,177,137,98,159,34,43,172,81,246,131,44,193,103,76,157,78,179,171,115,206,51,14,174,78,238,211,46,147,93,86,
    63,67,148,71,231,162,2,226,66,34,250,71,186,180,2,226,103,90,148,73,163,218,125,146,34,71,235,116,186,162,2,194,66,34,167,
    69,184,5,221,189,56,235,39,30,253,62,180,212,116,148,52,84,244,20,180,212,116,148,75,69,184,88,221,152,56,133,125,24,184,125,
    148,98,174,150,115,238,116,7,184,29,160,221,8,249,116,16,239,19,194,145,108,244,44,17,236,81,241,145,49,140,113,76,130,9,169,
    110,194,99,0,167,83,234,146,22,197,114,70,233,6,183,214,118,138,38,86,234,6,183,202,102,150,47,108,230,6,166,198,102,134,38,
    143,47,79,239,15,208,222,35,195,70,3,163,30,230,131,35,230,70,48,252,68,161,173,46,204,100,8,189,64,250,129,43,236,96,3,
    119,10,235,24,165,216,7,212,41,17,177,84,169,167,52,212,41,17,135,9,160,242,120,152,56,88,248,24,184,216,120,152,56,88,135,
    176,141,45,232,109,13,240,72,237,141,8,232,94,82,170,15,195,142,51,197,100,19,146,72,251,132,17,200,121,4,173,1,188,193,113,
    224,106,138,42,74,234,10,170,202,106,138,42,74,131,68,249,158,43,196,105,15,228,117,230,219,3,155,102,91,166,70,230,134,123,198,
    98,236,39,71,251,108,255,159,26,250,90,58,154,2,255,194,12,250,90,31,226,108,241,219,98,132,35,90,255,19,204,194,63,223,90,
    208,112,77,181,80,240,181,21,227,47,23,245,18,223,147,46,210,121,14,142,93,248,149,41,207,60,65,252,105,216,149,49,146,67,16,
    20,204,212,41,148,105,9,169,73,180,137,116,250,49,81,237,20,169,197,117,140,15,111,229,5,165,197,101,133,37,69,229,5,165,197,
    231,136,110,207,96,7,163,79,250,139,42,254,123,2,189,75,174,154,38,203,96,100,238,14,174,206,110,142,46,78,238,14,174,206,110,
    215,119,151,99,22,164,92,185,132,39,214,96,25,255,81,226,153,52,195,126,24,185,31,190,253,119,151,55,87,247,23,183,215,119,151,
    64,224,0,160,192,96,128,32,64,224,87,232,137,44,197,32,63,241,76,236,169,44,204,49,9,172,76,201,169,31,147,107,64,161,78,
    173,9,214,216,37,197,64,5,165,24,224,133,37,224,64,54,250,66,167,185,40,219,108,7,189,9,237,134,67,137,41,73,233,9,169,
    18,178,210,114,146,50,82,242,18,178,210,114,146,50,82,242,18,178,166,37,215,119,28,129,87,224,132,59,209,119,72,145,64,247,147,
    239,158,115,228,42,23,183,114,247,151,106,210,119,23,146,114,196,200,48,151,59,47,172,94,254,149,18,213,125,20,245,100,247,202,18,
    53,8,245,72,232,136,40,149,104,85,155,16,176,204,116,138,60,72,228,97,234,145,41,138,65,5,183,77,234,131,23,208,125,8,161,
    67,158,68,227,136,97,141,72,3,184,64,163,168,44,222,100,3,170,105,228,159,40,206,121,4,162,67,163,164,35,226,120,25,228,1,
    246,77,182,180,55,213,125,17,164,89,227,152,50,226,100,23,184,69,230,151,36,211,120,21,175,22,171,214,102,152,34,86,171,31,172,
    111,243,158,38,151,54,117,255,31,191,223,127,159,63,95,255,31,191,223,127,159,63,95,255,31,191,223,127,159,63,95,171,94,236,148,
    134,127,9,161,92,160,216,102,144,33,98,232,8,168,200,104,136,40,72,232,8,168,200,104,136,40,72,232,8,168,200,104,136,40,72,
    69,6,180,84,255,162,52,195,103,24,178,84,171,178,35,212,112,5,180,25,206,192,61,221,88,29,189,0,248,157,61,248,88,46,226,
    17,246,26,206,141,63,223,116,51,180,92,245,212,5,214,43,51,235,86,171,150,54,214,118,75,182,11,197,206,110,146,42,84,226,22,
    195,6,205,118,14,237,102,226,144,42,205,100,48,183,90,239,134,109,240,106,13,166,15,163,166,45,214,110,77,134,66,240,138,45,196,
    8,197,126,9,175,88,229,131,34,130,69,2,131,89,248,197,96,140,119,76,142,77,239,135,43,222,99,25,162,72,216,158,45,194,127,
    197,116,7,176,91,246,140,117,136,53,69,245,72,188,207,5,217,116,12,253,28,159,213,117,149,53,85,245,21,181,213,117,149,53,85,
    62,94,254,30,190,222,126,158,62,94,254,74,255,141,53,144,105,31,183,74,182,206,112,134,55,116,254,30,190,222,126,158,62,94,254,
    167,199,103,135,39,71,231,7,167,199,103,194,105,3,205,7,167,199,103,135,39,71,231,7,167,199,103,135,39,71,231,66,233,131,110,
    250,112,144,48,80,240,16,176,208,112,144,48,80,181,94,244,250,90,144,48,80,240,16,176,208,112,144,48,80,240,66,245,132,37,194,
    55,153,98,115,249,25,185,217,121,153,57,89,249,25,185,217,121,153,57,89,138,92,237,217,100,153,127,12,183,90,237,144,54,215,49,
    172,71,245,178,33,214,43,104,226,2,162,194,98,130,34,66,226,2,162,194,98,130,34,66,226,2,162,194,44,199,117,50,161,86,162,
    22,171,134,42,223,99,69,168,71,234,134,59,131,101,14,188,123,232,159,103,139,59,71,235,26,187,219,98,161,43,75,235,11,171,203,
    180,212,116,148,52,84,244,20,180,212,116,148,52,84,139,125,248,197,56,216,75,61,157,93,248,197,29,235,39,29,250,96,241,140,32,
    221,96,157,105,18,174,73,239,148,51,218,53,19,184,74,205,158,41,148,61,83,243,29,191,216,127,183,61,93,253,29,189,221,125,157,
    70,230,6,166,198,102,134,38,70,230,6,166,178,49,195,99,8,149,67,244,144,47,197,99,92,133,84,227,135,50,195,46,57,247,74,
    163,102,227,131,126,198,99,3,134,102,208,220,36,131,47,59,184,74,234,129,6,193,105,0,225,112,227,222,6,158,99,94,163,67,227,
    84,169,148,105,231,44,76,240,8,182,203,113,148,56,3,248,107,241,130,61,152,37,88,141,124,241,149,106,150,71,20,233,113,169,148,
    144,109,13,173,77,176,141,112,254,53,85,233,79,228,150,17,194,117,65,238,1,176,209,113,141,33,81,237,1,176,205,97,145,40,65,
    119,67,240,122,230,139,51,130,35,96,234,10,170,202,106,138,42,74,234,10,170,202,106,138,42,74,175,68,238,224,106,138,42,74,234,
    83,243,19,179,211,115,147,110,121,243,19,179,211,115,147,51,83,182,93,247,249,89,147,51,83,243,19,179,211,115,185,51,83,243,19,
    252,28,188,220,58,201,114,31,168,85,243,146,124,227,112,16,181,99,213,205,21,245,85,53,237,80,173,163,110,218,38,61,184,88,204,
    36,215,100,2,183,68,245,141,109,205,96,4,161,64,247,177,32,221,113,73,229,71,234,129,60,241,96,29,177,9,165,134,36,201,105,
    193,123,26,154,87,254,139,103,164,46,78,238,14,174,206,110,142,46,78,238,14,226,129,45,207,98,78,145,31,226,223,17,199,103,2,
    123,27,187,6,251,198,8,133,98,87,234,23,222,153,36,195,118,25,180,82,185,168,59,134,94,70,187,6,251,155,59,219,38,27,230,
    223,212,116,136,95,12,172,105,201,169,9,233,49,12,241,127,201,169,44,145,95,2,232,17,183,209,105,140,32,63,159,76,233,209,41,
    182,37,197,101,88,165,69,214,219,43,128,3,73,233,9,169,201,105,137,41,73,233,9,169,182,120,197,56,54,160,64,229,133,37,197,
    99,222,35,45,224,71,188,161,59,200,119,82,239,18,199,182,59,223,32,92,141,94,163,187,99,222,35,30,190,94,254,195,62,131,77,
    143,47,83,234,23,187,203,119,155,43,87,251,13,175,210,81,155,59,91,251,27,187,219,123,155,59,91,251,100,170,151,106,228,114,18,
    72,232,136,40,149,104,85,155,22,241,202,6,197,103,15,163,86,235,145,42,192,71,11,168,75,246,215,100,153,36,39,171,72,235,150,
    190,195,43,223,98,0,159,106,207,197,126,157,33,77,252,27,161,205,127,157,36,103,237,13,173,205,109,141,45,77,237,13,173,205,18,
    199,58,135,73,31,191,90,250,154,58,135,122,71,137,4,227,216,20,215,117,29,177,68,249,131,56,210,66,4,183,88,229,134,55,196,
    58,209,124,6,255,2,191,207,113,139,21,95,255,31,191,223,127,159,63,95,255,31,191,182,49,204,107,30,177,92,250,209,0,211,46,
    129,25,228,217,36,196,100,4,249,68,185,183,124,156,32,55,164,68,193,161,1,225,65,89,164,25,215,161,1,196,57,55,170,0,185,
    6,163,216,125,145,78,64,189,0,206,152,56,221,125,29,189,0,253,192,14,131,100,88,255,114,254,131,63,212,99,35,176,85,248,132,
    233,218,103,154,79,62,179,87,180,165,54,139,83,75,182,11,246,150,54,214,43,22,235,101,174,206,114,138,54,90,226,19,144,218,122,
    35,67,227,3,163,195,99,131,35,67,175,76,224,130,47,131,92,42,138,79,239,170,10,207,111,15,175,18,202,170,10,252,49,9,227,
    81,236,101,226,159,56,205,98,15,169,2,211,128,125,229,61,0,253,64,224,128,32,157,96,93,147,24,184,196,19,192,96,37,133,101,
    156,124,164,153,100,234,92,60,185,4,202,151,125,132,34,70,252,25,181,170,100,217,36,42,188,92,249,153,57,217,36,25,228,106,167,
    75,183,244,126,158,62,94,254,30,190,222,126,158,62,94,183,88,190,157,63,210,114,17,171,74,202,135,46,219,62,67,227,30,193,146,
    203,78,46,142,110,206,214,43,150,88,46,142,75,182,184,37,143,54,80,243,14,167,147,47,194,105,109,231,7,167,199,103,135,39,71,
    48,80,240,16,176,208,112,144,79,57,153,92,252,185,25,220,124,28,188,1,217,185,25,239,34,26,254,115,255,156,63,194,48,77,240,
    58,182,85,246,139,106,151,127,11,182,84,203,190,27,145,43,77,236,21,185,200,108,129,53,89,232,8,176,243,121,153,57,89,249,25,
    194,98,130,34,66,226,71,238,145,39,203,100,66,161,67,238,142,45,215,118,54,187,82,231,194,127,159,34,61,174,78,203,171,11,235,
    2,154,103,90,148,98,194,135,122,244,105,67,250,28,190,194,107,223,99,14,165,33,171,203,107,139,43,75,235,11,171,203,107,139,43,
    148,52,84,139,125,221,152,56,253,93,24,184,88,248,197,29,253,93,43,230,94,186,183,59,216,123,6,244,9,180,183,59,216,123,6,
    46,83,187,79,242,144,15,250,95,85,239,14,164,209,125,139,37,81,253,11,165,212,87,157,61,93,253,29,189,221,125,157,61,93,253,
    227,138,53,195,111,0,230,69,231,138,42,201,115,18,146,95,246,131,102,155,59,70,153,74,234,175,15,239,79,47,247,74,183,185,15,
    166,35,158,80,13,231,30,184,217,102,143,123,7,170,65,133,207,111,143,47,79,239,15,175,207,111,143,47,79,239,15,175,176,6,230,
    52,212,81,49,180,84,244,148,105,241,81,49,135,10,242,214,27,215,116,23,170,24,165,216,27,215,116,23,170,11,182,158,42,215,117,
    147,102,195,201,114,149,45,65,240,24,182,205,97,152,53,72,203,1,161,193,97,129,33,65,225,1,161,193,97,196,109,18,164,43,161,
    10,170,202,106,138,42,74,234,10,170,202,106,138,42,74,149,99,195,134,38,227,67,6,166,70,230,219,3,227,67,53,248,64,164,169,
    252,159,60,193,51,78,243,108,255,194,58,218,127,66,140,95,255,194,58,236,34,75,217,19,179,211,115,147,51,83,243,19,179,211,115,
    153,50,216,22,92,252,28,188,220,124,156,60,92,252,28,188,163,21,245,112,16,149,117,240,144,48,208,45,53,149,117,195,206,54,146,
    49,173,76,230,142,43,192,118,22,229,24,165,212,79,175,37,69,229,5,165,197,101,133,37,69,229,5,233,138,38,196,105,69,154,108,
    145,31,231,130,127,194,63,2,255,66,231,177,124,156,46,83,238,103,224,157,58,207,96,13,171,0,209,130,127,231,63,2,255,66,226,
    91,251,198,59,134,72,67,227,31,200,155,59,254,94,62,158,126,166,155,102,232,94,62,187,6,200,149,127,134,32,64,254,27,183,168,
    145,108,81,159,73,233,140,44,204,108,81,172,17,223,210,53,137,10,64,224,0,160,192,96,128,32,64,224,0,160,191,9,255,49,9,
    101,88,165,24,229,216,37,192,86,91,251,7,218,128,51,204,41,84,233,124,205,128,36,155,39,54,165,24,192,216,37,152,101,5,165,
    30,227,94,163,173,102,134,58,67,254,18,191,192,102,158,50,66,254,18,160,194,123,184,50,82,242,18,178,210,114,146,50,82,242,18,
    132,114,196,202,50,215,42,23,234,87,170,151,50,228,41,73,245,107,244,136,50,207,114,20,181,27,166,219,14,255,114,22,233,21,196,
    40,149,77,85,168,21,232,136,40,200,53,8,245,123,176,208,108,148,40,68,245,22,168,196,116,136,36,92,237,46,164,196,100,132,36,
    141,45,77,237,13,173,205,18,228,82,92,164,65,188,129,124,193,60,1,164,114,191,223,99,249,104,21,185,13,176,205,37,200,108,9,
    115,4,130,83,238,130,118,217,100,86,137,90,250,191,31,255,95,63,231,90,167,169,31,255,122,71,137,84,190,199,97,142,63,124,246,
    95,255,31,191,223,127,159,63,95,255,31,192,182,0,142,118,19,238,83,174,147,110,211,118,32,237,13,177,185,48,209,107,95,226,31,
    173,38,221,101,70,142,71,230,156,102,239,103,28,160,73,229,170,39,196,108,98,232,8,168,200,104,136,40,72,232,8,168,200,23,225,
    14,128,120,29,224,93,160,157,96,221,120,46,227,3,191,165,52,201,101,34,184,75,244,209,108,145,32,66,219,17,177,209,113,145,49,
    154,58,90,250,26,186,165,19,229,43,19,182,11,246,203,54,139,118,19,133,8,168,212,14,223,98,14,153,85,246,149,40,137,58,71,
    3,192,140,47,204,113,80,237,69,241,140,46,241,68,33,235,17,182,214,111,131,49,86,246,15,163,209,118,150,42,105,227,3,163,195,
    172,204,108,140,44,76,236,12,211,165,19,157,101,0,253,64,189,128,125,192,101,51,254,30,162,184,41,212,120,52,141,64,229,139,34,
    152,48,219,97,85,232,21,208,155,32,216,59,33,176,77,225,173,20,217,124,18,187,88,240,155,33,155,89,16,179,65,159,213,117,149,
    126,158,62,94,254,30,190,222,126,225,87,33,239,87,242,207,50,143,114,79,178,87,193,204,108,144,92,31,189,85,249,140,49,203,112,
    163,115,245,134,41,212,119,6,181,66,233,132,62,135,58,71,246,45,141,199,103,135,39,71,231,7,167,199,103,135,39,11,168,68,230,
    92,176,175,97,217,124,57,188,89,252,175,60,220,79,67,188,16,173,208,25,222,99,4,177,94,243,149,126,239,124,65,153,1,252,193,
    245,149,53,213,40,21,232,102,173,205,113,230,117,21,144,112,208,176,16,136,117,72,134,112,208,149,104,230,123,81,232,14,160,208,117,
    34,61,243,78,179,189,43,203,110,14,174,78,179,142,115,253,48,23,235,40,162,194,98,130,34,66,226,2,162,194,98,130,93,83,171,
    7,130,71,226,135,20,199,103,52,248,71,165,184,34,209,110,75,246,11,222,175,34,198,57,69,148,71,186,162,122,199,58,7,167,71,
    184,5,248,197,11,128,32,92,229,24,180,217,102,128,56,84,228,24,180,199,100,157,30,84,244,20,180,212,116,148,52,84,244,20,180,
    98,172,148,49,244,113,20,177,98,241,145,2,142,113,83,141,82,238,148,41,212,114,19,253,0,189,168,25,212,112,79,243,98,241,204,
    239,55,10,247,74,234,138,42,151,106,87,153,18,178,206,118,138,38,87,244,10,166,214,106,134,52,94,239,44,166,198,102,134,38,70,
    47,79,239,15,175,207,16,158,102,3,134,67,230,131,16,195,99,48,252,67,161,187,42,215,123,79,242,15,237,128,43,214,91,10,183,
    12,248,87,234,216,122,154,18,88,248,24,184,216,120,152,56,88,248,24,184,167,105,209,116,49,180,81,244,167,52,212,71,75,180,22,
    167,46,207,117,65,252,1,196,143,52,204,47,39,174,79,245,207,6,206,117,9,160,76,139,193,97,129,33,65,225,1,161,193,97,129,
    106,245,59,3,166,99,230,131,38,245,102,6,149,25,230,196,30,207,114,30,153,67,240,143,106,151,42,91,251,32,170,202,106,138,42,
    147,51,83,243,19,179,211,12,130,122,31,154,95,250,159,12,223,127,44,224,95,189,167,54,203,103,48,188,95,252,129,96,147,46,83,
    95,19,176,83,238,207,114,218,110,19,177,110,219,190,116,142,45,76,240,28,173,197,108,144,60,77,229,9,181,246,124,156,60,92,252,
    165,197,101,133,37,69,229,122,180,140,41,236,105,12,169,122,233,137,26,150,105,75,145,64,253,145,29,228,105,12,162,75,232,128,43,
    154,110,147,46,43,160,91,227,192,26,203,118,26,150,111,226,135,41,192,99,11,160,90,160,162,43,200,122,100,238,14,174,206,110,142,
    119,151,55,87,247,23,200,198,62,219,94,27,190,91,200,155,59,232,36,27,249,99,242,143,35,224,101,22,167,71,242,147,119,138,55,
    180,82,245,133,74,128,32,64,224,0,160,192,96,128,32,64,224,127,177,137,44,233,108,9,172,127,236,140,31,147,108,78,130,65,227,
    66,238,155,38,220,103,13,157,91,232,135,58,217,104,27,172,71,234,144,105,148,41,88,195,9,169,201,105,137,41,73,233,76,231,141,
    152,248,114,146,50,82,242,18,178,210,88,146,50,82,242,18,178,210,114,212,103,28,177,70,251,157,60,146,77,30,190,91,205,187,99,
    178,18,242,82,74,183,10,196,201,61,129,90,31,191,127,242,141,50,223,126,9,243,95,242,141,15,222,99,15,242,49,187,219,123,155,
    68,228,4,164,196,100,132,36,8,171,71,229,136,100,251,109,85,141,109,237,136,117,205,91,13,173,123,183,137,100,153,36,45,170,87,
    185,76,227,142,40,131,82,1,252,100,188,129,124,193,97,1,161,28,225,220,18,153,57,69,146,65,225,164,4,228,68,36,252,65,188,
    105,223,191,58,135,73,20,254,7,174,198,127,154,54,41,137,90,255,199,63,233,122,26,186,7,250,154,9,132,116,95,220,22,182,214,
    191,223,127,159,63,95,255,31,191,160,54,142,86,54,182,83,174,150,0,214,118,32,236,82,177,172,54,197,122,95,226,31,202,187,54,
    101,90,230,119,228,217,1,153,100,89,164,68,228,132,121,196,57,55,252,28,160,217,100,136,56,68,232,24,164,200,122,152,33,98,232,
    81,241,17,177,209,113,145,49,81,241,17,206,152,96,248,88,24,189,0,248,174,56,216,78,66,188,31,211,144,50,218,118,3,190,68,
    180,94,206,136,59,212,105,10,187,72,255,148,57,195,58,71,250,11,144,240,122,154,58,90,250,26,186,218,122,154,58,90,182,85,249,
    34,207,35,60,170,106,220,143,47,207,50,60,175,18,178,188,112,205,35,94,227,106,237,144,55,194,109,0,166,13,220,143,114,234,50,
    192,61,0,160,64,224,221,32,157,83,88,248,4,211,128,32,229,69,37,133,101,189,128,125,243,69,37,160,29,211,142,100,157,52,93,
    60,89,245,106,252,196,28,252,124,25,228,92,202,156,60,234,38,24,252,63,181,213,117,149,53,85,245,21,181,213,117,149,74,28,156,
    33,178,82,242,207,1,210,47,79,129,13,240,208,13,215,100,27,254,3,190,171,26,215,115,76,240,97,242,207,23,143,114,79,178,82,
    139,43,150,107,86,152,19,179,207,118,139,39,87,235,7,183,203,103,150,46,109,231,7,167,199,103,135,39,71,231,7,167,199,24,206,
    25,239,124,28,188,1,207,156,97,129,79,67,190,30,192,159,35,217,100,25,191,94,176,205,112,229,84,25,189,2,190,175,60,129,89,
    136,117,72,181,85,245,149,104,213,40,38,237,13,177,201,117,153,41,85,249,9,183,204,117,153,41,80,211,25,185,217,121,153,57,89,
    2,162,194,98,130,93,11,139,125,238,142,46,147,93,14,243,19,221,209,44,140,64,3,161,73,229,144,45,215,108,6,129,77,238,141,
    249,216,107,150,43,40,164,71,228,153,120,133,109,25,164,70,217,172,9,131,51,91,231,11,191,219,103,139,62,91,226,33,171,203,107,
    212,116,148,52,84,244,20,180,212,11,221,93,43,184,88,248,197,11,216,37,69,139,7,250,218,22,219,102,16,177,70,199,157,46,209,
    13,212,101,24,177,29,160,221,109,183,23,93,253,29,189,221,125,157,61,93,253,29,189,148,59,157,121,20,171,105,248,133,41,157,124,
    168,66,166,130,47,208,82,3,190,82,166,152,123,134,36,68,230,82,238,131,40,172,38,70,230,6,166,198,102,134,38,70,230,6,166,
    15,175,207,35,192,108,14,163,15,208,134,35,158,102,3,254,102,198,176,16,195,99,48,252,64,175,210,111,230,97,28,187,78,225,140,
    253,214,7,212,41,49,233,84,169,148,52,212,116,73,180,9,199,204,108,144,71,20,180,113,209,177,17,241,41,20,233,103,209,177,52,
    48,62,163,9,176,217,115,136,45,65,158,72,176,168,8,200,109,80,168,126,232,136,30,146,108,72,203,1,161,193,97,129,33,65,225,
    74,234,10,170,202,106,138,42,53,163,70,187,131,38,155,67,35,149,117,230,134,21,153,101,68,153,67,240,143,106,151,42,63,142,67,
    190,1,189,172,63,130,90,66,191,2,255,159,63,223,34,31,226,108,167,199,123,131,63,83,226,7,163,223,115,131,63,83,226,11,186,
    54,188,220,124,156,60,92,252,28,188,220,124,156,60,92,252,28,195,149,48,141,117,16,237,117,213,163,3,208,112,35,239,83,178,172,
    202,118,12,177,76,234,139,101,152,37,48,129,76,232,215,107,250,105,84,140,20,233,212,41,201,105,9,244,73,180,186,113,145,45,85,
    32,91,226,14,163,217,126,130,46,94,224,27,162,206,99,151,39,100,238,14,174,206,110,142,46,78,238,14,174,206,110,142,46,78,145,
    30,187,6,254,155,102,254,94,40,136,91,251,168,100,216,57,53,182,84,252,144,37,216,98,25,179,116,248,155,56,197,36,87,234,23,
    191,44,145,49,41,137,127,236,191,44,233,95,81,249,42,160,192,96,128,32,64,224,0,160,192,96,128,32,64,224,0,223,137,44,145,
    32,197,56,32,128,118,214,133,37,246,58,6,231,107,232,138,34,206,123,6,188,71,237,189,59,200,103,26,185,72,251,140,39,202,112,
    146,47,82,226,28,167,248,114,146,50,82,242,18,178,210,114,146,50,82,242,18,178,210,13,219,126,67,187,94,163,187,27,237,77,30,
    119,36,232,84,181,175,62,195,111,91,230,27,255,146,45,239,126,3,175,49,187,219,123,155,59,91,251,27,187,219,123,155,59,91,251,
    164,187,45,200,53,13,168,21,205,173,27,251,104,8,155,23,235,202,2,203,106,16,228,25,164,161,42,209,105,74,130,75,234,144,106,
    170,34,217,101,12,160,111,226,129,41,167,45,77,237,13,173,205,109,141,45,77,237,13,173,205,109,141,82,4,161,28,228,129,124,228,
    31,233,73,26,186,105,165,153,120,226,115,14,162,101,255,140,51,150,43,86,231,6,156,214,118,150,54,86,246,22,182,214,118,150,54,
    159,63,95,255,96,246,147,110,214,115,78,150,118,192,160,51,211,64,76,176,17,203,154,39,203,92,16,179,80,237,204,127,130,63,60,
    71,228,135,58,155,38,14,186,71,229,186,15,234,32,89,240,24,164,200,121,157,56,68,232,25,189,221,97,162,40,72,232,8,168,200,
    177,209,113,145,49,81,241,17,177,209,14,216,125,64,184,93,160,184,24,238,78,29,189,110,162,158,127,229,116,9,165,105,208,157,56,
    157,52,215,127,20,174,26,167,218,31,212,111,23,244,110,255,130,46,226,91,22,179,93,244,151,63,212,110,84,153,95,244,142,63,200,
    105,227,3,163,195,99,131,35,67,227,3,163,195,38,205,103,105,227,3,163,195,99,131,35,67,166,77,231,233,73,131,35,67,227,3,
    236,12,172,230,108,140,44,76,236,12,172,204,42,217,98,15,184,69,227,130,108,243,96,0,165,115,197,221,5,229,69,37,253,64,189,
    106,167,147,111,244,113,17,129,80,237,129,23,218,109,93,183,90,237,161,48,205,97,89,245,81,240,147,52,192,121,1,249,21,246,148,
    242,146,60,223,125,21,247,52,190,222,126,158,62,94,254,30,190,222,126,158,122,27,184,95,235,146,42,158,35,94,186,91,248,159,43,
    107,19,231,72,245,199,101,133,13,71,231,7,167,199,103,135,39,71,231,7,167,132,38,203,107,5,166,68,236,199,122,135,100,6,171,
    28,178,81,243,155,112,223,98,80,182,69,254,147,36,217,127,30,248,25,176,149,62,212,26,122,240,16,176,208,112,144,48,80,240,16,
    249,25,245,150,58,216,117,89,134,8,245,200,6,208,112,21,181,85,245,200,53,136,70,75,172,25,164,217,16,215,106,13,184,87,250,
    39,140,93,14,243,107,179,142,115,206,110,14,174,19,238,211,29,150,54,74,157,78,238,171,11,235,75,43,243,78,179,189,11,235,110,
    154,84,9,227,26,179,216,98,135,43,52,148,71,226,218,34,244,103,7,167,26,231,135,20,153,105,66,193,11,171,203,107,139,43,75,
    52,84,244,20,180,171,101,216,37,43,189,93,248,152,56,216,37,24,229,107,166,129,122,231,125,14,177,20,169,212,1,240,125,25,230,
    83,130,81,172,180,108,209,44,17,177,81,241,204,49,140,66,73,233,21,172,209,125,141,49,93,237,17,189,201,111,148,23,93,253,29,
    198,102,134,38,70,230,6,166,198,25,151,106,87,153,79,239,138,42,202,106,87,170,23,217,212,51,136,68,7,165,77,225,148,41,211,
    33,203,76,0,163,64,253,220,111,146,47,48,163,67,190,166,6,240,102,38,163,67,198,166,6,230,80,94,173,37,175,207,111,143,47,
    152,56,88,248,24,184,216,7,137,116,73,135,81,241,148,52,212,116,73,180,9,199,202,45,150,90,25,187,83,255,138,55,205,118,28,
    117,243,128,47,210,113,0,179,68,239,130,56,129,60,65,241,15,181,235,97,129,33,65,225,1,161,193,97,129,33,65,136,79,242,149,
    235,132,41,207,36,53,166,27,195,219,38,155,102,6,166,70,187,134,123,245,62,94,226,117,230,134,3,227,67,35,131,27,230,219,21,
    186,26,223,34,44,177,27,162,203,103,154,63,83,140,2,255,194,12,218,122,31,191,95,255,194,63,130,76,65,166,26,189,176,60,193,
    50,217,110,46,189,88,245,137,47,156,33,92,137,120,245,145,114,227,112,77,149,13,240,205,48,208,112,16,237,80,173,163,104,136,52,
    245,9,165,221,108,175,37,69,229,5,165,197,101,133,37,69,229,5,233,138,38,196,105,69,154,108,204,137,41,236,76,9,169,73,233,
    31,199,167,7,241,60,4,238,19,174,167,32,221,122,15,160,77,235,192,17,194,63,39,255,66,191,130,34,194,98,95,162,31,209,218,
    163,223,8,219,123,62,158,126,222,190,102,219,38,40,158,126,251,198,8,213,63,70,239,2,190,219,119,232,38,27,230,104,254,158,59,
    108,12,172,17,236,209,31,146,117,73,202,0,160,192,96,128,32,64,224,0,160,192,96,255,73,41,172,76,201,169,44,204,108,12,241,
    32,128,96,214,219,35,135,74,6,165,70,251,201,116,137,74,6,165,70,251,218,103,207,123,6,164,123,206,171,97,145,57,69,233,29,
    226,30,178,199,98,155,24,82,242,18,178,210,114,146,50,82,242,18,178,173,27,251,126,30,155,123,254,158,62,222,35,59,155,123,205,
    9,241,213,15,211,114,24,176,85,254,136,40,155,38,91,234,49,145,219,123,155,59,91,251,27,187,219,123,155,59,23,180,88,250,151,
    132,91,8,245,109,205,136,40,200,53,45,173,21,219,187,118,201,36,89,228,109,234,151,48,197,106,7,161,10,219,136,117,237,53,8,
    60,1,161,65,225,220,33,156,82,89,249,5,210,129,33,228,68,36,132,100,188,129,124,242,68,36,161,28,210,143,101,156,53,91,228,
    90,246,105,167,154,103,233,127,31,186,90,250,154,103,218,39,41,228,67,191,252,118,150,54,86,246,22,182,214,118,150,54,86,137,90,
    238,118,214,147,51,211,46,54,182,14,192,160,109,210,49,44,182,69,250,223,98,159,74,59,182,82,173,209,0,211,46,54,238,83,174,
    36,196,100,4,249,68,185,183,124,156,32,88,230,29,164,200,120,132,40,89,228,8,184,193,66,136,40,72,232,8,168,200,104,136,40,
    145,49,46,189,0,216,184,61,221,125,64,152,88,160,174,14,131,124,95,129,94,226,152,37,216,126,31,241,12,177,164,21,216,124,67,
    52,37,182,11,211,203,54,139,118,22,182,86,171,150,107,229,46,78,242,10,182,218,107,142,54,90,234,22,186,202,115,176,58,90,250,
    163,195,99,131,35,67,227,3,163,188,47,146,74,42,175,79,239,210,10,202,50,60,156,17,238,205,23,198,123,23,227,30,163,129,44,
    148,24,201,116,24,198,12,172,204,108,140,44,76,236,12,172,204,108,243,96,93,133,101,224,128,32,157,69,5,253,115,211,222,33,130,
    19,218,123,1,245,8,181,176,59,192,120,91,147,90,251,129,123,242,122,1,189,84,248,184,48,209,124,0,184,63,181,213,117,149,53,
    158,62,94,254,30,190,222,1,210,47,55,151,82,242,146,111,247,119,79,129,97,172,147,112,234,123,6,170,109,247,132,59,158,35,94,
    22,180,237,103,135,39,71,231,7,167,199,103,135,39,71,152,75,182,174,14,203,107,11,246,110,238,214,24,248,53,10,233,115,226,159,
    228,179,63,220,127,2,227,16,173,208,15,220,89,57,143,121,217,193,97,249,124,28,143,111,161,147,90,144,48,80,240,16,176,208,112,
    217,121,153,57,38,181,8,208,176,53,213,117,72,144,80,168,166,6,139,116,87,141,92,225,141,1,248,117,16,190,87,244,156,55,205,
    66,255,2,199,140,55,207,44,54,167,90,246,186,3,206,107,5,172,79,231,140,54,140,78,7,164,86,136,194,98,130,34,66,226,2,
    235,11,171,203,107,244,103,90,130,98,231,135,39,154,66,2,250,116,212,217,38,133,73,10,168,64,236,153,36,222,101,15,159,89,234,
    90,231,132,53,198,113,26,183,77,180,201,116,133,30,126,244,20,180,212,116,148,52,84,244,20,180,212,56,219,119,21,184,20,203,157,
    212,180,20,209,84,52,177,81,212,145,108,244,84,34,238,77,189,192,125,244,115,14,169,92,243,158,56,147,66,17,236,116,172,145,108,
    106,10,170,74,183,138,119,249,50,82,238,121,234,138,15,239,79,47,143,23,234,215,25,239,79,10,247,121,228,206,119,158,49,79,234,
    79,144,30,227,222,16,198,102,3,163,67,227,222,35,158,80,93,186,6,133,207,111,143,47,79,239,15,175,207,111,143,47,48,166,102,
    145,113,244,177,17,212,116,49,180,9,209,177,7,139,104,86,139,81,226,157,120,133,56,45,156,81,245,202,118,231,116,73,145,9,244,
    112,205,109,13,173,16,237,208,30,149,53,73,241,15,181,212,109,129,44,80,245,13,161,209,109,129,51,87,232,43,161,193,97,129,33,
    138,42,74,234,10,170,202,21,195,67,35,131,70,195,163,38,198,67,6,251,99,195,181,121,218,36,58,165,89,227,158,35,197,100,74,
    46,83,134,119,250,158,97,157,76,31,226,122,162,159,98,223,127,31,191,2,255,194,12,135,39,91,227,29,166,198,127,147,35,95,243,
    76,242,9,176,220,113,141,47,85,214,28,188,220,124,156,60,92,252,28,188,220,124,227,117,53,149,117,240,181,21,208,112,53,176,13,
    172,12,250,54,21,235,103,228,134,46,194,119,10,176,75,225,166,42,201,106,23,246,5,184,197,6,202,105,10,183,22,171,131,55,202,
    35,252,73,44,230,27,190,194,110,157,62,66,238,29,187,199,68,142,46,78,238,14,174,206,110,142,46,78,238,113,231,167,7,231,98,
    254,94,27,187,126,251,198,30,254,72,68,167,25,195,146,47,195,55,74,247,83,242,145,54,194,123,3,221,23,183,215,119,151,55,87,
    0,160,192,96,128,95,9,137,105,201,140,9,233,108,12,137,76,177,169,9,255,51,16,238,112,236,129,35,197,104,15,172,68,229,146,
    221,140,49,221,41,84,233,118,229,133,0,224,64,32,128,24,229,216,22,224,64,5,248,118,235,193,120,145,49,64,195,9,169,201,105,
    210,114,146,50,82,242,18,178,173,59,251,91,59,190,123,219,158,62,251,126,67,155,123,205,193,34,156,84,29,188,70,178,207,114,247,
    53,206,118,85,157,84,245,143,117,252,116,15,179,90,246,241,123,155,59,91,251,27,187,219,123,155,59,91,132,82,210,178,18,215,82,
    141,72,232,173,40,149,77,45,155,23,244,202,16,193,124,16,151,77,254,129,100,153,36,85,246,46,164,196,100,132,36,68,228,4,164,
    13,173,205,18,196,68,36,132,65,196,164,33,193,68,1,252,100,196,178,126,221,35,57,168,85,249,174,34,193,98,31,254,13,176,205,
    213,153,58,217,100,69,248,80,228,153,59,228,81,52,254,4,163,195,122,150,36,67,227,26,182,196,99,131,63,124,246,22,182,214,118,
    223,127,159,63,95,255,31,214,145,44,203,126,17,188,90,177,160,51,142,86,78,179,14,243,147,51,211,46,19,238,96,171,203,119,224,
    4,164,97,193,161,1,225,57,4,249,119,193,161,36,153,87,10,224,25,176,209,97,132,40,55,161,97,193,161,36,225,65,4,164,97,
    189,0,216,184,14,130,97,88,255,114,254,131,63,212,99,35,176,85,248,132,34,145,44,81,132,117,248,156,127,238,125,64,152,0,253,
    11,246,150,54,214,43,22,235,101,174,206,114,138,54,90,236,19,144,240,122,154,58,90,250,26,186,218,122,154,58,90,133,83,211,179,
    234,111,42,138,79,239,170,47,146,74,42,156,16,243,205,5,204,96,22,176,111,236,144,55,153,64,12,173,77,230,128,55,139,101,22,
    98,15,184,69,227,130,100,133,6,76,236,12,172,204,108,140,44,76,236,12,172,204,108,140,44,28,175,77,224,128,100,207,109,0,160,
    23,180,86,254,217,117,234,124,60,156,124,249,188,28,217,121,60,185,4,220,188,10,134,101,91,129,80,237,129,124,191,53,85,245,21,
    254,30,190,222,126,158,62,94,187,80,250,215,84,158,62,94,254,30,190,222,126,219,112,26,212,52,190,222,126,158,62,94,254,30,148,
    103,135,39,71,231,7,167,199,33,210,105,4,179,78,232,137,103,248,107,11,174,120,206,214,14,238,78,46,246,75,182,184,117,193,61,
    241,116,20,148,66,255,128,52,223,103,30,248,84,244,164,53,200,100,92,240,95,224,132,57,223,126,3,156,89,227,132,124,144,116,21,
    127,24,172,85,237,213,121,218,120,21,181,91,248,154,50,144,19,89,249,25,185,217,121,153,57,89,249,25,185,150,41,205,112,22,183,
    241,174,43,209,118,66,255,2,237,146,54,203,109,12,177,110,235,145,54,130,109,16,226,89,255,232,98,130,34,66,226,2,162,194,98,
    203,107,139,111,14,173,74,254,135,63,139,54,75,175,78,237,138,62,199,127,75,164,89,171,132,59,223,98,4,165,88,199,130,56,223,
    15,133,73,84,187,70,180,171,56,216,93,61,157,125,221,197,56,133,75,61,157,88,165,171,54,156,37,77,228,29,158,212,116,148,52,
    157,61,93,253,29,189,221,125,222,124,17,177,95,252,158,54,157,32,93,190,92,241,145,63,220,126,22,253,82,239,221,59,200,115,30,
    82,239,137,40,142,47,70,163,72,226,236,76,134,38,70,230,6,166,198,102,134,38,70,230,74,233,133,39,202,38,57,247,74,183,185,
    230,134,35,195,99,3,254,67,190,176,125,218,47,82,239,102,225,156,59,206,97,12,170,1,208,131,126,230,62,3,254,67,227,131,35,
    201,52,137,71,76,236,16,199,148,52,241,81,49,145,113,169,148,105,231,81,49,180,9,199,154,112,137,33,73,241,20,184,167,7,212,
    8,240,72,222,141,45,205,48,13,173,126,179,131,104,171,33,65,225,1,161,193,97,129,33,65,225,1,222,208,45,144,94,8,168,77,
    166,70,230,219,38,155,85,88,191,4,217,131,48,207,42,87,234,127,206,131,39,152,36,53,166,27,195,219,38,155,102,6,166,70,187,
    95,162,172,103,135,59,66,255,19,163,223,115,131,63,83,231,1,186,249,115,147,51,83,243,19,179,211,115,147,51,83,140,2,255,194,
    195,149,53,208,112,16,176,13,240,205,3,142,105,82,158,93,255,151,59,206,115,9,178,88,223,147,48,211,110,79,252,1,188,163,48,
    105,84,140,108,218,140,12,201,105,44,140,108,204,186,116,199,15,69,229,5,165,197,101,133,37,69,229,5,165,186,116,201,52,58,172,
    7,162,66,226,130,127,194,63,49,252,91,160,172,47,205,101,9,188,65,251,128,42,250,124,15,160,93,254,143,60,203,96,13,183,14,
    234,23,167,217,99,189,55,87,247,23,183,215,119,151,55,87,247,23,222,153,36,195,118,25,180,82,185,168,59,134,94,70,187,6,251,
    44,204,108,81,172,17,223,212,116,136,95,12,172,105,201,169,9,233,49,12,241,127,201,169,44,145,95,2,232,17,185,210,105,140,32,
    246,56,5,248,118,224,128,37,197,101,5,248,69,184,182,123,220,32,71,138,70,251,135,44,219,91,8,173,64,252,154,105,148,41,60,
    86,27,191,28,205,158,99,251,35,30,227,94,254,158,62,131,126,67,141,6,166,218,98,158,50,74,251,56,178,210,114,146,50,82,242,
    91,251,27,187,219,55,212,120,26,183,27,196,178,18,215,119,50,146,87,247,151,55,138,82,50,146,100,169,145,123,134,59,50,181,72,
    144,37,202,103,1,234,123,232,213,13,149,104,85,168,72,232,136,117,200,53,59,240,16,172,187,40,200,77,45,141,109,205,213,40,149,
    18,228,68,1,252,114,239,197,124,148,62,68,225,13,210,220,33,156,82,4,164,65,225,129,33,156,97,92,146,31,248,196,71,141,45,
    150,54,86,246,22,182,214,118,150,54,41,159,127,250,154,31,255,122,26,186,90,167,191,31,255,73,68,188,24,213,153,58,217,100,86,
    34,95,156,80,243,144,45,140,49,25,173,80,242,173,24,253,55,71,239,19,191,203,111,147,63,74,239,22,149,223,127,159,63,95,255,
    168,200,104,136,40,72,151,97,193,132,36,225,65,4,164,68,228,217,1,225,65,55,250,66,166,188,32,193,107,3,166,77,251,155,104,
    204,113,128,27,123,241,17,177,209,113,145,49,81,241,17,177,209,61,222,114,16,189,17,206,157,96,248,88,29,189,93,160,184,56,128,
    5,229,40,23,250,7,186,179,52,201,110,27,180,89,255,212,5,214,43,51,235,86,171,150,54,214,118,75,182,11,197,206,110,146,69,
    175,79,202,170,10,234,74,82,175,18,220,170,10,207,50,60,161,11,178,218,119,138,47,67,156,18,239,210,28,202,106,15,175,79,239,
    29,224,221,19,158,121,69,198,12,172,204,108,140,44,76,236,12,172,204,108,243,96,93,133,101,224,128,32,157,69,5,253,115,211,222,
    248,219,6,220,111,16,245,8,181,160,17,220,120,71,251,106,249,196,28,132,121,68,185,89,249,153,100,217,36,42,225,1,189,197,123,
    203,114,158,46,82,254,15,178,222,110,151,20,94,254,30,190,222,126,158,62,94,254,30,190,161,50,143,87,55,178,82,242,207,23,215,
    86,152,120,181,138,105,247,104,20,174,83,238,136,41,135,58,71,146,99,238,138,117,137,88,11,246,110,182,139,118,203,107,11,171,22,
    188,1,207,196,100,152,32,92,240,1,164,220,112,128,60,80,224,25,154,208,112,144,48,80,240,16,176,208,112,144,48,47,188,1,217,
    112,245,149,53,136,80,16,232,102,198,203,52,151,77,28,161,77,185,196,121,221,125,45,188,65,237,243,121,153,57,89,249,25,185,217,
    130,34,66,226,125,238,211,11,235,110,14,174,19,203,139,115,253,93,80,175,12,196,141,44,214,34,95,226,103,236,151,47,140,68,13,
    101,31,229,108,228,159,35,202,102,38,174,79,226,158,38,161,43,75,235,11,171,203,107,139,43,75,235,11,212,135,122,226,66,7,167,
    24,229,125,253,197,11,235,38,25,250,96,241,140,32,231,125,14,177,20,169,212,101,135,30,84,244,20,180,212,116,148,52,84,244,20,
    253,98,241,204,20,244,113,17,177,12,212,148,108,226,66,79,176,19,201,152,37,201,94,18,177,82,239,206,125,128,61,34,177,116,212,
    25,239,79,87,247,111,234,138,25,249,55,5,204,6,166,198,102,134,38,70,230,6,166,198,102,249,106,87,143,111,234,138,42,151,79,
    198,62,48,144,29,226,193,27,202,119,27,151,110,227,134,40,193,98,10,161,91,175,210,111,234,97,26,162,1,219,138,55,219,87,46,
    116,17,191,86,245,157,54,204,54,52,189,94,236,242,120,152,56,88,248,24,184,216,120,152,56,88,135,84,169,177,17,212,116,20,233,
    200,136,112,254,94,83,172,15,195,128,34,202,102,19,174,84,239,133,21,211,96,15,178,81,224,147,36,207,98,24,225,28,161,208,75,
    224,106,138,42,74,234,10,170,202,106,138,42,74,166,69,233,139,38,138,85,53,166,70,230,219,38,198,102,6,166,70,195,163,38,198,
    12,128,98,83,238,19,162,249,115,147,51,83,243,19,179,211,115,147,51,83,181,92,225,211,58,159,51,44,191,2,218,186,63,223,90,
    227,67,21,131,117,213,163,105,217,60,21,178,28,245,140,61,213,110,15,244,83,236,136,53,211,114,15,144,85,239,136,117,156,120,19,
    47,165,197,101,133,37,69,229,5,165,197,101,133,37,69,229,5,236,131,101,250,105,84,140,108,233,137,12,250,90,12,154,108,204,186,
    187,139,110,147,51,78,170,75,232,143,59,194,122,78,186,70,235,128,110,241,81,2,162,66,191,130,34,194,98,2,162,103,199,130,34,
    168,100,198,55,74,247,94,183,149,37,210,118,28,247,82,249,147,93,151,55,87,247,23,183,215,119,151,55,87,247,82,249,147,93,189,
    64,224,0,160,192,96,128,32,64,224,0,160,140,47,195,97,12,224,127,223,191,9,233,95,12,172,105,201,169,44,204,105,63,243,82,
    233,20,169,160,39,218,125,8,167,74,236,199,22,197,56,32,248,69,184,133,37,197,101,88,165,24,214,221,125,129,86,5,165,96,192,
    123,219,187,99,222,35,45,155,123,254,195,13,208,58,67,235,7,187,222,114,237,35,30,227,109,251,155,62,222,126,30,227,94,163,173,
    169,142,114,177,59,91,251,27,187,219,123,155,59,91,251,27,196,164,4,242,82,36,183,87,210,178,18,215,119,18,132,8,233,213,8,
    109,30,161,4,185,196,17,224,109,9,246,10,219,136,117,237,53,8,245,72,232,136,40,149,104,85,155,16,176,204,116,138,48,81,232,
    77,224,28,185,193,109,157,33,77,255,27,164,231,109,141,45,77,237,13,173,205,109,141,45,77,146,114,210,164,4,242,97,1,132,100,
    159,90,250,159,9,133,100,88,134,89,229,159,34,223,121,24,246,11,182,163,18,223,123,68,248,105,250,199,31,135,122,71,186,90,250,
    83,174,147,110,224,43,75,247,15,177,202,106,147,63,79,243,31,175,209,106,147,63,82,238,12,182,245,127,159,63,95,255,31,191,223,
    136,40,72,232,119,215,183,1,225,87,4,164,97,193,161,36,196,97,55,251,90,166,170,41,203,99,15,186,71,253,134,44,235,103,4,
    126,3,226,17,172,209,18,222,125,30,163,2,191,151,35,222,124,35,150,115,185,196,97,157,49,66,225,29,177,194,100,152,27,81,241,
    90,250,26,186,218,122,154,58,90,250,101,197,165,19,243,69,22,182,115,211,179,54,214,115,37,233,72,180,174,63,194,110,90,231,26,
    151,44,208,119,17,170,77,228,203,39,198,101,2,182,79,247,202,99,141,45,67,225,3,9533,193,73,131,35,67,227,3,163,195,99,131,
    108,140,44,51,147,115,197,165,19,192,96,37,133,101,224,128,37,243,63,30,226,106,227,130,56,140,49,76,137,66,249,129,98,234,99,
    219,97,91,146,90,225,157,52,216,70,16,184,92,247,154,57,209,31,85,245,21,181,213,117,149,53,85,245,21,181,170,10,234,92,60,
    65,18,178,119,215,183,50,210,119,33,237,76,176,170,59,198,106,45,183,68,251,222,99,158,47,76,212,30,190,222,126,158,62,94,254,
    167,199,103,135,88,56,152,110,206,184,43,203,78,46,142,75,235,142,24,148,117,73,147,66,255,147,4,200,107,8,181,20,167,218,103,
    179,63,220,127,2,227,30,246,130,63,221,66,55,146,24,162,197,101,156,48,66,229,5,188,208,98,133,37,89,218,16,176,208,112,144,
    121,153,57,89,249,25,185,176,55,202,109,24,183,90,252,215,6,213,40,48,232,85,168,149,53,213,117,72,181,8,198,205,109,145,70,
    174,78,203,171,11,235,75,83,174,19,221,171,11,206,51,61,160,10,179,219,116,139,46,66,157,125,221,171,11,253,110,14,139,107,203,
    71,231,130,20,152,121,66,229,104,228,153,37,206,121,57,170,79,226,158,56,139,54,75,158,111,226,134,101,244,103,90,130,26,231,218,
    248,152,56,216,37,24,229,107,160,192,124,132,56,84,226,29,158,254,116,148,52,84,244,20,180,212,116,148,52,84,139,107,203,189,29,
    162,49,209,84,52,148,81,241,148,2,142,111,83,144,82,232,142,56,255,104,9,169,82,243,204,30,209,116,30,182,7,222,146,51,211,
    3,165,82,174,128,51,200,101,18,175,73,232,206,111,172,38,70,230,6,166,198,102,134,38,70,230,6,166,198,102,134,111,0,230,5,
    160,95,251,134,32,193,124,35,166,92,251,207,114,146,47,95,239,91,231,138,33,143,125,10,187,90,253,129,111,202,97,11,197,15,175,
    24,184,216,120,152,56,88,248,24,184,216,120,152,56,39,135,84,244,148,105,212,116,20,180,84,244,177,17,212,116,39,235,73,184,197,
    129,94,62,173,77,237,208,45,205,109,13,173,77,200,168,45,205,94,82,176,1,170,193,112,171,33,65,225,1,161,193,97,129,33,65,
    42,74,234,10,170,202,35,204,42,53,149,70,230,134,123,198,102,6,166,70,230,163,3,198,102,53,249,91,170,212,106,137,101,26,190,
    26,188,93,224,191,58,192,103,83,167,91,246,157,115,236,76,31,191,95,162,159,63,223,127,31,191,122,218,159,63,236,32,2,243,14,
    252,13,188,153,50,216,22,92,252,28,188,220,124,156,60,92,252,28,188,220,124,156,60,16,179,95,253,144,124,227,67,77,131,80,240,
    26,236,76,9,169,122,180,186,118,214,37,88,229,74,245,145,44,202,107,22,137,76,246,145,30,250,90,9,169,73,180,137,41,201,105,
    194,98,39,135,66,226,177,125,223,83,100,238,14,174,206,110,142,46,78,238,14,174,206,110,142,46,78,145,113,209,167,7,241,98,2,
    94,62,158,91,251,158,8,132,101,89,131,82,239,131,119,138,55,3,184,68,227,133,62,217,112,95,136,104,166,168,59,219,72,62,158,
    236,140,31,145,95,83,179,9,160,206,110,128,34,64,9598,2,138,192,96,128,32,64,224,0,160,192,96,128,32,64,224,0,160,144,35,
    136,37,197,33,10,168,69,229,139,40,202,98,69,233,118,214,216,22,197,101,54,128,96,229,133,22,152,86,90,186,0,131,201,105,137,
    114,146,50,82,242,18,178,210,114,146,50,82,242,109,254,158,62,222,126,59,190,3,205,187,27,131,126,67,141,3,162,200,28,221,102,
    210,125,2,243,100,247,151,18,242,82,50,146,10,247,202,4,242,82,23,234,100,249,211,106,130,44,82,247,27,196,151,55,242,82,50,
    109,205,213,40,149,91,45,141,72,181,187,38,140,53,93,252,13,170,202,27,251,53,59,168,72,219,173,13,200,104,59,245,123,183,151,
    161,205,127,132,7,77,237,13,173,205,109,141,45,77,237,13,173,136,35,201,36,103,237,13,173,205,109,141,45,77,168,67,233,231,71,
    214,118,150,54,86,246,22,182,252,118,150,54,86,246,22,182,214,48,195,120,21,162,95,249,152,118,233,122,26,191,105,223,199,31,255,
    22,246,46,19,238,96,173,153,101,254,123,27,150,82,254,152,58,151,118,18,184,107,246,139,51,218,51,95,190,76,236,154,43,240,109,
    157,90,228,196,104,192,109,1,175,64,252,193,66,136,40,72,232,8,168,200,104,136,40,72,232,64,237,129,47,192,124,72,245,8,224,
    84,248,150,57,197,49,30,163,17,160,195,97,187,49,81,241,17,177,209,113,145,49,81,241,17,253,158,50,208,125,81,142,93,253,184,
    243,150,107,229,118,75,147,83,246,165,105,206,58,71,250,101,246,150,54,214,118,51,182,11,197,179,19,139,118,75,133,11,170,192,29,
    102,23,130,80,240,134,55,139,98,16,176,70,247,172,49,246,113,15,239,3,220,143,47,234,74,42,138,106,178,143,114,252,74,42,175,
    93,147,78,164,221,117,149,37,76,226,2,172,152,35,223,120,30,165,66,235,196,33,205,120,4,226,77,238,159,100,216,101,15,167,4,
    252,28,188,213,123,155,53,42,185,89,220,188,28,252,92,68,185,4,202,188,28,217,36,42,183,29,167,197,101,156,60,127,245,21,181,
    30,190,222,126,158,62,94,254,30,242,145,61,223,114,94,129,87,175,183,23,215,114,79,183,97,247,151,1,141,115,94,227,30,215,144,
    212,115,6,169,68,226,201,24,203,54,46,246,75,182,139,43,203,107,86,171,22,216,211,115,143,88,11,171,110,206,174,14,238,54,11,
    33,47,153,121,252,193,15,210,56,66,224,1,185,220,112,239,79,28,185,1,249,175,60,220,124,65,188,92,207,194,50,153,26,80,240,
    89,249,25,185,217,121,153,57,89,249,102,240,200,16,240,112,21,232,80,198,144,48,230,42,20,247,106,240,131,60,153,36,89,140,125,
    139,47,144,44,61,174,19,203,211,46,147,110,14,174,78,179,142,115,253,54,86,234,19,174,194,114,142,34,82,238,2,234,135,43,197,
    35,223,43,64,235,25,191,194,65,139,43,75,235,11,171,203,107,139,43,75,235,116,226,218,2,226,98,7,250,66,212,130,34,244,56,
    217,58,54,181,87,255,147,38,219,97,26,176,119,251,152,59,198,39,84,233,20,203,152,56,133,93,61,139,93,221,152,56,253,93,61,
    84,34,236,95,151,221,125,157,61,93,253,29,189,221,125,157,61,34,180,12,212,180,52,209,44,20,130,84,244,162,110,208,51,63,188,
    229,141,33,212,105,19,168,66,210,148,39,200,117,22,167,84,227,136,37,223,38,91,230,22,168,210,76,134,38,70,230,6,166,198,102,
    207,111,143,47,38,161,92,251,142,33,204,106,65,144,67,190,166,126,195,62,3,163,67,227,222,35,158,80,91,251,7,208,131,35,230,
    17,241,81,49,233,84,169,167,17,241,116,73,135,90,176,202,104,138,49,84,248,103,241,201,17,241,113,20,233,81,199,145,49,231,43,
    172,8,175,162,46,211,111,4,179,115,224,133,40,212,114,65,252,1,212,165,40,204,47,62,173,16,200,208,45,144,109,13,173,77,176,
    70,187,181,126,158,34,90,230,10,178,195,64,138,42,74,234,10,170,202,106,138,42,74,234,70,229,137,43,198,42,53,131,99,230,134,
    218,186,63,223,127,31,226,122,218,186,12,129,121,83,238,19,218,157,32,199,114,29,176,86,189,172,63,130,90,66,191,2,255,159,63,
    144,109,208,45,35,232,8,180,163,48,208,85,53,149,117,213,205,48,141,67,53,149,80,173,163,62,148,46,76,239,21,176,220,3,213,
    84,140,108,236,137,116,204,90,12,172,122,182,136,108,175,37,69,229,5,165,197,101,133,37,69,229,5,218,172,12,201,105,44,140,73,
    162,66,226,223,7,231,71,49,252,68,160,173,33,194,97,28,238,19,174,173,33,194,97,28,253,0,232,156,33,195,92,41,140,6,182,
    7,187,215,99,135,59,87,226,7,190,253,119,151,55,87,247,23,183,215,119,151,55,87,136,126,222,155,59,254,94,27,187,91,251,198,
    233,73,41,159,18,234,206,20,200,105,3,171,78,229,147,51,128,61,64,241,42,138,192,96,128,32,64,224,0,160,192,96,128,32,12,
    102,10,168,69,169,182,0,246,56,0,165,24,229,216,37,152,101,0,150,27,187,201,116,137,64,7,186,93,232,135,42,204,39,54,165,
    67,155,3,254,195,62,222,126,30,227,94,163,173,102,134,58,45,190,94,219,187,27,251,91,67,190,3,205,187,27,222,35,45,176,26,
    233,11,175,210,119,155,68,18,234,114,210,146,55,138,114,36,178,82,196,200,54,146,17,91,251,27,187,219,123,155,59,91,251,27,187,
    27,237,91,85,173,72,181,136,117,200,53,8,173,123,182,214,106,247,109,30,161,4,185,196,17,224,109,9,246,10,219,136,117,237,53,
    193,60,1,161,65,225,220,33,156,82,89,249,5,188,193,109,128,63,93,225,13,189,193,109,159,61,68,199,13,173,205,109,141,45,77,
    54,86,246,22,182,169,31,233,39,31,186,7,250,199,58,135,122,31,137,4,164,216,6,217,101,31,162,95,249,152,118,139,54,35,146,
    22,178,13,177,160,51,142,86,78,179,14,243,147,51,211,46,19,238,96,171,203,119,143,51,95,238,15,179,223,111,147,63,75,246,53,
    200,104,136,40,72,232,8,168,200,104,136,40,55,129,119,185,129,36,153,100,89,164,25,228,129,23,154,58,70,156,77,240,156,104,149,
    113,216,124,22,133,88,229,157,52,145,126,3,241,110,253,157,24,248,88,56,152,0,253,192,14,248,88,29,224,110,243,217,99,129,36,
    147,16,90,250,26,186,218,122,154,58,90,250,26,186,165,19,229,43,19,182,11,246,203,54,139,118,19,133,8,168,212,28,213,116,14,
    3,190,195,6,205,118,14,237,101,236,141,55,141,68,12,183,75,226,142,16,198,110,10,161,76,239,135,73,131,35,67,227,3,163,195,
    172,204,108,140,44,51,133,115,189,133,32,157,96,93,160,29,224,133,19,158,62,66,152,73,244,152,31,197,118,9,236,17,172,221,125,
    255,117,149,53,85,245,21,181,213,117,149,53,85,138,124,202,196,60,217,36,25,228,89,164,153,60,234,39,71,251,97,240,141,33,246,
    49,210,113,12,237,30,163,222,29,209,114,17,172,13,176,152,44,209,115,44,153,124,182,204,110,142,50,94,239,6,174,210,126,143,38,
    242,14,141,199,103,135,39,71,231,7,167,199,103,135,39,56,142,120,182,142,43,150,107,86,171,22,235,142,24,149,53,73,147,66,255,
    68,200,177,60,217,119,30,189,85,254,132,112,141,48,53,190,69,253,222,4,213,104,4,136,113,252,153,55,222,125,21,190,68,190,188,
    252,159,45,179,57,89,249,25,185,217,121,153,57,89,249,25,198,176,6,136,112,21,232,85,168,149,104,213,112,38,235,11,183,187,56,
    97,9,165,80,237,151,44,198,86,16,163,76,241,146,35,208,103,12,161,91,162,223,98,147,8,104,226,2,162,194,98,130,34,66,226,
    75,235,11,231,132,40,202,103,75,148,71,231,135,2,226,84,7,250,98,194,218,39,154,84,88,190,11,182,203,2,197,120,31,170,69,
    183,81,186,171,56,133,93,69,184,5,248,152,56,216,37,24,229,107,160,192,124,235,120,24,157,125,221,189,29,133,120,69,139,125,221,
    81,172,162,63,149,47,77,235,20,177,221,2,212,44,52,148,84,241,204,52,226,116,20,130,14,240,212,87,157,61,93,253,29,189,221,
    134,38,70,230,6,217,138,42,202,79,47,153,74,183,175,15,151,106,87,153,21,243,200,21,207,124,3,230,27,166,179,2,207,107,84,
    33,48,163,30,198,222,35,158,99,3,163,67,190,131,126,240,59,91,231,30,163,207,98,157,63,67,239,31,163,207,39,202,102,8,167,
    12,248,21,184,201,104,145,18,88,248,24,184,216,120,152,56,88,248,24,184,167,52,212,116,49,145,103,244,201,17,241,41,20,233,103,
    210,52,143,81,14,178,72,245,136,46,207,33,92,225,116,197,136,44,147,47,62,173,16,200,208,45,144,109,13,173,77,176,141,112,254,
    126,158,34,90,230,10,187,218,102,138,58,70,234,24,188,195,64,138,42,74,234,10,170,202,106,138,42,74,234,117,230,134,38,227,67,
    236,127,66,154,122,162,159,98,236,32,6,253,122,254,146,52,214,51,78,243,108,255,159,26,218,127,66,140,95,162,186,58,223,76,64,
    104,118,252,28,188,220,124,156,60,92,252,28,188,220,3,208,112,16,149,117,195,144,109,245,85,77,176,13,195,207,41,146,79,31,189,
    233,128,17,220,117,0,229,24,165,160,43,208,104,75,150,70,228,137,32,241,124,21,160,11,195,140,49,175,37,69,229,5,165,197,101,
    206,110,142,46,78,145,66,226,130,7,231,81,2,255,103,199,223,34,159,81,93,187,0,204,143,45,197,105,28,161,91,224,138,26,220,
    54,217,100,7,182,69,242,153,52,206,55,74,247,6,157,215,119,151,55,87,247,23,183,215,119,151,55,62,185,68,227,150,57,212,114,
    238,127,236,209,9,145,108,81,172,76,236,140,113,204,49,63,244,20,168,191,44,204,73,41,137,105,201,209,44,145,95,41,137,76,177,
    118,235,193,123,153,62,64,229,9,214,133,37,197,64,32,150,69,184,160,0,152,101,88,150,26,252,192,103,234,102,27,167,76,251,187,
    243,150,59,199,97,82,239,18,199,182,59,223,60,45,190,3,219,195,62,131,126,30,190,94,163,158,99,237,38,70,250,2,190,210,100,
    210,81,155,59,91,251,27,187,219,123,222,117,31,209,49,187,219,123,155,59,91,251,27,145,219,123,155,59,91,251,27,187,157,46,213,
    7,176,77,235,138,100,251,104,8,173,123,205,213,13,237,77,45,245,72,181,187,118,194,62,37,160,64,197,145,32,205,107,76,165,81,
    169,68,226,185,36,217,97,8,225,13,254,130,56,195,105,36,169,98,255,184,63,193,33,77,172,88,249,130,29,193,108,20,228,39,173,
    22,182,214,118,150,54,86,246,22,182,214,58,217,117,23,186,22,201,199,58,135,73,31,191,90,250,154,58,135,122,71,137,4,227,214,
    162,223,22,209,108,11,190,81,252,154,113,224,115,78,150,14,243,206,51,211,115,19,238,83,174,160,107,139,55,32,179,83,214,182,22,
    65,33,249,68,185,183,1,225,100,89,151,74,160,218,120,144,33,68,232,119,215,132,33,153,97,55,164,68,228,217,36,196,87,90,170,
    88,219,17,177,209,113,145,49,81,241,17,177,209,113,238,32,29,224,110,248,152,61,221,125,29,224,93,160,174,99,196,63,34,184,75,
    191,26,167,218,15,254,115,23,232,20,197,150,107,243,43,22,235,86,246,150,54,139,118,75,133,14,174,210,107,150,58,74,246,26,170,
    111,131,55,81,234,41,163,195,99,131,35,67,227,3,163,195,99,131,92,82,175,18,220,138,42,207,111,15,175,18,239,210,28,145,118,
    130,78,13,175,71,235,158,35,217,98,8,143,67,224,131,62,159,44,81,236,115,224,128,125,229,69,51,165,101,224,128,5,229,69,37,
    74,68,183,63,181,213,117,149,53,85,245,21,181,213,117,149,74,68,185,4,202,156,60,217,121,25,185,4,249,196,10,135,96,91,151,
    31,189,85,249,140,49,203,112,26,138,76,255,144,45,206,127,12,187,80,253,135,126,131,62,78,240,10,148,222,126,158,62,94,254,30,
    199,103,135,39,71,142,73,244,147,38,201,100,2,233,120,235,214,14,150,107,86,171,75,235,139,118,203,54,56,243,19,175,184,43,203,
    25,249,89,57,153,1,252,193,15,249,89,28,225,111,242,216,98,128,41,89,252,16,207,193,60,129,79,25,185,92,252,156,60,129,124,
    136,70,75,172,16,183,186,54,203,119,28,171,107,248,157,48,204,106,89,228,25,204,189,48,212,55,38,181,8,208,200,53,136,117,21,
    78,238,211,46,147,93,86,246,10,178,206,98,154,43,104,226,2,162,194,98,130,34,66,226,2,162,194,46,205,97,3,174,2,221,171,
    194,135,39,226,66,7,167,71,231,218,2,226,66,52,249,65,171,214,107,226,101,24,191,74,229,136,46,133,84,7,250,98,186,135,122,
    152,56,216,120,69,184,5,203,192,96,156,75,24,184,125,221,189,29,253,37,24,229,107,221,189,56,133,75,22,252,6,165,196,125,152,
    125,226,44,17,236,98,244,148,49,209,113,17,236,81,172,162,111,200,52,119,253,29,189,221,125,157,61,93,253,29,189,221,2,244,84,
    170,74,207,175,42,202,106,10,247,111,207,175,25,148,108,72,133,73,234,137,52,134,59,70,133,73,234,137,52,149,40,0,180,73,235,
    125,200,173,103,151,63,67,239,27,191,195,111,154,63,70,197,15,175,207,111,143,47,79,239,15,175,207,111,240,70,38,163,67,198,166,
    244,148,52,212,41,49,145,113,199,202,50,150,76,16,177,91,243,150,61,203,107,88,229,24,169,242,82,152,56,88,248,24,184,216,120,
    33,65,225,1,237,142,34,192,109,65,158,77,176,168,8,205,109,13,240,104,232,208,30,254,51,12,225,28,161,168,47,210,117,0,175,
    9,175,4,213,134,123,227,59,6,251,70,230,134,38,155,102,91,149,30,190,194,21,198,102,35,131,99,195,163,123,198,59,53,131,99,
    191,2,204,145,123,129,34,66,250,31,179,172,98,223,34,44,186,90,255,159,63,223,34,31,226,108,161,134,122,185,51,83,243,19,179,
    28,188,220,124,156,60,92,131,80,173,181,21,208,112,16,237,117,245,205,3,227,46,17,242,111,245,134,57,156,33,92,137,120,245,145,
    151,43,58,169,20,204,212,41,148,105,9,169,73,180,137,116,250,49,81,237,21,171,211,105,133,53,73,229,20,169,197,117,140,15,69,
    46,78,238,14,174,206,110,142,46,78,238,113,226,223,7,231,98,2,162,31,199,135,127,241,81,92,163,0,222,129,61,199,122,7,161,
    25,247,10,183,162,19,222,122,69,249,104,251,198,30,134,123,70,187,91,251,155,102,219,38,40,227,3,191,199,123,151,38,67,251,23,
    208,108,128,48,73,202,0,160,192,96,128,32,64,224,0,160,192,96,255,108,81,137,105,236,140,44,145,73,9,241,127,223,210,45,142,
    29,204,113,29,233,20,169,182,37,197,64,32,128,96,192,216,37,152,86,32,128,69,184,182,43,129,59,88,251,0,169,199,103,137,33,
    211,103,22,187,93,198,155,38,222,119,82,189,64,178,173,62,222,91,59,155,123,219,195,62,131,77,59,155,94,163,173,48,154,32,67,
    40,82,242,49,187,219,123,155,59,91,251,27,187,219,123,155,68,23,234,114,210,151,55,215,42,50,178,10,196,164,105,214,53,61,180,
    234,144,100,153,36,33,170,81,233,202,2,203,106,16,234,99,235,144,44,197,105,41,161,64,237,145,41,174,36,68,228,4,164,196,100,
    205,109,141,45,77,146,65,188,164,4,193,97,1,252,100,228,220,18,242,63,0,227,121,232,149,57,254,100,23,168,13,176,205,124,159,
    92,150,54,86,246,22,182,214,118,150,54,86,246,105,250,199,31,255,122,26,186,7,223,159,103,233,73,68,187,24,194,147,46,194,85,
    208,115,16,173,12,191,194,127,224,115,54,150,96,214,182,110,142,86,19,179,96,192,206,60,181,63,95,255,31,191,223,127,159,63,95,
    8,168,183,36,153,65,33,164,68,228,217,1,193,57,55,151,26,229,198,28,205,112,28,144,105,228,129,47,198,101,13,166,92,168,213,
    177,180,63,196,124,95,133,84,233,133,9,240,125,24,182,95,252,148,63,197,63,61,180,87,229,251,113,145,49,81,241,17,177,209,113,
    218,122,154,69,22,235,115,211,150,54,214,43,51,179,11,197,165,104,215,52,56,187,89,241,157,40,213,111,20,190,110,232,155,52,201,
    19,162,81,230,141,32,218,35,94,227,18,137,233,99,131,35,67,227,3,163,195,99,131,35,67,175,76,224,130,47,131,92,15,175,106,
    133,64,189,133,37,192,61,37,160,64,211,223,58,140,49,76,133,66,255,152,45,194,111,9,226,115,224,221,5,157,96,93,160,64,224,
    89,164,153,100,234,33,65,253,106,249,153,28,252,92,60,156,4,249,196,10,252,92,25,228,106,247,221,103,132,33,92,249,21,202,196,
    242,207,1,215,119,18,178,82,242,207,50,143,65,76,171,23,148,222,126,158,62,94,254,30,190,222,126,158,62,33,178,82,215,183,50,
    54,14,174,75,182,174,43,203,88,84,177,9,212,136,50,201,99,46,163,7,186,199,24,203,107,11,171,75,206,139,118,248,78,46,246,
    28,225,111,161,192,106,247,117,4,145,67,227,149,36,152,99,31,165,94,244,185,52,255,98,37,162,92,176,159,34,144,79,28,188,121,
    144,112,208,176,104,213,40,38,144,112,245,200,6,219,49,75,232,12,176,213,121,230,117,21,144,112,208,176,16,136,117,72,134,112,208,
    46,147,93,0,234,16,179,212,107,139,8,66,226,2,162,194,98,130,34,66,226,2,162,189,46,206,75,43,174,19,235,139,46,147,75,
    199,103,52,248,93,165,189,36,199,126,6,174,11,182,203,122,161,43,75,235,11,171,203,107,139,43,75,235,11,226,141,107,202,126,31,
    123,36,184,85,237,212,32,220,113,26,244,107,248,152,29,253,120,69,189,93,248,197,29,216,120,43,231,66,174,164,56,213,109,92,253,
    93,184,83,249,247,87,157,61,93,253,29,189,221,125,157,61,93,253,81,242,158,60,209,61,34,148,116,241,145,20,244,66,20,177,116,
    175,42,207,89,85,177,6,187,198,15,200,117,18,167,72,229,131,104,249,106,87,143,23,234,215,42,202,106,10,247,74,183,185,114,146,
    103,240,99,3,134,102,198,166,6,158,99,94,144,102,198,131,126,240,109,71,253,30,184,198,99,143,80,94,163,30,208,134,38,195,99,
    212,116,73,180,9,199,202,45,145,18,88,248,24,184,216,120,152,56,88,248,24,184,167,17,241,116,20,145,113,199,145,52,241,81,20,
    72,222,210,54,143,82,8,187,68,161,220,97,244,69,8,172,19,175,190,45,144,72,80,173,16,237,141,45,205,48,13,240,126,181,213,
    162,218,100,153,63,70,234,7,187,222,102,138,58,70,234,24,188,195,64,138,42,74,234,10,170,202,106,138,42,74,234,117,195,163,38,
    159,26,250,76,26,191,122,218,159,58,236,32,4,253,99,252,128,58,199,122,28,189,19,174,211,6,247,122,30,225,29,204,159,98,250,
    109,208,45,16,176,80,240,205,48,141,67,72,232,20,172,210,106,137,48,92,236,16,188,204,114,137,48,92,241,13,175,213,86,156,60,
    229,5,165,197,101,133,37,69,229,5,218,172,12,201,105,44,140,122,236,137,12,236,105,12,154,22,242,203,7,196,102,14,162,87,234,
    91,224,138,13,193,98,1,188,29,174,211,110,241,98,95,167,71,226,223,17,194,98,95,167,113,191,214,68,142,46,78,238,14,174,206,
    183,215,119,151,55,40,158,126,251,155,30,254,72,30,187,126,222,155,62,232,36,0,249,117,246,148,60,208,101,24,162,89,243,163,37,
    97,14,179,80,225,146,37,206,99,25,224,29,160,208,110,148,10,64,224,0,160,192,96,128,32,64,224,0,160,191,9,233,108,12,137,
    32,150,64,229,160,0,197,96,54,250,94,167,189,44,209,125,73,244,9,214,133,37,224,64,32,128,96,184,133,120,246,64,32,165,24,
    141,80,186,192,99,138,59,120,242,18,178,210,114,146,50,82,242,18,178,210,13,251,91,30,190,123,219,173,59,222,91,59,190,91,205,
    8,236,213,29,212,117,15,251,6,187,190,53,206,118,85,157,84,245,143,117,252,116,15,179,90,246,168,62,214,114,25,180,87,255,241,
    132,36,68,228,4,164,196,100,132,36,68,228,123,205,173,40,200,77,45,155,77,232,173,13,200,109,59,247,83,170,176,33,220,112,55,
    100,23,168,13,176,205,124,156,7,77,237,13,173,205,109,141,45,77,237,13,173,178,4,228,97,1,132,100,210,132,33,228,68,1,164,
    41,229,65,184,162,51,206,98,53,185,90,249,132,101,150,43,86,149,89,250,153,36,133,56,16,164,89,251,164,17,244,62,68,227,3,
    243,31,173,202,106,147,63,77,234,10,182,245,127,159,63,95,255,31,191,223,127,159,63,95,150,81,236,139,62,209,124,26,241,96,243,
    121,225,57,4,249,68,228,132,36,153,100,89,151,28,188,192,23,196,100,33,129,97,193,161,121,196,57,55,129,97,228,217,23,202,32,
    131,32,72,248,29,177,174,24,248,125,29,152,120,206,152,61,248,88,29,184,110,162,134,120,159,82,30,163,95,244,131,3,208,117,24,
    111,9,250,7,186,175,30,211,119,84,133,86,171,179,107,214,43,22,182,86,246,203,54,139,69,78,238,18,170,214,122,140,51,112,208,
    163,195,99,131,35,67,227,3,163,195,99,131,92,42,138,79,239,170,10,252,106,15,138,106,239,138,28,144,116,77,142,76,246,144,38,
    174,57,216,120,3,162,29,207,128,37,207,103,86,143,67,226,130,41,207,120,68,170,89,226,143,56,197,99,2,228,5,134,204,108,140,
    117,149,53,85,245,21,181,213,117,149,53,85,245,106,249,153,28,252,121,68,188,92,249,196,28,217,121,42,230,67,175,165,57,212,108,
    150,55,116,254,30,190,222,126,158,62,94,254,30,190,222,59,208,122,87,212,30,190,222,126,158,62,94,254,91,240,154,84,180,62,94,
    7,167,199,103,135,39,109,231,7,167,199,103,135,39,71,161,82,233,132,51,206,104,9,231,120,235,139,46,248,78,86,142,110,206,174,
    161,156,97,239,34,22,234,113,244,148,28,209,114,21,188,24,207,153,60,220,124,25,185,1,161,175,60,129,79,68,181,25,154,208,112,
    217,121,153,57,89,249,25,185,217,121,213,118,26,184,85,185,166,53,136,80,48,181,85,245,200,16,208,40,38,134,11,244,217,100,153,
    43,172,81,246,131,44,193,103,76,157,78,179,171,115,206,51,14,174,78,238,211,46,147,93,86,246,10,221,142,46,235,75,43,139,107,
    250,71,186,180,2,226,103,90,148,73,163,217,121,155,34,71,235,116,212,135,34,154,98,52,167,71,231,218,39,199,84,89,169,2,129,
    20,180,212,116,148,52,84,244,20,180,212,116,235,120,69,157,125,248,152,56,133,93,29,229,107,203,198,57,154,71,29,174,81,180,201,
    189,168,25,212,112,79,243,98,241,204,20,140,113,76,177,81,241,145,108,209,44,34,233,9,181,204,113,157,45,81,253,13,177,221,111,
    50,79,204,6,166,198,102,134,38,70,230,6,166,198,102,249,106,87,143,111,234,138,42,151,79,15,247,121,217,212,43,136,68,7,165,
    4,168,93,224,154,33,203,91,29,174,65,252,159,46,221,106,1,172,86,175,210,111,158,5,79,239,15,175,207,111,143,47,79,239,15,
    248,103,244,201,17,241,116,20,180,9,209,145,105,231,71,74,181,22,204,157,32,204,56,69,248,103,241,148,52,212,113,17,233,9,199,
    45,144,94,85,164,1,238,147,97,131,35,107,225,1,161,193,97,129,33,65,225,1,161,193,30,205,48,40,136,77,237,141,112,232,104,
    155,85,53,248,71,164,172,37,196,126,74,247,10,207,132,63,199,36,44,165,68,254,196,13,197,126,2,171,71,199,143,46,195,127,7,
    25,83,243,19,179,211,115,147,51,83,243,19,179,172,63,130,90,58,191,95,255,194,26,218,34,44,140,1,254,221,7,214,107,7,128,
    21,166,89,188,193,124,141,46,118,252,28,188,220,124,156,60,92,252,28,188,220,3,208,45,53,149,80,240,144,109,245,117,77,131,99,
    215,40,139,81,0,189,81,198,138,41,202,119,86,229,24,165,186,41,236,76,58,140,108,180,212,12,201,105,58,154,20,230,239,101,133,
    110,142,46,78,238,14,174,206,110,142,81,2,255,103,199,130,34,194,63,39,167,31,209,177,124,195,32,58,171,86,250,182,15,194,103,
    208,121,26,178,89,227,215,106,151,82,25,162,90,185,163,50,207,99,47,150,91,254,144,57,218,114,25,163,25,219,146,49,195,29,87,
    0,160,192,96,128,32,64,165,78,228,234,74,128,32,64,224,0,160,192,96,210,101,20,181,82,238,192,31,204,108,9,159,105,177,169,
    192,160,0,152,101,88,150,27,239,227,105,137,41,73,172,71,237,227,67,137,41,73,233,91,236,157,60,219,103,73,150,64,214,133,37,
    158,62,222,35,30,227,3,205,192,106,184,119,28,182,56,152,128,55,198,103,0,188,18,205,158,62,222,126,30,155,94,163,173,27,251,
    106,215,42,36,234,11,145,241,81,177,119,20,184,90,247,219,4,242,82,36,132,114,210,202,18,138,119,74,234,100,168,131,123,134,59,
    155,72,232,136,40,200,77,8,245,123,205,173,117,200,53,59,245,20,190,167,54,193,101,16,161,115,237,138,32,203,115,76,191,46,164,
    13,173,205,18,228,68,1,252,65,188,129,33,228,68,4,161,65,225,220,18,156,56,77,240,13,210,129,33,228,68,36,132,100,188,129,
    167,169,31,255,122,71,137,84,190,196,100,135,63,90,220,22,182,214,118,233,95,63,159,127,223,191,9,218,122,26,231,90,167,169,31,
    182,0,142,41,95,226,31,192,147,51,246,86,54,150,118,174,147,110,224,86,54,179,14,192,157,119,141,45,77,246,19,149,223,127,159,
    72,151,68,185,183,23,196,100,55,164,25,215,129,23,247,57,95,232,21,168,173,38,221,101,70,131,77,241,171,39,204,109,70,154,65,
    182,89,229,178,62,223,101,3,190,93,189,251,113,145,49,81,142,93,160,152,56,221,32,46,189,93,160,152,14,128,41,81,236,17,210,
    85,246,149,40,137,52,28,168,85,247,168,29,248,50,72,232,10,182,218,104,138,54,90,236,10,179,214,80,154,58,90,250,101,246,203,
    146,74,42,156,79,220,143,10,252,50,90,227,30,163,160,44,207,108,17,240,13,229,145,44,206,81,36,129,11,177,211,111,131,50,83,
    32,76,253,30,165,192,70,140,44,76,236,115,224,128,32,157,101,5,133,64,224,221,32,157,83,93,173,12,177,204,15,195,96,3,190,
    70,251,83,231,154,56,231,82,55,253,6,165,217,117,132,32,89,245,4,173,220,121,191,53,85,245,21,202,153,57,132,92,60,138,92,
    151,82,242,183,23,247,87,33,239,92,190,195,126,253,113,18,177,76,173,208,56,204,113,19,140,121,220,214,106,142,50,94,236,12,178,
    103,149,49,78,235,45,167,199,103,135,88,46,152,78,235,214,118,203,107,56,174,120,182,131,103,154,39,56,171,75,206,174,14,238,78,
    129,124,65,143,121,217,156,97,239,114,88,226,2,163,217,124,186,48,80,240,16,207,185,57,249,89,57,185,121,249,185,15,129,117,80,
    36,89,134,85,245,176,16,240,80,48,232,85,168,166,16,240,117,72,134,91,177,203,107,141,48,85,211,25,185,217,121,230,80,72,181,
    179,139,11,203,110,14,243,78,221,211,36,130,63,66,182,80,247,135,110,168,34,66,226,2,221,211,46,235,75,14,174,107,221,211,11,
    162,2,244,58,12,235,22,171,141,42,199,120,14,231,33,171,203,107,139,84,90,167,26,212,135,122,199,84,34,130,71,212,180,122,195,
    116,137,52,0,166,65,241,254,41,157,30,126,139,88,248,152,56,216,93,24,229,107,221,189,101,216,37,43,229,4,174,186,59,192,125,
    219,100,85,130,81,241,180,20,244,84,52,236,81,172,162,20,244,113,76,130,95,181,207,111,136,52,81,253,98,241,145,20,244,84,52,
    111,183,138,119,249,79,47,170,23,217,132,110,148,52,80,239,10,166,210,111,172,12,108,204,74,233,133,39,202,38,57,143,111,183,215,
    227,222,126,195,62,3,163,67,208,220,54,143,50,79,144,102,198,176,16,230,70,94,134,30,227,222,126,240,60,23,245,108,253,138,46,
    140,61,236,121,26,240,103,244,148,17,241,81,49,145,9,244,201,7,241,81,20,233,103,250,208,106,138,47,81,244,24,186,9817,122,145,
    107,158,104,200,208,112,205,48,80,173,16,237,141,45,254,50,24,251,96,229,133,18,196,98,21,168,78,239,201,30,205,109,40,136,104,
    131,99,187,134,123,245,67,35,166,27,213,136,98,152,56,82,227,3,128,181,3,227,59,91,166,27,187,134,123,198,102,6,149,25,243,
    9,210,151,55,248,125,28,177,27,204,159,63,250,90,58,154,122,162,159,98,236,90,58,191,2,204,145,123,129,33,74,250,31,179,194,
    170,208,124,143,41,76,240,28,173,206,108,144,60,35,176,80,213,181,21,245,85,77,176,13,195,181,21,208,45,35,190,20,174,207,108,
    44,73,229,67,240,139,38,209,108,10,171,13,243,132,41,140,15,69,229,5,165,137,42,198,100,9,229,122,233,212,12,236,76,44,244,
    7,145,66,191,177,125,212,46,83,238,73,239,131,43,128,94,2,175,87,235,156,61,128,66,1,173,79,226,190,34,207,119,11,188,0,
    148,95,246,133,54,212,99,18,165,61,183,215,119,151,126,17,247,104,251,198,30,254,94,62,230,94,200,155,102,232,36,13,247,86,249,
    36,128,95,12,241,105,201,169,9,145,105,63,172,17,223,211,58,154,70,9,174,68,198,137,50,211,116,35,168,73,236,132,104,255,108,
    197,64,32,128,96,192,216,37,152,86,32,128,69,184,182,43,129,59,90,248,0,160,201,61,193,108,7,195,9,169,201,105,137,41,73,
    50,45,190,3,219,187,27,251,35,27,141,94,163,173,97,200,60,58,167,95,243,156,61,219,118,92,133,83,254,153,1,194,119,23,182,
    91,230,27,237,154,55,177,59,91,251,27,254,149,63,177,126,21,191,18,145,164,18,242,42,74,183,10,170,151,106,215,119,23,132,8,
    157,126,229,96,0,151,72,237,128,33,214,44,59,168,72,205,173,13,237,77,85,168,21,219,173,13,200,53,59,166,12,182,215,118,141,
    97,141,56,93,225,13,185,221,125,129,45,92,248,29,161,205,43,216,99,14,185,68,226,131,101,219,108,1,228,39,173,205,109,141,97,
    217,117,23,186,22,201,154,103,255,95,63,159,7,255,169,58,135,73,69,172,22,171,214,49,215,123,19,248,102,250,151,47,211,100,5,
    49,51,176,92,254,147,15,211,126,6,186,77,177,188,55,222,109,30,188,75,250,141,85,159,63,95,255,86,249,223,0,211,46,54,150,
    193,161,121,193,87,4,249,119,187,146,104,201,102,12,232,119,228,217,1,225,65,33,249,65,215,132,121,247,59,18,242,110,225,134,44,
    183,56,195,98,5,146,89,248,157,53,153,78,29,189,120,216,184,24,248,32,29,224,110,216,184,61,128,78,19,249,3,162,194,120,152,
    122,206,114,31,180,48,186,218,122,154,58,90,250,26,197,150,107,243,83,51,147,11,243,165,54,139,69,73,160,20,210,143,55,219,116,
    172,74,231,205,9,214,110,19,147,76,244,134,49,131,62,67,181,66,239,233,99,131,35,67,166,77,231,233,38,205,103,74,201,124,202,
    101,189,221,32,157,61,0,253,64,224,128,19,159,117,86,141,72,232,184,35,203,107,0,169,4,211,128,32,229,69,37,133,101,189,128,
    164,170,28,252,121,68,138,87,189,199,102,129,60,89,245,65,231,128,48,153,53,19,160,91,246,129,60,218,123,93,138,124,220,170,10,
    207,50,143,114,23,178,82,242,207,1,140,117,87,212,30,190,222,126,225,114,18,178,82,242,183,50,143,65,55,151,15,242,207,1,143,
    87,253,105,232,147,46,193,126,79,152,75,235,174,14,238,78,46,246,75,182,184,14,238,107,86,152,69,175,213,116,146,46,75,231,120,
    153,121,207,175,97,220,33,28,185,92,252,156,97,239,34,27,240,81,254,148,112,239,124,28,153,121,217,185,25,129,124,65,143,121,217,
    85,168,166,59,145,43,74,239,16,185,150,43,153,70,21,181,112,208,176,16,240,40,21,232,102,208,176,53,136,70,27,241,11,170,206,
    139,46,66,240,11,136,135,44,198,46,66,172,75,238,203,72,253,75,43,243,19,238,211,115,206,51,14,174,78,221,209,59,152,67,6,
    111,32,165,68,233,195,20,199,103,34,130,98,194,162,122,199,58,52,130,98,231,218,20,201,35,89,248,19,162,199,107,156,59,71,235,
    69,230,4,184,212,109,132,56,84,246,132,182,216,116,210,97,26,183,64,253,155,58,156,98,21,184,29,158,212,116,148,52,3,187,70,
    182,78,237,156,62,216,51,62,168,79,239,152,51,201,94,28,176,88,239,156,115,251,116,24,177,89,210,155,11,212,120,10,253,0,189,
    48,199,106,108,163,72,226,207,76,172,89,47,143,23,183,138,119,151,106,87,170,74,234,185,117,223,60,39,162,66,213,131,37,210,111,
    192,97,71,144,67,227,166,6,230,70,38,254,67,190,176,6,230,99,94,144,77,167,221,124,150,38,70,197,112,198,166,126,158,99,94,
    41,20,233,84,244,148,7,139,97,66,153,92,252,172,55,223,127,20,189,16,199,148,52,241,81,49,145,113,169,148,105,231,81,49,180,
    176,190,35,137,51,85,241,8,173,193,53,211,116,4,237,1,231,148,47,194,117,8,174,79,169,190,8,232,94,62,240,77,176,141,40,
    134,38,198,59,53,248,65,163,224,106,138,42,74,149,70,230,134,38,198,67,6,251,117,195,163,123,198,59,53,251,26,176,164,37,222,
    58,213,106,91,140,95,255,186,26,250,90,58,226,95,162,172,26,250,127,66,140,81,187,193,103,130,58,95,243,108,218,186,12,236,34,
    208,45,16,181,80,240,144,109,227,46,23,252,93,242,152,124,227,112,16,149,117,213,181,21,141,112,77,131,117,213,144,109,227,126,84,
    23,177,215,108,133,106,23,229,122,233,137,12,236,76,44,140,20,233,212,26,236,76,9,244,122,231,205,119,145,54,76,233,5,183,204,
    132,139,32,202,34,78,160,71,226,199,68,241,71,39,255,31,226,223,127,194,63,2,162,66,209,221,55,148,79,10,170,101,235,151,44,
    158,57,211,63,40,187,91,222,190,30,254,94,70,187,6,200,190,30,219,38,40,181,31,165,195,99,158,59,87,146,89,226,154,121,252,
    5,185,99,239,132,37,142,69,76,224,70,245,142,35,212,105,15,174,8,169,234,96,128,32,64,159,76,236,140,44,204,73,12,241,127,
    128,96,184,133,120,246,56,89,243,103,230,157,32,207,112,65,150,69,229,160,0,224,64,32,248,69,184,182,0,224,101,88,150,75,161,
    0,166,199,123,158,50,45,190,94,219,187,27,251,91,67,190,3,205,187,27,222,35,45,176,26,160,198,100,155,62,82,224,27,152,151,
    245,159,114,177,68,50,146,10,170,151,106,138,119,74,183,87,247,164,104,194,33,58,191,95,216,148,55,212,105,43,178,88,240,158,41,
    44,59,168,72,205,173,13,237,77,85,168,21,219,173,13,200,53,59,166,12,182,208,115,141,40,68,135,75,232,139,54,151,42,2,182,
    2,160,127,202,175,101,159,62,84,225,13,187,213,97,141,59,85,228,1,173,139,56,195,110,25,164,66,227,197,46,194,97,68,199,13,
    246,22,182,134,36,223,120,2,254,105,250,154,31,255,95,63,159,7,250,199,9,255,95,26,231,105,244,222,100,130,46,95,250,22,245,
    80,243,214,85,218,113,27,246,53,192,182,22,142,46,19,238,14,243,206,51,211,115,32,236,70,165,190,59,219,79,13,176,88,237,154,
    219,123,42,169,90,160,183,36,196,65,33,129,97,193,217,36,153,87,33,129,68,185,183,42,128,58,92,241,1,164,200,112,152,36,72,
    101,3,164,84,184,251,91,238,88,56,224,0,253,192,96,221,32,29,189,93,206,194,40,139,80,21,181,98,244,146,37,216,126,31,249,
    37,182,86,211,179,19,243,83,75,182,11,197,179,19,214,43,37,184,18,168,207,106,147,51,112,133,115,211,203,107,214,43,75,182,11,
    143,47,207,92,80,186,25,194,135,39,243,98,17,162,68,241,130,51,203,43,60,175,79,202,170,10,234,74,82,175,18,220,170,10,207,
    125,243,110,68,254,25,189,197,96,140,83,0,160,101,197,165,5,229,61,0,253,115,197,165,32,157,83,14,228,30,185,222,101,128,44,
    234,121,25,156,124,220,188,28,132,121,68,138,124,220,153,100,234,119,93,231,0,166,220,124,191,74,60,156,4,164,153,100,132,121,68,
    114,18,178,97,173,135,100,255,122,26,154,87,232,151,58,219,108,86,129,82,242,183,23,247,87,55,239,82,175,161,23,247,114,79,129,
    229,207,117,146,51,78,238,45,216,174,14,150,54,11,246,22,235,214,43,203,107,56,244,94,189,166,35,195,78,10,166,64,226,207,24,
    156,60,249,89,57,153,121,161,156,97,239,89,57,188,1,207,146,120,130,37,69,249,28,176,175,60,220,89,57,153,121,217,193,60,129,
    6,240,80,21,232,102,251,209,107,140,47,80,245,25,168,200,105,144,19,38,144,112,168,200,53,136,40,21,232,85,245,149,6,138,96,
    248,99,230,134,3,215,102,11,173,10,221,142,46,235,75,43,139,107,179,142,115,253,75,43,174,19,221,128,106,144,55,85,235,14,162,
    116,231,135,2,226,66,34,130,26,231,218,20,226,66,7,250,116,233,195,121,158,51,66,231,11,237,138,39,216,110,66,193,116,194,162,
    165,197,56,133,37,24,229,88,248,152,11,135,109,78,149,80,240,182,33,192,96,27,186,28,203,152,56,253,93,61,157,125,165,152,101,
    162,20,244,113,76,130,95,181,207,104,132,52,81,253,91,232,147,62,201,116,18,179,21,180,247,125,157,61,93,177,82,254,156,49,157,
    57,170,23,207,175,15,239,55,15,153,74,183,185,117,220,38,91,230,65,231,139,35,136,86,10,167,95,227,148,53,136,74,9,165,71,
    163,127,227,142,54,202,125,65,140,71,238,157,46,204,123,10,189,37,175,207,111,143,102,9,239,112,227,222,6,230,70,38,254,70,208,
    84,169,167,107,194,56,25,182,92,184,167,52,137,81,49,145,113,169,145,7,212,41,39,235,66,162,190,49,214,124,62,177,74,235,140,
    226,105,8,173,69,169,190,45,205,72,40,136,104,200,208,45,144,94,40,136,77,176,190,35,137,51,87,241,8,168,193,53,201,100,15,
    0,74,234,10,170,202,106,138,42,53,166,27,195,163,3,227,59,3,149,70,187,181,121,208,36,34,191,71,235,132,37,195,110,56,165,
    28,167,99,242,129,39,157,80,53,161,82,254,150,115,142,51,48,149,65,242,158,54,157,76,31,226,122,162,159,98,223,127,31,191,2,
    176,13,195,200,104,148,44,80,252,14,172,208,124,140,53,118,252,28,188,220,57,210,120,118,185,82,248,208,124,210,117,16,240,28,242,
    44,201,44,111,207,47,143,137,42,198,100,9,229,122,233,212,41,201,52,12,140,76,233,212,44,201,105,58,241,21,165,216,101,250,76,
    231,81,49,135,103,191,167,127,194,63,95,145,29,246,212,13,220,107,15,186,75,218,143,44,134,81,2,162,103,199,167,7,231,63,2,
    38,40,158,126,251,198,8,213,63,69,225,6,190,219,119,149,55338,57056,245,30,157,168,59,134,123,27,230,94,222,158,59,134,126,27,187,
    223,212,112,154,65,4,164,115,229,131,52,201,111,14,232,127,236,140,9,233,73,41,137,17,236,209,31,233,73,12,241,127,226,200,114,
    223,123,128,32,99,150,69,184,133,37,152,96,32,160,69,184,128,37,197,86,93,249,19,200,141,45,253,108,17,189,107,230,145,97,246,
    62,222,91,59,155,123,219,195,62,131,77,59,155,94,163,173,48,154,32,68,225,27,190,210,38,221,97,6,160,91,252,149,122,237,123,
    215,119,74,183,10,170,178,55,215,82,50,132,78,181,159,41,210,109,30,136,75,254,158,63,146,55,91,189,78,245,152,47,210,116,21,
    12,242,133,40,141,14,68,228,4,164,136,43,199,101,8,228,123,232,213,13,237,77,45,168,72,205,141,45,149,91,59,240,21,164,217,
    173,153,34,195,120,0,175,72,255,197,59,204,97,68,199,13,173,205,109,196,107,77,146,65,188,164,4,228,68,1,161,100,228,132,124,
    169,9,130,39,86,162,94,243,152,92,150,54,86,246,22,182,214,118,223,112,86,137,90,167,191,31,255,95,26,186,127,255,159,103,233,
    0,139,46,95,225,31,173,207,111,143,63,11,183,90,241,223,0,211,46,54,150,118,214,147,51,246,118,22,238,96,192,203,110,159,34,
    232,26,184,216,120,136,109,6,172,34,168,200,104,136,40,72,232,8,215,129,36,196,57,4,249,25,193,132,36,225,65,55,189,6,236,
    67,248,135,52,226,97,20,180,85,177,204,113,238,125,64,152,120,216,184,61,221,88,24,184,0,206,174,101,128,27,81,241,17,177,209,
    186,218,122,221,127,14,188,95,244,140,114,147,52,37,147,86,171,165,54,139,83,51,147,115,246,150,5,139,69,78,237,26,167,218,5,
    111,82,138,106,202,170,47,207,74,10,170,18,220,188,119,146,9,67,227,3,163,195,99,131,35,60,156,106,239,143,28,234,50,42,138,
    37,147,115,244,196,101,166,44,76,236,12,233,130,40,166,105,2,168,5,134,179,32,157,96,0,253,69,197,133,32,157,101,0,160,115,
    225,5,175,180,49,209,65,26,178,82,249,144,125,234,121,25,156,124,220,188,28,132,121,68,138,124,220,153,100,234,119,93,231,3,161,
    23,178,222,1,215,114,18,239,82,175,207,23,210,114,55,151,97,235,208,63,203,106,17,152,95,236,147,114,158,120,11,176,93,234,151,
    200,105,79,152,110,206,184,24,150,107,86,171,78,235,139,43,150,88,85,172,14,141,199,103,135,39,56,174,75,235,214,43,150,54,46,
    124,28,153,121,207,133,126,209,101,4,191,118,241,130,61,144,45,80,143,121,217,175,15,129,124,65,188,89,252,156,60,129,79,66,187,
    115,249,25,185,217,62,220,109,31,188,87,239,209,112,151,120,12,173,86,185,196,121,230,80,48,134,102,168,149,104,213,112,21,181,85,
    211,29,144,105,104,226,2,162,194,29,253,75,14,174,125,203,211,11,235,75,61,157,90,170,203,72,130,34,66,226,86,227,145,41,140,
    56,219,106,28,165,3,237,158,37,200,127,2,164,69,163,194,65,139,43,75,235,11,171,203,107,220,99,2,167,78,171,140,46,223,109,
    209,122,2,252,29,186,149,33,192,123,84,176,91,158,212,116,148,52,84,244,20,180,212,116,148,52,0,181,71,255,218,35,213,125,0,
    53,84,215,29,189,221,125,157,61,93,253,29,189,221,125,205,126,28,177,81,181,155,40,211,126,9,180,82,243,213,116,183,61,93,253,
    166,198,102,134,38,70,230,6,166,198,102,134,38,10,169,69,231,138,102,249,106,10,170,121,234,215,42,249,106,47,247,121,178,212,102,
    210,111,200,110,2,170,1,223,131,46,214,106,29,188,1,195,128,44,206,99,63,163,78,246,138,61,129,76,7,174,93,238,140,59,202,
    42,178,56,88,248,24,184,216,120,152,56,88,248,24,184,216,120,152,113,30,248,103,244,148,52,231,116,73,180,103,244,177,105,231,44,
    243,1,224,143,37,129,94,13,173,77,222,141,112,205,94,13,136,16,222,213,115,155,71,8,175,69,199,136,51,210,117,34,169,72,237,
    78,162,181,38,198,67,35,131,99,195,219,38,155,85,35,131,70,187,181,40,130,56,92,255,3,163,202,43,196,110,74,149,70,230,134,
    204,159,98,223,76,31,154,2,204,199,97,157,91,6,190,82,253,156,58,215,61,32,182,82,231,163,50,193,103,83,167,91,246,157,89,
    220,124,156,60,92,252,28,188,220,124,156,60,92,252,28,188,220,124,156,60,16,179,95,253,144,124,227,112,35,237,80,240,163,3,208,
    9,154,17,182,197,120,133,90,9,169,73,218,137,116,201,90,9,140,20,218,209,119,139,77,16,168,68,235,138,44,193,43,54,160,68,
    186,126,239,156,58,128,94,15,188,75,224,154,96,254,111,28,171,64,250,228,110,142,46,78,238,14,174,206,110,142,46,78,238,14,174,
    23,183,215,119,151,126,17,247,89,248,131,119,192,120,5,188,68,231,150,52,210,45,49,190,89,243,177,62,197,100,3,148,95,254,155,
    196,40,63,172,76,201,169,9,233,73,81,172,17,223,169,9,204,49,63,162,8,178,214,118,137,41,64,180,72,229,142,74,128,32,64,
    41,73,233,9,169,201,105,137,41,73,233,9,169,201,105,137,41,73,233,9,169,133,38,202,104,5,233,118,229,216,0,152,101,88,165,
    30,190,94,163,158,99,237,38,70,242,15,178,187,60,193,102,19,188,81,247,220,13,222,35,59,227,94,163,158,62,222,126,67,190,3,
    132,15,175,211,4,215,119,50,146,114,210,178,106,215,42,36,146,114,247,202,4,217,51,73,237,12,178,215,123,204,116,9,176,72,235,
    37,199,97,77,206,4,164,196,100,132,36,68,228,4,164,196,100,132,36,68,228,4,164,196,100,132,36,68,228,123,232,213,13,149,104,
    156,97,1,161,65,188,129,124,242,57,89,227,99,236,128,40,141,48,77,146,65,225,164,4,228,68,36,252,65,188,178,4,228,97,92,
    73,20,254,4,160,206,127,188,54,86,246,22,182,214,118,150,54,86,246,22,182,214,118,150,54,86,246,22,182,214,118,150,73,26,231,
    54,238,83,174,147,51,211,115,78,179,14,192,203,107,145,76,22,165,90,191,194,127,233,122,28,171,80,237,204,113,224,115,78,150,14,
    132,121,196,100,4,164,25,228,217,23,156,60,64,250,24,184,216,120,132,40,90,248,4,168,218,120,152,56,88,225,34,168,200,104,136,
    113,145,49,81,241,17,177,209,113,145,49,81,241,17,177,209,113,145,49,81,142,93,160,184,96,221,32,29,189,93,253,192,61,128,78,
    142,46,84,155,84,249,146,53,200,127,30,250,7,186,142,40,207,127,112,250,26,186,218,122,154,58,90,250,26,186,218,122,154,58,90,
    3,163,195,99,131,35,67,227,124,239,210,10,146,111,82,175,79,239,143,114,207,50,60,247,23,173,179,44,208,106,23,170,76,237,195,
    177,204,19,192,96,0,147,64,189,128,19,192,69,93,147,24,190,194,4,217,97,13,162,67,229,136,30,195,99,24,156,77,254,152,98,
    165,58,198,124,1,188,90,251,213,126,149,67,16,182,65,250,135,102,155,74,25,228,124,164,153,100,217,121,25,185,4,249,196,10,129,
    106,150,46,82,254,15,174,206,110,146,62,78,247,52,190,222,126,158,62,94,254,30,190,222,126,158,62,94,254,30,190,222,126,158,123,
    169,67,141,199,103,135,39,71,231,7,167,199,103,135,39,71,231,7,167,199,103,135,39,56,171,120,182,139,43,248,88,11,171,120,179,
    3,170,160,57,198,127,4,132,95,184,135,63,194,123,3,160,81,243,149,126,218,101,3,164,81,224,145,34,196,62,51,150,66,241,157,
    252,217,115,153,90,63,171,88,244,156,119,230,117,72,144,8,245,200,53,213,117,21,232,85,168,166,109,141,49,73,245,25,168,201,117,
    34,83,242,18,178,203,107,168,34,66,226,2,162,194,98,130,34,66,226,2,162,194,98,130,34,66,226,2,238,141,33,195,110,66,157,
    34,130,71,186,180,39,154,103,7,148,98,194,135,39,244,63,94,235,22,171,156,36,217,96,24,187,74,232,142,101,193,126,24,191,74,
    164,85,230,128,122,247,82,6,181,89,241,212,126,148,87,50,166,85,249,145,122,235,120,69,157,5,248,197,56,216,120,24,229,88,165,
    98,169,201,117,141,49,93,236,13,177,221,112,140,45,77,237,20,151,221,125,157,61,93,253,29,189,221,125,157,61,93,253,29,189,221,
    134,38,70,170,73,229,135,42,134,89,47,170,74,234,138,42,239,79,47,143,74,234,138,25,249,50,80,230,27,166,206,25,202,89,87,
    99,3,144,112,227,131,16,155,60,65,159,93,230,130,46,221,118,63,174,93,251,193,31,192,124,6,187,70,224,129,111,130,47,48,134,
    49,180,9,199,148,105,212,116,39,145,113,244,148,7,140,45,86,136,87,235,145,44,209,119,22,241,22,213,153,63,214,113,12,173,92,
    132,75,129,33,65,225,1,161,193,97,129,33,65,225,1,161,193,97,129,33,65,225,77,238,130,32,205,33,62,136,77,176,190,45,144,
    3,227,67,35,166,70,213,219,21,158,61,74,247,10,237,143,62,204,111,4,188,2,163,196,21,227,102,91,149,70,187,163,3,227,67,
    223,127,44,226,108,167,196,115,220,97,83,224,3,163,249,115,147,51,83,243,19,179,211,115,147,51,83,243,19,179,211,115,147,51,83,
    117,26,252,99,213,144,109,227,112,77,149,117,213,181,48,208,67,77,131,8,171,220,98,156,46,76,236,12,188,136,52,217,114,92,131,
    204,137,116,250,105,84,140,108,204,172,41,201,90,84,154,17,178,197,120,133,55,85,245,21,165,128,43,193,15,69,229,5,165,197,101,
    206,110,142,46,78,238,14,174,206,110,142,46,78,238,113,226,177,127,194,98,49,145,66,226,177,122,157,32,62,188,71,227,143,60,215,
    7,214,101,3,249,118,228,132,50,218,117,27,174,123,254,153,50,214,101,33,178,91,248,148,62,195,110,87,234,23,200,155,8,134,123,
    172,127,223,140,44,255,52,83,238,112,242,137,45,193,114,25,144,65,242,148,110,227,70,18,161,77,229,206,12,207,111,11,150,69,227,
    93,230,155,105,131,41,54,128,69,184,182,37,152,64,32,128,96,229,133,22,152,86,93,254,35,169,201,105,137,41,73,233,9,169,201,
    178,210,114,146,50,82,242,18,178,210,62,221,113,19,190,18,198,133,55,215,124,33,183,64,228,155,49,215,50,79,242,85,243,159,55,
    193,28,222,111,40,190,73,237,146,56,222,51,36,183,87,210,178,18,242,82,74,183,10,196,178,18,215,42,36,185,19,169,205,98,146,
    77,206,4,164,196,100,132,36,68,228,4,164,196,100,132,36,68,228,4,164,196,100,200,107,7,165,72,164,187,117,200,104,85,141,109,
    132,65,188,164,124,228,82,89,245,13,176,205,25,218,104,8,163,100,227,139,34,131,82,1,252,100,188,129,124,193,97,1,161,28,225,
    7,201,194,98,158,73,63,186,90,250,154,58,255,95,63,159,90,250,154,9,233,34,64,249,105,223,154,103,233,122,71,159,127,223,191,
    243,147,0,142,64,75,232,19,191,186,49,202,114,81,154,94,236,150,49,216,76,11,166,83,250,209,19,214,113,26,190,77,179,223,26,
    102,29,165,6,205,137,59,193,102,15,140,65,250,141,43,220,97,7,166,6,193,134,7,221,124,68,232,24,164,200,60,218,125,13,228,
    81,225,24,155,209,113,145,49,81,241,17,177,209,113,145,49,81,241,17,177,209,113,145,49,29,190,82,240,157,113,238,32,46,189,88,
    182,86,246,203,54,214,83,22,235,101,174,195,122,135,58,51,180,73,238,155,52,217,127,84,133,86,171,179,107,214,43,22,182,86,246,
    114,207,50,60,247,23,171,188,47,207,74,42,138,106,202,210,47,146,92,42,138,79,178,188,33,139,49,84,243,10,170,233,99,131,35,
    140,44,76,236,12,172,204,108,140,44,76,236,12,172,204,108,140,83,93,147,64,229,128,32,192,61,0,160,101,224,221,19,152,53,66,
    67,20,185,64,240,213,104,149,74,25,138,4,249,153,10,234,121,25,138,1,166,219,2,218,103,25,177,101,252,131,58,193,31,85,245,
    94,254,30,190,222,126,158,62,94,254,30,190,222,126,158,62,94,254,97,175,161,50,215,114,18,178,15,242,146,23,210,47,33,234,7,
    201,4,207,102,9,160,66,227,221,4,200,105,9,162,68,243,207,33,210,105,4,179,78,232,137,111,142,13,71,231,7,167,199,103,135,
    112,144,48,80,240,16,176,208,112,144,48,80,240,16,176,208,112,239,124,47,225,92,252,175,15,220,124,47,228,3,190,160,34,217,125,
    216,107,0,137,88,235,141,119,248,106,10,188,84,251,149,32,245,112,23,188,88,235,175,60,213,118,26,176,77,224,217,100,153,70,21,
    125,179,142,46,253,93,14,174,125,182,209,108,242,112,11,175,67,240,155,18,195,112,22,236,97,196,144,35,207,103,76,142,77,237,137,
    221,142,40,223,100,25,235,1,171,180,2,199,58,52,167,26,194,162,2,226,103,7,148,26,212,223,124,161,43,75,235,11,171,203,107,
    212,116,148,52,84,244,20,180,212,116,148,52,84,244,20,180,212,11,216,75,69,184,88,203,171,56,216,75,64,231,14,196,157,34,219,
    41,233,114,85,130,12,194,145,52,209,113,17,236,81,241,180,49,140,66,73,228,19,203,156,49,200,120,84,215,29,189,221,125,157,61,
    230,6,166,198,102,134,38,70,230,6,166,198,102,134,99,8,162,15,140,198,102,134,38,70,230,6,166,198,102,134,38,70,230,6,166,
    15,175,207,111,195,96,12,174,67,175,176,126,198,99,94,144,67,227,131,6,195,99,3,144,27,238,207,114,143,91,24,170,74,225,188,
    253,138,46,209,123,29,226,123,234,157,57,204,125,80,135,9,199,148,49,212,116,20,233,84,244,177,52,137,71,76,225,20,184,167,105,
    109,13,240,104,200,168,45,144,72,80,136,126,181,217,109,129,122,55,160,77,244,132,97,156,33,62,136,104,237,208,30,205,48,13,173,
    53,131,99,230,134,21,158,63,23,227,32,170,202,106,138,42,74,234,10,170,202,106,138,42,74,234,10,170,202,106,138,85,91,163,70,
    226,108,255,159,63,250,127,31,191,108,167,146,105,227,127,18,170,27,186,249,115,147,51,83,243,19,179,211,115,147,51,83,243,19,179,
    28,188,220,124,156,67,77,181,80,173,163,48,208,112,53,176,80,240,163,104,221,50,63,179,81,236,144,57,200,121,24,230,107,253,149,
    209,45,76,207,5,165,197,101,133,37,69,229,5,165,197,101,133,37,69,229,5,165,197,101,250,52,58,169,76,233,137,41,148,105,9,
    71,2,255,113,186,215,116,234,107,29,186,92,225,151,102,135,4,78,238,14,174,206,110,142,46,78,238,14,174,206,110,142,46,11,160,
    19,221,23,183,215,119,151,55,87,247,23,183,215,119,210,121,19,254,61,183,215,119,151,55,87,247,23,242,153,51,189,55,87,247,23,
    133,46,196,41,106,165,78,228,201,74,255,108,81,172,76,177,137,9,201,108,81,169,76,236,191,116,144,58,33,164,68,212,143,39,199,
    37,204,33,54,165,69,192,160,0,224,64,88,165,24,214,160,0,197,56,54,171,1,187,222,120,128,37,73,150,64,229,133,120,197,56,
    131,91,30,190,123,219,173,39,156,115,7,166,93,209,157,62,222,119,17,166,91,240,158,55,193,62,82,180,71,252,145,38,219,125,28,
    51,36,146,114,196,164,106,215,42,23,178,87,247,151,106,228,41,16,242,49,187,219,123,155,68,18,183,87,170,151,106,138,82,23,183,
    205,173,27,209,42,5,177,80,235,167,43,200,104,1,167,80,237,134,40,193,119,68,249,4,219,173,13,251,91,85,168,21,232,141,40,
    129,33,156,82,95,166,39,173,205,109,141,106,8,185,75,232,131,59,133,36,67,174,66,225,129,40,206,121,12,175,65,232,158,109,144,
    118,233,95,63,137,105,167,154,103,218,127,26,186,90,167,169,100,221,28,86,246,22,182,169,9,255,122,26,137,127,167,191,31,255,73,
    224,103,87,246,53,191,223,127,159,107,30,172,84,177,140,47,222,104,17,247,89,234,145,60,203,118,16,177,23,182,245,127,159,63,95,
    8,168,200,104,223,96,1,164,77,168,143,45,220,110,13,166,94,160,193,102,203,103,4,164,77,235,156,41,202,100,13,187,8,236,135,
    155,209,113,145,49,81,241,17,177,209,113,145,49,5,176,66,250,223,38,208,120,5,249,24,155,209,113,145,49,81,241,17,177,209,113,
    218,122,202,121,27,182,86,178,156,47,212,121,14,179,85,244,210,115,176,58,90,250,26,186,218,122,154,58,90,250,26,186,218,122,154,
    15,172,64,226,143,99,252,111,15,175,124,239,210,47,252,111,42,242,124,183,209,99,158,35,4,162,78,230,205,19,207,98,26,166,81,
    191,2,192,131,47,205,96,60,160,77,245,137,62,130,79,4,173,94,237,143,56,201,126,102,236,12,172,204,108,140,44,76,236,12,172,
    21,181,213,117,149,124,19,245,106,249,153,57,234,121,68,185,106,249,188,100,234,33,71,245,84,251,145,117,234,121,25,185,106,249,196,
    242,161,50,247,47,33,234,12,164,184,55,208,122,56,183,76,237,138,29,214,119,18,186,22,193,146,50,247,87,55,151,119,175,146,111,
    88,46,142,75,182,184,37,143,53,80,245,14,174,199,38,201,99,71,152,75,235,139,24,203,54,11,152,75,206,214,24,147,53,73,143,
    5,189,81,254,159,57,212,62,35,181,81,228,160,49,194,100,80,164,88,245,158,90,144,48,80,240,16,176,208,112,144,48,80,240,16,
    249,25,185,217,121,153,57,21,182,90,248,149,121,230,117,38,232,85,245,166,6,213,117,38,237,10,185,196,121,230,117,21,181,102,245,
    115,206,93,14,139,19,221,214,112,140,74,23,175,67,236,141,43,198,44,49,167,67,246,178,35,208,118,76,146,67,240,135,44,214,44,
    251,106,25,174,69,255,225,107,139,43,75,235,11,171,203,107,139,43,75,235,11,171,203,107,139,43,75,167,68,232,138,39,139,84,2,
    93,24,184,125,221,171,56,253,93,24,229,107,203,192,54,148,41,84,163,91,230,159,39,196,117,23,177,14,210,157,58,208,82,29,166,
    14,169,126,245,148,49,217,53,34,177,81,212,180,20,244,84,76,177,12,194,180,20,209,44,34,191,21,175,202,110,148,52,119,253,29,
    198,102,134,38,70,230,6,166,198,102,134,38,70,230,6,166,198,102,207,96,70,153,79,207,138,42,239,79,57,170,111,207,138,119,249,
    16,155,109,79,187,71,234,129,69,143,47,79,239,15,175,207,111,143,47,79,239,15,175,207,111,143,47,79,239,15,175,207,111,201,96,
    202,56,39,244,24,199,148,105,241,81,20,180,113,199,167,49,231,81,49,135,13,253,216,49,214,56,8,185,81,234,139,112,231,113,49,
    77,237,168,8,254,109,40,136,77,176,190,30,149,99,91,134,68,245,165,36,210,98,4,175,69,224,143,53,210,41,72,232,1,229,142,
    128,202,106,138,42,74,234,10,170,202,106,138,42,74,234,10,170,202,106,138,42,74,234,10,170,202,106,138,42,3,172,10,213,134,123,
    186,26,223,127,58,140,108,250,172,26,250,76,70,182,9,218,128,18,155,76,31,191,122,218,186,26,250,34,31,226,108,218,186,63,130,
    3,222,52,78,235,8,181,213,124,221,114,24,252,99,240,205,21,245,112,16,149,99,195,149,3,245,85,35,233,89,178,172,46,213,113,
    164,87,252,181,36,215,113,69,164,75,225,197,26,201,52,44,140,73,233,172,26,250,108,58,140,108,218,208,32,159,66,0,177,102,237,
    71,226,138,60,203,96,70,231,117,188,179,110,207,96,10,238,113,226,223,7,231,98,2,135,113,209,135,17,231,71,49,251,75,180,169,
    242,131,20,223,126,27,179,69,242,153,127,158,76,69,138,13,209,158,57,211,81,30,165,68,227,180,63,222,123,19,255,104,251,155,30,
    73,41,137,105,177,140,113,255,73,41,172,17,223,130,104,146,55,85,233,9,160,129,46,196,32,63,172,17,201,169,44,204,73,63,159,
    0,150,96,192,182,124,204,51,46,172,93,202,129,32,197,109,27,172,71,161,192,18,155,84,71,153,72,251,157,115,239,96,7,173,111,
    187,64,225,134,17,218,123,30,182,125,244,177,62,211,97,1,250,109,254,158,27,251,91,59,155,3,254,195,13,251,91,30,227,109,240,
    19,169,204,109,146,50,91,186,85,255,219,4,215,42,50,146,87,247,178,4,228,114,36,146,114,196,206,62,129,92,30,175,120,243,146,
    200,96,22,161,74,172,205,31,150,89,74,148,69,246,144,126,226,109,10,160,98,237,150,55,208,71,12,173,72,224,171,34,231,104,5,
    126,30,229,114,225,129,4,228,68,36,132,28,225,220,18,228,68,1,252,114,239,197,127,154,58,68,228,3,200,131,44,207,97,8,169,
    86,162,94,243,152,92,150,54,86,246,22,182,214,118,150,54,86,246,22,182,214,118,150,54,86,246,22,182,214,118,150,54,86,246,22,
    255,31,191,160,51,224,46,19,179,96,192,147,51,224,43,76,229,111,246,137,48,203,75,16,247,96,243,206,22,246,115,19,150,96,192,
    33,247,65,33,151,29,237,198,24,218,97,5,169,90,241,184,41,218,124,70,139,110,250,137,37,205,33,98,232,8,168,200,104,136,40,
    145,49,81,241,17,177,209,113,145,49,81,241,17,177,209,113,145,49,81,241,17,177,209,113,145,115,3,180,80,250,251,113,145,49,81,
    58,90,250,26,186,218,122,154,58,90,250,26,186,218,122,154,58,90,250,26,186,218,122,154,127,20,190,48,186,218,122,154,58,90,250,
    163,195,99,131,35,67,227,3,163,195,99,131,35,67,227,3,163,134,45,199,9,67,227,3,163,195,99,131,35,67,227,3,163,195,99,
    204,108,140,44,76,236,73,226,136,70,140,44,76,236,12,172,204,108,140,44,76,236,12,172,204,108,201,98,8,198,12,172,204,108,140,
    117,149,53,85,245,21,181,144,59,209,60,127,245,21,181,213,117,149,53,85,176,91,241,255,117,149,53,85,176,91,241,220,95,208,123,
    218,55,116,129,82,175,146,50,143,119,55,183,82,175,151,50,210,65,74,238,4,223,154,58,234,113,25,185,82,251,214,1,210,114,55,
    110,206,174,14,150,107,86,152,110,206,139,118,248,101,79,245,16,191,206,107,135,88,14,171,75,182,139,118,150,78,11,171,110,206,184,
    229,222,49,197,100,31,134,85,248,153,51,220,117,59,185,68,188,208,54,197,126,19,164,89,255,158,120,239,89,57,143,111,161,156,97,
    149,48,213,117,21,232,102,171,146,112,179,57,89,249,25,198,144,53,213,40,21,232,8,208,149,53,240,80,38,172,23,248,140,45,214,
    52,167,74,235,129,46,199,73,11,182,2,191,194,29,235,75,61,157,19,238,211,46,203,110,14,174,19,221,208,41,168,34,66,226,2,
    172,78,255,141,46,197,125,67,226,5,228,155,46,197,43,86,235,116,194,162,20,244,58,7,250,71,226,135,39,199,58,52,249,64,129,
    20,180,212,116,235,75,61,184,88,203,189,101,253,93,61,139,107,236,220,125,190,52,84,244,20,224,149,39,223,58,7,164,85,227,154,
    181,155,40,211,126,9,180,82,243,213,116,183,61,93,253,29,189,221,125,157,106,21,180,81,248,221,58,216,105,27,184,83,235,213,116,
    40,9,182,67,232,198,34,201,12,70,230,6,166,198,102,134,38,70,230,6,166,146,39,213,109,72,177,71,239,146,110,143,12,70,230,
    79,239,15,175,207,111,143,47,79,239,95,236,142,35,195,39,9,186,65,236,155,38,192,97,71,230,37,175,207,111,143,47,79,239,15,
    248,24,184,216,120,152,56,88,191,89,245,157,98,255,125,12,139,93,234,142,49,219,125,80,135,84,244,177,17,241,81,49,233,84,169,
    30,232,72,13,240,126,227,201,115,150,56,72,232,15,211,132,44,206,117,4,178,15,210,132,51,215,104,2,164,82,175,162,32,211,74,
    195,126,47,188,79,228,158,25,207,120,28,163,73,239,184,47,199,101,30,175,89,164,169,38,203,99,7,140,88,239,143,26,203,105,1,
    41,58,189,69,252,152,54,224,118,1,165,86,225,219,122,185,51,83,243,19,179,211,115,147,51,83,243,19,246,157,55,154,25,83,243,
    92,252,28,188,220,124,217,114,24,214,28,188,220,124,217,114,24,245,54,249,146,56,149,22,35,176,13,240,144,109,213,85,21,176,13,
    140,41,201,90,81,245,31,196,129,33,241,106,2,162,73,224,205,26,201,105,44,140,108,204,172,116,201,52,58,140,108,233,212,26,199,
    102,156,54,94,231,2,174,177,39,194,98,95,162,31,191,167,34,194,71,39,145,91,160,143,59,218,97,40,167,92,235,194,110,200,123,
    217,116,3,190,88,249,223,8,254,94,40,136,6,251,198,59,222,123,27,187,6,200,197,60,158,29,87,247,23,183,168,62,219,123,70,
    76,177,209,9,204,108,41,137,127,245,206,33,213,116,15,134,73,242,133,96,157,32,63,137,105,223,191,113,204,49,12,169,76,236,140,
    184,182,123,194,3,73,233,9,169,142,44,221,111,12,167,95,161,192,103,207,96,27,172,68,232,135,105,148,41,54,128,96,214,182,120,
    158,99,222,123,30,190,94,163,173,96,217,24,82,242,18,178,173,13,251,126,30,141,123,163,187,27,251,77,45,170,26,187,248,114,146,
    123,155,111,26,168,80,181,136,43,218,108,21,243,93,238,149,56,207,114,20,181,19,178,241,123,155,59,91,251,27,187,219,44,211,114,
    168,65,164,131,33,208,98,1,170,82,172,205,106,194,109,22,161,73,229,138,100,192,107,110,228,4,164,196,100,132,36,68,228,4,164,
    13,249,140,62,198,35,26,172,68,249,197,100,167,45,77,237,13,173,205,109,141,45,77,237,13,250,130,63,198,126,29,172,78,232,195,
    209,132,55,192,127,2,175,22,171,214,103,143,32,124,246,22,182,214,118,150,54,86,246,22,182,214,38,213,119,26,186,30,240,131,56,
    156,43,214,112,17,247,22,149,223,127,159,63,95,255,31,191,223,127,159,63,95,255,31,191,147,48,220,126,19,255,96,246,147,0,211,
    55,129,25,193,161,121,247,60,11,232,21,168,143,41,197,109,70,152,68,233,145,45,218,123,70,132,71,235,137,36,248,100,9,177,77,
    163,59,177,209,113,145,49,81,241,17,177,209,113,145,49,81,241,17,248,151,113,238,120,29,142,93,206,184,96,248,88,64,142,5,242,
    20,217,146,59,200,123,25,174,95,232,218,59,212,126,90,133,83,246,165,54,229,83,75,147,115,171,165,110,217,52,57,178,91,232,155,
    192,119,6,177,25,197,138,45,199,69,10,177,80,247,160,43,202,111,7,235,124,239,143,10,234,74,42,138,18,239,210,28,234,74,15,
    61,51,174,4,190,212,125,133,37,76,184,68,233,130,70,140,44,76,236,12,172,204,108,140,44,76,236,12,172,204,108,140,44,76,236,
    42,188,89,202,153,10,252,36,60,156,4,202,193,54,155,86,29,180,71,244,150,33,208,103,91,157,64,248,148,59,218,124,17,135,90,
    177,74,206,159,44,202,48,40,187,82,241,157,55,202,103,94,227,30,200,155,61,202,113,12,237,16,193,146,111,247,47,18,239,82,242,
    43,203,54,11,246,120,179,211,111,151,43,87,235,23,174,237,103,135,39,71,231,7,167,199,103,135,39,71,231,7,167,199,103,135,39,
    144,121,22,240,94,255,132,112,239,121,28,143,92,207,185,97,249,89,65,143,4,243,222,18,209,115,27,160,81,243,155,106,246,121,30,
    125,63,176,75,234,141,26,209,112,21,189,118,255,186,53,216,106,10,241,102,245,149,16,240,80,48,144,8,245,200,6,240,80,21,232,
    221,128,106,144,58,80,235,11,162,131,44,198,34,12,173,86,162,189,43,206,93,14,157,107,179,171,11,147,93,86,161,12,193,138,35,
    153,42,200,127,14,185,17,205,130,37,207,77,2,185,88,255,168,35,194,103,15,132,77,200,135,42,216,120,67,148,71,231,162,2,226,
    29,253,37,24,229,107,221,189,56,133,75,22,252,6,172,199,125,157,52,0,188,81,250,254,116,148,52,84,244,20,180,212,116,148,52,
    157,61,93,253,29,189,221,125,157,61,93,253,29,250,156,48,216,39,58,184,73,206,152,47,203,116,30,184,21,194,145,49,244,84,52,
    111,207,215,42,151,89,47,143,74,183,185,36,142,52,94,242,15,175,200,20,195,107,9,178,67,245,200,25,202,55,10,170,23,234,215,
    198,166,126,195,70,94,144,29,225,213,9,198,125,10,156,74,253,153,42,221,39,48,163,67,198,166,6,230,70,94,163,30,208,166,6,
    148,105,231,122,80,234,0,173,209,113,178,56,88,248,24,184,216,120,152,56,88,248,24,184,216,120,152,56,88,248,24,184,216,120,152,
    21,160,82,234,207,54,192,104,21,233,16,177,200,75,129,33,65,225,1,161,193,97,129,33,65,225,1,161,193,97,129,33,65,225,68,
    166,89,239,131,44,138,85,3,166,117,230,181,3,155,67,35,251,117,190,137,100,232,107,9,161,90,235,137,33,144,76,3,164,78,204,
    90,225,128,39,240,123,26,191,87,220,149,16,223,114,0,160,27,204,159,63,250,90,58,154,122,162,159,98,236,90,58,191,2,204,145,
    180,206,100,138,53,85,252,72,244,153,50,182,60,92,252,28,188,220,124,156,60,92,252,28,188,220,124,156,60,92,252,28,188,220,124,
    37,58,172,73,218,137,26,236,52,44,140,20,218,209,38,139,70,13,164,87,228,134,49,192,119,75,141,80,232,132,43,202,108,1,255,
    43,191,91,231,158,26,193,97,2,230,113,231,130,17,194,81,39,255,103,199,223,17,154,109,64,140,79,237,133,62,207,109,5,244,104,
    190,89,243,177,62,197,100,3,148,95,254,155,51,248,113,52,187,86,228,132,127,232,123,27,158,126,222,190,30,134,123,70,136,126,222,
    44,145,95,2,232,18,184,215,105,137,41,106,224,0,160,192,96,128,32,64,224,0,160,192,96,128,32,64,224,0,160,192,96,128,32,
    137,125,8,186,66,167,158,40,192,125,65,248,0,131,201,105,137,41,73,233,9,169,201,105,137,41,73,233,9,169,201,105,137,41,12,
    126,1,183,91,244,210,13,219,126,45,190,109,219,195,27,251,35,45,230,81,188,177,58,211,96,19,177,70,247,128,104,244,123,28,182,
    61,178,73,232,143,24,211,114,23,191,116,253,184,55,218,104,8,243,100,247,151,18,242,82,50,146,10,247,202,4,242,82,23,234,100,
    134,108,150,60,92,237,13,164,144,44,193,106,110,228,4,164,196,100,132,36,68,228,4,164,196,100,132,36,68,228,4,164,196,100,132,
    109,141,100,11,237,114,228,129,18,193,82,36,252,100,196,220,18,153,110,67,157,65,236,148,40,223,74,24,164,23,203,132,35,201,75,
    223,100,5,162,117,254,159,58,210,62,41,186,90,223,191,31,255,95,71,186,7,201,191,31,218,39,41,180,30,164,206,111,159,63,86,
    107,23,186,81,149,223,127,159,63,95,255,31,191,223,127,159,63,95,255,31,191,223,127,159,63,95,255,31,191,223,127,159,63,19,176,
    235,137,36,136,87,1,164,25,185,217,33,225,65,33,164,68,193,183,124,204,40,85,232,70,225,132,66,136,40,72,232,8,168,200,104,
    209,113,145,49,81,241,17,177,209,113,145,49,81,241,17,177,209,113,145,49,23,190,67,177,174,125,145,78,29,224,120,216,157,61,248,
    5,229,115,37,147,115,197,207,63,154,115,20,250,74,251,147,40,201,50,13,181,72,241,137,42,219,121,31,224,125,255,142,30,223,105,
    160,70,237,135,34,205,119,16,235,10,170,195,39,204,9,67,227,3,163,195,99,131,35,67,227,3,163,195,99,131,35,67,227,3,163,
    12,172,204,108,140,44,76,236,12,172,204,108,197,106,76,147,64,189,165,5,192,96,37,147,115,229,179,5,229,83,89,169,2,194,141,
    248,144,117,136,40,85,138,89,249,188,28,252,92,60,228,89,164,170,28,252,121,68,138,87,189,199,108,133,60,85,161,93,240,155,95,
    222,126,158,62,94,254,30,190,222,126,158,62,94,254,30,190,222,126,158,62,94,254,30,190,222,126,158,62,94,254,30,190,222,126,158,
    71,152,78,235,214,118,150,110,46,142,110,235,139,14,248,51,3,231,26,167,184,43,150,78,46,171,75,206,184,24,206,88,46,142,120,
    229,85,154,208,112,144,48,80,240,16,176,208,112,144,48,80,240,16,176,208,112,144,48,80,240,16,176,208,112,144,48,80,240,16,176,
    25,185,217,121,230,112,21,134,85,198,176,104,240,80,72,134,13,250,215,26,209,120,11,184,90,237,156,43,151,81,12,180,88,247,150,
    203,102,48,173,77,246,178,35,208,118,76,129,100,240,131,47,199,34,95,226,125,238,211,11,235,110,14,139,125,221,139,29,235,75,61,
    62,14,229,104,205,153,42,198,110,97,235,11,171,203,107,139,43,75,235,11,171,203,107,139,43,75,235,11,171,203,107,139,43,75,235,
    84,244,20,180,212,116,148,52,84,244,20,246,134,49,213,127,126,244,20,180,212,116,148,52,84,244,20,180,212,116,148,52,84,244,20,
    253,29,189,221,125,157,61,93,253,29,189,221,125,157,120,19,185,55,189,221,125,157,61,93,253,29,189,221,125,157,61,93,253,29,189,
    102,134,38,70,230,6,166,198,102,134,38,3,168,66,140,198,102,134,38,70,230,6,166,198,102,134,38,70,230,6,166,198,102,134,38,
    143,47,79,239,15,175,207,111,198,105,79,144,70,227,222,126,158,102,38,134,102,227,131,6,240,59,11,239,18,178,207,33,198,99,79,
    108,16,189,86,146,216,120,152,56,88,248,24,184,216,120,152,56,88,248,24,184,216,120,152,56,88,248,24,184,216,120,152,56,88,248,
    161,193,30,200,109,62,173,126,200,208,8,232,48,62,245,66,175,162,41,192,115,0,162,85,228,147,111,233,116,12,160,79,238,136,37,
    184,37,197,126,58,171,88,254,196,9,236,120,11,167,79,170,215,106,245,99,6,149,70,213,163,123,227,67,91,149,30,233,196,26,198,
    50,202,118,1,148,70,250,221,21,218,97,22,148,70,250,151,54,157,82,23,188,65,253,150,54,157,80,53,161,82,254,150,89,147,51,
    156,60,92,252,28,188,220,124,156,60,92,252,28,188,220,124,156,60,92,252,28,188,220,124,156,60,25,176,79,249,246,124,156,60,92,
    5,165,197,101,133,37,69,229,5,165,197,101,133,37,69,229,5,165,197,101,133,37,69,229,5,165,197,101,195,106,23,229,122,169,197,
    209,130,127,231,71,2,162,103,209,177,39,241,71,39,145,27,235,206,39,192,46,30,175,71,252,157,102,241,103,2,255,31,191,135,7,
    190,30,219,123,62,136,3,243,217,7,214,101,18,185,67,173,176,50,195,83,18,164,84,242,153,51,214,121,3,164,31,190,222,119,211,
    15,202,0,160,192,96,128,32,64,224,0,160,192,96,128,32,64,224,0,160,192,96,128,32,64,224,0,160,192,96,128,32,64,224,0,
    233,9,169,128,47,137,33,54,165,24,192,160,37,197,64,54,150,64,214,160,0,246,60,12,231,106,229,136,58,218,71,8,164,76,169,
    15,175,210,13,222,126,59,155,123,219,187,99,222,35,45,155,123,254,195,13,208,58,64,235,3,187,210,61,192,50,45,190,3,219,187,
    247,151,18,228,68,18,132,114,210,164,110,222,53,56,183,90,232,136,21,218,118,30,251,6,166,219,4,215,119,50,146,114,210,178,106,
    104,85,155,109,205,136,117,251,102,76,246,29,182,205,109,132,101,10,160,4,219,136,117,237,77,8,168,109,219,187,45,251,77,45,155,
    88,168,3,206,140,35,238,98,1,161,68,233,136,109,217,101,8,163,39,173,205,109,141,45,77,237,13,173,205,109,141,45,77,237,13,
    246,22,182,214,118,150,54,86,246,22,182,214,118,150,54,86,246,22,182,214,118,150,54,86,137,90,167,191,31,218,122,63,137,105,255,
    96,214,182,0,138,122,81,156,94,241,188,48,211,115,22,187,90,191,194,127,217,126,19,172,90,149,223,127,159,63,95,255,31,191,223,
    136,40,72,232,8,168,200,104,136,40,72,232,8,168,200,104,136,40,72,232,8,168,200,104,136,40,72,173,70,236,226,104,136,40,72,
    49,81,241,17,177,209,113,145,49,81,241,17,177,209,113,145,49,81,241,17,177,209,113,145,49,81,241,17,244,159,53,187,49,81,241,
    90,250,26,186,218,122,154,58,90,250,26,186,218,122,154,58,90,250,26,186,218,122,154,58,90,250,26,186,218,45,213,104,17,169,74,
    130,32,198,45,36,177,66,245,138,55,218,35,94,227,19,137,195,99,131,35,67,227,3,163,195,99,131,35,67,227,3,163,195,99,131,
    108,140,44,76,236,12,172,204,108,140,44,76,236,94,233,156,41,205,120,76,184,77,255,135,98,219,109,5,184,4,165,230,108,140,44,
    149,53,85,245,21,181,213,117,149,53,85,245,21,181,213,117,149,53,85,245,21,181,213,117,149,53,85,245,21,181,213,117,149,114,20,
    115,27,228,121,251,138,13,219,108,8,183,93,251,214,1,210,114,55,151,119,215,183,111,210,47,33,151,119,242,207,1,220,54,76,231,
    180,206,110,137,85,2,170,72,243,130,52,137,83,6,180,76,196,136,41,211,117,8,171,75,226,149,105,230,100,19,174,72,233,160,38,
    157,53,244,113,4,177,98,245,128,60,217,115,17,164,89,255,158,106,246,121,2,181,99,245,130,38,213,98,88,143,92,252,185,25,249,
    16,240,40,21,232,102,208,176,53,136,70,27,241,11,160,205,112,149,57,2,211,25,185,217,121,153,57,89,249,25,185,217,121,153,57,
    226,2,162,194,98,130,34,66,226,2,162,194,98,130,34,66,226,2,162,194,98,130,34,66,226,2,217,189,46,206,75,43,139,107,203,
    26,231,218,20,226,66,7,250,116,233,195,121,146,62,66,150,11,182,203,20,199,103,34,130,98,194,162,122,199,58,52,130,98,231,218,
    203,150,124,134,45,66,253,24,158,212,116,148,52,84,244,20,180,212,116,148,52,84,244,20,180,212,116,148,52,84,244,20,180,212,116,
    221,125,157,61,93,253,29,189,221,125,157,61,93,253,102,194,145,49,244,84,52,148,116,172,145,108,226,84,52,177,12,194,159,117,143,
    95,241,15,219,198,123,134,89,10,170,111,207,175,15,239,55,10,247,121,207,175,42,151,89,4,238,20,191,222,111,138,12,70,230,6,
    239,15,175,207,111,143,47,79,239,15,175,207,111,143,47,79,239,15,175,207,111,143,47,79,239,15,175,207,111,143,47,79,239,15,175,
    24,184,163,7,212,116,49,145,113,209,177,105,212,41,39,145,113,244,201,7,218,48,74,225,1,177,165,120,133,56,3,131,103,244,148,
    232,72,40,136,104,176,141,112,254,72,40,173,16,222,131,105,146,49,81,232,124,161,220,97,213,115,20,164,13,161,186,30,205,109,40,
    67,35,131,99,187,134,123,245,67,35,166,27,213,136,98,153,58,91,227,119,170,215,106,245,102,6,131,99,195,163,3,155,102,91,149,
    58,154,95,162,172,49,155,32,67,225,26,238,249,115,147,51,83,243,19,179,211,115,147,51,83,243,19,179,211,115,147,51,83,243,19,
    252,28,188,220,124,156,60,92,252,28,188,220,124,156,97,85,214,28,188,220,124,156,60,92,252,28,188,220,124,156,60,92,252,28,188,
    101,133,37,69,229,5,165,197,101,133,37,69,229,5,165,197,101,133,90,12,169,122,233,186,12,148,76,44,244,122,177,134,107,230,109,
    207,124,15,173,90,235,156,96,230,123,3,175,64,225,135,42,252,97,1,186,126,239,156,58,128,77,40,188,79,227,139,110,147,46,49,
    126,27,230,6,166,158,30,254,94,27,187,126,200,195,51,153,84,49,165,86,250,146,119,157,55,52,145,69,246,154,50,153,72,27,230,
    201,209,44,145,108,12,172,76,177,140,113,255,52,84,232,16,172,192,113,144,44,64,240,9,138,192,96,128,32,64,224,0,160,192,96,
    201,105,137,41,73,233,9,169,201,105,137,41,73,233,9,169,201,105,137,41,73,233,9,169,201,105,246,96,5,150,69,214,160,120,224,
    27,131,77,70,177,28,209,154,51,192,115,17,166,87,224,220,26,199,127,19,188,93,251,150,0,221,125,6,130,83,224,134,124,241,84,
    201,122,22,190,27,166,219,4,210,119,36,183,100,210,202,18,242,42,36,239,88,181,184,51,218,105,26,184,79,254,137,117,243,110,22,
    69,234,139,45,192,86,11,171,80,212,133,54,208,42,39,130,86,229,137,33,132,46,68,135,98,246,133,41,193,42,37,170,67,232,129,
    254,197,32,204,121,5,227,95,236,137,101,128,52,93,228,1,173,221,97,141,61,68,199,13,173,205,109,141,45,77,237,13,173,205,109,
    214,118,150,54,86,246,22,182,214,118,150,54,86,246,22,182,214,118,150,54,3,184,66,255,154,118,216,121,2,246,105,255,154,9,218,
    0,246,46,54,150,14,192,203,60,145,79,19,190,70,250,141,24,202,118,69,153,86,241,155,25,214,109,12,171,124,247,150,51,219,55,
    151,68,228,161,1,225,65,33,249,68,185,183,1,225,100,89,151,74,160,219,120,155,33,65,194,8,168,200,104,136,40,72,232,8,168,
    17,177,209,113,145,49,81,241,17,177,209,113,145,49,81,241,17,177,209,113,145,49,46,184,93,206,157,14,248,32,56,152,0,206,197,
    249,212,25,210,123,8,187,89,238,159,40,148,82,15,183,91,244,149,51,222,72,21,181,78,202,155,40,206,52,44,191,86,245,153,51,
    119,26,227,30,163,181,38,192,119,12,177,16,173,188,47,146,74,82,175,18,239,143,47,207,50,15,242,124,183,215,107,147,47,83,239,
    92,229,38,172,204,108,140,44,76,236,12,172,204,108,140,44,76,236,12,172,204,108,140,44,76,236,12,172,204,108,140,44,76,236,12,
    161,84,230,158,123,194,116,28,161,29,160,220,95,149,53,85,245,21,181,213,117,149,53,85,245,21,181,213,117,149,53,85,245,21,181,
    30,190,222,126,158,62,94,254,30,190,153,63,211,123,68,153,91,234,173,59,204,104,23,189,91,182,161,50,210,87,55,151,119,215,207,
    203,54,56,142,110,235,214,24,197,47,84,247,19,174,206,105,245,98,10,168,83,226,148,105,243,102,20,172,100,232,137,51,213,104,11,
    124,21,162,30,209,147,36,217,127,30,151,81,253,149,20,209,100,17,130,85,224,156,57,211,113,4,185,95,254,202,22,217,98,21,131,
    28,171,79,252,139,113,230,117,21,144,112,208,176,16,136,117,72,134,112,208,149,104,230,123,81,234,9,172,208,117,153,98,115,249,25,
    194,98,130,34,66,226,2,162,194,98,130,34,66,226,2,162,194,98,130,34,66,226,2,162,194,98,130,34,66,226,2,162,194,98,249,
    20,199,103,34,130,98,194,162,122,199,58,52,130,98,231,218,20,201,35,88,251,29,162,182,107,150,43,52,167,71,194,162,2,226,66,
    133,120,69,139,125,221,152,101,235,118,92,231,4,163,221,120,190,52,84,244,20,180,212,116,148,52,84,244,20,180,212,116,148,52,84,
    61,93,253,29,189,221,125,157,61,93,253,29,189,221,125,157,61,93,134,98,241,145,20,244,84,52,148,12,241,204,2,244,84,17,236,
    217,132,110,149,54,94,239,123,166,219,102,249,106,10,143,111,207,175,15,151,106,87,153,111,207,138,119,249,100,78,245,22,191,207,106,
    229,111,143,47,79,239,15,175,207,111,143,47,79,239,15,175,207,111,143,47,79,239,15,175,207,111,143,47,79,239,15,175,207,111,143,
    120,152,67,39,180,84,209,177,17,241,81,73,180,9,199,177,17,212,41,39,186,16,171,201,104,145,69,88,229,24,227,133,82,152,56,
    225,1,161,193,97,129,33,65,225,1,161,193,97,129,33,65,225,1,161,193,97,129,33,65,225,1,161,193,97,129,124,72,203,1,161,
    10,170,202,106,138,42,74,234,10,170,202,106,138,42,74,234,10,170,202,106,138,42,74,234,10,170,143,36,206,0,74,234,10,170,202,
    179,211,115,147,51,83,243,19,179,211,115,147,51,83,243,19,179,211,115,214,125,23,217,19,179,211,115,147,51,83,243,19,179,211,115,
    220,124,156,60,92,252,28,188,153,50,216,22,92,252,28,188,220,124,156,60,92,252,28,188,220,124,156,60,25,178,88,150,220,124,156,
    69,229,5,165,197,101,133,37,69,160,75,225,204,79,133,37,69,229,5,165,197,101,192,107,1,207,5,165,197,101,192,107,1,236,47,
    171,64,234,199,68,241,98,95,162,66,191,135,7,199,98,95,167,66,226,177,122,158,52,47,170,74,218,129,41,201,98,11,230,113,226,
    91,222,190,30,254,94,70,187,6,200,190,30,219,38,40,181,31,164,198,102,158,59,87,136,94,251,155,102,219,38,70,158,91,251,190,
    233,95,21,238,65,245,148,47,243,101,12,172,12,160,134,53,206,99,20,169,79,238,200,31,233,73,63,159,17,236,209,44,201,108,12,
    101,88,150,27,226,192,67,137,41,73,233,118,224,133,37,152,101,88,248,96,229,133,0,224,86,28,231,72,252,157,38,250,108,5,165,
    82,239,18,205,187,27,237,77,67,190,3,254,155,62,222,126,67,141,0,249,248,114,146,50,82,181,87,230,148,55,220,100,90,251,28,
    152,78,232,143,52,214,126,9,251,6,187,164,18,242,68,36,234,87,170,151,50,215,119,23,234,100,169,144,81,155,59,91,251,100,196,
    13,200,104,59,141,21,205,173,13,251,91,28,236,13,142,196,100,132,36,16,165,87,239,202,55,212,101,19,170,12,226,145,42,199,112,
    196,98,3,229,4,135,205,109,141,45,77,237,13,173,154,37,196,97,8,237,74,232,153,43,200,99,27,229,4,163,174,56,222,121,2,
    123,19,164,22,242,153,92,150,54,86,246,22,182,214,118,150,54,86,246,66,247,133,61,152,97,23,191,66,190,196,127,188,54,86,246,
    95,255,31,191,223,127,159,63,95,175,92,254,147,51,151,121,10,177,92,235,150,48,209,55,86,213,31,191,223,127,159,63,95,255,31,
    200,104,136,40,72,232,8,228,135,43,201,100,72,188,81,235,135,39,198,2,72,232,8,168,200,104,136,40,72,232,8,168,200,104,136,
    113,215,126,3,241,110,189,209,14,221,32,56,152,93,253,184,14,238,120,46,152,120,206,196,52,145,120,31,241,65,240,152,35,194,57,
    205,117,8,177,73,234,155,57,223,52,46,163,89,245,149,52,201,32,61,191,78,222,159,41,217,127,20,190,91,244,142,41,146,51,83,
    3,231,140,73,131,35,67,227,3,163,195,99,131,35,67,227,3,163,195,99,131,35,67,227,74,229,195,28,207,50,42,138,79,239,170,
    211,179,37,243,69,37,147,25,233,194,2,205,97,9,236,17,177,204,19,192,96,37,133,101,197,165,125,192,61,51,133,101,224,221,19,
    151,125,134,36,71,252,21,244,155,49,149,74,25,228,124,220,153,57,252,74,42,188,106,220,188,10,128,112,79,156,70,212,221,10,217,
    50,247,87,55,151,119,175,146,111,225,87,55,178,15,193,156,118,141,47,77,247,23,190,159,48,218,62,86,173,74,236,151,48,217,48,
    161,78,233,131,111,248,107,86,142,110,235,139,14,248,88,14,152,110,206,184,114,194,41,55,166,85,226,137,51,137,73,6,170,66,171,
    16,207,156,60,249,89,57,153,121,161,156,97,239,89,57,188,1,207,146,120,131,33,68,249,25,176,159,34,144,99,4,162,89,254,151,
    183,159,48,215,125,81,134,85,168,176,16,213,117,48,134,102,240,166,16,240,70,76,188,23,201,152,43,220,119,13,247,119,248,148,60,
    46,66,157,78,238,171,11,235,75,43,243,78,179,189,11,235,110,83,157,64,170,209,115,151,43,75,235,2,227,140,38,130,93,14,243,
    34,130,71,231,162,20,244,98,52,130,98,212,222,46,133,93,10,167,94,238,203,118,150,43,12,170,70,238,197,27,199,106,18,174,89,
    167,26,216,155,55,213,120,36,184,85,237,145,38,154,90,21,185,81,180,128,60,209,122,126,244,20,180,212,116,148,52,84,244,20,180,
    29,189,221,125,157,61,93,253,29,189,221,125,157,105,4,190,82,242,147,125,128,61,34,177,12,212,180,49,209,84,34,130,84,194,180,
    239,89,83,163,8,214,135,52,195,104,18,204,6,166,198,102,134,38,70,230,6,166,198,102,134,38,70,230,6,166,198,102,134,38,70,
    47,13,189,74,238,132,69,143,47,79,239,15,175,207,111,143,47,79,239,15,175,207,111,143,47,79,239,74,225,139,69,143,47,79,239,
    88,248,24,184,216,120,152,56,88,248,24,184,157,54,220,18,88,248,24,184,216,120,152,56,88,248,24,184,216,120,152,56,17,190,24,
    149,56,194,110,14,175,1,224,143,37,129,117,24,162,78,238,143,123,231,104,15,165,103,232,147,50,213,66,9,168,77,229,201,30,205,
    38,227,67,35,131,99,187,134,123,245,67,35,166,27,213,136,98,153,59,92,227,3,170,158,34,207,100,96,234,10,170,202,106,138,42,
    147,51,83,243,19,179,211,115,147,51,83,243,19,255,156,48,210,127,83,176,70,224,135,60,222,118,1,217,19,179,211,115,147,51,83,
    60,92,252,28,188,220,124,156,60,92,252,28,188,154,51,206,60,35,240,28,195,144,109,245,85,16,176,117,195,163,53,227,85,53,131,
    176,128,101,204,107,69,181,68,236,151,54,141,113,28,166,74,234,139,107,225,96,4,169,64,247,150,45,204,117,95,130,64,241,166,45,
    135,34,202,124,11,160,6,167,199,110,202,97,100,238,14,174,206,110,142,46,78,238,14,174,206,110,142,46,78,238,14,174,206,110,142,
    119,151,126,17,247,104,251,198,30,254,123,27,158,104,200,158,8,254,94,40,226,82,173,190,36,246,63,40,187,91,222,190,30,254,94,
    241,76,177,191,9,233,108,81,159,66,168,211,113,151,41,73,224,65,238,132,96,255,108,81,137,105,236,140,9,255,95,9,159,105,201,
    118,188,140,103,249,123,0,164,72,251,144,25,200,123,29,233,72,231,141,105,246,101,88,128,96,229,133,0,246,86,0,150,96,192,182,
    167,151,124,226,96,27,191,83,224,139,2,211,96,6,252,124,243,159,55,146,47,79,242,109,254,158,27,251,91,59,155,3,254,195,13,
    178,18,215,42,36,185,19,168,202,99,146,59,15,179,94,245,241,123,155,59,91,251,27,187,219,123,155,59,91,251,27,187,219,123,155,
    68,228,4,164,196,100,132,36,68,228,71,241,151,48,203,105,1,182,4,185,196,27,200,53,45,141,72,232,173,27,251,109,59,141,109,
    146,24,232,231,109,141,45,77,237,13,173,205,109,141,45,77,237,13,173,205,109,141,45,77,237,13,173,205,109,141,45,77,175,95,232,
    87,253,252,118,150,54,86,246,22,182,214,118,150,54,86,246,22,182,214,118,150,54,86,246,22,182,214,51,216,114,124,246,22,182,214,
    191,223,127,159,63,95,255,31,191,223,127,159,63,95,255,31,250,145,59,181,63,95,255,31,191,223,127,159,63,95,255,31,191,223,127,
    40,72,232,8,168,129,46,136,107,29,187,92,231,133,45,218,40,28,160,77,230,226,104,136,40,72,232,8,168,200,104,136,40,72,232,
    81,241,17,177,209,113,145,49,81,241,17,253,158,50,208,125,81,142,88,253,157,61,216,120,64,224,110,253,192,14,133,116,81,236,17,
    185,79,233,142,53,215,127,8,224,125,255,142,27,206,110,8,179,88,239,142,63,146,69,22,182,115,211,179,19,243,43,22,235,101,211,
    10,207,50,60,161,11,176,210,122,138,42,89,156,106,239,143,114,207,111,42,175,18,239,188,42,252,54,15,235,1,184,193,106,169,35,
    140,44,76,236,12,172,204,108,140,44,76,236,12,172,204,108,140,44,76,236,12,172,204,32,195,111,13,160,12,211,179,19,192,61,0,
    121,28,228,89,164,156,28,252,74,65,179,21,168,213,10,220,121,25,228,89,164,196,28,217,121,60,156,106,224,219,56,220,123,38,176,
    18,178,110,236,151,61,219,62,17,172,30,174,244,126,158,62,94,254,30,190,222,126,158,62,94,254,30,190,222,126,158,62,94,254,30,
    199,103,203,104,4,166,75,167,148,34,203,98,4,179,66,227,164,38,213,13,71,231,7,167,199,103,135,39,71,231,7,167,199,103,135,
    112,144,48,80,240,16,176,208,112,214,127,2,240,111,188,208,15,220,33,57,153,92,252,185,15,239,121,47,153,121,207,197,53,144,121,
    215,57,9,184,80,235,138,113,203,124,8,172,80,235,156,113,222,120,20,188,3,222,156,45,234,124,11,175,80,250,156,113,230,117,21,
    107,203,171,11,235,51,14,243,125,203,171,46,147,93,0,234,17,176,210,107,139,44,38,163,86,227,204,1,195,112,49,170,77,242,167,
    229,159,57,194,110,24,226,5,200,138,57,216,66,5,152,67,228,155,98,139,111,4,193,11,171,203,107,139,43,75,235,11,171,203,107,
    212,116,148,52,84,244,20,180,212,116,148,52,84,244,20,180,157,50,148,75,24,229,125,221,152,56,253,75,43,189,107,221,189,11,129,
    56,147,77,15,180,94,248,171,60,209,104,24,253,92,243,153,125,226,113,76,148,116,241,145,20,226,66,20,130,116,212,162,104,216,51,
    150,84,239,133,35,240,103,10,179,67,166,216,102,210,105,8,179,75,228,131,52,142,89,15,170,74,234,143,47,151,55,57,170,23,217,
    27,234,180,126,242,38,79,174,65,235,207,16,195,62,38,134,67,227,166,16,240,102,48,134,102,208,218,42,129,95,29,166,76,234,185,
    249,148,45,221,56,68,248,76,247,150,45,213,122,29,170,16,199,145,52,212,116,17,177,9,169,167,52,137,71,76,189,99,170,165,113,
    33,21,169,68,239,235,97,129,33,65,225,1,161,193,97,129,33,65,225,1,161,193,97,129,33,65,225,1,161,193,97,129,33,65,225,
    74,234,10,227,140,106,245,102,91,131,99,230,134,3,245,85,3,149,99,195,181,127,207,36,58,184,67,233,143,28,203,102,31,175,10,
    237,14,179,172,12,236,127,66,191,95,250,194,63,130,122,58,154,108,167,149,115,199,123,22,189,57,179,211,115,147,51,83,243,19,179,
    28,188,220,124,156,60,92,252,28,188,220,124,156,60,92,252,28,188,220,124,156,60,92,252,28,188,220,53,218,60,18,179,72,188,143,
    192,105,0,166,81,224,129,6,196,119,69,170,87,165,186,41,148,76,44,169,73,204,186,26,204,90,44,140,122,176,128,107,245,119,12,
    109,11,152,79,226,155,43,142,50,78,189,75,226,139,45,218,107,10,141,79,252,192,30,220,103,13,171,120,239,130,59,203,46,26,166,
    18,185,61,183,215,119,151,55,87,247,23,183,215,119,151,55,87,247,23,183,215,119,151,55,87,247,23,183,215,119,151,55,87,247,23,
    192,96,128,32,64,224,0,160,147,37,204,101,3,180,69,228,163,33,210,32,93,224,127,236,209,9,233,108,12,137,127,223,137,31,233,
    0,246,60,12,195,9,169,201,105,137,41,73,233,9,169,201,105,137,41,73,233,9,169,201,105,137,41,73,233,9,169,201,105,137,41,
    146,50,82,242,18,178,151,60,214,24,82,242,18,178,210,114,146,50,82,242,18,178,210,114,146,50,82,242,18,178,210,114,146,50,82,
    59,91,251,27,187,219,123,222,117,31,209,27,187,219,123,155,59,91,251,27,187,219,123,155,59,91,251,27,187,219,123,155,59,91,251,
    164,196,100,132,97,10,160,46,164,196,100,132,36,68,228,4,164,196,100,132,36,68,228,4,164,196,100,132,36,68,228,4,225,138,32,
    231,109,141,45,77,237,13,173,205,109,141,45,77,237,13,173,205,109,141,45,77,237,13,173,205,36,203,45,30,168,65,232,142,57,200,
    50,245,119,4,246,66,254,147,56,188,54,86,246,22,182,214,118,150,54,86,246,22,182,214,118,150,54,86,246,22,182,214,118,150,54,
    159,63,95,179,80,252,158,51,159,64,32,182,83,243,147,110,142,118,22,238,96,192,203,56,159,34,95,184,94,242,154,101,248,122,11,
    123,237,154,62,193,107,13,224,119,228,132,1,225,65,33,129,25,228,217,23,225,65,4,249,119,234,192,123,154,57,65,225,6,218,141,
    252,158,37,212,98,95,149,84,240,157,52,195,98,25,184,65,210,132,34,197,126,28,180,67,210,158,63,197,99,30,189,93,244,131,127,
    180,10,249,82,27,180,94,246,159,40,176,58,90,250,26,186,218,122,154,58,90,250,26,186,218,122,154,58,90,250,26,186,218,122,154,
    67,227,3,163,143,44,192,98,15,227,124,220,170,42,207,50,10,175,18,202,210,28,151,107,67,254,3,224,150,48,215,108,14,166,81,
    246,107,233,152,13,216,120,30,165,78,249,152,41,132,83,0,160,101,197,165,5,229,61,0,253,115,197,165,32,157,83,14,228,31,190,
    7,188,220,95,149,53,85,245,21,181,213,117,149,53,85,245,21,181,213,117,149,53,85,245,21,181,213,117,149,53,85,245,106,202,156,
    242,146,50,143,47,23,183,15,193,161,106,217,36,56,183,76,251,173,59,204,104,27,172,22,229,165,1,210,114,55,151,119,215,183,111,
    107,86,152,110,206,139,118,248,101,79,244,21,180,206,26,135,58,71,152,75,235,174,14,238,78,46,246,75,182,184,14,238,107,86,152,
    18,248,3,162,196,121,156,48,43,143,92,252,185,25,249,89,57,225,92,161,175,25,249,124,65,143,82,184,195,98,133,57,45,240,13,
    249,102,198,176,48,213,40,16,181,8,208,200,6,141,113,4,240,51,185,217,121,153,57,89,249,25,185,217,121,153,57,89,249,25,185,
    98,130,34,66,226,2,162,194,98,130,34,22,163,81,233,204,53,195,107,22,234,18,172,215,107,168,34,66,226,2,162,194,98,130,34,
    139,43,75,235,11,171,203,107,139,43,75,235,11,171,203,107,139,43,75,148,116,226,135,39,199,58,90,162,66,186,180,20,159,108,81,
    82,29,166,81,199,145,38,194,113,6,252,79,158,212,116,148,52,84,244,20,180,212,116,148,52,84,244,20,180,212,116,148,52,84,244,
    93,253,29,189,221,125,157,61,93,253,102,194,145,49,244,84,52,148,116,172,145,108,226,84,52,177,12,194,159,117,142,47,75,244,96,
    198,123,134,89,57,143,79,234,215,47,202,55,47,247,121,178,142,106,172,38,70,230,6,166,198,102,134,38,70,230,6,166,198,102,134,
    111,143,47,79,239,15,175,207,111,143,47,79,239,15,175,207,20,240,99,3,134,102,198,166,6,158,99,94,144,102,198,131,126,240,109,
    144,43,74,239,17,197,216,101,152,71,20,180,113,209,177,17,241,41,20,233,103,209,177,52,137,71,26,240,11,170,192,113,148,18,88,
    1,161,193,97,129,33,65,225,1,161,193,97,129,33,65,225,1,161,193,97,129,33,65,225,1,161,193,97,129,33,65,154,126,237,141,
    195,163,3,227,67,91,166,27,213,163,3,198,59,53,168,2,185,216,115,131,87,74,247,10,241,224,106,138,42,74,234,10,170,202,106,
    211,115,147,51,83,243,19,179,211,115,147,51,83,243,19,179,211,115,147,51,83,243,19,179,211,115,147,72,44,191,95,218,186,26,250,
    21,141,112,77,131,117,213,144,109,227,126,84,239,15,172,213,1,156,33,92,175,89,240,153,63,200,121,24,159,93,238,210,21,216,48,
    207,5,165,197,101,133,37,69,229,5,165,197,101,133,37,69,229,5,165,197,101,133,37,69,229,5,165,197,101,133,37,69,229,5,165,
    14,174,181,17,194,98,39,135,103,199,167,127,194,63,49,135,103,226,223,17,204,38,93,253,31,167,179,110,147,46,13,187,93,250,129,
    250,146,37,141,80,18,163,118,227,131,37,222,117,2,163,82,191,168,59,219,94,62,158,126,222,198,59,134,72,62,158,91,166,168,53,
    40,83,243,18,169,201,108,170,32,64,224,0,160,192,96,128,32,64,224,0,160,192,96,128,32,64,224,0,160,192,96,128,32,64,224,
    73,233,9,169,201,105,137,41,73,146,118,229,133,0,224,64,32,128,24,229,216,22,224,64,5,248,118,235,193,122,154,58,64,148,9,
    239,18,241,135,33,198,125,31,183,64,168,181,55,198,83,6,166,64,251,144,39,198,119,90,141,94,254,187,27,251,91,59,227,94,163,
    100,210,178,55,138,68,25,243,8,168,207,114,146,55,113,251,27,187,219,123,155,59,91,251,27,187,219,123,155,59,91,251,27,187,219,
    132,36,68,228,4,164,196,100,132,36,68,228,4,164,196,100,255,91,8,168,109,205,173,13,237,53,8,245,123,205,173,40,149,91,6,
    37,94,254,24,164,176,109,144,45,14,184,94,249,130,32,200,127,87,138,72,249,172,57,217,127,4,175,88,249,136,101,242,97,1,132,
    63,159,127,223,199,58,135,73,63,159,90,167,169,52,158,37,69,224,31,191,218,92,150,54,86,246,22,182,214,118,150,54,86,246,22,
    255,31,191,223,127,159,63,95,255,31,191,223,127,159,63,95,255,31,191,223,127,159,63,36,128,83,243,182,22,246,86,54,238,83,174,
    23,225,65,4,249,119,234,192,123,155,63,65,149,8,181,200,43,221,123,28,167,69,237,154,114,239,109,28,137,92,252,154,33,202,125,
    197,116,89,142,93,253,184,24,248,88,56,224,93,160,174,24,248,125,64,142,83,185,194,98,137,56,88,219,17,177,209,113,145,49,81,
    58,90,250,26,186,218,122,154,58,90,250,26,186,218,122,154,58,90,250,26,186,218,122,154,58,7,208,26,186,218,122,154,58,90,250,
    163,195,99,131,35,67,227,3,163,195,99,131,35,67,227,3,163,195,99,131,126,74,201,3,163,195,99,131,35,67,227,3,163,195,99,
    204,108,140,44,76,236,12,172,204,108,140,44,76,236,12,172,152,45,223,103,66,187,77,229,152,100,156,34,89,229,38,172,204,108,140,
    117,149,53,85,245,21,181,213,117,149,53,85,245,21,181,213,117,149,53,85,245,21,181,213,10,234,124,25,185,89,164,196,60,220,36,
    225,65,74,185,4,216,151,44,219,77,27,172,72,251,140,118,197,69,33,178,82,215,183,23,247,87,79,178,15,193,183,23,210,47,33,
    69,175,212,116,158,46,58,231,26,167,184,43,203,78,46,142,110,206,214,43,150,88,46,142,75,182,184,37,143,52,83,247,14,171,199,
    203,175,60,220,89,57,153,121,217,193,60,129,79,57,153,92,161,175,50,152,35,68,225,25,205,208,109,144,79,47,153,89,252,193,57,
    149,104,240,40,38,237,81,228,208,83,153,57,89,249,25,185,217,121,153,57,89,249,25,185,217,121,153,57,89,249,25,185,217,121,220,
    12,166,40,162,194,98,130,34,66,226,2,162,194,98,130,34,66,226,2,162,194,98,130,103,12,166,40,162,194,98,130,34,66,226,2,
    235,11,171,203,107,139,43,75,174,69,239,225,107,139,43,75,235,11,171,203,107,139,43,75,174,69,239,194,65,139,43,75,235,11,171,
    20,180,145,58,208,30,84,244,20,180,145,58,208,61,126,177,90,240,221,94,235,120,69,184,88,165,157,29,221,120,69,189,88,248,171,
    169,205,103,252,121,25,137,88,229,137,31,210,101,85,130,81,241,180,20,244,84,52,236,81,172,162,20,244,113,76,130,95,181,206,105,
    52,79,234,6,242,137,53,210,116,15,168,65,174,185,47,202,106,87,170,23,183,175,42,202,79,47,153,83,168,139,47,200,85,3,170,
    3,159,93,230,140,42,134,35,79,169,90,225,140,59,198,96,1,231,89,238,131,102,165,47,79,239,15,227,128,44,206,99,79,144,67,
    233,113,209,177,17,212,116,49,177,81,169,167,7,140,41,88,229,24,236,151,54,205,117,26,189,74,176,142,57,212,49,114,248,24,184,
    97,200,103,65,158,77,176,168,8,232,72,13,173,104,232,136,112,254,94,85,240,1,245,137,36,207,11,65,225,1,161,193,97,129,33,
    245,99,6,166,27,230,219,123,227,102,6,131,99,213,159,100,199,99,4,153,79,230,134,26,216,99,9,175,10,183,202,21,198,59,35,
    90,58,154,95,255,186,58,218,34,44,140,7,162,249,115,147,51,83,243,19,179,211,12,236,90,31,191,108,218,194,26,250,90,44,140,
    4,244,21,150,220,124,156,60,25,178,88,150,153,50,216,53,118,131,80,173,144,48,141,117,53,181,80,173,149,48,208,67,72,236,6,
    164,33,193,81,10,162,66,233,128,109,250,105,9,140,108,204,172,12,148,105,84,154,108,204,137,116,250,103,77,246,17,182,204,105,133,
    17,199,98,2,255,66,191,223,7,194,98,39,135,113,251,192,47,219,122,1,155,94,233,156,47,202,107,66,238,72,251,128,45,218,103,
    216,121,95,136,126,222,168,8,134,123,70,187,94,251,155,59,134,72,69,188,30,157,215,119,151,55,40,190,91,251,198,59,134,38,62,
    76,236,169,9,255,117,78,161,85,244,143,21,208,103,18,161,68,229,192,125,128,95,41,137,127,223,209,44,145,108,9,172,76,236,209,
    214,219,34,163,41,73,233,9,238,140,61,207,108,7,191,1,160,199,43,220,112,12,187,9,180,201,22,224,64,54,150,24,229,216,37,
    155,62,222,126,67,141,0,249,248,114,146,50,82,141,109,219,158,62,237,91,67,155,123,219,173,13,202,58,91,216,18,178,210,114,198,
    58,200,112,85,168,75,250,140,53,147,125,14,181,88,239,146,52,213,51,82,209,27,187,219,123,155,59,91,251,76,243,146,55,222,59,
    163,65,240,130,33,202,114,76,237,10,230,145,61,193,118,68,160,75,142,196,100,132,36,68,228,4,164,196,100,132,36,16,165,87,239,
    3,250,140,36,217,37,68,199,13,173,205,109,141,45,77,237,13,173,205,109,221,110,12,161,65,165,139,56,195,110,25,164,66,227,197,
    191,252,118,150,54,86,246,22,182,214,118,150,54,86,246,22,182,214,58,217,117,23,186,22,226,143,53,217,121,24,220,22,182,214,118,
    223,127,159,63,95,255,31,191,223,127,159,63,25,176,77,191,160,115,159,64,19,238,118,214,147,51,246,64,32,182,96,214,182,0,138,
    13,232,65,230,200,56,201,97,26,187,0,255,135,58,195,123,24,169,75,237,198,28,209,107,7,167,70,251,210,15,205,124,44,173,91,
    178,84,255,149,48,223,101,2,249,24,184,209,53,222,27,81,241,17,177,209,113,145,49,81,241,17,177,209,113,145,49,81,241,17,177,
    83,252,218,5,214,43,51,147,86,246,179,5,229,115,37,147,115,197,207,63,148,84,27,183,95,186,199,103,154,69,22,182,115,211,179,
    234,74,82,175,18,220,170,10,207,50,60,161,11,176,215,119,138,35,2,173,71,163,188,47,146,74,42,175,79,202,188,28,202,92,42,
    69,51,249,73,182,165,63,237,36,51,160,64,197,165,5,229,69,93,160,29,211,165,5,192,61,51,174,4,191,216,121,133,37,76,173,
    27,177,21,202,153,100,252,92,25,185,124,202,170,60,234,92,60,138,0,240,219,3,212,121,0,176,21,168,200,117,210,116,24,176,27,
    142,82,255,135,59,204,109,80,146,81,253,159,50,238,114,31,167,91,236,208,16,223,115,27,254,74,246,155,48,180,62,94,254,30,190,
    103,135,39,71,231,7,167,199,103,135,39,71,231,7,167,199,103,135,39,19,190,68,232,136,41,135,58,71,152,75,182,174,14,203,107,
    249,79,47,185,111,217,185,15,133,117,94,128,81,226,149,62,196,26,80,240,16,176,208,112,144,48,80,240,16,176,208,112,144,48,80,
    57,89,249,25,185,217,121,219,107,28,184,82,147,217,121,153,57,89,249,25,185,217,121,153,57,89,249,25,185,217,121,153,57,28,183,
    230,232,98,130,34,66,226,2,162,194,98,130,34,66,226,2,162,194,39,204,102,104,226,2,162,194,98,130,34,66,226,2,162,194,98,
    203,107,139,98,13,235,95,242,136,36,196,101,75,170,69,239,203,63,210,104,4,164,69,177,173,34,197,111,45,162,89,248,159,8,195,
    61,216,112,92,139,88,248,189,29,253,93,61,229,88,165,171,29,253,120,69,139,86,188,199,96,130,61,93,244,85,250,144,116,192,109,
    222,114,18,179,19,217,152,60,209,120,15,174,85,244,141,103,251,116,19,185,123,244,143,46,201,94,21,180,81,249,213,2,209,113,52,
    111,207,175,15,151,106,87,153,111,207,138,119,249,100,78,245,18,177,207,111,134,114,14,163,72,140,198,102,134,38,70,230,6,166,198,
    175,207,111,143,47,79,239,15,175,207,111,201,96,29,239,112,163,207,16,195,62,38,134,67,227,166,16,240,102,48,134,102,208,218,42,
    216,49,214,56,8,185,81,234,139,112,204,97,27,183,87,246,214,28,221,121,20,189,74,235,144,49,200,54,40,173,74,251,144,57,203,
    4,178,27,198,132,53,226,105,8,173,69,243,132,47,137,40,72,225,69,238,235,97,129,33,65,225,1,161,193,97,129,33,65,225,1,
    234,10,170,202,106,138,42,74,234,10,227,140,106,245,102,91,131,99,230,134,3,245,85,3,149,99,195,181,127,207,48,44,163,68,238,
    117,250,129,32,199,80,27,186,95,247,219,12,223,127,58,154,122,218,186,98,223,34,44,154,122,255,194,12,209,59,64,231,11,186,218,
    188,157,50,216,60,35,176,13,213,181,48,208,85,35,131,85,195,181,21,227,41,25,242,104,229,159,51,211,114,62,169,72,232,147,50,
    43,39,176,81,241,138,43,139,81,23,164,75,246,149,36,215,96,11,166,92,165,216,120,133,53,69,177,77,224,139,79,133,37,69,229,
    78,238,14,174,206,110,142,46,78,238,14,174,206,110,142,46,78,238,14,174,206,110,142,46,9,175,67,235,212,9,203,122,61,171,92,
    161,94,244,146,127,232,123,27,158,126,222,190,30,134,123,70,136,126,222,155,102,232,117,95,228,3,174,222,126,153,69,18,186,88,227,
    37,211,46,34,181,73,236,132,122,230,105,18,165,115,229,146,54,197,114,72,159,76,236,169,9,233,73,41,241,76,177,191,9,233,108,
    152,86,11,225,26,188,217,96,133,41,54,165,24,192,160,37,197,64,54,150,64,214,160,0,246,60,12,231,103,232,132,44,128,3,73,
    50,82,242,18,178,210,114,146,50,82,242,18,178,210,114,146,50,82,242,18,178,210,114,146,50,82,242,70,243,129,57,156,101,19,187,
    15,243,11,181,200,114,177,59,91,251,27,187,219,123,155,59,91,251,27,187,219,123,155,59,91,251,27,187,219,123,155,126,21,191,49,
    196,100,132,36,68,228,4,164,196,100,132,36,68,228,4,164,196,100,132,36,1,170,64,142,196,100,132,36,68,228,4,164,196,100,132,
    109,141,45,77,237,72,227,137,71,141,45,77,237,13,173,205,109,141,45,77,237,72,227,137,100,167,45,77,237,13,173,205,109,141,104,
    216,114,124,246,22,182,214,51,216,114,95,220,83,248,146,127,188,73,26,231,90,250,199,63,255,127,26,231,95,250,154,9,130,38,76,
    94,27,187,107,240,152,56,211,122,87,128,83,243,182,22,246,86,54,238,83,174,160,22,246,115,78,128,93,183,204,106,142,54,83,255,
    215,129,36,196,57,4,249,25,193,132,36,225,65,55,189,6,233,134,38,199,113,56,167,88,253,152,100,136,110,29,166,75,252,129,39,
    159,121,238,88,56,142,110,160,157,96,221,120,29,189,93,160,174,99,218,56,123,241,17,177,209,14,216,125,29,224,93,160,192,24,221,
    54,243,83,37,175,20,251,148,52,213,99,42,181,74,239,138,122,135,58,37,147,115,197,165,107,214,43,22,179,86,246,150,107,229,40,
    168,41,163,195,99,131,100,6,183,69,230,141,53,139,42,77,162,77,237,140,58,131,62,67,156,106,202,188,28,146,111,82,175,74,239,
    64,224,221,19,158,103,102,236,12,172,204,19,243,69,0,160,115,197,221,5,229,69,51,147,84,164,197,70,140,44,76,236,69,234,204,
    202,188,28,234,74,68,185,4,249,156,57,217,121,68,138,7,254,213,33,221,112,27,223,21,181,213,117,149,53,85,245,82,240,129,51,
    155,48,200,54,87,240,88,235,144,126,131,62,25,191,83,251,196,25,219,106,45,187,76,232,151,61,219,54,33,178,82,215,183,23,247,
    46,246,75,182,184,14,238,107,86,152,69,175,212,114,149,46,78,233,107,232,132,38,203,87,11,166,94,226,149,105,247,107,6,190,66,
    162,119,229,153,126,243,120,25,188,84,209,148,52,213,116,74,147,95,254,158,53,211,100,88,182,69,254,147,36,217,127,30,248,95,251,
    16,147,217,121,153,57,89,249,25,185,217,121,153,57,16,191,25,246,146,119,247,120,20,188,25,164,196,121,230,117,21,144,112,208,176,
    235,51,14,243,125,203,171,46,147,93,0,234,17,183,209,107,130,118,10,167,76,162,141,41,152,70,7,177,86,240,141,59,138,43,66,
    110,5,175,33,171,203,107,139,43,75,235,11,238,133,47,130,1,75,235,11,171,142,39,216,110,97,235,11,171,203,107,139,43,75,162,
    18,244,83,241,128,50,209,122,2,252,29,186,146,33,218,52,0,188,81,250,212,51,209,96,18,177,90,226,220,125,154,114,1,186,14,
    153,84,238,158,50,211,115,24,190,73,181,212,125,216,115,25,215,29,189,221,125,216,115,25,215,88,243,153,116,183,23,119,215,81,242,
    37,199,106,70,153,74,234,138,119,151,79,57,175,74,183,175,25,146,111,70,251,6,217,175,15,249,89,47,143,23,207,215,42,151,55,
    240,60,23,245,108,253,138,46,219,106,59,174,77,167,176,35,195,70,38,134,102,198,222,35,158,80,38,134,67,190,176,45,135,60,90,
    44,81,244,24,186,55493,56510,154,49,114,135,84,244,148,105,137,81,39,177,84,169,177,7,140,113,66,153,92,252,180,57,218,125,20,240,
    222,141,45,232,72,40,136,104,176,141,112,254,72,40,173,16,222,131,105,146,52,84,232,8,139,190,45,205,109,80,240,104,222,136,45,
    219,3,245,62,3,240,107,238,142,30,207,114,30,136,69,242,194,21,198,102,35,131,99,195,163,123,198,59,53,131,99,230,219,21,200,
    123,128,38,69,250,31,179,135,60,192,103,1,186,93,244,219,12,218,127,31,226,95,162,194,26,223,127,58,154,108,230,221,55,214,127,
    213,106,25,174,69,207,136,61,206,111,85,240,28,250,137,50,223,104,21,179,82,180,138,61,208,53,118,252,28,188,220,48,211,127,29,
    73,165,186,41,148,76,44,140,108,233,137,12,204,108,84,154,122,177,212,101,152,37,17,170,75,240,136,39,192,119,77,179,68,233,204,
    132,206,110,142,46,7,168,14,209,130,127,231,71,39,135,66,226,167,39,199,63,49,145,26,191,206,58,198,107,0,196,14,174,206,110,
    215,119,151,55,40,190,91,251,198,59,134,38,62,187,91,222,190,8,194,57,19,178,91,254,129,50,197,110,36,163,86,229,132,119,138,
    64,159,76,177,169,9,233,73,12,172,105,233,137,113,255,95,84,241,42,160,192,96,128,32,64,224,0,231,133,52,198,101,14,182,8,
    224,7,214,133,120,197,101,54,165,24,229,216,37,197,64,5,248,118,189,134,105,148,41,54,165,24,192,160,0,224,101,5,128,64,224,
    3,205,173,102,131,24,82,242,18,178,210,114,146,50,45,141,123,254,158,13,251,35,59,155,123,205,173,42,154,59,120,242,18,178,210,
    254,149,63,177,126,21,191,18,145,164,55,215,119,74,234,114,196,146,55,138,82,36,239,82,161,186,63,223,87,26,185,94,247,211,4,
    104,8,141,109,205,173,13,149,104,85,155,109,205,136,117,251,102,76,247,17,179,205,109,174,91,8,168,72,181,213,13,251,109,8,245,
    36,146,25,228,215,12,201,105,57,168,85,249,175,34,213,37,50,161,65,196,164,4,228,68,92,161,28,210,164,4,193,60,50,175,5,
    229,3,174,223,122,150,98,25,165,66,228,159,56,209,62,41,191,90,250,199,58,135,39,63,186,90,223,191,9,195,56,18,179,90,255,
    73,250,141,38,242,118,17,146,80,241,154,38,150,51,95,185,74,241,156,43,214,112,17,247,73,254,147,118,181,63,95,255,31,243,144,
    203,105,4,232,119,228,217,1,225,65,33,164,68,193,129,33,153,87,55,252,25,168,213,104,220,103,6,189,69,234,141,58,128,126,9,
    125,88,219,17,177,209,113,216,119,81,142,93,160,184,24,248,88,29,189,120,248,152,96,238,78,69,224,17,229,153,52,223,27,81,241,
    90,250,26,186,218,122,229,115,22,182,11,246,203,107,243,118,22,147,115,197,143,116,222,127,22,179,76,255,136,35,247,115,20,151,85,
    141,38,218,35,94,227,124,239,210,10,234,74,42,175,79,202,138,42,146,92,60,247,18,137,195,99,131,35,67,227,3,163,132,38,215,
    42,201,98,26,228,5,162,159,33,205,96,0,169,94,172,209,108,243,96,93,133,101,197,165,32,192,69,5,165,29,211,179,120,157,6,
    149,53,85,245,21,181,213,117,234,74,60,185,89,202,188,100,252,92,60,138,106,237,221,124,191,53,85,245,21,240,155,49,191,112,27,
    122,87,212,97,242,146,50,143,47,55,129,87,242,207,23,225,42,23,228,127,250,154,18,223,124,27,178,22,193,146,50,247,87,55,151,
    206,214,43,150,88,46,142,75,182,184,37,143,52,82,254,14,174,237,24,203,107,11,246,22,206,184,46,203,54,46,152,19,238,221,6,
    148,52,228,117,8,164,114,255,136,120,239,124,28,153,121,217,185,25,129,124,65,143,121,217,156,97,239,114,88,227,6,160,217,124,144,
    45,214,106,13,171,80,247,158,113,230,112,21,181,8,245,200,104,240,117,21,144,112,198,140,119,221,124,21,176,79,252,139,32,244,120,
    186,111,237,140,39,219,43,78,226,68,247,140,33,214,107,13,172,10,244,131,46,139,8,66,226,2,162,142,45,193,99,14,226,125,238,
    26,194,162,2,226,103,7,130,66,226,218,20,244,63,90,235,22,171,159,36,197,126,6,169,78,249,195,61,202,103,66,193,11,171,203,
    180,157,50,148,75,24,229,125,221,189,29,216,120,61,189,93,165,171,11,128,37,84,160,92,241,154,94,148,52,84,244,20,180,212,116,
    162,52,209,113,76,177,12,172,180,49,209,84,52,130,72,179,153,56,209,116,11,184,79,228,176,60,197,80,18,179,88,228,221,96,157,
    57,170,23,207,175,15,239,106,10,143,79,239,215,25,249,50,87,204,6,166,198,102,134,38,70,230,65,227,146,32,195,104,16,238,15,
    225,77,230,136,40,202,125,79,242,15,208,131,126,230,70,38,134,67,227,166,38,198,62,48,144,27,190,229,111,143,47,79,239,15,175,
    24,199,167,17,212,116,39,145,9,209,177,17,231,71,0,240,17,146,216,120,152,56,29,182,92,146,157,54,220,49,114,135,84,244,148,
    144,48,40,158,72,237,208,8,254,53,8,251,96,229,133,21,206,102,6,173,68,169,190,45,205,72,40,136,104,200,208,45,144,94,40,
    67,6,251,117,232,194,121,156,59,67,230,10,213,131,38,198,59,6,251,27,195,134,38,227,67,53,191,4,235,159,62,197,78,15,166,
    26,165,86,225,138,127,147,117,6,189,80,231,154,60,221,59,44,154,122,204,172,98,223,34,31,186,95,255,159,98,236,33,24,250,57,
    252,28,188,220,3,213,112,16,237,80,173,205,21,208,112,53,149,99,233,210,61,201,104,19,152,89,240,149,42,217,110,5,252,1,188,
    26,236,76,58,154,20,233,212,41,204,105,9,169,20,218,215,46,175,37,69,229,5,226,128,49,195,96,11,179,13,172,203,33,192,105,
    199,120,11,188,14,179,206,17,231,71,49,145,31,226,223,34,199,98,2,162,31,209,220,37,164,46,78,238,14,209,177,7,194,98,49,
    94,70,158,126,222,168,8,207,63,94,221,23,183,215,119,197,114,4,178,67,244,159,54,197,118,20,163,82,229,129,54,219,98,18,230,
    160,221,96,144,10,64,224,0,160,132,37,214,112,1,178,84,178,192,125,128,49,106,224,0,160,192,52,193,115,11,238,83,240,129,55,
    135,97,207,124,7,170,93,224,134,39,129,32,99,233,9,169,201,105,137,41,73,190,65,224,133,44,137,110,12,189,79,236,135,63,129,
    123,156,118,23,190,91,228,151,32,146,118,29,216,18,178,210,114,146,50,82,242,18,178,210,114,198,115,1,185,28,229,147,59,198,58,
    146,17,91,251,27,187,219,123,155,59,91,251,27,187,139,56,218,119,23,243,93,238,149,56,207,114,20,181,19,178,241,123,155,59,91,
    4,164,196,100,132,36,68,228,4,164,196,100,205,98,68,163,69,233,129,106,244,104,5,189,65,246,151,106,232,107,7,165,72,212,136,
    236,148,40,223,35,46,165,76,255,140,46,217,104,31,247,122,236,132,57,235,98,31,142,69,228,129,41,133,82,1,161,100,196,164,4,
    191,103,218,39,41,159,127,250,199,9,212,62,69,224,4,191,223,120,229,127,2,246,11,171,214,48,215,122,5,179,22,226,158,51,216,
    85,159,63,95,255,31,191,223,127,159,63,95,255,31,191,223,127,159,63,95,255,75,254,140,52,145,104,30,182,75,183,202,118,181,63,
    232,8,168,200,104,136,40,72,232,8,168,200,104,136,40,72,232,8,168,143,45,220,110,13,166,94,160,193,102,219,120,9,191,70,237,
    85,177,204,113,215,112,29,162,84,155,209,113,145,49,81,241,17,177,209,113,145,49,81,241,17,177,148,63,213,27,81,241,17,177,209,
    186,218,122,154,58,90,250,95,244,158,115,176,58,90,250,26,186,218,122,154,127,20,190,48,186,218,122,154,127,20,190,19,144,218,122,
    35,67,183,66,240,136,109,208,115,2,180,77,171,133,54,205,96,23,170,76,237,203,106,169,35,67,227,3,163,195,99,131,116,11,170,
    0,169,12,235,137,56,202,105,2,186,4,165,194,40,201,96,5,186,73,254,204,40,195,6,76,236,12,172,204,108,140,44,76,236,12,
    245,65,244,134,62,155,98,20,188,65,189,220,95,149,53,85,245,21,181,213,117,149,53,85,245,92,243,213,49,208,99,5,180,71,225,
    12,190,128,99,158,112,23,178,30,234,150,59,208,20,94,254,30,190,222,126,158,62,94,254,30,190,222,126,158,62,12,187,77,251,138,
    196,111,6,181,70,228,147,34,213,113,6,171,82,226,214,103,154,39,87,205,7,167,199,103,135,39,71,231,7,167,199,103,194,107,20,
    117,25,182,16,244,149,38,192,113,2,164,2,176,205,109,144,126,25,188,16,241,158,52,144,98,21,163,85,228,147,56,209,98,17,179,
    13,188,75,239,152,53,204,124,72,249,7,164,217,107,137,57,13,177,92,247,243,121,153,57,89,249,25,185,217,121,153,57,89,249,25,
    194,98,208,103,17,167,86,225,138,35,208,99,1,182,71,240,148,35,206,119,7,243,2,191,194,114,168,34,66,226,2,162,194,98,130,
    107,139,43,75,235,11,171,203,44,202,102,14,229,123,231,138,50,206,121,24,229,103,228,136,42,199,91,7,170,82,238,153,101,232,99,
    213,102,21,183,64,241,134,110,246,102,17,181,95,222,155,61,218,96,7,252,29,158,212,116,148,52,84,244,20,180,212,116,148,52,84,
    61,93,253,73,252,142,54,147,106,28,180,73,181,204,116,183,61,93,253,29,189,221,125,157,61,93,253,29,248,147,57,183,61,93,253,
    166,198,102,134,38,3,168,66,140,198,102,134,38,3,168,66,175,236,102,134,38,70,177,78,239,138,35,134,97,3,178,64,227,136,48,
    199,102,129,107,10,163,70,249,138,61,143,107,0,197,15,175,207,111,143,47,79,239,91,238,156,36,129,120,14,166,91,167,198,69,143,
    120,152,56,88,248,24,184,136,59,217,116,20,240,94,237,150,59,204,113,23,182,16,177,242,120,152,56,88,248,24,184,216,120,152,56,
    225,77,238,130,32,205,33,62,173,77,237,190,45,144,109,62,173,104,176,190,117,147,33,92,225,70,224,140,36,143,81,13,160,88,228,
    88,249,196,6,197,105,11,166,122,230,139,51,207,120,68,137,66,235,152,43,201,126,15,184,32,170,202,106,138,42,74,234,10,170,202,
    179,211,58,213,51,44,191,95,255,172,63,130,127,44,191,122,162,172,103,129,51,18,189,87,179,172,63,223,127,44,191,2,255,172,63,
    181,109,227,40,78,242,116,233,145,61,210,115,21,184,18,207,153,61,200,76,29,174,72,188,130,97,156,114,21,176,28,232,148,57,210,
    111,229,5,165,197,101,133,37,69,229,5,165,197,101,133,37,69,177,68,246,142,107,210,100,12,177,13,180,204,79,133,37,69,229,5,
    238,14,174,206,110,142,46,78,238,14,174,138,43,216,126,15,188,90,188,206,115,142,96,7,162,36,174,206,110,142,46,78,238,14,174,
    23,183,215,119,151,55,87,177,88,229,215,8,155,55,40,187,6,222,190,59,219,94,40,136,94,200,190,30,232,34,18,247,94,249,215,
    208,97,9,178,83,168,151,47,210,107,19,176,65,227,133,110,225,99,20,169,79,238,180,33,211,107,19,135,65,237,133,51,142,74,15,
    107,26,243,110,236,157,13,204,122,10,172,71,237,136,39,221,122,65,224,0,169,141,38,163,41,73,233,9,169,201,105,137,41,73,233,
    82,242,18,178,210,114,146,50,82,187,84,178,173,62,131,91,59,190,94,219,173,13,219,77,59,155,109,167,151,124,252,115,31,183,18,
    230,6,187,164,55,215,82,50,146,114,210,202,55,138,68,50,146,87,170,164,57,147,40,77,232,18,187,154,53,223,59,36,183,10,210,
    13,200,104,45,155,123,237,187,13,237,91,81,161,10,208,150,37,202,119,20,165,86,225,138,39,221,36,26,249,4,181,196,48,204,97,
    195,7,77,237,13,173,205,109,141,45,77,237,13,173,205,109,141,45,77,237,13,173,205,109,141,45,9,168,91,253,140,63,217,63,77,
    43,86,137,90,167,191,31,218,122,63,137,105,255,169,31,255,73,67,179,60,182,214,118,150,54,86,246,22,182,214,118,150,54,86,246,
    95,255,31,191,223,127,159,63,95,168,80,237,148,44,207,126,28,186,17,216,141,62,201,118,11,166,31,162,223,111,181,63,95,255,31,
    200,104,136,40,72,232,8,168,200,104,136,40,72,232,8,168,200,104,136,40,15,173,92,238,141,38,222,32,65,230,91,248,137,63,198,
    52,213,49,76,241,87,240,157,34,212,27,81,241,17,177,209,113,145,49,81,241,17,177,209,113,145,49,81,241,17,177,209,113,145,49,
    214,117,25,187,86,186,165,54,229,43,22,182,101,197,150,54,229,46,73,250,7,186,165,54,214,118,37,182,11,246,165,54,243,43,37,
    23,177,205,11,214,110,2,173,76,234,135,109,240,102,2,183,115,226,145,55,141,83,2,177,70,237,151,109,243,98,17,166,77,247,233,
    172,204,108,140,44,76,236,12,172,204,108,140,44,76,236,12,172,204,108,140,44,76,236,12,211,128,19,157,96,0,147,115,224,128,19,
    193,102,143,69,28,163,90,225,161,58,157,74,25,228,124,220,153,57,252,74,42,188,106,220,188,10,128,112,91,150,115,231,148,56,208,
    119,180,62,94,254,30,190,222,126,158,62,94,254,30,190,222,126,158,62,94,254,30,190,222,126,158,65,18,129,15,242,146,1,225,114,
    171,120,179,212,125,247,110,17,168,83,211,136,111,248,107,86,142,110,235,139,14,248,88,14,152,110,206,184,114,194,41,36,129,85,230,
    93,245,208,122,144,83,54,162,81,253,149,126,239,124,65,153,1,252,193,60,220,124,28,225,92,161,175,100,132,56,93,227,0,188,208,
    171,201,117,153,52,72,233,16,176,243,121,153,57,89,249,25,185,217,121,153,57,89,249,25,185,217,121,153,57,89,249,25,185,217,6,
    110,61,243,78,238,189,29,206,110,61,246,17,184,178,43,212,109,22,150,77,170,189,46,147,75,43,174,78,203,189,29,203,93,43,139,
    52,254,78,165,168,13,217,106,6,174,11,161,203,8,237,121,10,166,78,165,170,37,204,103,14,184,3,187,199,107,198,106,31,163,5,
    166,85,240,220,109,132,61,88,244,4,189,221,94,148,52,84,244,20,180,212,116,148,52,84,244,20,180,212,116,148,52,84,244,20,180,
    29,189,155,50,207,61,34,241,29,254,149,52,209,121,93,180,83,189,141,60,212,111,14,245,98,241,162,108,209,113,34,130,81,241,162,
    146,53,92,129,67,242,165,46,207,106,2,180,67,232,206,111,143,38,2,169,44,166,198,102,134,38,70,230,6,166,198,102,134,38,70,
    47,79,239,15,175,207,111,143,47,79,239,15,175,207,38,201,47,12,167,70,227,139,117,230,124,46,231,112,227,131,6,230,70,38,134,
    73,180,9,199,177,17,212,41,39,186,16,171,206,108,145,49,88,185,86,252,216,59,208,113,20,188,2,223,157,44,249,108,12,170,81,
    131,52,213,100,73,158,77,237,168,8,232,72,40,240,77,176,190,8,232,109,80,158,67,169,210,119,148,40,72,225,85,233,132,47,171,
    106,138,42,74,234,10,170,202,106,138,42,74,234,10,170,202,106,138,42,74,234,10,170,202,106,138,42,74,234,10,170,202,44,197,120,
    147,76,95,243,89,252,145,115,218,125,83,163,82,250,129,32,155,100,28,161,88,224,131,50,208,118,93,146,80,231,154,60,221,71,18,
    111,23,175,123,253,145,57,207,50,54,179,94,239,198,27,217,104,63,180,85,240,152,46,217,114,84,245,21,188,152,51,182,60,92,252,
    165,197,101,133,37,69,229,5,165,197,101,133,37,69,229,5,165,197,101,133,37,69,229,5,165,197,101,133,37,69,229,5,165,140,35,
    206,36,193,108,84,135,93,207,198,17,194,98,39,135,103,199,167,127,194,63,49,135,103,226,223,17,204,38,93,248,24,167,199,110,207,
    57,211,55,29,184,85,173,176,50,195,86,3,163,69,254,149,34,195,114,95,136,91,251,190,30,254,94,62,230,91,166,168,30,254,123,
    241,127,226,200,115,150,55,73,233,0,244,136,37,206,10,64,224,0,160,192,96,128,32,64,224,0,160,192,96,128,32,64,224,0,160,
    9,169,201,105,137,41,73,233,9,169,201,105,137,41,73,233,9,169,201,105,206,104,4,172,19,206,140,61,250,108,27,191,64,234,140,
    186,173,62,222,91,59,155,123,219,195,62,131,77,59,155,94,163,173,48,154,33,68,234,27,187,220,0,215,127,29,166,87,225,220,22,
    158,58,215,126,9,168,83,242,139,24,206,104,15,180,86,254,137,24,212,117,15,169,84,247,151,62,201,53,49,180,89,201,158,54,212,
    16,161,108,229,138,32,200,97,22,254,98,237,150,33,247,97,22,178,65,246,204,63,255,91,8,168,109,205,173,13,237,53,8,245,123,
    132,100,225,220,18,207,37,94,251,20,164,176,109,144,45,50,161,65,196,164,4,228,68,92,161,28,210,164,4,193,60,50,175,5,190,
    1,166,223,122,150,77,41,186,90,223,191,31,255,95,71,186,7,201,191,31,218,39,41,180,30,165,193,103,159,75,86,235,22,252,153,
    253,197,24,218,107,62,171,75,237,150,61,202,107,26,247,96,243,147,22,246,86,54,150,14,243,206,0,246,86,19,238,96,253,215,108,
    63,90,225,1,245,193,66,136,40,72,232,8,168,200,104,136,40,72,232,8,168,200,104,136,40,72,232,8,168,200,104,136,40,72,232,
    81,241,17,177,209,113,145,49,81,241,17,177,150,48,220,116,75,150,84,229,162,52,195,103,24,178,84,185,174,61,221,88,56,152,120,
    147,11,246,203,5,243,83,22,235,101,248,210,105,141,41,83,243,20,200,159,55,213,110,31,169,20,222,159,59,214,127,8,169,82,243,
    51,224,118,16,183,76,238,134,49,224,108,13,183,81,236,143,47,198,113,77,137,76,225,177,38,206,108,23,166,107,226,141,39,207,102,
    222,54,42,165,94,233,191,41,222,122,9,190,4,247,183,19,192,96,37,133,101,197,165,125,192,61,51,133,101,224,221,19,206,36,95,
    34,65,252,104,181,200,117,210,116,24,176,15,210,144,33,230,112,7,163,92,246,144,125,234,121,25,156,124,220,188,28,132,121,68,138,
    55,151,82,175,161,60,150,45,73,235,23,183,208,18,209,125,31,178,110,242,159,39,219,108,80,142,82,255,135,59,204,89,11,183,16,
    170,46,212,116,14,168,73,213,130,48,198,117,3,148,83,230,149,52,157,64,2,179,102,243,147,53,206,101,18,179,66,175,184,43,203,
    25,249,89,57,153,1,252,193,15,249,89,28,225,111,242,216,99,135,38,89,249,28,176,171,15,220,124,57,153,121,217,185,97,220,33,
    230,80,48,181,8,198,155,113,138,46,78,240,100,185,196,121,230,117,21,144,112,208,176,16,136,117,72,134,112,208,149,104,230,123,81,
    17,181,218,107,223,43,104,226,2,162,194,98,130,34,66,226,2,162,194,98,130,34,66,226,2,162,194,98,130,34,66,226,2,162,194,
    171,203,107,139,43,75,235,11,238,133,47,161,43,75,235,11,171,203,107,139,43,75,235,11,171,203,107,139,43,75,235,11,171,203,107,
    212,116,148,52,84,244,20,180,212,49,218,112,126,244,20,180,212,116,148,52,84,244,20,180,212,116,148,52,84,244,20,180,212,116,148,
    125,157,61,93,253,29,248,147,57,183,61,93,253,29,189,221,125,157,61,93,253,29,189,221,125,157,61,93,253,29,189,221,125,157,120,
    168,66,140,198,102,134,38,70,230,6,166,198,102,134,38,70,230,6,166,198,102,134,38,3,168,66,140,198,102,134,38,70,230,6,166,
    15,175,207,111,143,47,79,239,74,225,139,69,143,47,79,239,15,175,207,111,143,47,79,239,15,175,207,111,198,105,79,171,74,249,159,
    249,138,44,138,56,69,229,24,246,145,52,152,108,16,189,86,184,138,61,203,125,12,187,80,249,138,57,219,108,29,170,78,249,148,45,
    100,80,225,28,161,147,36,210,100,21,162,73,224,147,32,194,117,4,179,87,224,141,52,196,48,65,234,1,176,193,36,207,101,107,225,
    74,234,10,170,202,106,138,42,74,234,10,239,134,57,207,99,12,234,117,230,134,38,245,102,91,166,117,230,163,123,245,62,88,234,75,
    189,87,179,172,63,223,127,44,191,2,255,172,63,250,34,44,231,1,189,187,38,222,114,29,188,90,247,221,0,218,103,83,238,14,179,
    90,253,144,47,217,60,29,178,88,188,155,57,200,122,25,178,74,180,213,114,207,108,29,171,82,249,152,124,194,33,92,168,78,233,153,
    133,113,13,160,75,143,197,101,133,37,69,229,5,165,197,101,133,37,69,229,5,165,130,36,200,96,95,130,64,241,182,32,215,115,12,
    109,11,230,113,226,130,7,231,71,39,135,31,226,223,17,231,71,2,255,113,236,198,125,153,55,71,231,0,220,139,35,193,122,11,189,
    89,147,82,246,155,50,197,100,31,190,71,212,130,36,195,120,26,178,69,212,152,57,195,101,24,187,91,242,133,121,253,120,21,133,82,
    141,47,212,101,40,161,78,228,140,37,210,58,38,169,82,229,179,37,210,118,5,178,8,223,167,110,210,101,13,175,84,229,148,33,194,
    37,204,32,99,233,9,169,201,105,137,41,73,233,9,169,201,105,137,41,73,190,70,251,130,58,217,104,10,172,7,206,155,40,223,96,
    198,107,82,239,18,163,203,100,184,50,82,242,18,178,210,114,146,50,82,242,18,178,210,114,146,117,23,166,84,247,156,36,154,59,92,
    104,11,186,76,245,158,63,155,38,91,175,73,238,158,81,155,59,91,251,27,187,219,123,155,59,91,251,27,187,219,123,207,122,8,176,
    170,147,37,205,112,76,244,10,181,205,78,132,36,68,228,4,164,196,100,132,36,68,228,65,234,128,78,132,36,68,228,4,164,196,100,
    136,35,201,36,103,237,13,173,205,40,195,105,103,168,67,233,196,71,242,97,1,161,28,188,164,18,196,97,92,132,114,185,132,119,236,
    50,210,66,25,177,81,250,147,126,233,122,26,159,127,223,191,31,135,122,71,137,127,223,154,103,233,116,94,229,14,166,223,122,150,73,
    214,115,19,238,83,174,206,22,211,115,54,150,96,234,209,62,202,107,16,155,90,243,150,41,218,109,6,158,91,233,211,127,217,106,17,
    75,252,129,39,198,32,55,129,97,215,183,121,196,57,4,161,68,228,132,121,247,58,3,225,34,168,200,104,136,87,1,164,68,185,132,
    160,192,24,221,125,56,152,110,228,223,48,196,101,30,149,84,253,152,39,212,99,8,144,85,231,209,108,145,78,56,152,110,206,192,61,
    203,54,211,118,22,182,11,197,200,49,176,58,90,250,26,253,159,46,220,127,20,172,18,179,212,62,223,118,19,172,95,232,200,122,135,
    67,156,106,202,188,28,146,111,82,175,74,239,143,47,146,92,81,168,41,163,195,99,131,92,60,138,79,239,188,10,146,74,42,138,124,
    147,84,164,197,70,140,44,76,236,94,233,159,41,216,111,4,173,94,237,143,56,201,126,26,173,64,249,137,108,145,44,92,198,12,172,
    21,181,145,48,195,101,20,167,65,181,200,117,132,31,85,245,21,181,146,52,216,112,91,133,89,244,140,48,199,102,91,153,90,246,148,
    242,174,50,223,103,27,172,16,221,150,63,204,127,29,170,91,236,208,22,219,127,26,240,127,240,157,54,209,108,27,186,30,163,222,56,
    102,11,180,66,141,199,103,135,39,19,166,84,236,201,52,215,102,16,169,15,225,146,41,196,115,14,168,73,175,206,77,135,39,71,231,
    80,240,16,176,135,56,217,124,21,240,87,245,132,54,213,126,6,248,25,190,148,53,220,121,6,181,66,162,208,52,223,26,80,240,16,
    249,25,185,217,121,153,57,89,249,77,248,138,50,151,110,24,176,77,177,208,83,153,57,89,249,25,185,217,121,153,57,89,249,73,250,
    35,206,110,74,164,87,236,129,54,203,109,12,234,11,136,194,98,130,34,66,226,2,162,194,98,130,34,66,226,2,162,139,36,130,101,
    202,102,14,229,123,231,138,50,206,121,24,229,103,228,136,42,199,91,7,170,82,238,153,101,232,99,10,185,74,232,159,46,217,49,60,
    117,29,160,114,251,134,23,220,125,24,176,28,203,152,56,253,93,61,157,125,165,152,101,235,93,61,184,5,203,150,124,135,44,69,253,
    84,243,110,244,137,125,128,32,93,187,92,241,142,56,157,105,21,184,83,151,221,125,157,61,93,253,29,189,221,125,157,61,93,253,29,
    198,102,134,38,70,178,71,245,141,104,209,103,15,178,14,179,207,76,134,38,70,230,6,166,198,102,134,38,70,230,6,166,198,102,134,
    111,143,47,8,170,91,233,138,33,217,39,70,225,92,255,142,56,193,106,11,239,18,175,137,46,195,124,10,197,15,175,207,111,143,47,
    152,56,88,248,24,184,216,120,152,56,29,182,92,146,216,120,152,56,88,248,24,184,216,120,152,56,29,182,92,177,242,120,152,56,88,
    1,161,193,97,196,111,5,203,1,161,193,97,196,111,5,232,43,161,193,97,129,117,0,178,74,175,146,49,192,118,15,233,71,244,143,
    233,158,35,197,100,66,227,32,170,202,106,138,42,74,234,10,253,130,35,198,111,74,173,79,254,140,47,196,124,66,227,4,238,143,38,
    154,37,214,97,65,243,87,252,249,115,147,51,83,243,19,179,211,115,147,51,83,167,82,224,152,125,196,114,26,167,27,186,249,115,147,
    124,156,60,92,252,28,188,220,124,156,117,26,252,88,249,138,44,221,110,8,252,66,161,220,50,213,112,92,168,84,249,146,86,156,60,
    229,5,165,197,101,133,37,69,229,5,165,197,101,133,119,0,182,64,241,134,45,196,119,4,166,81,224,151,51,196,105,16,160,5,184,
    14,190,228,110,142,46,78,238,14,174,206,110,142,46,78,171,66,253,139,39,200,46,10,171,88,254,143,60,218,46,83,243,14,224,135,
    251,215,54,217,115,87,165,82,228,146,35,212,127,22,165,86,244,131,50,197,97,22,187,66,242,215,105,138,55,69,231,23,227,159,50,
    110,106,224,0,160,192,96,128,32,64,224,0,160,192,96,128,32,64,178,69,243,133,52,195,104,1,178,65,227,148,37,210,118,1,172,
    28,172,9,180,201,121,163,41,73,233,9,169,201,105,137,41,73,233,9,169,201,105,137,110,8,164,76,167,185,37,200,112,12,187,90,
    252,126,253,145,51,222,66,30,179,75,247,128,124,241,122,19,160,83,241,134,55,192,40,48,160,87,243,153,24,221,123,28,166,65,186,
    18,145,219,123,155,59,91,251,27,187,219,123,155,59,91,251,27,187,143,58,200,112,85,172,90,242,143,115,138,50,113,251,27,187,219,
    132,36,68,228,4,164,196,100,193,106,0,206,4,164,196,100,132,36,68,228,65,234,128,78,132,36,68,228,65,234,128,109,174,36,68,
    45,77,161,66,238,140,33,141,107,24,163,78,249,132,34,195,45,50,161,65,225,220,33,242,68,50,161,28,196,164,33,156,82,89,167,
    94,255,60,182,214,118,150,54,86,246,22,240,153,36,150,73,90,246,105,250,199,31,255,122,26,159,105,201,159,9,255,95,41,227,83,
    255,86,241,223,47,222,118,13,172,23,232,144,45,212,108,15,190,92,250,209,28,222,109,12,229,120,250,139,28,215,118,19,187,77,250,
    38,128,33,65,232,76,231,226,104,136,40,72,232,8,168,200,104,136,40,72,161,78,168,183,36,153,65,33,164,68,193,183,23,193,87,
    248,88,46,228,84,191,191,48,220,116,81,236,12,177,174,61,221,88,56,152,120,216,192,61,128,78,56,152,93,160,174,51,153,34,73,
    40,83,250,91,244,158,122,229,118,75,147,115,246,150,19,229,69,19,133,115,211,165,111,223,32,61,191,78,219,142,46,200,115,24,175,
    247,134,107,252,111,15,138,106,202,170,10,146,111,82,156,106,202,143,114,252,97,75,240,27,176,202,106,131,62,94,227,124,196,205,49,
    137,33,195,120,9,184,77,238,128,41,130,70,3,174,95,215,221,17,130,69,8,236,88,228,137,34,166,44,76,236,12,172,204,108,140,
    117,149,53,85,245,21,181,213,39,208,97,0,167,91,181,170,57,132,92,60,185,89,220,170,10,220,74,60,156,106,160,144,95,149,53,
    158,62,94,254,30,190,222,126,158,62,27,176,90,148,222,126,158,62,94,254,30,190,155,48,218,20,94,254,30,190,222,126,158,62,12,
    66,243,146,53,201,39,9,174,75,141,199,103,135,39,2,169,67,141,199,103,135,39,19,166,84,236,201,52,215,102,16,169,15,225,146,
    254,147,36,217,127,30,248,25,154,208,112,144,48,80,240,16,176,156,63,211,113,28,240,111,252,156,60,220,89,57,153,121,252,156,60,
    166,53,213,80,48,134,13,242,217,100,153,41,115,249,25,185,217,121,153,57,89,174,81,240,149,60,153,126,28,173,95,252,151,47,145,
    75,236,70,231,142,43,212,103,16,240,2,230,141,72,130,34,66,226,2,162,194,98,130,34,66,226,86,227,145,41,140,117,3,171,86,
    227,2,129,203,107,139,43,75,235,11,171,203,107,139,43,7,164,72,234,135,107,244,66,34,148,71,231,135,122,199,103,7,167,116,212,
    107,160,152,116,137,52,43,184,88,248,197,56,235,93,43,184,5,221,189,56,133,75,64,190,28,189,254,116,148,52,84,244,20,180,212,
    189,221,125,157,116,27,253,98,212,180,2,209,113,17,236,81,241,145,49,226,66,34,233,81,189,156,51,217,61,26,188,80,248,211,13,
    106,7,191,67,244,149,104,234,105,5,167,74,214,138,39,223,99,20,232,101,238,135,52,199,101,18,163,84,168,174,51,203,103,8,169,
    6,171,1,220,138,46,219,95,14,189,91,175,210,114,143,97,6,163,15,251,135,42,193,5,79,239,15,175,207,111,143,47,79,239,15,
    248,24,184,216,120,209,126,88,135,84,244,148,52,241,81,49,145,84,244,148,7,212,116,49,145,103,172,147,120,132,56,73,232,24,236,
    41,196,111,107,225,1,161,193,97,129,33,65,225,1,161,193,97,129,33,65,225,1,161,193,30,205,109,13,173,104,200,168,8,205,109,
    198,85,6,166,99,195,181,126,193,42,87,234,117,230,134,38,198,67,35,131,99,230,134,38,245,102,6,131,99,213,222,33,138,33,74,
    34,121,243,19,179,211,115,147,51,83,243,19,179,211,115,147,51,83,243,19,179,211,39,210,96,24,253,68,242,154,39,155,34,90,217,
    92,252,28,188,220,124,156,60,92,252,28,188,220,124,156,60,25,176,79,249,246,124,156,60,92,252,28,188,220,124,156,60,92,252,28,
    197,101,133,37,69,229,122,233,137,41,201,76,44,140,108,233,137,41,250,105,9,140,108,218,209,46,133,56,69,245,47,165,197,101,133,
    110,142,46,78,238,14,174,206,110,142,46,78,238,14,174,206,17,231,71,49,162,66,226,223,34,194,98,2,145,113,209,218,34,148,74,
    210,100,3,165,88,238,223,126,189,55,87,247,23,183,215,119,151,55,87,247,23,183,215,119,151,55,87,247,23,227,150,36,220,57,0,
    65,233,148,104,145,41,106,224,0,160,192,96,128,32,64,224,0,160,192,96,128,32,64,165,78,228,234,96,128,32,64,224,0,160,192,
    169,201,105,137,108,5,186,76,224,143,105,246,64,32,150,69,229,133,120,197,101,5,165,118,214,182,125,197,41,8,167,77,169,142,40,
    159,55,156,66,30,179,75,247,128,33,156,94,29,177,83,254,162,62,211,107,23,160,28,209,154,51,192,115,17,166,87,224,220,26,199,
    54,218,117,20,178,95,181,168,62,218,111,43,186,73,239,219,37,134,59,21,178,87,187,143,51,222,117,113,251,27,187,219,123,155,59,
    228,4,164,196,100,132,36,68,228,123,232,136,40,200,77,45,141,109,232,136,40,251,104,8,141,109,219,208,47,132,57,68,244,46,164,
    13,173,205,109,141,45,77,237,13,173,205,109,141,45,77,185,76,254,134,99,218,108,4,185,5,188,196,71,141,45,77,237,13,173,205,
    182,214,118,150,54,19,184,82,156,214,118,150,54,86,246,22,182,147,56,210,28,86,246,22,182,147,56,210,63,124,246,22,182,214,34,
    158,44,212,49,12,175,94,232,145,119,217,106,17,188,75,246,144,49,151,54,117,255,31,191,223,127,159,63,95,168,87,246,147,58,159,
    15,173,92,238,141,38,222,32,65,230,76,237,132,33,222,109,26,250,8,236,135,66,136,40,72,232,8,168,200,104,136,40,72,232,92,
    176,66,250,223,38,208,120,5,249,24,155,209,113,145,49,81,241,17,177,209,113,145,49,24,183,17,246,148,37,215,116,31,167,25,184,
    20,249,146,63,217,113,19,188,26,228,199,122,212,115,22,250,78,242,159,52,176,58,90,250,26,186,218,122,154,58,90,250,26,186,218,
    131,35,23,162,80,232,205,52,194,106,23,235,23,179,202,73,131,35,67,227,3,163,195,99,131,35,67,227,3,163,195,99,196,102,23,
    106,9,162,90,164,197,98,207,100,9,175,71,229,138,108,145,44,2,165,64,134,204,108,140,44,76,236,12,172,204,108,140,44,9,162,
    17,223,21,181,213,117,149,53,85,245,80,251,145,95,149,53,85,245,80,251,145,124,191,53,85,245,21,242,144,33,211,112,27,163,29,
    247,16,253,150,59,221,117,23,184,30,163,222,48,215,114,116,254,30,190,222,41,214,119,18,187,30,249,155,42,216,123,16,168,22,183,
    105,195,98,11,174,81,226,149,117,135,99,8,205,7,167,199,103,135,39,71,231,83,230,148,44,137,112,6,174,83,175,206,77,135,39,
    144,48,80,240,16,176,128,51,209,124,28,248,86,229,158,51,196,121,31,190,24,185,250,112,144,48,80,240,16,176,208,112,144,48,80,
    117,22,186,88,245,217,6,213,117,21,134,85,168,149,6,213,80,72,134,13,171,217,100,153,126,24,180,92,183,169,53,216,96,28,171,
    241,204,14,205,97,3,174,114,238,131,59,199,112,76,129,74,227,144,35,193,118,7,176,40,162,194,98,130,34,66,226,2,162,194,98,
    203,34,205,43,52,167,71,231,180,39,154,103,52,167,98,186,180,127,153,43,10,165,79,171,180,39,199,103,52,167,26,231,180,39,226,
    101,235,32,70,250,124,225,153,53,218,123,29,176,26,199,157,32,148,41,73,244,64,230,129,49,148,96,28,177,90,158,212,116,148,52,
    157,61,93,253,29,189,221,125,157,61,93,253,73,252,142,54,147,106,28,180,73,181,205,115,140,52,119,253,29,189,221,125,157,61,93,
    6,166,198,102,134,38,70,230,66,227,144,54,199,116,18,230,27,166,136,47,202,12,70,230,6,166,198,102,134,38,70,230,6,166,198,
    175,207,111,201,96,29,239,112,163,207,16,195,62,38,134,67,227,166,16,240,102,48,134,102,208,218,42,143,102,1,239,95,238,134,61,
    139,112,207,119,10,179,75,232,153,59,221,54,57,187,76,241,151,54,236,121,11,179,75,223,153,53,221,107,86,146,87,250,139,98,255,
    4,181,101,228,146,34,196,111,5,160,79,245,146,105,136,40,65,165,78,139,193,97,129,33,65,225,1,161,193,97,129,33,65,225,1,
    234,10,170,202,106,195,108,74,149,70,187,163,3,198,102,35,149,117,227,181,3,227,85,95,175,4,196,139,39,207,42,87,247,10,213,
    95,255,186,26,250,90,58,226,95,162,172,26,250,127,66,140,81,187,192,107,135,58,83,178,93,247,211,12,223,34,58,154,95,255,186,
    195,163,53,227,85,53,131,9,249,210,8,206,125,18,175,76,253,142,57,210,127,5,252,66,161,220,109,156,125,18,184,28,195,144,48,
    105,58,169,20,233,186,41,236,52,58,241,23,171,173,48,200,100,11,170,76,225,203,22,192,100,17,149,68,247,145,101,219,56,69,171,
    7,162,14,250,134,43,192,4,78,238,14,174,206,110,142,46,78,238,14,174,206,110,142,46,78,238,14,174,206,110,142,46,10,171,88,
    167,86,229,131,119,138,55,40,187,6,222,190,59,219,94,40,136,94,200,190,30,232,34,18,221,23,183,215,119,151,55,87,247,23,183,
    96,128,32,64,224,0,160,192,96,128,32,64,224,0,247,143,50,203,115,16,161,67,229,206,7,210,97,22,169,84,249,192,125,128,48,
    163,41,73,233,9,169,201,105,137,41,73,233,9,169,201,105,137,41,73,233,9,169,201,105,137,86,5,165,69,214,133,120,197,86,5,
    91,67,141,6,160,220,26,215,115,22,252,115,252,145,58,221,96,23,182,18,175,210,52,211,126,1,183,56,178,210,114,146,50,82,242,
    91,251,27,187,219,123,155,59,91,251,27,187,219,123,155,59,91,175,75,235,154,41,207,59,70,251,100,247,202,18,242,119,23,146,100,
    187,45,251,77,45,155,17,225,238,100,132,36,68,228,4,164,196,100,132,36,68,228,4,164,196,100,132,36,68,228,4,164,196,35,193,
    57,203,104,3,187,5,164,195,62,221,108,26,163,72,233,205,112,141,107,12,161,94,232,231,109,141,45,77,237,13,173,205,109,141,45,
    150,54,86,246,22,182,214,118,150,54,86,246,22,250,153,53,215,122,86,137,90,201,199,58,218,73,41,186,90,201,194,101,150,43,86,
    64,19,179,83,192,147,110,211,64,19,150,14,192,203,109,145,87,10,178,94,241,144,54,219,49,44,186,94,235,175,62,205,107,81,143,
    233,154,45,198,124,70,152,73,250,141,38,220,2,72,232,8,168,200,104,136,40,72,232,8,168,200,104,136,40,72,232,8,168,200,104,
    209,113,238,125,46,224,93,253,174,14,221,125,46,229,2,171,161,56,199,126,5,133,94,185,174,61,128,88,56,189,93,216,174,14,216,
    5,243,83,37,239,95,180,185,28,200,123,23,191,19,144,218,122,154,58,90,250,26,186,218,122,154,58,90,250,26,186,218,122,154,58,
    227,3,163,195,28,207,92,82,175,79,220,188,47,207,92,87,240,25,211,138,53,204,119,55,172,11,220,143,114,234,74,15,175,106,220,
    115,229,179,5,229,83,89,169,2,207,170,62,205,97,9,236,6,172,175,10,222,109,1,169,2,211,128,125,229,61,0,253,64,224,128,
    249,196,57,132,74,65,225,29,184,198,101,153,53,70,229,25,181,216,100,133,60,92,223,21,181,213,117,149,53,85,245,21,181,213,117,
    222,126,158,62,94,254,30,190,222,126,158,62,33,178,97,175,146,50,225,65,18,178,97,170,205,100,238,119,8,177,74,202,145,118,225,
    11,246,110,206,139,43,238,88,56,174,120,206,174,24,146,98,73,132,97,245,134,42,194,39,77,231,100,193,149,38,202,98,73,134,73,
    183,92,245,131,120,128,60,80,189,81,228,152,126,194,113,20,248,9,160,217,124,144,32,89,249,58,176,208,112,144,48,80,240,16,176,
    25,185,217,121,153,57,89,249,25,185,217,121,153,57,89,191,86,235,217,6,149,57,26,177,80,245,157,121,208,119,89,169,88,240,139,
    209,42,61,174,125,179,142,46,253,93,14,174,125,182,209,120,229,103,22,129,74,235,142,38,208,103,12,234,11,171,194,38,205,8,66,
    43,75,235,11,171,203,107,139,43,75,235,11,171,203,107,139,43,75,235,11,171,203,107,139,43,75,235,66,237,203,40,195,98,7,175,
    78,157,71,213,220,11,216,120,61,157,125,221,189,101,216,37,43,157,125,248,197,11,214,60,71,236,1,189,221,116,213,122,16,244,87,
    181,84,241,153,103,250,120,9,156,73,233,143,52,223,104,9,184,21,194,145,49,244,84,52,148,116,172,145,108,226,84,52,177,12,194,
    36,142,53,94,240,15,175,198,50,206,99,8,204,6,166,198,102,134,38,70,230,6,166,198,102,134,38,70,230,6,166,198,102,134,38,
    143,47,79,239,15,175,207,111,143,47,29,170,95,234,142,59,143,123,14,188,68,161,152,46,198,123,71,255,1,190,198,69,143,47,79,
    56,88,248,24,184,216,120,152,56,88,248,24,184,216,120,152,56,88,248,24,184,216,120,152,56,88,248,24,184,216,120,152,56,8,187,
    224,141,45,137,103,20,175,66,245,136,46,207,41,72,203,1,161,193,97,129,33,65,225,1,161,193,97,129,33,65,225,1,161,193,97,
    202,106,138,42,74,234,10,170,202,106,138,42,74,234,10,170,202,106,138,42,6,165,73,235,134,106,245,67,35,163,67,195,134,3,227,
    12,218,122,44,231,94,179,206,115,236,127,31,191,108,255,194,63,236,127,58,226,108,167,193,125,251,102,30,178,93,252,154,55,157,64,
    217,125,8,140,93,238,136,114,236,125,14,185,82,232,210,12,221,110,25,178,72,150,220,124,156,60,92,252,28,188,220,124,156,60,92,
    5,165,197,101,133,37,69,229,5,165,197,101,133,37,69,229,5,165,197,101,133,37,69,229,5,165,197,26,236,76,12,172,108,233,172,
    199,177,39,199,81,90,163,20,222,135,56,193,122,58,161,6,250,158,62,207,124,26,224,109,200,156,47,195,107,71,196,14,174,206,110,
    215,119,151,55,87,247,23,183,215,119,151,55,87,247,23,183,215,119,151,55,87,247,23,183,215,119,151,55,87,247,23,183,215,119,151,
    64,159,105,201,137,41,233,108,41,137,127,233,137,31,148,109,90,144,73,246,143,52,244,111,72,180,80,240,129,50,212,46,35,134,82,
    168,68,236,201,99,137,74,47,187,72,228,140,103,246,101,88,128,24,229,216,37,197,101,5,248,69,184,182,125,157,33,68,250,25,165,
    18,161,194,126,146,63,67,226,27,187,248,114,146,50,82,242,18,178,210,114,146,50,82,242,18,178,210,114,146,50,82,242,18,178,210,
    187,219,123,155,59,91,251,27,187,219,123,155,59,91,251,27,196,178,18,210,114,50,183,114,210,164,50,210,68,79,182,1,203,146,45,
    107,16,144,75,172,144,52,212,101,22,176,10,199,162,54,197,105,1,228,14,164,167,2,214,101,9,161,10,197,138,35,200,97,23,236,
    93,225,13,224,140,57,197,35,31,172,73,165,212,125,132,33,77,253,4,164,231,109,141,45,77,237,13,173,205,109,141,45,77,237,13,
    246,22,182,214,118,150,54,86,246,22,182,214,118,150,54,86,246,22,182,214,118,150,115,24,178,31,156,214,118,150,54,86,246,22,182,
    31,191,223,127,159,63,95,255,31,191,223,127,159,63,95,255,31,191,223,127,159,63,95,255,31,191,223,127,216,126,18,186,5,216,154,
    220,91,13,186,94,225,139,45,128,87,4,164,97,193,161,1,225,57,4,249,119,193,161,36,153,87,10,224,27,176,223,97,129,38,58,
    116,28,190,69,244,130,127,245,116,16,189,84,227,130,57,216,97,50,164,66,229,158,60,212,99,50,190,95,229,131,62,221,125,20,163,
    84,144,85,248,168,63,215,117,14,191,114,251,148,62,214,127,8,224,124,243,136,63,233,127,8,172,95,232,210,33,225,69,22,182,115,
    170,10,234,74,82,175,18,220,170,10,207,50,60,161,11,176,219,123,138,94,67,254,3,220,143,47,234,74,42,138,106,178,143,114,252,
    5,229,96,93,147,78,164,223,116,149,37,64,236,119,211,128,32,229,69,37,133,101,189,128,125,243,69,37,160,29,211,142,100,159,53,
    133,60,40,245,8,181,150,61,220,121,17,251,123,244,152,48,200,60,127,245,21,181,213,117,149,53,85,245,21,181,213,117,149,53,85,
    62,94,254,30,190,222,126,158,62,94,254,30,190,222,126,158,107,16,170,87,242,222,1,210,114,18,129,82,175,146,1,210,87,79,129,
    179,213,105,239,114,10,166,73,232,142,35,137,84,2,166,83,215,134,53,211,39,90,250,7,233,142,43,135,104,21,231,67,226,145,55,
    145,34,196,62,36,162,81,254,131,32,209,98,21,190,83,233,208,109,141,48,65,240,95,226,208,62,223,100,80,183,85,228,150,53,222,
    47,145,48,87,189,92,245,144,47,220,107,75,211,25,185,217,121,153,57,89,249,25,185,217,121,153,57,89,249,25,185,217,121,153,57,
    226,2,162,194,98,130,34,66,226,2,221,142,46,206,93,14,243,78,221,142,11,147,93,86,240,12,202,135,35,198,44,35,172,65,234,
    68,249,142,47,139,54,75,173,74,231,152,46,161,43,75,235,11,171,203,107,139,43,75,235,11,171,203,107,139,43,75,235,11,171,203,
    180,212,116,148,52,84,244,20,180,212,11,216,120,24,139,88,165,152,11,216,93,69,139,0,166,218,28,193,121,21,186,91,253,144,6,
    146,50,201,77,28,175,73,179,171,56,209,114,30,180,73,228,221,96,157,75,24,190,73,242,143,110,147,66,17,236,116,172,145,108,209,
    10,170,74,183,138,119,249,50,82,238,22,170,214,106,150,47,108,230,6,166,198,102,134,38,70,230,6,166,198,102,134,38,70,230,6,
    239,15,175,207,111,143,47,79,239,15,175,207,111,143,99,0,172,78,227,207,41,218,97,12,187,70,224,129,111,240,70,38,254,30,230,
    84,169,177,17,212,41,49,135,12,246,208,113,178,56,88,248,24,184,216,120,152,56,88,248,24,184,216,120,152,56,88,248,24,184,216,
    129,33,65,225,1,161,193,97,129,33,65,225,1,161,141,46,194,96,13,225,126,237,208,45,205,94,13,240,77,176,141,45,232,109,80,
    85,94,165,10,183,202,122,160,42,74,234,10,170,202,106,138,42,74,234,10,170,202,106,138,42,74,234,10,170,202,106,138,42,74,234,
    83,243,19,179,211,115,147,51,83,191,92,240,146,63,147,76,31,226,95,162,186,26,250,90,58,154,95,162,186,63,250,90,44,231,67,
    252,1,188,155,61,209,121,70,155,89,232,175,57,206,106,21,191,89,180,163,48,208,85,53,149,117,213,205,48,141,67,53,149,80,173,
    26,199,45,86,252,20,172,204,107,233,106,6,164,73,213,137,36,220,96,23,235,117,233,132,60,192,119,34,176,76,191,163,44,203,97,
    232,103,28,189,90,205,134,39,194,106,70,145,66,226,167,7,231,71,39,255,66,191,177,7,231,98,95,145,76,166,221,119,156,39,71,
    29,87,247,23,183,215,119,151,55,87,247,23,183,215,119,151,55,87,247,23,183,215,119,151,55,87,247,23,183,215,119,151,55,87,247,
    160,192,41,198,32,63,172,17,236,209,9,233,73,41,137,105,236,209,9,204,73,41,159,20,240,192,52,200,101,14,202,0,160,192,96,
    201,105,137,41,73,233,9,169,201,105,137,41,73,233,9,169,201,105,137,41,73,233,9,169,201,105,137,41,73,233,9,169,201,105,137,
    114,212,125,0,242,109,190,210,33,198,115,0,242,91,252,210,34,211,123,0,161,26,205,158,99,222,35,59,155,123,219,187,27,222,35,
    242,119,50,146,100,175,139,117,228,42,23,234,100,242,146,55,215,119,23,234,87,170,164,105,206,53,40,175,90,233,136,97,252,126,15,
    103,236,141,40,192,118,1,170,12,173,205,100,192,107,110,228,4,164,196,100,132,36,68,228,4,164,196,100,132,36,68,228,4,164,196,
    173,205,109,141,45,77,237,13,173,205,109,141,45,77,237,13,173,205,109,141,45,77,237,13,228,139,109,222,121,31,164,67,234,195,43,
    159,56,210,62,5,162,87,228,216,24,215,123,19,250,22,201,154,58,255,95,63,159,127,167,154,103,233,95,63,186,7,201,148,126,133,
    102,140,54,86,255,94,241,155,127,204,107,30,173,17,214,146,62,216,122,60,176,83,240,141,108,159,34,66,255,124,240,147,48,205,44,
    230,78,250,135,37,250,79,42,224,26,189,221,100,136,57,80,241,4,168,219,124,129,40,28,160,77,230,226,104,136,40,72,232,8,168,
    17,177,209,113,145,49,81,241,17,177,209,113,145,49,81,241,17,177,209,113,145,49,81,241,17,177,209,113,145,49,81,241,17,177,209,
    186,218,122,154,58,90,133,86,171,150,54,229,118,75,182,11,246,150,19,214,43,37,238,85,186,199,122,229,118,75,182,86,197,150,107,
    111,82,175,79,202,143,114,252,55,12,227,8,163,210,73,131,35,67,227,3,163,195,99,131,35,67,227,3,163,195,99,131,35,67,227,
    76,236,12,172,204,108,140,44,76,236,12,172,204,108,140,44,76,236,12,172,204,108,140,44,9,162,72,134,204,108,140,44,76,236,12,
    245,21,181,213,117,149,53,85,245,21,181,213,117,149,53,85,245,21,181,213,117,149,53,85,245,21,181,213,117,149,53,85,245,80,251,
    90,148,222,126,158,62,94,254,30,190,222,126,158,62,94,254,30,190,222,126,158,62,94,254,30,190,222,126,158,62,94,254,30,190,222,
    135,39,71,162,73,227,237,103,135,39,71,231,7,167,199,103,135,39,71,231,7,167,199,103,135,39,71,231,7,167,199,103,135,39,71,
    48,80,240,16,176,208,112,144,98,21,164,69,226,158,112,239,124,65,188,92,207,156,97,220,33,28,188,121,252,193,15,132,127,122,240,
    89,249,25,185,217,121,153,57,89,249,25,185,217,121,153,57,89,249,25,185,217,121,153,57,89,249,25,185,217,121,153,124,23,189,51,
    194,98,130,34,66,226,2,162,194,98,130,34,66,226,2,162,194,98,130,34,66,226,2,162,194,98,130,34,66,226,2,162,142,45,193,
    42,199,43,13,190,69,232,159,34,196,101,75,148,71,186,162,2,199,103,7,130,98,231,135,39,199,58,52,148,31,250,195,34,207,34,
    190,52,84,244,20,180,212,116,148,52,84,244,20,180,212,116,148,52,84,244,20,180,212,116,148,52,84,244,20,180,212,116,148,52,84,
    61,93,187,82,239,221,2,145,61,8,174,88,249,221,52,211,61,13,188,84,239,142,117,226,90,83,168,78,248,153,52,217,110,93,178,
    244,198,61,219,47,70,162,73,140,198,102,134,38,70,230,6,166,198,102,134,38,70,230,6,166,198,102,134,38,70,230,6,166,198,102,
    207,111,143,47,79,239,15,175,207,111,143,47,79,239,70,233,207,58,220,106,11,239,18,178,207,38,203,47,27,167,74,225,207,61,202,
    44,205,106,22,248,76,234,141,61,152,125,22,188,50,184,216,120,152,56,88,248,24,184,216,120,152,56,88,248,24,184,216,120,152,56,
    225,1,161,193,97,129,33,65,225,1,161,193,97,129,33,4,175,69,139,193,97,129,33,65,225,1,161,193,97,129,33,65,225,1,161,
    10,170,202,106,138,42,74,234,10,170,202,106,138,42,74,234,10,170,202,106,216,111,30,191,88,228,202,44,203,102,25,175,32,170,202,
    179,211,115,147,51,83,243,19,179,211,115,147,51,83,243,19,179,211,115,147,51,83,243,19,179,211,115,147,51,83,182,93,247,249,115,
    220,124,156,60,92,252,28,188,220,124,156,60,92,252,28,188,220,124,156,60,92,252,28,188,220,124,156,60,92,252,28,245,154,124,219,
    4,168,64,191,162,32,209,86,0,183,83,236,134,32,141,90,9,169,108,204,172,12,236,52,9,244,122,204,172,41,148,90,7,237,22,
    247,26,167,199,96,226,97,13,175,66,222,130,47,215,107,28,224,126,226,143,55,203,124,41,187,71,180,168,39,192,106,40,167,92,253,
    67,212,159,62,219,115,95,136,91,251,190,30,254,94,62,230,91,166,168,30,254,123,70,136,85,191,196,110,130,62,94,247,86,249,147,
    128,116,15,174,85,237,130,37,210,40,63,137,105,177,209,41,204,49,41,137,76,177,169,31,148,110,72,233,9,160,220,96,255,105,12,
    101,88,165,24,184,160,37,197,64,32,150,92,167,141,44,197,96,31,172,91,240,186,61,200,123,26,233,72,231,141,105,206,104,4,172,
    72,149,87,230,161,55,192,100,27,177,87,186,173,62,222,91,59,155,123,219,195,62,131,77,59,155,94,163,173,48,154,33,75,228,27,
    242,21,215,148,56,218,119,43,183,90,226,158,41,149,75,23,186,66,254,137,28,206,114,65,157,82,245,159,29,210,105,8,175,120,243,
    45,200,96,76,155,72,232,173,13,237,77,45,245,72,181,187,13,237,104,85,155,70,172,215,125,147,45,77,234,97,234,133,38,200,97,
    201,45,80,240,13,249,159,56,200,45,12,163,73,173,138,40,217,107,8,163,91,165,196,99,206,101,8,174,70,228,139,109,144,48,77,
    120,31,186,22,226,158,51,216,28,86,246,22,182,214,118,150,54,86,246,22,182,214,118,150,54,86,246,22,182,214,118,150,54,86,246,
    95,255,31,191,223,127,159,63,95,255,86,249,223,43,198,111,26,247,96,216,209,42,204,122,27,182,91,236,214,127,193,34,95,128,83,
    132,1,225,65,33,129,25,228,217,23,225,65,4,249,119,234,192,123,145,48,65,232,92,224,141,38,136,87,47,230,93,251,141,44,193,
    53,194,49,76,241,74,236,209,52,223,117,123,241,17,177,209,113,145,49,81,241,17,177,209,113,145,49,81,241,17,177,209,113,145,49,
    154,58,90,250,26,186,218,122,154,58,90,250,26,252,149,40,154,69,86,250,101,246,203,19,243,118,22,147,101,197,147,5,243,83,37,
    22,230,195,42,205,35,19,162,74,241,144,107,196,102,23,164,64,171,151,49,214,102,74,234,3,231,140,73,131,35,67,227,3,163,195,
    172,204,108,140,44,76,236,12,172,204,108,140,44,76,236,12,172,204,108,140,44,76,236,12,172,204,108,140,44,76,236,12,172,133,42,
    213,33,204,101,16,253,106,249,196,28,252,121,25,156,106,202,156,10,252,92,42,224,80,188,213,104,136,53,42,185,89,220,188,28,252,
    23,143,114,79,129,119,215,146,111,225,124,86,237,7,167,215,126,223,112,26,254,76,255,137,57,219,106,86,129,82,175,183,23,210,114,
    142,120,216,142,24,238,78,56,242,66,171,199,24,203,107,46,142,110,206,174,118,203,54,56,142,110,235,214,24,197,47,83,247,23,174,
    25,176,142,109,144,126,25,188,16,241,158,52,144,119,21,164,86,245,158,38,152,57,94,179,88,245,147,59,217,118,80,237,13,176,158,
    240,149,121,216,119,29,249,87,246,141,121,230,117,72,144,112,245,149,53,240,80,21,181,85,245,200,6,230,45,8,241,102,245,200,16,
    75,14,174,107,221,189,43,253,75,43,157,23,231,204,11,198,43,66,182,74,231,140,72,130,34,66,226,2,162,194,98,130,34,66,226,
    75,235,11,171,203,107,139,43,75,235,11,171,203,107,139,43,75,235,11,171,203,107,139,43,75,235,11,171,203,107,139,43,2,173,11,
    160,91,250,129,57,214,113,6,252,107,248,197,29,253,120,24,157,107,203,157,11,253,93,43,225,81,186,185,59,218,113,13,134,81,227,
    92,239,153,116,157,35,93,130,84,241,145,108,209,44,76,148,81,241,180,20,226,104,83,185,88,241,148,43,216,111,4,144,84,243,176,
    201,104,3,191,6,231,136,34,134,114,9,168,83,235,132,35,212,46,57,170,23,207,175,42,202,79,57,153,79,217,175,15,249,51,3,
    33,34,160,65,234,150,29,202,120,14,189,75,166,207,115,143,80,6,163,67,190,131,126,158,70,3,163,102,198,176,58,129,107,10,163,
    17,174,93,234,129,21,217,96,53,183,86,253,129,120,204,112,29,182,50,184,216,120,152,56,88,248,24,184,216,120,152,56,88,248,24,
    193,97,129,33,65,225,1,161,193,97,129,33,65,225,1,161,193,97,129,33,65,225,1,161,193,97,129,33,65,225,1,161,141,46,194,
    43,198,42,53,166,117,227,219,38,198,102,35,166,70,227,181,126,216,42,87,234,9,213,173,100,223,121,15,174,67,238,153,106,129,42,
    130,25,83,243,19,179,211,115,147,51,83,243,19,179,211,115,147,51,83,243,19,179,211,115,147,51,83,243,19,179,211,115,147,51,83,
    60,92,252,28,188,220,124,156,60,92,252,28,188,220,124,227,91,82,169,79,249,152,53,216,111,39,131,80,195,149,109,208,112,16,149,
    233,137,44,250,49,23,152,5,184,197,26,201,52,44,140,73,233,172,26,250,108,58,140,108,218,208,32,139,76,1,207,5,165,197,101,
    206,110,142,46,78,238,14,174,206,110,142,46,78,238,14,174,206,110,142,46,78,238,14,174,206,110,142,46,78,238,14,174,206,110,142,
    119,151,55,87,247,23,183,215,119,192,127,22,163,82,183,202,119,232,123,70,158,126,251,155,30,232,72,30,136,126,222,168,98,210,29,
    224,0,160,192,96,128,32,64,224,0,160,192,96,128,32,64,224,0,160,192,96,128,32,64,224,0,160,192,96,128,32,64,224,0,160,
    9,169,201,105,137,41,73,233,9,169,201,105,137,86,46,231,91,236,132,38,221,108,29,168,75,229,140,105,148,41,18,195,9,169,201,
    178,210,114,146,50,82,242,18,178,210,114,146,50,82,242,18,178,210,114,146,50,82,242,18,178,210,114,146,50,82,242,18,178,210,114,
    219,123,155,59,91,251,27,187,219,123,155,59,91,251,96,196,151,55,242,82,50,146,114,170,151,106,228,82,50,183,10,196,153,115,143,
    84,245,13,217,196,121,132,91,8,168,109,205,173,13,237,53,8,245,123,205,173,40,149,91,6,236,16,180,214,109,136,14,68,228,4,
    237,13,173,205,109,141,45,77,237,13,173,205,109,141,45,77,237,13,173,205,109,141,45,77,237,13,173,205,109,141,45,77,237,13,173,
    22,182,214,118,150,54,86,246,22,182,214,118,150,54,45,137,90,250,191,31,255,95,63,231,90,167,169,31,255,122,71,137,84,190,194,
    175,204,118,226,63,66,255,96,243,147,22,246,86,54,150,14,243,206,0,246,86,19,238,96,253,215,107,143,43,86,243,53,191,223,127,
    40,72,232,8,168,200,104,136,40,72,232,8,168,200,104,136,40,72,232,8,168,200,104,136,40,72,232,8,168,200,104,136,40,72,232,
    81,241,17,177,209,113,145,49,81,241,17,177,209,113,234,78,29,189,120,216,184,24,248,32,29,224,110,216,184,61,128,78,19,249,5,
    234,15,179,167,122,135,58,1,250,97,171,167,122,135,58,1,208,26,186,218,122,154,58,90,250,26,186,218,122,154,58,90,250,26,186,
    99,131,35,67,227,3,163,195,99,131,35,67,227,3,163,195,99,131,35,67,227,3,163,195,99,131,35,67,227,3,163,195,99,131,35,
    140,44,76,151,14,197,136,110,241,44,81,236,91,228,141,56,201,34,37,168,0,134,204,108,140,44,76,236,12,172,204,108,140,44,76,
    53,85,245,21,181,213,117,149,53,85,245,21,181,213,117,149,53,85,245,21,181,213,117,149,53,85,245,21,181,213,117,149,53,85,245,
    94,254,30,190,222,126,158,62,37,129,82,242,183,23,247,87,55,239,82,175,161,23,247,114,79,129,92,182,202,110,136,55,35,254,3,
    199,24,203,107,46,142,110,206,174,118,203,54,56,142,110,235,214,24,197,47,83,247,16,174,203,77,135,39,71,231,7,167,199,103,135,
    112,144,48,80,240,16,176,208,112,144,48,80,240,16,176,208,112,144,48,80,240,16,176,208,112,144,48,80,240,16,176,208,112,144,48,
    153,57,89,249,25,185,217,121,153,57,89,249,98,198,149,53,240,80,48,144,112,168,149,104,230,80,48,181,8,198,155,113,141,41,65,
    11,223,194,127,130,65,36,176,67,239,135,108,253,110,83,139,19,238,211,46,206,110,14,243,78,179,189,118,150,42,79,243,22,181,212,
    165,218,125,154,50,82,231,11,189,219,122,133,60,91,251,26,184,223,103,139,56,95,243,18,165,216,122,153,50,82,231,11,166,218,103,
    212,100,152,52,68,248,20,164,216,116,133,56,84,228,24,180,196,120,148,36,88,244,25,165,221,120,190,52,84,244,20,180,212,116,148,
    125,157,61,93,253,29,189,221,125,157,61,93,253,29,189,221,125,157,61,93,253,29,189,221,125,157,61,93,253,29,189,221,125,157,61,
    230,6,166,198,102,134,38,70,230,6,166,198,102,253,89,10,170,111,207,175,15,239,55,10,247,121,207,175,42,151,89,4,238,18,182,
    22,166,178,111,146,47,24,167,78,251,138,69,143,47,79,239,15,175,207,111,143,47,79,239,15,175,207,111,143,47,79,239,15,175,207,
    184,216,120,152,56,88,248,24,184,216,120,152,56,88,248,24,184,216,120,152,56,88,248,24,184,216,120,152,56,5,248,69,146,216,120,
    33,65,225,1,161,193,97,129,33,65,225,1,161,193,97,129,33,65,225,1,161,193,97,129,33,65,225,1,161,193,97,129,33,65,225,
    74,234,10,170,202,106,138,42,74,234,10,247,224,106,138,42,74,234,10,170,202,106,138,42,74,234,10,170,202,106,138,42,74,234,10,
    243,19,179,211,115,147,51,83,243,19,179,211,115,147,51,83,243,19,179,211,115,147,51,83,243,19,250,149,115,212,114,30,182,9,212,
    89,232,175,57,206,106,21,191,89,180,163,48,208,85,53,149,117,213,205,48,141,67,53,149,80,173,163,62,148,40,77,236,21,181,210,
    233,106,6,164,73,213,137,36,220,96,23,235,117,233,132,60,192,119,34,176,76,191,163,44,203,97,35,172,87,246,145,6,205,108,9,
    106,70,145,66,226,167,7,231,71,39,255,66,191,177,7,231,98,95,145,76,166,218,127,159,39,71,238,90,230,139,32,164,46,78,238,
    87,247,23,183,215,119,151,55,87,247,23,183,215,119,151,55,87,247,23,183,215,119,151,55,87,247,23,183,215,119,151,55,87,247,23,
    192,96,128,32,64,224,0,160,192,96,128,32,64,224,84,225,147,43,142,119,1,169,84,168,208,110,149,41,106,224,0,160,192,96,128,
    105,137,41,73,233,9,169,201,105,137,41,73,233,9,169,201,105,137,41,73,233,9,169,201,105,137,41,73,233,9,169,201,105,137,41,
    146,50,82,242,18,178,210,114,146,50,82,181,83,255,151,104,245,119,6,129,87,224,132,59,209,119,90,141,94,254,187,27,251,91,59,
    42,23,234,100,210,178,55,138,68,25,243,15,170,201,114,146,53,41,190,86,244,143,62,200,53,63,190,90,247,158,41,200,115,18,171,
    199,145,55,208,107,9,161,86,199,139,42,208,118,11,168,72,225,150,106,238,107,6,150,65,233,139,48,193,76,5,170,64,232,129,54,
    215,11,196,127,8,158,72,255,155,40,223,37,22,150,114,225,129,4,228,68,36,132,28,225,220,18,228,68,1,252,114,239,197,121,156,
    101,159,75,86,235,22,241,151,59,211,44,49,179,66,197,147,36,192,127,21,179,30,201,154,58,255,95,63,159,127,167,154,103,233,95,
    246,115,78,128,93,183,203,110,139,54,86,241,115,240,156,62,211,79,19,190,70,250,141,113,239,115,30,166,90,237,184,42,214,49,50,
    65,251,155,33,199,102,58,173,95,233,154,44,251,124,9,186,91,178,175,45,220,73,28,188,90,225,138,61,220,109,64,151,68,228,161,
    216,184,24,248,32,29,224,110,216,184,61,128,78,19,249,5,160,196,120,152,61,81,138,110,253,157,24,248,88,56,152,0,253,192,14,
    179,19,214,43,37,184,18,174,203,108,147,71,90,231,26,197,150,54,243,83,51,147,115,171,150,107,229,83,51,182,11,197,152,114,142,
    82,244,10,254,202,73,131,35,67,227,3,163,195,99,131,35,67,227,3,163,195,99,131,35,67,227,3,163,195,99,131,35,67,227,3,
    236,12,172,204,108,140,44,76,236,12,172,204,108,140,44,76,236,12,172,204,108,140,44,24,173,95,231,194,59,205,101,24,228,28,162,
    0,188,255,117,149,53,85,245,21,181,213,117,149,53,85,245,21,181,213,117,149,53,85,245,21,181,213,117,149,53,85,245,21,181,213,
    190,222,126,158,62,94,254,30,190,222,126,158,62,94,254,30,190,222,126,158,121,31,179,91,164,185,59,202,77,27,172,72,247,157,59,
    47,56,171,75,206,174,14,238,78,86,171,22,216,174,14,203,54,56,165,15,179,214,127,142,46,73,139,72,228,134,43,247,107,6,190,
    21,162,30,192,156,49,201,117,2,151,69,249,202,22,217,126,20,150,89,226,131,36,243,120,25,188,84,184,175,60,220,89,57,153,121,
    144,8,245,200,6,240,80,21,232,102,251,209,109,136,32,80,240,23,220,151,56,219,117,28,189,25,164,217,63,216,117,10,188,51,185,
    98,130,34,66,226,2,162,194,98,130,34,66,226,2,162,194,98,130,34,66,226,2,162,194,98,130,34,66,226,2,162,194,98,130,34,
    139,43,75,235,11,171,203,107,139,43,75,235,78,229,143,65,139,43,75,235,11,171,203,107,139,43,75,235,11,171,203,107,139,43,75,
    52,84,244,20,180,212,116,148,52,84,244,20,180,212,116,148,52,84,244,20,180,212,116,148,52,84,244,20,180,147,49,192,114,17,186,
    11,245,20,179,158,53,216,126,22,180,91,189,192,125,201,111,8,184,55,189,221,125,157,61,93,253,29,189,221,125,157,61,93,253,29,
    198,102,134,38,70,230,6,166,198,102,134,38,70,230,6,166,198,102,134,38,70,230,6,166,198,102,134,38,70,230,6,166,132,52,195,
    46,196,5,79,239,15,175,207,111,143,47,79,239,15,175,207,111,143,47,79,239,15,175,207,111,143,47,79,239,15,175,207,111,143,47,
    152,56,88,248,24,184,216,120,152,56,88,248,93,246,156,82,152,56,88,248,24,184,216,120,152,56,88,248,24,184,216,120,152,56,88,
    1,161,193,97,129,33,65,225,1,161,193,97,129,33,65,225,1,161,193,97,129,100,15,165,43,161,193,97,129,33,65,225,1,161,193,
    170,202,106,138,42,74,234,10,170,202,106,138,42,74,234,10,170,202,106,138,42,74,234,10,170,202,47,196,110,96,234,10,170,202,106,
    211,115,147,51,83,243,19,179,211,115,147,51,83,243,19,179,211,115,147,51,83,243,19,179,211,115,147,118,29,183,57,179,211,115,147,
    124,156,60,92,252,28,188,220,124,156,60,92,252,28,188,220,124,156,60,92,252,28,188,220,124,156,60,92,168,93,239,151,114,203,125,
    172,81,173,204,79,133,37,69,229,5,165,197,101,133,37,69,229,5,165,197,101,133,37,69,229,5,165,197,101,133,37,69,229,5,165,
    14,174,135,40,142,105,15,163,75,180,169,43,218,93,11,188,88,231,141,43,134,81,2,162,103,199,167,7,231,63,2,255,113,199,167,
    251,198,8,213,63,67,229,7,190,222,121,251,120,20,182,91,199,155,54,206,114,5,249,103,251,150,46,210,101,48,162,94,173,177,62,
    110,4,134,73,242,147,52,227,104,9,172,68,168,191,44,204,73,41,137,105,201,209,44,145,95,41,137,76,177,191,34,136,52,82,241,
    64,224,9,253,129,44,199,3,73,233,9,169,201,105,137,41,73,233,9,169,201,105,137,41,73,233,9,169,201,105,137,41,73,233,9,
    242,18,178,210,114,146,50,82,242,85,243,159,55,136,85,23,166,97,247,128,36,219,113,23,250,109,254,158,27,251,91,59,155,3,254,
    10,196,178,18,215,42,36,185,19,175,201,105,146,50,85,151,84,248,154,55,235,119,26,162,94,233,213,11,215,122,2,190,73,220,142,
    205,62,34,173,74,224,162,45,214,119,16,135,76,237,136,32,140,91,8,168,109,205,173,13,237,53,8,245,123,205,173,40,149,91,6,
    37,89,255,30,164,196,99,232,99,12,175,65,232,137,109,144,45,11,172,65,254,136,71,141,45,77,237,13,173,205,109,141,45,77,237,
    86,246,22,182,214,118,150,54,86,246,22,182,214,118,150,54,86,246,22,182,214,118,150,54,17,183,91,243,204,17,211,98,37,179,68,
    169,86,252,154,119,224,115,19,150,118,214,182,22,142,115,78,128,118,214,147,110,224,125,87,235,13,171,214,118,145,77,26,178,80,235,
    45,219,38,44,173,73,228,141,58,219,96,1,184,107,253,155,60,199,101,13,186,107,231,134,60,218,103,4,164,77,250,198,2,199,106,
    227,116,28,190,69,244,185,48,223,117,29,180,67,171,183,56,195,116,34,180,67,231,148,35,153,106,42,142,93,253,184,24,248,88,56,
    43,22,235,101,211,179,54,139,69,24,242,14,168,207,115,231,58,71,250,93,251,151,63,128,93,31,174,105,255,136,44,211,121,31,242,
    220,143,47,234,74,42,138,106,178,143,114,252,74,42,175,18,220,129,107,151,49,85,234,10,173,175,44,192,98,15,147,79,226,154,38,
    158,98,252,96,13,181,73,254,171,57,197,34,33,165,95,255,133,35,194,94,9,187,77,254,136,31,216,109,30,191,22,203,137,56,237,
    33,193,103,28,183,64,225,144,125,234,121,25,156,124,220,188,28,132,121,68,138,124,220,153,100,234,119,93,225,7,162,220,124,153,53,
    229,65,18,178,119,215,183,23,247,47,18,239,97,215,183,50,143,65,28,246,10,172,198,119,227,62,67,254,97,242,146,23,247,87,55,
    110,182,139,118,248,78,46,171,22,216,133,111,147,53,94,238,90,174,237,103,135,39,71,231,7,167,199,103,135,39,71,231,7,167,199,
    176,208,112,144,48,80,240,16,176,208,112,144,48,80,240,16,245,158,52,186,48,80,240,16,176,208,112,144,48,80,240,16,176,208,112,
    217,121,153,57,89,249,25,185,217,121,153,57,89,188,87,253,243,121,153,57,89,249,25,185,217,121,153,57,89,249,25,185,217,121,153,
    66,226,2,162,194,98,199,108,6,200,2,162,194,98,130,34,66,226,2,162,194,98,130,34,66,226,2,162,194,98,199,108,6,200,2,
    235,11,171,203,107,139,43,75,235,11,171,203,107,139,43,14,165,79,129,203,107,139,43,75,235,11,171,203,107,139,43,75,235,11,171,
    93,242,212,48,209,98,4,181,70,224,212,105,137,52,26,189,88,180,128,60,209,122,84,166,81,231,145,32,215,124,21,166,85,247,128,
    248,143,43,220,113,8,184,29,160,221,47,216,110,24,169,94,245,156,47,220,126,9,184,79,235,156,49,200,120,93,246,29,172,221,56,
    104,2,204,6,166,198,102,134,38,70,230,6,166,198,102,195,106,21,163,79,224,198,25,202,106,10,153,74,183,138,25,202,79,87,153,
    91,253,15,238,129,43,143,80,3,163,67,208,131,126,195,80,3,134,30,208,219,125,129,71,26,162,78,225,128,38,203,33,60,166,91,
    248,5,165,216,62,217,116,11,189,24,249,150,60,152,71,20,180,84,169,148,7,241,71,20,233,113,209,148,105,231,44,18,240,17,184,
    124,156,33,15,168,77,161,149,41,196,111,107,225,1,161,193,97,129,33,65,225,1,161,193,97,129,33,65,168,71,161,134,32,204,100,
    144,77,15,190,121,239,152,60,195,105,15,226,117,230,134,3,227,67,35,131,27,230,219,21,227,67,6,251,117,232,194,126,153,58,67,
    58,93,159,92,240,146,63,227,127,18,170,86,225,221,3,223,114,10,182,65,212,134,58,137,85,26,189,87,213,154,33,192,103,48,187,
    21,176,88,180,163,48,208,85,53,149,117,213,205,48,141,67,53,149,80,173,163,62,148,40,79,237,21,181,220,40,212,121,18,214,28,
    197,101,133,37,69,229,5,165,197,101,133,37,69,229,5,165,197,101,133,117,6,164,73,233,205,35,208,107,6,177,76,234,139,109,140,
    68,142,46,78,238,14,174,206,110,142,46,78,238,14,174,206,110,142,46,78,238,14,174,206,110,241,98,2,162,113,226,223,34,241,98,
    254,38,40,227,5,185,191,34,218,118,25,184,94,243,165,56,216,99,39,182,69,227,217,20,241,101,22,186,82,183,202,119,195,103,7,
    65,242,148,110,227,70,18,161,77,229,234,96,128,32,64,224,0,160,192,96,128,32,64,224,0,160,192,96,128,32,64,224,0,160,192,
    214,133,37,197,86,5,248,69,214,133,0,152,86,93,251,7,193,140,40,205,39,40,167,74,225,134,59,204,109,73,244,9,253,155,60,
    151,88,146,50,82,242,18,178,210,114,146,50,82,242,18,178,210,114,146,50,82,242,87,252,150,123,184,50,82,242,18,178,210,114,146,
    123,155,59,91,251,27,187,219,123,155,59,91,175,90,232,144,117,204,122,18,175,19,170,210,81,155,59,91,251,27,187,219,123,155,59,
    228,4,164,196,100,132,97,10,160,46,164,196,100,132,36,68,228,4,164,196,100,132,36,68,228,4,227,133,41,193,62,35,161,80,215,
    72,255,155,36,206,104,69,146,65,225,164,4,228,68,36,252,65,188,178,4,228,97,92,146,79,165,217,126,159,36,68,227,127,232,128,
    249,130,51,197,56,50,179,87,250,147,36,197,126,31,166,117,227,133,34,217,123,19,164,117,249,152,34,196,121,26,186,83,228,216,28,
    144,61,237,122,18,176,75,250,183,62,209,123,19,186,77,165,185,54,205,122,44,186,77,233,154,45,151,64,56,241,77,250,146,48,203,
    13,188,73,234,132,45,129,2,72,232,8,168,200,104,136,40,72,232,8,168,200,104,136,40,4,167,75,233,132,104,247,100,1,129,65,
    189,93,216,184,24,238,88,46,229,66,177,204,113,129,27,81,241,17,177,209,113,145,49,81,241,17,177,209,113,145,49,3,180,65,244,
    91,238,218,46,219,105,17,244,77,251,147,46,146,51,90,133,86,243,179,51,214,118,51,147,115,197,179,5,142,105,90,231,26,197,150,
    202,74,10,175,79,202,170,10,252,74,60,247,80,163,200,99,146,35,22,173,87,234,143,99,252,111,15,175,18,239,188,10,252,111,82,
    69,37,160,29,211,216,38,132,37,76,178,17,172,130,37,192,44,3,190,12,226,131,56,140,107,9,184,74,233,130,58,132,37,66,168,
    16,185,92,227,144,39,135,53,26,167,21,202,153,60,252,124,25,185,124,220,188,10,252,74,65,166,21,171,213,100,133,37,127,245,21,
    254,30,190,222,126,158,62,94,254,30,190,222,126,158,105,17,172,85,237,142,63,221,123,80,153,76,255,136,55,202,103,94,227,30,175,
    126,145,13,71,231,7,167,199,103,135,39,71,231,7,167,199,103,135,39,56,171,75,235,184,43,150,107,56,171,110,182,184,115,149,41,
    248,117,17,180,30,209,158,51,216,127,2,181,84,176,205,112,214,113,28,163,85,154,208,112,144,48,80,240,16,176,208,112,144,48,21,
    119,29,211,25,185,217,121,153,57,89,249,92,247,157,112,179,57,89,249,25,252,151,61,179,124,23,189,16,147,243,83,179,117,22,186,
    227,142,98,253,110,83,174,78,238,142,46,235,51,11,174,125,182,150,98,159,34,61,139,107,221,189,11,235,51,43,243,78,179,211,29,
    216,51,145,72,25,174,74,255,142,31,202,105,67,148,71,231,162,2,226,66,34,250,71,186,180,2,226,103,90,148,73,163,223,120,152,
    125,152,52,86,55528,57333,182,221,94,235,120,69,184,88,248,152,56,253,37,29,184,107,160,128,110,245,112,16,128,81,236,128,22,219,108,
    149,66,17,177,116,212,180,20,244,44,17,236,98,212,180,49,140,66,31,245,9,174,201,116,145,61,9,178,78,233,143,52,211,122,85,
    121,239,138,42,151,106,87,247,111,234,138,15,239,89,19,232,84,231,133,35,245,118,3,163,66,175,202,102,192,115,8,165,82,239,137,
    225,199,57,206,99,70,197,15,175,207,111,195,96,12,174,67,175,176,35,158,70,38,134,102,227,131,6,198,102,94,144,112,187,222,111,
    197,120,204,119,22,173,85,250,157,42,144,110,25,180,17,146,216,120,152,56,17,190,24,199,148,105,241,81,49,145,84,244,177,49,209,
    80,158,126,181,208,97,213,105,4,175,43,161,193,97,129,33,65,225,1,222,136,45,205,48,13,240,16,200,141,45,232,72,62,180,15,
    184,75,233,143,25,218,111,15,174,10,183,202,21,198,59,35,131,99,195,134,38,227,99,3,251,117,213,222,123,160,42,74,234,10,170,
    19,179,211,52,214,103,21,182,93,229,219,122,157,97,18,176,86,192,131,54,214,119,83,238,19,204,159,98,250,90,58,154,95,255,186,
    245,149,109,227,67,72,237,54,188,220,124,156,60,92,252,28,195,163,21,208,112,35,149,13,213,181,21,227,67,4,244,21,150,220,124,
    37,69,160,75,225,239,32,203,97,76,207,122,233,212,41,201,105,9,169,108,180,140,41,250,49,17,255,100,225,129,17,202,98,2,169,
    11,230,113,226,130,7,231,71,39,135,31,226,223,17,231,71,2,255,113,236,198,122,157,59,71,226,14,209,135,34,194,63,2,255,31,
    158,91,251,190,30,232,98,89,182,66,227,152,5,214,116,18,251,23,241,130,57,212,99,30,184,89,191,168,30,254,72,40,230,91,166,
    44,201,108,12,172,17,223,210,43,137,10,64,224,0,160,191,41,204,108,81,172,17,177,169,44,204,73,41,159,85,174,129,53,212,111,
    251,104,10,172,9,180,201,22,224,64,54,150,24,229,216,37,192,101,5,165,24,214,219,34,163,41,73,233,9,214,174,103,219,104,10,
    119,6,183,65,230,210,111,146,77,59,155,109,205,195,62,131,126,27,190,94,254,195,13,128,121,120,242,18,178,210,13,237,91,30,190,
    36,146,10,210,178,18,228,68,3,243,18,145,219,123,155,59,12,180,73,240,136,43,218,120,30,245,124,233,154,45,210,111,2,251,6,
    196,117,157,50,110,228,4,164,196,40,203,103,5,168,4,219,173,40,237,77,8,245,123,181,173,13,149,77,45,155,16,241,196,121,132,
    35,196,97,103,237,13,173,205,33,194,110,12,161,13,210,164,33,156,82,1,146,28,188,164,18,242,57,27,237,16,173,128,44,217,101,
    152,126,3,177,83,156,214,118,150,54,16,185,68,182,169,122,150,73,26,231,127,223,154,58,255,73,41,191,105,223,191,9,131,115,86,
    118,17,255,79,254,150,45,204,55,8,176,77,244,140,47,222,124,26,241,109,254,156,58,204,37,56,186,75,219,154,44,220,122,17,187,
    233,134,60,219,32,65,225,8,236,135,66,136,40,72,232,8,168,200,104,193,110,72,151,68,185,161,1,196,100,33,151,119,225,183,1,
    184,14,132,116,95,159,80,252,148,113,140,44,81,142,93,253,184,24,248,88,56,224,93,160,174,24,248,125,64,142,83,185,197,98,135,
    115,154,123,20,190,26,197,150,107,243,83,22,182,115,197,165,51,229,83,51,133,15,255,192,19,201,91,82,133,86,246,179,19,243,83,
    138,18,239,210,28,234,74,15,242,124,225,203,119,144,52,74,234,3,247,139,38,205,9,67,227,3,163,195,99,131,35,67,227,3,163,
    64,227,143,45,192,44,51,133,64,224,128,32,192,69,37,133,101,224,128,32,243,83,88,250,12,177,204,100,203,109,1,169,2,220,128,
    244,140,48,199,102,91,153,90,246,148,57,229,121,20,172,80,231,219,22,221,116,7,180,86,225,144,39,155,93,0,184,84,251,154,60,
    154,12,209,113,10,142,95,236,138,112,238,113,13,183,74,247,145,48,158,51,94,129,82,175,183,23,210,114,55,129,97,247,161,23,247,
    56,242,66,169,183,40,212,110,19,174,72,233,206,105,234,102,0,169,78,243,146,35,194,13,71,231,7,167,199,103,135,39,71,231,7,
    240,89,246,208,15,249,124,28,188,92,252,185,25,249,89,28,188,92,207,175,100,134,48,76,240,111,217,156,97,239,124,47,225,1,217,
    102,198,205,47,153,109,17,188,87,147,217,121,153,57,89,249,25,185,217,121,153,57,89,249,25,185,166,16,213,40,38,181,102,168,200,
    235,93,61,246,84,162,223,98,253,75,14,174,78,238,142,11,235,75,43,174,78,238,189,29,150,52,104,226,2,162,194,98,130,34,66,
    43,75,235,11,171,203,107,139,84,34,167,98,194,135,122,244,58,34,130,26,194,162,20,159,126,75,246,11,212,135,122,226,66,7,167,
    61,139,107,253,171,29,253,75,65,177,62,180,212,116,148,52,84,244,20,180,212,116,148,113,26,176,62,180,212,116,148,52,84,244,20,
    184,83,249,247,125,157,61,93,184,83,249,247,125,157,61,93,177,82,254,156,49,157,66,52,148,116,244,204,52,212,113,76,177,84,194,
    114,209,38,91,230,121,207,138,15,239,106,87,153,23,207,175,119,239,79,57,242,83,166,135,40,194,38,57,143,74,207,175,42,151,89,
    158,70,38,254,102,198,176,123,218,33,44,137,93,238,130,42,143,96,29,239,108,201,157,46,194,106,65,144,67,190,166,126,195,62,3,
    116,20,180,9,244,201,7,140,44,80,241,50,184,216,120,152,71,63,246,74,253,149,55,204,125,12,185,90,244,157,105,152,37,88,182,
    232,141,75,129,33,65,225,126,198,207,51,196,108,14,181,68,245,128,35,205,100,83,225,28,161,143,40,205,11,65,225,1,161,190,6,
    196,56,207,103,5,190,79,254,139,40,198,111,89,234,23,170,132,35,198,0,74,234,10,170,157,34,195,102,15,234,117,205,196,56,203,
    48,214,103,22,160,71,179,151,60,185,51,83,243,19,179,211,115,147,103,18,160,88,189,132,50,218,103,91,250,57,179,211,115,147,51,
    156,60,92,176,83,255,157,48,156,67,16,176,80,195,144,109,208,67,16,149,13,195,200,110,156,33,92,187,93,241,153,114,236,112,29,
    92,224,151,54,139,73,10,166,68,233,181,41,196,124,0,183,11,198,141,36,215,100,6,177,64,247,239,101,133,37,69,229,5,165,197,
    231,136,110,192,97,26,238,113,226,130,34,241,98,95,162,113,226,167,127,241,58,92,238,65,252,206,32,193,122,78,145,66,226,130,17,
    155,102,219,72,27,158,6,200,195,101,141,81,30,185,83,209,158,37,196,99,52,191,94,251,147,127,232,123,27,158,126,222,190,30,134,
    12,241,127,201,169,44,145,95,2,232,20,179,216,105,137,32,20,168,69,238,192,35,207,110,20,169,78,245,133,96,197,110,4,202,0,
    233,9,169,201,105,137,41,0,175,9,238,136,36,204,51,46,172,93,218,140,59,223,96,10,172,1,214,133,37,224,64,32,128,96,184,
    94,163,173,27,251,126,67,141,80,186,198,97,139,59,91,252,126,253,145,51,222,66,30,179,75,247,128,124,226,126,19,171,87,224,181,
    238,146,117,246,126,21,174,21,201,154,56,222,53,45,178,72,242,153,55,222,59,70,230,27,253,154,55,200,126,91,186,85,255,219,4,
    67,74,182,65,233,139,48,193,112,5,166,72,225,213,100,218,57,68,170,77,232,196,48,204,97,10,206,4,164,196,100,132,36,68,228,
    77,237,13,173,138,40,217,107,8,163,91,165,196,99,203,100,31,190,89,249,132,32,200,45,80,237,89,255,152,40,167,45,77,237,13,
    246,22,182,214,118,150,54,86,191,80,182,169,58,218,122,41,186,7,250,169,58,255,39,41,226,4,184,190,35,219,119,24,185,95,242,
    17,204,154,62,203,79,30,173,75,191,139,55,218,113,117,255,31,191,223,127,159,63,95,255,31,191,223,127,159,63,95,179,80,252,158,
    196,40,55,164,119,185,132,36,247,87,4,164,119,188,219,104,149,40,55,164,68,228,183,36,153,100,55,164,97,185,183,124,154,38,32,
    100,28,176,95,254,152,53,159,66,20,176,69,193,144,35,197,63,33,176,67,244,159,37,159,65,16,163,84,255,133,91,145,49,81,241,
    90,250,26,186,218,122,154,58,90,250,26,186,165,54,229,43,22,182,101,197,150,54,229,46,73,224,106,243,140,53,206,78,21,242,101,
    170,10,234,106,82,170,74,239,210,47,202,92,87,180,10,137,195,99,131,35,67,227,3,163,195,99,131,35,67,227,3,163,148,44,209,
    39,223,124,13,175,73,162,171,62,205,122,5,184,85,172,209,108,157,53,90,198,12,172,204,108,140,44,76,236,12,172,204,108,140,44,
    149,53,42,185,89,249,170,57,132,121,42,185,124,164,170,97,135,59,61,176,84,241,219,20,219,118,29,186,71,240,145,117,136,53,1,
    108,11,187,52,190,222,126,158,62,94,254,30,190,222,126,158,62,94,254,30,234,159,45,213,48,9,191,87,234,214,111,151,20,94,254,
    167,199,103,135,39,71,231,7,167,199,103,135,39,71,152,75,235,139,24,203,54,11,152,75,206,214,24,147,53,73,143,66,230,131,105,
    177,62,211,120,31,162,85,244,208,109,144,118,17,188,67,245,250,112,144,48,80,240,16,176,208,112,144,48,80,240,16,176,208,60,223,
    58,216,117,89,134,8,198,176,6,208,112,16,181,8,208,166,109,193,57,68,249,77,240,154,50,145,48,115,249,25,185,217,121,153,57,
    226,2,162,194,98,130,34,66,226,80,231,146,39,195,118,66,182,67,241,137,108,213,99,11,182,10,178,204,115,139,8,66,226,2,162,
    11,171,203,107,139,43,75,235,11,171,203,107,139,43,75,235,116,204,197,57,206,102,4,191,78,186,209,13,194,121,14,152,78,249,157,
    241,134,124,193,122,4,181,87,255,220,11,243,58,6,177,89,251,128,49,192,117,22,184,81,165,221,125,190,52,84,244,20,180,212,116,
    221,125,157,61,93,253,29,189,221,40,211,105,20,177,29,233,148,62,214,53,84,253,16,189,162,108,226,84,34,180,84,244,145,108,244,
    57,242,94,166,216,102,151,51,70,169,84,166,136,41,210,38,57,129,8,244,135,37,195,114,3,181,82,140,198,102,134,38,70,230,6,
    239,15,175,207,111,143,47,79,239,70,233,207,16,232,33,29,170,66,224,155,42,219,110,13,163,74,189,207,49,146,47,1,166,67,175,
    76,240,157,54,178,56,88,248,24,184,216,120,152,56,88,248,24,184,216,120,152,56,88,248,24,199,191,118,202,125,21,183,76,253,202,
    155,71,8,179,68,210,132,51,215,100,19,233,84,239,145,32,194,106,73,158,102,175,147,36,204,110,21,164,85,224,131,45,196,51,72,
    35,96,234,10,170,202,106,138,42,74,234,10,170,202,106,138,42,74,234,10,170,202,62,203,121,1,228,93,235,131,62,130,59,95,227,
    121,243,19,179,211,115,147,51,83,243,19,179,211,115,147,51,83,182,93,247,249,115,147,51,83,243,19,179,211,115,147,51,83,243,19,
    252,28,245,154,124,227,91,82,174,89,241,147,40,217,104,29,190,80,249,207,124,194,33,92,178,85,240,220,40,212,121,18,214,28,188,
    101,133,37,69,229,5,165,197,101,133,37,69,229,5,165,197,101,133,90,34,235,87,224,136,42,209,96,86,255,99,236,151,32,246,96,
    220,120,11,188,6,251,128,62,207,109,5,230,113,201,192,60,203,99,1,186,75,250,143,44,194,107,93,231,7,132,206,110,142,46,78,
    55,87,247,23,183,215,119,151,55,87,247,82,249,147,93,151,55,87,247,23,183,215,119,151,55,87,247,23,183,215,119,197,114,7,178,
    225,148,96,212,97,19,171,14,247,129,41,212,40,73,224,85,238,148,41,204,32,7,161,77,229,218,7,197,116,51,165,82,246,137,35,
    140,97,246,101,5,128,96,192,160,0,152,101,88,150,96,192,133,120,246,107,65,253,29,185,192,96,135,69,6,170,72,229,185,37,200,
    43,215,96,92,130,94,243,139,55,192,85,7,187,28,223,151,60,199,60,32,179,81,247,220,4,219,97,27,176,94,247,210,111,143,50,
    207,105,14,190,27,244,137,123,213,116,15,251,100,220,213,41,218,120,30,175,94,232,143,81,155,59,91,251,27,187,219,123,155,59,91,
    4,225,138,32,174,36,68,228,4,164,196,100,132,97,8,183,65,237,130,100,195,101,9,161,30,195,129,48,247,97,22,178,77,231,129,
    165,178,33,193,68,36,132,100,196,220,33,156,82,36,132,65,188,178,47,133,57,89,252,4,164,195,1,194,110,12,161,125,225,140,52,
    147,36,152,70,26,183,79,243,132,17,195,127,88,155,83,248,131,120,228,119,21,179,24,192,159,37,223,116,26,179,22,171,203,118,194,
    45,202,122,95,171,87,250,145,85,159,63,95,255,31,191,223,127,159,63,95,255,77,250,143,58,222,107,95,171,94,236,148,113,200,126,
    161,92,160,193,104,221,102,28,161,68,168,143,41,197,109,82,143,77,252,187,45,218,126,1,171,77,160,183,36,196,65,33,129,97,193,
    0,253,192,14,248,88,29,224,110,243,217,101,133,35,88,248,31,221,158,50,208,125,33,189,80,232,148,35,159,65,29,176,72,244,131,
    221,143,51,148,72,27,185,95,201,142,59,200,110,84,157,117,180,179,55,219,125,31,142,72,251,148,41,202,123,8,191,84,249,131,122,
    125,94,227,18,163,140,49,131,100,6,183,69,230,141,53,139,42,77,165,74,241,144,55,215,106,14,166,3,190,222,99,197,98,15,176,
    9,236,67,254,204,34,195,120,76,147,107,162,158,45,207,105,24,169,95,248,230,108,140,44,76,236,12,172,204,108,140,44,76,171,73,
    161,83,240,155,35,157,60,91,179,92,231,134,33,193,124,24,176,21,168,213,51,212,121,6,176,63,181,213,117,149,53,85,245,21,181,
    30,190,222,50,209,125,31,178,30,248,139,48,221,106,23,177,80,190,161,111,215,114,55,151,15,193,146,111,247,87,18,129,10,231,214,
    142,13,71,231,7,167,199,103,135,39,71,231,7,167,199,103,135,39,11,168,68,230,139,103,248,54,86,142,110,235,214,118,248,110,11,
    124,57,153,111,164,138,112,141,48,30,185,92,154,208,112,144,48,80,240,16,176,208,112,144,48,80,240,16,176,156,63,211,113,28,240,
    38,144,85,168,166,53,230,40,72,144,102,198,205,47,153,36,89,180,88,237,145,119,209,108,30,188,51,185,217,121,153,57,89,249,25,
    194,98,130,34,66,226,2,162,132,45,208,34,61,238,2,221,142,115,235,75,14,174,107,221,189,43,253,75,43,157,23,231,194,43,204,
    107,219,106,2,185,88,163,156,36,217,96,24,187,74,232,142,101,249,106,8,174,88,177,172,46,223,79,14,184,72,238,133,47,202,101,
    192,103,92,253,29,180,144,59,190,52,84,244,20,180,212,116,148,52,84,244,20,180,212,116,148,52,84,244,20,253,146,116,235,120,69,
    84,52,177,81,212,162,2,212,66,52,148,98,168,152,115,243,124,16,184,29,160,192,125,226,113,17,148,116,212,180,20,140,113,76,130,
    207,175,42,151,89,4,238,18,178,213,111,134,103,8,162,6,217,138,119,239,79,10,170,111,217,185,47,249,79,47,153,19,227,220,15,
    156,14,135,80,3,163,102,198,166,6,230,62,3,254,112,198,166,35,158,80,13,231,27,187,219,102,134,47,14,161,75,175,176,35,158,
    17,241,116,20,145,103,199,145,7,241,81,39,237,93,162,190,49,214,124,62,177,74,235,140,27,208,113,20,188,119,254,187,52,217,107,
    178,9,222,141,45,232,72,40,136,104,176,141,112,254,72,40,173,16,222,131,105,149,53,84,232,8,161,128,47,197,33,62,173,16,200,
    99,230,134,3,245,85,3,149,99,195,181,127,207,48,44,163,68,238,172,35,216,121,30,137,66,227,134,46,229,108,41,166,75,249,153,
    187,172,63,223,90,58,154,122,218,194,63,130,76,58,154,95,162,172,49,155,39,71,229,26,186,221,7,193,114,29,160,67,242,129,54,
    146,63,197,60,2,225,28,173,220,51,206,60,84,131,80,173,181,21,208,112,53,131,99,245,163,21,245,67,73,185,18,210,157,49,217,
    69,248,24,165,186,41,201,76,44,140,108,204,212,41,148,90,44,140,73,180,186,39,141,49,81,242,12,165,132,43,193,37,58,169,20,
    135,103,226,130,7,241,81,7,145,103,199,177,123,203,52,39,189,111,166,177,34,194,71,39,135,103,199,223,34,159,81,39,135,66,191,
    104,245,223,99,131,47,94,254,23,246,153,51,151,72,27,230,126,222,155,59,254,72,40,190,104,222,190,8,130,114,77,145,94,249,147,
    230,105,18,179,84,195,136,41,204,100,47,166,99,236,129,51,211,40,63,172,76,201,169,9,233,73,81,172,17,223,169,9,204,49,63,
    107,65,253,29,176,192,96,137,104,7,173,9,214,133,120,224,64,5,165,96,214,182,32,246,64,32,150,28,236,211,15,192,103,13,143,
    27,160,65,230,177,58,219,126,22,157,84,209,158,51,193,97,90,141,94,254,187,27,251,91,59,227,94,163,173,27,251,126,67,141,80,
    243,15,174,203,114,146,53,47,169,90,245,136,43,218,105,30,181,88,226,219,37,134,59,74,242,27,239,147,62,213,17,91,251,27,187,
    100,132,36,68,228,4,164,196,100,132,36,68,228,4,164,196,100,132,36,68,168,75,231,133,40,132,91,45,168,72,232,136,40,237,77,
    228,68,1,161,65,210,178,121,155,45,80,237,5,234,140,32,200,35,61,161,76,244,136,63,222,35,33,162,78,236,129,29,193,108,20,
    115,4,248,117,254,151,36,215,117,2,179,68,184,190,35,219,119,24,185,95,242,164,57,217,98,38,183,68,226,216,6,217,101,31,162,
    22,176,81,191,210,127,224,115,78,150,118,243,147,22,224,64,22,128,118,214,160,106,218,49,47,176,76,246,139,54,208,113,86,241,114,
    137,47,198,97,28,189,76,237,226,104,136,40,72,232,8,168,200,104,136,40,72,232,8,168,200,104,136,40,72,232,8,168,200,33,206,
    113,238,88,29,189,93,253,157,24,248,88,56,189,93,253,174,14,133,39,81,237,17,206,184,61,128,78,29,142,0,160,184,14,238,37,
    204,58,14,178,95,244,240,122,154,58,90,250,26,186,218,122,154,58,90,250,26,186,218,122,154,58,90,250,26,186,218,122,154,58,90,
    124,202,143,114,252,111,60,242,18,202,188,28,151,117,67,254,3,220,170,47,207,111,15,175,106,202,170,10,207,111,15,156,124,183,213,
    134,204,108,140,44,76,236,12,172,204,108,140,44,76,236,12,172,204,108,140,44,76,236,12,172,204,108,140,44,51,253,29,197,165,32,
    196,100,234,124,25,185,124,220,170,97,207,53,72,245,106,249,196,28,252,121,25,156,106,202,156,10,252,92,42,224,80,159,213,117,149,
    126,158,62,94,254,30,190,222,126,158,62,94,254,30,190,222,126,158,62,94,254,91,240,154,84,158,62,94,254,30,190,222,126,158,62,
    231,7,167,199,103,135,39,71,231,7,226,137,35,173,39,71,231,7,167,199,103,135,39,71,231,7,167,199,103,135,98,9,163,45,167,
    16,176,208,112,144,48,80,240,16,176,208,112,144,48,80,162,85,228,133,34,222,48,47,225,1,217,185,60,129,33,47,185,92,252,185,
    208,166,109,195,19,89,249,25,185,217,121,153,57,89,249,25,185,156,55,221,19,89,249,25,185,217,121,153,57,89,249,25,185,149,54,
    97,3,174,2,228,151,44,193,118,11,173,76,162,189,115,206,93,43,243,78,238,142,115,253,93,61,247,18,170,203,72,130,34,66,226,
    75,235,11,171,203,107,139,43,75,235,11,171,141,36,217,43,52,231,11,212,135,122,226,66,7,167,98,212,180,34,244,66,34,148,30,
    177,20,253,154,116,196,117,29,166,71,188,131,59,198,127,7,164,85,247,145,122,230,117,23,177,71,174,179,49,192,80,17,167,87,241,
    83,249,156,51,201,110,85,244,20,189,153,50,183,61,93,253,29,189,221,125,157,61,93,253,29,189,221,125,157,61,93,253,29,244,155,
    134,89,10,247,111,207,138,42,239,89,57,175,121,207,175,25,147,99,72,136,71,235,131,102,155,59,70,153,74,234,175,15,239,79,47,
    62,3,254,112,198,166,35,158,80,13,231,27,186,222,102,143,110,1,171,15,208,131,126,230,70,3,163,102,208,176,38,240,70,38,144,
    77,189,2,209,139,25,144,71,20,180,113,209,177,17,241,41,20,233,103,209,177,52,137,71,26,240,12,173,202,113,145,56,25,182,92,
    193,30,205,48,40,136,77,237,168,30,254,104,62,136,104,222,212,36,143,85,19,160,79,242,145,32,211,100,15,162,88,161,159,124,129,
    123,138,126,2,175,68,128,202,106,138,42,74,234,10,170,202,106,138,42,74,234,10,170,202,106,138,42,74,234,10,170,134,37,201,107,
    223,51,44,226,2,218,186,63,130,34,44,186,95,255,186,26,236,39,9,243,14,179,172,63,130,90,58,191,95,218,172,12,218,76,58,
    85,35,233,89,178,172,61,206,121,18,168,18,204,157,46,217,114,8,242,108,253,142,57,210,104,82,155,83,253,144,31,212,121,31,183,
    245,138,44,203,113,75,130,74,228,137,6,205,96,6,174,85,234,140,43,209,15,69,229,5,165,197,101,133,37,69,229,5,165,197,101,
    206,110,142,46,78,238,14,174,206,110,241,63,95,135,103,226,223,127,241,103,2,162,103,199,177,122,212,32,61,167,84,235,206,115,142,
    1,210,116,3,184,69,164,217,8,219,38,62,230,91,166,155,59,219,123,70,187,6,200,195,99,159,72,70,230,126,222,155,102,134,72,
    169,76,236,169,9,255,52,26,238,115,233,154,37,142,88,76,224,17,181,204,96,255,49,81,137,105,236,209,113,255,105,12,172,105,201,
    118,189,147,103,250,96,19,172,7,211,192,67,137,41,73,233,9,169,201,105,137,41,73,233,9,169,201,105,137,41,73,233,9,169,201,
    178,128,55,198,103,0,188,18,205,195,99,251,91,30,227,3,205,155,62,222,91,59,141,6,232,248,114,146,50,82,242,18,178,210,114,
    219,123,155,59,91,251,27,187,219,123,155,126,21,191,49,187,219,123,155,59,91,251,27,187,219,123,155,59,91,251,27,254,149,63,177,
    68,228,4,164,196,100,132,36,68,228,4,164,196,100,132,36,22,161,80,241,150,42,132,106,13,168,46,164,196,100,132,36,68,228,4,
    237,13,173,205,40,195,105,103,237,13,173,205,109,141,45,77,237,13,173,205,33,194,110,12,161,13,235,152,35,206,121,4,162,67,173,
    105,255,154,103,223,127,63,186,90,201,199,63,233,35,71,254,31,156,214,118,150,54,86,246,22,182,214,118,150,54,86,246,22,182,154,
    240,156,62,211,63,32,238,14,214,182,51,142,46,32,182,83,243,182,22,224,43,5,255,2,191,145,54,211,21,95,255,31,191,223,127,
    40,72,232,8,168,200,104,136,40,72,164,71,235,137,36,136,87,33,164,25,215,132,23,153,57,33,151,119,188,158,104,149,40,5,169,
    5,185,31,249,132,54,212,27,81,241,17,177,209,113,145,49,81,241,17,177,209,113,145,49,23,190,67,177,174,125,145,78,29,224,120,
    147,86,246,179,5,229,115,37,147,115,197,207,63,154,115,20,250,74,251,147,40,201,50,13,181,72,241,137,42,219,121,31,244,104,251,
    32,198,112,89,132,70,247,167,38,208,96,6,173,71,226,141,55,208,43,74,234,3,231,140,73,131,35,67,227,3,163,195,99,131,35,
    140,44,76,236,12,172,204,108,140,44,5,170,12,211,128,125,229,69,0,160,101,211,179,37,243,69,37,147,25,233,194,2,205,97,9,
    53,72,232,21,202,153,57,252,92,60,156,124,164,153,100,234,92,60,185,4,202,151,125,129,32,70,252,21,244,155,49,149,74,25,228,
    55,151,82,242,183,1,225,119,33,151,119,193,203,59,132,87,13,159,22,193,146,50,247,87,55,151,119,175,146,111,225,87,55,178,15,
    184,37,143,51,82,243,14,174,199,51,207,98,9,205,7,167,199,103,135,39,71,231,7,167,199,103,135,39,71,231,7,167,199,103,135,
    112,144,48,28,191,83,241,156,112,239,89,28,188,92,252,156,25,249,89,57,188,92,252,175,15,132,38,80,237,16,184,151,49,221,117,
    151,73,21,184,64,252,139,42,151,85,22,186,88,245,169,53,216,96,28,171,23,218,145,56,203,120,26,173,92,235,215,17,204,116,24,
    76,237,139,38,240,109,13,182,114,227,144,54,140,82,13,177,75,246,139,45,204,34,79,226,125,238,211,11,235,110,14,139,125,221,139,
    212,162,2,244,62,14,229,123,228,152,34,223,98,4,165,2,165,166,42,204,101,2,191,94,239,142,65,139,43,75,235,11,171,203,107,
    212,116,148,52,84,244,20,180,212,116,148,52,84,244,20,180,157,50,148,75,61,184,88,248,152,56,253,93,61,157,88,248,152,11,235,
    105,139,61,65,253,98,212,145,108,226,113,34,236,12,212,162,2,137,107,93,169,85,248,147,87,157,61,93,253,29,189,221,125,157,61,
    230,6,166,198,102,134,38,70,230,6,166,198,102,134,38,70,230,6,217,175,42,151,89,10,153,23,183,175,25,249,50,16,230,27,166,
    112,198,131,35,195,99,3,134,102,198,166,35,195,99,48,144,27,185,229,111,143,47,79,239,15,175,207,111,143,47,79,239,15,175,207,
    184,216,120,152,56,88,248,24,184,216,120,152,71,73,233,113,209,148,105,137,71,17,180,84,209,177,7,140,98,88,229,24,199,148,105,
    72,40,173,77,200,190,30,200,94,40,136,126,180,132,75,129,33,65,225,1,161,193,97,129,33,65,225,1,161,193,97,129,33,65,225,
    74,234,10,170,143,36,206,0,74,234,10,170,202,106,138,42,74,234,10,170,202,106,138,42,74,234,10,170,143,36,206,0,74,234,10,
    243,19,179,211,115,147,51,83,243,19,179,211,115,214,125,23,217,19,179,211,115,147,51,83,243,19,179,211,115,147,51,83,243,65,246,
    72,233,142,50,156,67,77,237,117,213,144,109,141,67,21,176,80,213,181,3,136,102,118,252,28,188,220,124,156,60,92,252,28,188,220,
    192,107,1,207,5,165,197,101,133,37,69,229,5,165,197,101,201,106,6,164,73,165,186,12,201,52,58,169,20,204,172,12,236,105,9,
    81,95,145,26,185,206,115,142,105,11,186,72,235,128,56,134,39,64,188,79,237,139,29,222,107,11,170,14,225,156,110,156,62,94,196,
    87,247,23,183,215,119,151,55,87,247,23,183,155,56,212,118,27,247,99,224,146,50,217,68,18,165,65,254,148,50,151,42,87,176,86,
    141,37,154,71,5,180,115,229,146,54,201,99,5,232,127,236,140,9,233,73,41,137,17,236,209,31,233,73,12,241,127,226,200,116,149,
    124,128,32,99,233,9,169,201,105,137,41,73,233,9,169,201,59,204,121,12,168,93,169,157,40,218,98,71,190,72,224,157,97,128,3,
    146,50,82,242,18,178,210,114,146,50,82,242,18,178,210,114,222,125,17,179,94,178,173,59,222,35,67,227,91,219,187,27,222,126,59,
    68,79,191,27,166,219,53,210,119,113,251,27,187,219,123,155,59,91,251,27,187,219,123,155,59,91,189,84,233,219,4,151,59,36,183,
    181,173,13,200,104,45,155,123,237,187,13,237,91,81,161,4,237,138,100,212,101,13,182,87,172,147,43,214,111,23,180,69,231,129,106,
    191,44,206,104,30,247,106,232,153,9,200,126,14,168,67,233,140,35,217,126,69,228,4,173,137,34,167,45,77,237,13,173,205,109,141,
    118,150,54,86,246,22,182,214,118,150,54,86,191,80,182,169,58,135,95,63,186,90,223,169,9,223,73,63,159,105,163,147,120,248,119,
    210,122,95,226,2,191,160,51,211,86,54,150,118,214,206,51,142,64,54,150,83,174,160,61,151,43,74,233,22,191,158,49,219,63,32,
    68,185,161,1,196,100,33,151,119,225,183,1,225,87,93,173,18,193,155,9,128,87,4,164,97,193,161,1,225,57,4,249,119,193,161,
    253,192,14,211,57,69,228,6,184,216,113,208,127,21,241,110,253,192,24,248,125,29,152,110,206,152,14,248,88,46,228,84,191,165,35,
    155,52,201,106,27,168,95,244,153,35,154,100,71,250,11,186,142,50,223,116,112,250,26,186,218,122,154,58,90,250,26,186,218,122,154,
    67,227,3,163,195,99,131,35,67,227,124,234,143,114,146,50,10,138,106,202,143,47,234,92,87,167,3,190,195,28,207,50,42,138,79,
    160,101,211,179,37,243,69,37,147,25,233,230,108,140,44,76,236,12,172,204,108,140,44,76,236,12,172,204,108,140,44,76,236,12,172,
    21,247,135,48,212,126,127,245,21,181,213,117,149,53,85,245,21,181,213,117,149,53,85,245,21,181,213,48,219,113,127,245,21,181,213,
    190,222,126,158,62,94,254,30,190,222,126,158,123,16,186,52,190,222,126,158,62,94,254,30,190,222,126,158,62,94,254,30,247,152,126,
    105,8,179,7,216,142,43,150,54,86,174,110,206,174,43,203,78,56,243,67,167,147,47,194,105,71,165,85,226,134,44,135,98,9,163,
    122,240,16,176,208,112,144,48,80,240,16,176,208,112,144,48,80,188,95,243,145,60,144,79,28,188,92,207,156,97,220,79,28,153,1,
    134,13,171,217,100,153,126,24,180,92,183,169,53,216,96,28,171,74,183,181,54,218,120,21,137,85,248,128,60,203,55,58,177,88,235,
    35,193,118,7,176,40,162,194,98,130,34,66,226,2,162,194,98,130,34,66,226,2,235,132,98,204,109,22,226,125,238,142,46,253,110,
    154,103,52,167,98,186,180,127,153,43,4,185,11,229,132,63,139,84,7,167,71,212,135,122,199,84,7,130,26,212,223,121,133,67,30,
    121,21,186,91,253,144,122,231,113,21,160,100,245,134,32,148,96,28,177,90,180,150,38,209,117,31,244,81,250,144,94,148,52,84,244,
    93,253,29,189,221,125,157,61,93,253,29,189,145,50,222,124,17,253,98,241,162,108,209,113,34,130,81,241,162,105,142,61,64,253,98,
    138,42,202,89,10,247,74,217,138,15,151,89,82,244,8,206,147,43,199,104,9,175,66,168,181,35,199,114,54,167,84,242,200,22,199,
    61,202,97,27,225,127,238,157,42,193,123,101,239,15,175,207,111,143,47,79,239,15,175,207,111,143,47,79,163,64,236,142,35,143,80,
    241,116,20,180,84,244,177,17,241,81,20,180,84,199,167,108,142,56,69,248,16,199,148,52,212,71,20,233,84,199,148,17,137,71,76,
    19,175,169,52,204,96,15,174,72,229,179,46,206,117,49,160,83,245,207,17,206,114,8,181,72,238,143,97,140,33,62,168,77,176,208,
    187,131,3,227,67,6,166,99,213,222,46,132,90,5,185,67,254,131,37,196,35,68,135,75,237,132,35,222,127,14,175,32,170,202,106,
    211,115,147,51,83,243,19,179,211,115,147,51,83,164,92,225,152,32,195,114,16,182,29,212,129,50,197,122,7,170,19,174,211,99,185,
    124,156,60,92,252,28,188,220,124,156,60,92,252,28,188,220,48,211,127,29,176,28,195,149,21,245,85,16,176,117,213,181,48,245,85,
    154,16,183,197,120,133,81,18,160,64,235,172,43,195,106,75,154,73,180,172,116,201,52,9,169,73,233,212,41,148,90,81,241,13,218,
    103,226,130,34,194,98,39,135,103,199,130,34,194,81,49,250,24,174,193,110,241,71,2,255,113,226,223,7,231,71,39,162,66,209,223,
    200,195,96,155,55,50,185,66,250,217,18,214,100,30,185,80,196,131,46,219,114,89,155,94,249,146,54,197,59,87,146,89,226,154,121,
    69,1,179,73,238,135,4,201,114,5,163,84,233,143,46,142,73,14,143,85,244,204,96,144,44,64,166,65,236,147,37,140,32,80,233,
    99,233,9,169,201,105,137,41,73,233,9,169,201,105,137,41,73,165,70,234,136,37,137,86,0,165,69,229,216,0,224,101,32,128,118,
    190,94,205,199,97,146,47,82,155,92,225,134,51,220,113,23,252,109,254,195,27,131,126,67,190,94,254,158,99,222,35,45,230,6,186,
    100,247,151,18,242,82,50,146,10,247,202,4,242,82,23,234,100,249,211,111,142,35,82,242,49,187,219,123,155,59,91,251,27,187,219,
    132,36,68,228,4,164,187,45,200,104,8,245,109,205,136,13,237,91,8,168,123,177,215,106,242,101,8,177,65,164,217,100,251,104,59,
    60,1,161,114,210,129,33,242,57,94,247,106,232,153,29,223,100,0,172,95,244,189,44,223,121,46,139,95,236,128,40,133,36,103,237,
    86,246,22,182,214,118,150,54,86,246,22,182,214,118,150,122,25,181,87,250,214,9,233,127,63,159,90,250,154,103,218,122,71,159,127,
    128,10,171,223,98,159,64,22,179,83,243,206,22,246,115,54,150,96,243,147,0,138,44,81,156,87,254,145,56,218,123,69,156,80,241,
    38,205,107,28,224,78,253,134,43,220,97,7,166,0,161,226,104,136,40,72,232,8,168,200,104,136,40,72,232,8,168,200,104,136,40,
    145,78,29,142,0,253,157,14,238,125,29,142,5,162,223,1,195,120,28,176,67,232,161,48,195,101,95,135,84,253,158,50,216,101,8,
    58,71,250,108,255,153,46,213,104,73,244,64,255,136,53,176,58,90,250,26,186,218,122,154,58,90,250,26,186,218,122,154,58,90,250,
    163,188,47,252,50,15,175,124,220,143,47,252,55,80,249,115,234,149,44,215,87,12,235,96,197,145,34,206,102,77,156,79,178,170,114,
    128,125,192,96,0,160,29,224,221,19,152,56,68,147,69,224,128,32,157,69,37,160,101,197,179,32,192,83,89,255,2,218,141,32,217,
    48,155,69,26,166,92,225,156,58,219,60,92,223,21,181,213,117,149,53,85,245,21,181,213,117,149,53,85,245,80,251,145,124,191,53,
    158,62,94,254,30,190,222,126,158,62,94,254,30,190,222,50,209,125,31,178,30,193,161,111,225,47,18,239,82,175,146,50,247,87,18,
    75,216,210,114,135,58,71,147,80,226,130,41,244,98,21,177,78,228,130,125,228,117,2,166,83,226,207,24,206,107,11,171,22,206,174,
    252,185,25,239,124,28,143,5,163,220,112,239,121,57,153,121,252,156,25,249,89,28,153,121,207,197,98,156,48,11,240,102,241,156,37,
    156,121,132,57,38,176,85,168,200,104,208,80,48,144,85,245,176,6,141,125,87,154,127,235,152,52,220,57,82,249,111,252,154,45,214,
    16,241,12,221,142,115,235,51,14,243,78,238,142,46,147,110,83,157,22,182,202,114,142,34,87,238,2,178,203,98,223,43,104,226,2,
    235,11,171,203,107,139,43,75,235,11,171,203,107,139,84,52,250,116,186,135,122,199,58,7,167,98,194,135,39,244,62,94,241,123,231,
    85,237,220,125,190,52,84,244,20,180,212,116,148,52,84,244,20,180,212,116,148,75,43,229,107,165,152,101,216,37,24,184,125,221,152,
    241,162,104,136,51,62,178,80,237,145,56,201,120,25,231,106,252,148,41,149,52,119,253,29,189,221,125,157,61,93,253,29,189,221,125,
    38,70,230,121,217,143,15,239,106,10,170,23,234,138,119,239,79,57,243,18,188,162,47,213,101,9,168,72,227,133,50,142,47,108,230,
    79,239,15,175,207,111,143,47,79,239,15,175,207,111,143,80,6,163,67,227,222,6,230,99,38,134,112,227,131,16,154,60,85,139,74,
    171,76,234,151,33,144,49,114,248,24,184,216,120,152,56,88,248,24,184,216,120,152,56,88,177,94,184,140,55,214,109,21,186,93,234,
    105,254,104,13,240,16,176,136,8,232,72,13,173,104,222,213,37,143,81,0,179,68,239,149,111,239,96,12,164,8,161,220,124,129,34,
    245,99,6,251,27,187,131,3,227,67,6,166,99,213,222,46,132,90,11,184,79,228,158,100,250,107,24,175,68,254,208,13,207,126,41,
    123,26,191,87,225,150,61,155,58,83,167,91,246,157,89,147,51,83,243,19,179,211,115,147,51,83,243,19,179,211,115,147,51,83,243,
    16,179,95,253,144,124,227,45,77,149,117,240,205,109,227,117,16,176,117,213,163,104,198,60,65,252,99,173,144,3,245,45,16,176,80,
    212,26,250,90,80,245,13,172,239,101,133,37,69,229,5,165,197,101,133,37,69,229,5,165,197,101,133,37,69,172,67,165,186,116,148,
    7,231,98,95,255,113,231,130,34,231,71,49,250,84,174,154,38,203,96,100,238,14,174,206,110,142,46,78,238,14,174,206,110,142,46,
    151,55,87,247,23,183,215,119,151,123,24,180,86,251,215,8,232,94,70,190,91,166,155,30,219,123,30,136,2,161,215,106,151,112,22,
    77,229,206,16,204,97,25,165,82,243,206,12,207,99,1,172,112,236,129,57,197,114,78,131,72,225,146,33,195,116,5,178,42,160,192,
    169,201,105,137,41,73,233,9,169,201,105,137,41,73,233,9,169,201,105,137,41,73,160,79,169,182,22,224,56,0,165,24,229,160,37,
    158,59,237,39,68,242,83,252,150,114,237,77,59,227,91,254,195,62,251,126,30,187,109,167,196,124,250,103,31,179,92,253,155,54,156,
    8,222,122,15,139,90,233,143,123,207,115,30,181,49,187,219,123,155,59,91,251,27,187,219,123,155,59,91,251,27,187,219,123,155,59,
    228,4,164,196,100,132,36,8,171,71,229,136,100,251,77,45,173,77,205,136,13,237,91,13,173,123,176,137,100,153,36,59,155,109,181,
    68,225,220,33,228,97,1,164,114,184,219,99,229,120,0,172,67,226,132,41,131,94,8,172,89,221,140,63,217,35,61,172,95,232,131,
    226,216,6,215,100,19,184,66,156,214,118,150,54,86,246,22,182,214,118,150,54,86,246,22,182,214,118,150,54,86,246,22,182,214,118,
    223,127,211,112,28,190,83,191,160,51,211,115,78,150,83,243,147,110,211,115,19,128,118,192,202,104,159,34,95,156,121,237,158,50,218,
    70,151,68,185,161,121,196,57,4,164,68,228,217,36,153,87,92,252,0,215,217,121,225,65,4,249,25,215,129,36,196,65,33,151,28,
    171,31,193,158,34,216,101,24,190,95,191,169,125,145,78,46,152,0,248,157,96,221,88,29,189,88,206,196,103,159,65,3,184,92,240,
    72,227,170,59,200,110,84,138,85,233,147,46,211,117,20,244,99,182,218,5,139,43,51,147,86,171,203,5,211,118,22,147,115,197,206,
    217,45,51,172,80,234,151,42,204,109,77,153,10,137,195,99,131,35,67,227,3,163,195,99,131,35,67,227,3,163,195,99,131,35,67,
    44,76,236,12,172,204,108,243,69,0,160,64,224,128,5,229,69,37,160,64,224,179,19,152,58,76,241,12,164,179,19,229,61,5,160,
    68,185,124,249,153,60,234,32,67,251,125,224,152,52,219,122,28,177,103,250,154,33,229,116,7,161,27,197,154,38,220,97,28,186,91,
    254,19,190,161,111,143,87,55,178,15,175,161,55,210,114,55,151,97,170,132,112,238,113,13,183,74,247,145,48,151,48,51,191,89,240,
    46,211,114,3,162,45,167,199,103,135,39,71,231,7,167,199,103,135,39,71,231,7,167,199,103,135,39,71,231,7,167,199,103,135,107,
    223,115,17,188,16,207,156,60,249,89,28,225,92,161,185,25,249,89,25,188,111,165,200,112,141,48,36,167,85,245,158,25,222,118,31,
    55,38,181,8,208,200,53,136,117,21,181,85,168,149,104,230,45,77,241,102,208,149,53,213,117,21,144,112,208,176,53,213,117,38,134,
    182,212,98,141,34,61,139,78,179,189,46,147,75,43,139,107,238,142,29,147,93,86,245,14,162,167,44,215,111,76,135,67,241,139,44,
    140,24,223,114,7,174,5,199,130,37,206,106,25,231,11,206,133,62,198,37,46,170,88,226,133,44,239,98,25,174,72,255,130,36,197,
    122,253,122,59,161,64,184,212,100,152,52,18,181,88,231,145,120,148,36,93,222,20,180,212,116,148,52,84,244,20,180,212,116,148,52,
    157,61,93,253,29,189,221,125,157,61,93,253,29,189,145,50,222,124,17,253,98,241,145,49,209,84,52,148,116,212,180,20,244,44,52,
    111,217,211,127,134,59,70,143,72,245,146,39,200,101,3,232,121,234,215,15,151,106,87,170,74,234,138,119,202,55,57,242,18,174,185,
    227,131,6,230,70,38,134,30,227,222,16,230,70,3,254,112,237,199,123,154,54,70,230,37,175,207,111,143,47,79,239,15,175,207,111,
    216,120,152,56,88,248,24,184,216,120,152,56,88,248,24,184,216,7,212,116,20,180,113,209,177,17,241,81,49,145,9,209,177,7,141,
    88,239,119,224,141,52,196,33,92,225,126,200,168,40,200,72,13,136,104,222,136,40,254,53,12,251,102,228,149,17,211,104,12,160,83,
    179,122,235,152,62,233,76,24,171,71,239,194,99,160,42,74,234,10,170,202,106,138,42,74,234,10,170,202,106,138,42,74,234,10,170,
    19,179,211,115,147,51,83,191,92,240,146,63,147,76,58,154,90,204,194,63,223,34,66,154,95,255,172,102,210,51,78,243,108,255,159,
    240,144,21,245,85,53,149,117,213,181,109,245,85,35,233,5,178,191,52,221,114,27,185,88,166,191,51,210,114,25,191,72,180,154,41,
    107,6,177,76,234,139,109,140,15,69,229,5,165,197,101,133,37,69,229,5,165,197,101,133,37,69,229,5,165,197,101,133,37,69,229,
    78,238,14,174,206,110,241,71,39,167,71,199,130,7,231,81,7,167,113,186,131,96,254,124,7,163,79,252,151,30,207,124,26,224,120,
    178,91,248,148,62,195,110,87,234,23,193,146,52,195,120,5,228,25,237,146,37,216,29,87,247,23,183,215,119,151,55,87,247,23,183,
    96,128,32,64,224,0,160,192,96,128,32,64,224,0,160,192,96,128,32,64,159,105,201,137,41,233,108,41,137,127,233,137,31,148,109,
    147,89,0,191,70,253,189,38,129,74,47,187,72,228,140,103,246,101,88,128,24,229,216,37,197,101,5,248,69,184,182,125,157,33,54,
    126,30,190,94,219,187,27,251,91,59,155,123,163,187,27,237,39,75,252,100,243,158,39,215,60,34,189,65,251,134,59,221,124,91,251,
    113,251,27,187,219,123,155,59,91,251,27,187,219,123,155,59,91,251,27,187,219,123,155,59,91,251,27,187,219,62,213,127,82,209,27,
    196,100,132,36,68,228,4,164,196,100,132,36,68,228,4,164,196,100,132,36,68,228,4,164,196,100,132,104,11,167,69,232,196,27,237,
    4,156,60,50,161,65,188,164,4,193,60,4,146,24,239,205,112,141,89,26,168,72,227,190,40,223,123,4,174,72,183,174,63,200,108,
    194,115,94,137,90,250,154,58,255,95,63,159,127,223,191,31,135,95,63,137,3,175,218,118,233,122,26,159,127,250,199,58,135,95,63,
    86,54,182,83,192,202,103,147,63,4,255,105,254,147,42,218,63,66,255,96,243,147,51,142,86,19,179,83,174,147,51,211,64,54,128,
    189,223,104,213,33,98,232,8,168,200,104,136,40,72,232,8,168,200,104,136,40,72,232,8,168,200,104,136,40,72,232,8,168,200,23,
    184,24,128,32,46,189,93,160,184,24,221,32,24,142,4,243,203,1,221,112,8,249,24,155,209,113,145,49,81,241,17,177,209,113,145,
    122,154,58,90,250,26,186,218,122,154,58,90,250,26,186,218,122,229,83,51,235,11,197,150,54,139,83,51,182,11,243,165,111,216,52,
    128,76,238,147,47,198,119,6,167,25,212,130,42,215,43,74,201,3,163,195,99,131,35,67,227,3,163,195,99,131,35,67,227,3,163,
    12,172,204,108,140,44,76,236,12,172,179,5,229,101,51,253,64,224,221,125,229,96,0,147,25,237,214,8,197,127,15,163,66,226,137,
    246,129,125,156,31,85,245,21,181,213,117,149,53,85,245,21,181,213,117,149,53,85,245,21,181,213,117,149,53,85,245,21,181,170,57,
    146,50,210,87,55,151,119,215,183,23,247,47,55,151,97,171,199,100,250,123,13,170,76,241,135,118,151,20,94,254,30,190,222,126,158,
    71,231,7,167,199,103,135,39,71,231,7,167,199,103,135,39,71,162,73,227,237,103,135,39,71,231,7,167,199,103,135,39,71,231,7,
    240,16,176,208,112,144,117,30,180,58,176,208,112,144,48,80,240,16,176,208,112,144,48,80,240,16,176,208,112,144,114,2,181,81,251,
    51,185,217,121,153,57,89,249,25,185,217,121,153,57,89,249,25,252,151,61,179,57,89,249,25,185,217,121,153,57,89,249,25,236,151,
    214,107,14,226,76,237,150,98,253,69,76,176,67,225,135,54,199,113,22,200,2,162,194,98,130,34,66,226,2,162,194,98,206,109,1,
    106,7,235,116,186,218,2,226,103,90,250,116,226,135,39,226,66,52,255,81,171,214,107,244,58,2,167,98,194,218,20,199,58,34,130,
    24,139,0,237,220,125,190,52,84,244,20,180,212,116,148,52,84,244,20,253,146,116,235,37,69,157,125,248,197,101,235,125,24,184,125,
    148,98,169,135,125,201,117,24,179,55,189,221,125,157,61,93,253,29,189,221,125,157,61,93,253,29,241,146,62,220,113,93,130,81,241,
    42,249,106,87,170,121,234,175,119,249,50,84,230,27,166,129,39,203,99,72,150,74,231,159,35,212,117,72,138,73,229,135,42,246,106,
    206,118,10,189,1,204,135,46,221,110,12,187,74,253,229,111,143,47,79,239,15,175,207,111,143,47,79,239,15,175,207,38,201,47,48,
    116,20,180,103,244,201,52,231,116,49,233,103,172,202,120,217,118,28,248,103,244,148,52,231,116,73,180,103,244,177,105,231,44,74,246,
    201,148,44,192,111,14,168,69,175,178,36,192,117,49,160,83,245,193,53,201,100,15,203,1,161,193,97,129,33,65,225,1,161,193,97,
    202,106,138,42,74,234,10,170,134,37,201,107,6,234,117,230,181,123,198,102,53,149,70,230,181,126,153,42,87,234,117,230,134,38,245,
    63,130,127,44,191,122,162,172,103,129,61,59,166,94,242,157,60,218,119,93,128,86,242,135,3,210,97,7,253,99,242,129,54,221,103,
    146,76,29,174,89,242,136,86,156,60,92,252,28,188,220,124,156,60,92,252,28,188,220,124,156,60,92,252,80,243,159,61,208,60,35,
    108,204,172,12,236,76,58,172,20,204,172,116,250,48,6,229,24,165,166,3,215,100,8,160,11,218,137,116,236,52,9,244,73,233,137,
    226,223,34,159,81,90,250,6,209,223,127,231,71,2,255,31,209,135,34,194,71,39,145,26,244,192,30,193,125,7,186,71,225,128,96,
    175,123,151,72,27,187,91,200,155,102,219,72,27,158,6,200,195,101,153,95,2,186,86,249,152,62,211,69,24,184,67,199,150,37,195,
    78,144,79,243,137,52,201,111,14,238,121,172,192,31,145,49,41,137,76,177,209,31,201,108,12,137,105,223,212,58,142,80,15,179,73,
    189,64,230,135,103,243,32,99,233,9,169,201,105,137,41,73,233,9,169,201,105,137,41,73,233,9,169,201,37,198,106,8,165,9,214,
    123,254,158,62,222,126,59,155,123,219,158,62,222,77,45,230,4,178,207,114,154,77,30,190,94,205,158,99,222,77,30,155,3,205,198,
    169,213,19,206,118,26,181,84,242,159,9,212,116,15,139,90,233,143,117,235,116,8,178,79,242,148,53,155,54,91,132,114,210,178,18,
    77,45,155,77,181,173,13,149,91,81,167,10,212,139,55,205,112,13,171,74,173,202,9,197,99,10,173,80,241,128,33,174,36,68,228,
    77,237,13,173,205,109,141,45,77,237,13,173,205,109,141,45,77,161,66,238,140,33,141,82,4,132,100,196,129,33,228,68,36,161,100,
    159,105,163,196,118,139,54,34,161,83,243,152,31,216,112,25,248,105,250,199,31,135,122,71,186,90,250,154,103,218,39,41,226,2,190,
    96,214,147,51,211,115,19,150,118,214,182,51,211,115,32,128,11,169,223,112,159,64,54,179,14,192,147,110,246,86,54,150,83,243,160,
    153,87,92,255,4,168,173,38,221,101,70,141,73,251,129,38,207,91,28,177,68,237,198,4,193,102,13,169,90,164,200,13,198,125,5,
    63,52,176,66,248,159,54,245,120,3,180,82,229,152,62,223,63,56,191,126,228,133,125,145,33,93,241,87,240,157,34,212,61,81,225,
    83,208,26,186,218,122,154,58,90,250,26,186,218,122,154,58,90,250,26,186,218,122,214,117,25,187,86,186,165,51,214,118,22,235,115,
    170,47,234,74,60,175,79,220,214,112,131,62,67,138,77,240,151,34,205,96,6,237,124,239,210,10,146,111,82,175,79,239,143,114,207,
    125,243,56,88,228,115,224,128,5,229,69,37,133,29,224,221,19,229,69,0,253,115,238,196,120,154,60,69,229,38,172,204,108,140,44,
    149,53,85,245,21,181,213,117,149,53,85,245,21,181,213,10,220,121,25,185,4,220,188,57,252,92,42,185,89,202,192,102,155,67,20,
    114,11,187,30,163,222,1,210,65,79,178,82,193,161,50,210,65,74,237,4,217,155,42,238,108,23,179,95,236,135,14,223,108,10,157,
    193,149,38,202,98,79,238,45,167,199,103,135,39,71,231,7,167,199,103,135,39,71,231,7,167,199,103,135,107,8,164,70,235,199,24,
    175,57,249,89,28,188,92,161,156,60,129,89,57,143,5,164,208,109,144,79,25,188,92,252,193,25,249,124,57,153,111,252,156,15,133,
    106,151,90,17,184,87,254,156,61,131,90,22,183,87,252,154,45,145,127,12,183,90,237,144,54,215,49,80,211,25,185,217,121,153,57,
    226,2,162,194,98,130,34,66,226,2,162,194,98,130,34,66,226,2,221,142,29,147,110,14,157,125,238,142,29,150,49,76,146,80,235,
    70,234,153,50,251,106,25,191,5,221,142,39,196,104,2,191,82,171,214,107,253,110,8,191,68,249,216,101,209,110,25,164,33,171,203,
    180,212,116,148,52,84,244,20,180,212,116,148,52,84,244,20,180,212,116,148,52,84,139,88,203,197,56,216,75,43,184,88,203,192,103,
    199,13,212,107,18,169,105,242,213,30,251,111,28,176,88,179,162,49,140,84,76,177,12,241,145,49,209,44,17,236,98,169,201,117,226,
    15,170,74,234,215,15,239,106,47,143,121,234,138,25,147,53,72,144,71,234,147,35,136,86,9,181,79,242,143,41,200,47,79,204,6,
    239,15,175,207,111,143,47,79,239,15,175,207,111,143,47,79,239,15,175,138,33,203,38,101,239,15,175,207,111,143,47,79,239,15,175,
    24,184,216,120,152,56,88,248,24,244,151,59,217,116,88,135,103,169,167,105,212,41,20,233,84,244,177,17,212,116,39,237,13,184,197,
    129,85,22,164,68,239,178,36,211,119,8,162,68,187,162,51,196,96,21,164,9,222,136,45,205,109,80,136,104,237,168,8,254,109,13,
    85,95,249,6,170,181,35,227,67,35,166,70,195,163,3,198,67,35,149,31,184,198,106,209,42,60,171,70,255,143,106,151,42,53,131,
    58,154,122,218,186,12,218,34,58,154,2,204,198,48,147,110,90,217,19,179,211,115,147,51,83,243,19,179,211,115,147,51,83,243,19,
    252,28,188,163,3,141,67,77,176,13,240,205,48,208,85,53,176,80,195,201,105,134,76,16,189,69,180,213,86,156,60,92,252,28,188,
    101,133,37,69,229,5,165,197,101,133,37,69,229,5,218,186,116,250,52,9,244,73,180,137,41,236,76,9,169,122,176,208,107,230,106,
    195,126,2,171,90,235,138,116,249,111,7,186,6,167,228,110,142,46,78,238,14,174,206,110,142,46,78,238,14,174,206,110,142,46,78,
    72,40,190,126,222,155,59,219,38,27,187,6,222,190,8,130,35,77,147,94,228,148,56,217,121,18,180,67,191,222,93,151,55,87,247,
    160,192,96,128,32,64,224,0,160,192,96,128,32,64,224,0,223,137,44,204,108,81,137,105,236,169,9,255,108,12,159,21,179,218,4,
    140,58,221,123,6,176,1,160,227,105,137,41,73,233,9,169,201,105,137,41,73,233,9,169,201,105,137,41,73,189,72,250,130,103,222,
    51,219,102,90,227,27,152,210,114,146,50,82,242,18,178,210,114,146,50,82,242,18,178,210,114,146,50,45,190,109,163,158,62,237,77,
    215,119,36,239,8,161,171,50,205,116,15,143,84,179,164,18,242,82,50,146,114,196,146,106,242,82,74,132,14,248,210,81,155,59,91,
    4,164,196,100,132,36,68,228,4,164,196,100,132,36,68,228,4,240,133,55,207,42,19,165,77,240,204,109,174,36,68,228,4,164,196,
    173,205,109,141,45,77,237,13,173,205,109,141,45,77,146,65,210,220,33,193,82,50,161,65,210,217,126,131,93,31,164,64,236,159,52,
    166,55,196,98,88,151,69,229,147,59,212,122,15,154,95,248,147,55,196,64,19,186,89,245,159,34,207,54,75,246,105,250,169,103,218,
    51,224,64,19,179,96,171,204,113,239,109,22,178,94,237,134,15,222,109,11,241,124,217,141,62,210,122,81,147,80,240,148,9,218,124,
    188,71,250,200,98,136,59,93,248,34,168,200,104,136,40,72,232,8,168,200,104,136,40,72,232,8,168,200,104,136,124,9,187,67,166,
    70,240,152,37,153,32,88,219,17,177,209,113,145,49,81,241,17,177,209,113,145,49,81,241,17,177,209,113,221,126,18,176,93,177,174,
    246,203,54,139,118,75,182,11,197,147,19,243,118,22,182,101,175,158,122,135,58,14,179,89,241,210,115,176,58,90,250,26,186,218,122,
    35,67,227,3,163,195,99,131,35,67,227,3,163,145,38,211,102,2,183,3,247,130,48,200,45,20,162,74,247,203,106,131,92,15,156,
    93,160,64,211,179,32,192,83,88,255,2,220,158,37,193,109,30,181,124,237,158,56,130,77,31,191,73,225,142,32,213,64,5,162,73,
    180,71,195,144,57,218,118,28,161,76,181,200,117,227,112,22,161,90,231,198,123,207,112,7,186,21,224,155,33,220,121,85,161,92,246,
    85,182,215,126,147,62,33,178,15,242,207,50,143,114,79,129,87,215,183,50,210,114,33,235,90,190,192,99,158,47,94,177,76,190,144,
    200,115,71,152,96,169,149,38,196,98,19,162,84,243,237,103,135,39,71,231,7,167,199,103,135,39,71,231,7,167,199,103,135,39,71,
    103,31,162,91,227,128,49,211,117,94,151,66,241,134,57,196,105,80,237,16,161,201,102,186,48,80,240,16,176,208,112,144,48,80,240,
    89,249,25,185,217,60,215,125,115,249,25,185,217,121,153,57,89,249,25,185,217,60,213,106,28,176,95,185,151,54,205,57,38,232,8,
    171,11,206,51,83,157,75,238,142,11,235,93,86,184,2,227,140,38,130,93,11,174,19,235,139,11,206,110,61,243,75,221,215,115,138,
    98,139,127,3,174,69,129,203,107,139,43,75,235,11,171,203,107,139,43,75,235,11,171,135,36,200,106,7,235,116,231,218,2,226,103,
    216,93,43,139,93,203,189,29,235,33,17,244,9,180,171,61,216,37,29,189,125,248,152,11,133,125,43,225,5,188,221,94,148,52,84,
    61,93,253,29,189,221,125,157,61,93,253,29,189,145,50,222,124,17,253,98,241,145,49,226,113,76,177,98,241,180,108,226,41,79,253,
    187,198,33,199,107,3,232,118,234,135,63,195,116,21,232,106,233,133,39,202,86,10,167,95,227,148,104,229,110,7,180,71,229,146,35,
    157,69,143,47,79,239,15,175,207,111,143,47,79,239,15,175,207,111,198,105,79,144,67,227,131,16,195,62,3,144,67,198,222,16,155,
    106,152,121,22,188,24,199,148,52,212,71,20,233,84,199,148,17,137,71,76,234,22,208,141,53,217,118,23,177,92,182,171,61,217,108,
    145,64,243,149,97,213,105,4,175,43,161,193,97,129,33,65,225,1,161,193,97,129,33,65,225,1,161,193,97,129,109,14,162,64,237,
    10,213,134,21,155,102,6,149,117,230,134,21,158,57,74,247,10,213,134,38,198,85,6,251,70,213,134,3,155,85,94,248,4,194,159,
    254,146,61,220,122,23,253,96,246,146,39,227,114,1,167,29,195,146,33,214,125,7,253,99,242,129,54,221,103,121,243,19,179,211,115,
    220,124,156,60,92,252,28,188,220,124,156,60,92,252,28,240,147,63,221,112,92,131,117,213,181,21,245,85,35,181,13,213,181,109,227,
    80,166,5,184,197,6,227,119,4,168,64,171,186,41,148,76,84,169,20,233,137,41,201,52,9,244,122,177,209,109,250,105,84,140,108,
    162,66,199,177,17,199,81,39,135,113,187,139,96,254,97,29,167,90,231,129,32,128,86,66,238,113,226,130,34,241,98,95,162,113,226,
    126,166,168,99,133,57,63,162,90,246,153,56,222,115,37,184,88,227,167,54,197,99,89,135,88,228,158,35,222,120,25,249,110,187,215,
    255,108,81,137,105,236,140,9,255,95,9,159,105,201,191,117,197,46,48,175,83,233,148,41,207,110,78,154,9,138,192,96,128,32,64,
    41,73,233,9,169,201,105,137,41,73,233,9,169,201,105,197,102,10,168,69,169,182,0,197,101,5,165,69,192,160,0,224,101,5,165,
    45,141,6,164,210,111,146,58,45,190,94,254,173,62,131,126,45,190,123,163,173,102,128,60,58,167,95,243,156,61,219,118,32,189,93,
    175,107,250,137,47,149,75,20,168,82,239,146,52,213,59,86,251,100,210,178,18,242,82,50,132,82,170,178,18,138,68,78,184,21,203,
    43,215,109,16,173,75,234,205,106,233,101,3,170,77,240,145,32,193,14,68,228,4,164,196,100,132,36,68,228,4,164,196,100,132,36,
    141,45,77,237,65,226,142,44,193,45,50,164,100,196,164,33,193,68,36,132,65,196,164,18,152,63,77,240,13,217,154,40,200,99,36,
    120,16,185,24,201,154,103,255,39,26,231,90,250,154,58,135,122,71,137,2,162,222,9,255,122,26,186,90,250,191,31,255,95,26,186,
    19,128,96,171,201,127,144,63,32,150,83,174,160,51,142,86,54,150,118,243,147,0,142,64,75,232,19,191,186,49,202,114,81,154,94,
    155,33,198,111,59,188,81,228,141,102,228,97,6,173,73,250,196,104,237,102,29,165,6,205,137,59,193,102,15,140,65,250,141,43,220,
    56,222,127,95,152,95,222,132,37,157,49,65,253,17,247,144,61,194,116,93,241,1,184,251,113,145,49,81,241,17,177,209,113,145,49,
    154,58,90,250,26,186,218,122,154,118,21,185,91,246,218,5,211,118,22,182,11,211,179,54,243,83,37,182,86,197,207,105,154,39,90,
    106,237,144,55,194,109,0,166,13,220,143,114,234,50,15,242,79,239,143,47,146,111,82,156,23,183,203,28,207,111,42,138,106,202,170,
    189,128,125,243,69,37,160,29,211,142,100,152,58,93,229,5,134,204,108,140,44,76,236,12,172,204,108,140,44,76,236,12,172,204,108,
    213,117,234,124,25,185,89,164,188,28,217,92,60,138,89,249,170,96,134,59,35,180,89,224,144,117,136,53,42,185,106,164,153,57,234,
    1,210,114,33,234,13,164,185,59,202,78,12,183,83,255,140,39,238,127,12,170,125,216,140,63,211,123,86,247,52,190,222,126,158,62,
    231,7,167,199,103,135,39,71,231,7,167,199,103,135,39,11,168,68,230,139,103,248,88,14,142,110,235,139,43,150,107,11,246,110,206,
    111,165,196,112,141,48,47,185,92,252,156,97,249,89,28,153,121,207,156,60,239,37,67,254,115,248,145,62,215,117,20,234,115,255,158,
    247,156,58,205,49,31,172,87,250,141,48,214,119,81,240,51,185,217,121,153,57,89,249,25,185,217,121,153,57,89,249,25,185,217,121,
    34,66,226,2,162,189,46,253,51,14,174,125,221,142,46,253,54,81,236,114,240,139,47,195,112,27,146,67,240,150,108,244,103,14,173,
    8,162,95,242,203,118,139,93,14,168,95,228,153,120,133,113,14,185,68,129,203,107,139,43,75,235,11,171,203,107,139,43,75,235,11,
    244,20,180,212,116,148,52,84,244,107,248,171,101,216,120,43,139,88,248,171,96,135,46,36,189,66,251,128,0,219,60,55,146,70,245,
    80,248,211,2,209,44,52,236,81,172,145,49,209,113,76,177,12,194,201,105,149,66,20,177,81,241,204,20,244,113,52,148,98,241,145,
    249,51,85,232,112,231,138,51,195,40,54,169,85,239,146,47,201,104,79,239,44,166,198,102,134,38,70,230,6,166,198,102,134,38,70,
    47,79,239,15,175,207,42,193,107,70,197,15,175,207,111,143,47,79,239,15,175,207,111,143,47,79,239,15,175,207,111,195,96,12,174,
    20,248,103,199,201,7,137,116,73,180,9,244,148,17,241,116,20,135,13,173,216,101,152,76,15,189,93,246,171,61,202,110,17,187,93,
    219,2,211,100,0,181,68,169,190,40,205,109,13,240,104,200,141,8,232,94,13,173,126,180,210,109,129,94,8,136,104,200,141,45,232,
    3,227,102,35,131,117,191,216,102,138,113,74,156,75,230,159,47,138,55,74,149,99,195,163,3,227,67,53,163,27,195,163,123,245,63,
    208,51,14,250,57,179,211,115,147,51,83,243,19,179,211,115,147,51,83,243,19,179,211,115,147,76,44,226,108,162,159,98,223,34,31,
    112,53,149,80,240,163,105,137,38,44,176,93,229,212,117,182,60,92,252,28,188,220,124,156,60,92,252,28,188,220,124,156,60,92,252,
    165,186,26,148,90,84,169,20,233,212,41,201,76,44,169,73,218,208,112,139,70,10,168,85,233,128,49,192,97,95,146,68,236,145,109,
    199,68,142,46,78,238,14,174,206,110,142,46,78,238,14,174,206,110,142,46,78,238,113,209,135,7,231,98,2,162,31,226,130,127,231,
    30,232,34,67,237,115,254,132,52,216,121,25,178,84,227,223,126,189,55,87,247,23,183,215,119,151,55,87,247,23,183,215,119,151,55,
    224,0,160,191,41,204,108,12,241,105,201,140,9,233,95,12,172,127,181,211,122,228,101,19,180,82,239,153,104,137,10,64,224,0,160,
    9,169,201,105,137,41,73,233,9,169,201,105,137,41,73,233,93,232,154,34,135,126,8,160,93,161,216,96,163,41,73,233,9,169,201,
    178,210,114,146,50,82,242,18,178,210,114,146,50,82,141,94,205,195,62,222,77,45,190,94,205,198,97,136,66,27,164,93,230,166,61,
    211,4,242,82,50,146,114,210,164,50,138,82,50,234,100,174,152,114,177,59,91,251,27,187,219,123,155,59,91,251,27,187,219,123,155,
    68,228,4,164,144,37,215,111,74,179,69,237,144,108,141,14,68,228,4,164,196,100,132,36,68,228,4,164,196,100,132,36,68,228,4,
    237,114,225,178,124,193,97,50,146,65,225,178,121,158,35,61,191,68,224,140,63,212,93,12,191,89,163,172,62,222,104,0,175,65,244,
    122,255,152,51,215,100,32,179,90,249,149,63,194,111,86,235,22,201,154,9,135,122,26,137,105,250,154,9,130,37,88,134,68,255,155,
    254,141,38,239,126,13,171,17,220,185,45,222,114,26,241,115,240,144,52,233,122,28,171,80,237,223,117,159,44,74,239,53,191,223,127,
    40,72,232,8,168,200,104,136,40,72,232,8,168,200,104,136,40,28,169,91,227,198,63,201,97,28,224,25,161,226,104,136,40,72,232,
    81,241,17,177,209,113,145,49,81,241,17,177,209,113,145,125,30,178,80,253,209,14,221,32,29,224,93,160,157,96,238,120,56,152,93,
    182,86,197,207,62,154,39,90,174,83,249,145,114,147,16,90,250,26,186,218,122,154,58,90,250,26,186,218,122,154,58,90,250,26,186,
    49,198,115,6,162,87,163,151,34,208,104,77,180,66,234,151,107,138,35,60,175,124,178,143,47,252,92,15,175,124,183,208,109,243,113,
    197,97,13,190,85,220,141,62,216,34,45,191,95,233,129,46,192,117,32,165,66,233,141,62,250,105,0,163,79,229,152,53,140,49,76,
    67,16,182,65,250,135,102,155,111,16,167,90,181,128,59,193,124,25,245,65,252,150,62,157,60,85,248,21,202,153,100,217,36,25,228,
    18,239,97,247,183,23,210,114,18,129,11,250,222,96,131,62,79,254,81,236,222,48,209,106,94,129,121,176,140,63,221,123,10,187,77,
    147,77,135,39,71,231,7,167,199,103,135,39,71,231,7,167,199,103,135,39,71,231,80,232,149,44,212,119,6,164,66,169,160,53,198,
    38,217,100,9,240,13,176,193,105,134,26,80,240,16,176,208,112,144,48,80,240,16,176,208,112,144,48,21,190,84,154,208,112,144,48,
    153,57,89,249,25,185,217,121,220,119,29,211,25,185,217,121,153,57,89,249,92,247,157,83,153,57,89,249,92,247,157,83,220,119,29,
    11,136,189,46,147,110,14,174,78,238,171,115,203,110,61,246,86,184,163,38,198,86,13,165,69,238,135,106,253,110,14,139,107,203,171,
    194,218,39,154,84,34,130,71,186,180,41,131,63,93,249,2,167,203,20,194,103,7,250,71,186,218,2,199,103,34,130,116,254,197,42,
    129,32,219,70,21,183,81,210,149,39,192,56,84,178,65,250,151,32,221,123,26,252,107,221,189,11,235,37,24,229,88,253,152,56,216,
    108,226,47,22,244,55,189,221,125,157,66,20,177,81,172,145,108,140,84,17,177,116,212,162,40,147,124,8,169,82,207,156,62,216,91,
    167,85,242,198,123,134,89,47,143,121,217,215,42,151,106,15,170,74,234,215,25,148,109,108,230,6,166,198,25,225,40,20,167,69,227,
    91,234,156,59,240,105,14,188,91,175,210,111,240,70,38,144,112,190,131,126,195,102,3,163,67,190,176,125,196,5,79,239,15,175,176,
    199,177,52,212,71,49,233,113,209,177,7,231,96,80,241,50,184,216,120,152,111,23,170,83,235,136,57,219,125,86,159,74,249,142,49,
    117,24,225,28,161,208,120,151,11,65,225,1,161,141,46,194,96,13,225,126,200,141,8,232,109,80,158,16,200,168,112,232,72,62,245,
    31,234,23,170,132,35,198,0,74,234,10,170,134,37,201,107,6,234,117,195,134,123,245,102,53,251,27,195,181,21,158,124,74,247,10,
    190,82,231,155,125,219,102,20,182,57,179,211,115,147,117,28,161,19,204,223,115,236,127,66,154,122,255,159,26,236,76,26,140,122,218,
    99,169,153,124,213,114,92,172,93,245,142,47,148,107,19,174,87,239,140,61,223,121,82,142,93,255,153,47,134,91,25,168,120,249,143,
    198,96,11,161,68,235,145,54,141,44,76,229,65,234,239,101,133,37,69,229,5,165,197,44,195,37,58,169,20,204,172,41,201,76,58,
    81,7,145,103,199,177,123,203,32,32,175,67,235,206,115,147,46,49,162,66,199,167,7,231,71,95,162,31,209,167,7,194,63,49,172,
    95,227,1,164,222,119,214,121,19,247,104,251,198,30,254,123,27,158,104,200,158,8,254,94,40,226,82,173,190,36,246,63,40,187,91,
    169,9,233,73,41,241,76,177,191,9,233,108,81,159,66,168,212,118,148,41,73,224,84,232,133,46,170,32,64,224,0,160,192,96,128,
    105,137,41,73,165,70,234,136,37,137,86,32,165,69,229,133,37,224,64,32,128,69,229,133,22,246,61,95,233,20,169,193,46,200,100,
    215,60,34,190,83,235,151,32,193,60,62,189,81,243,158,2,222,115,11,183,64,188,177,58,211,96,19,177,70,247,128,124,250,103,31,
    122,21,180,82,255,169,52,212,111,43,186,73,239,213,11,212,104,18,175,82,244,149,123,150,59,36,183,10,210,178,55,215,82,36,132,
    237,187,13,237,91,81,161,10,212,139,55,205,112,13,171,74,173,202,9,197,99,10,173,80,241,128,33,174,36,68,228,4,164,196,100,
    205,109,141,45,77,164,75,173,178,4,193,97,1,161,65,196,164,4,228,97,1,161,114,210,217,123,141,49,77,146,100,225,220,18,193,
    9,135,39,63,137,105,162,128,118,194,126,19,184,60,182,214,118,150,54,86,246,22,182,214,118,150,54,86,246,22,201,191,58,135,73,
    211,64,78,238,118,192,160,107,201,63,66,255,96,214,147,51,211,115,19,150,118,214,182,51,211,115,32,128,11,169,245,127,159,63,95,
    8,168,200,104,136,40,72,232,8,168,200,104,247,65,4,129,97,228,217,23,153,65,33,249,97,193,183,124,221,40,85,232,119,228,217,
    216,184,61,221,88,46,142,88,206,184,24,238,36,20,219,17,177,209,113,145,49,81,241,17,177,209,113,212,127,21,219,17,177,209,113,
    218,122,154,58,31,180,94,144,218,122,154,58,31,180,94,144,218,122,154,58,22,181,89,251,150,122,229,83,51,147,83,171,147,51,214,
    82,175,74,220,215,52,131,62,67,156,106,239,170,10,207,50,60,242,106,202,210,10,234,92,87,182,3,226,141,39,131,92,42,175,106,
    133,64,189,179,125,229,69,93,133,101,211,216,57,130,79,42,190,77,225,137,108,195,126,76,143,106,254,141,33,201,34,51,160,29,197,
    4,249,196,57,217,121,25,228,89,164,170,97,129,61,92,223,21,181,213,117,234,82,91,167,80,248,154,33,208,97,20,183,89,240,196,
    190,195,126,208,119,18,212,30,190,222,126,225,89,80,172,91,243,145,42,219,106,31,188,82,251,204,126,131,62,16,183,82,148,222,126,
    39,71,152,96,169,149,34,202,104,19,162,83,230,133,43,194,52,71,250,7,233,142,43,173,39,71,231,7,240,143,46,203,98,71,152,
    55,254,66,241,147,53,196,117,3,164,111,246,145,35,196,48,20,191,58,176,208,112,144,48,80,240,16,228,145,35,219,62,7,177,89,
    173,17,176,243,121,153,57,89,249,25,185,217,53,214,122,24,181,25,198,149,53,213,70,21,232,85,198,149,16,136,70,77,235,25,164,
    98,197,99,15,167,12,210,142,35,219,103,16,177,12,206,141,33,195,110,50,174,67,251,135,48,140,65,10,163,80,227,129,54,199,112,
    161,43,75,235,11,171,203,107,139,98,13,235,69,228,159,107,244,103,7,167,116,231,218,39,244,103,34,250,116,191,217,107,196,121,75,
    122,27,160,20,203,152,56,216,75,24,229,88,203,152,29,133,75,64,230,14,210,157,58,208,82,29,166,71,224,183,60,221,120,16,252,
    34,177,81,212,180,20,244,84,76,177,12,194,180,20,209,44,34,191,21,169,203,104,148,52,93,169,85,248,147,125,222,114,19,169,84,
    136,51,195,38,3,168,66,140,198,102,134,38,70,230,6,166,143,32,134,97,7,171,67,188,161,35,210,85,3,180,80,239,133,35,142,
    16,195,99,38,134,102,198,166,126,195,62,48,134,102,227,222,16,205,39,91,249,25,166,198,97,227,96,12,174,67,223,131,46,214,106,
    202,54,40,180,89,225,157,42,255,109,17,246,117,253,150,45,150,74,25,187,93,182,174,49,203,113,26,180,93,184,197,101,152,126,25,
    77,242,132,97,192,111,5,225,126,198,207,51,196,108,14,181,68,245,128,35,205,100,80,225,95,188,193,47,200,109,65,181,73,228,143,
    128,202,106,138,42,74,234,10,170,202,106,138,42,13,175,94,236,143,36,220,34,67,228,76,227,152,57,222,126,3,167,79,213,140,43,
    128,39,147,46,83,167,65,230,150,89,147,51,83,243,19,179,211,115,147,51,83,243,90,245,211,12,223,127,31,140,95,162,159,12,223,
    21,141,67,72,238,18,212,137,49,221,114,19,181,88,178,175,57,221,104,44,189,78,232,220,40,212,121,18,214,28,188,220,124,156,60,
    229,5,165,197,101,133,37,69,229,5,233,138,38,196,105,69,154,73,218,212,41,201,90,58,169,73,218,209,118,133,56,69,154,73,233,
    66,209,130,127,194,81,2,135,31,209,218,124,128,70,27,163,79,224,129,39,202,32,61,171,79,250,190,47,220,122,64,158,79,252,139,
    249,131,121,231,118,5,178,89,227,253,119,151,55,87,247,23,183,215,119,151,55,87,247,23,183,215,8,219,72,70,187,91,200,168,59,
    108,63,244,19,186,176,41,214,111,20,148,79,168,191,9,233,73,9,241,73,233,140,113,204,105,63,244,87,169,234,96,128,32,64,224,
    73,233,9,169,201,105,137,41,73,233,9,254,134,59,194,122,25,168,74,236,199,14,219,104,31,160,93,240,201,116,137,56,80,255,35,
    242,18,178,210,114,146,50,82,242,18,178,210,114,146,50,82,141,94,254,158,13,222,35,30,141,94,219,195,13,134,32,92,154,87,243,
    95,181,186,53,216,115,20,169,94,255,219,102,155,111,9,174,94,145,219,123,155,59,91,251,27,187,219,123,155,59,91,251,27,187,143,
    197,119,15,234,83,229,141,48,140,53,77,206,4,164,196,100,132,36,68,228,4,164,196,100,132,36,68,228,123,232,136,40,251,104,85,
    97,50,161,100,188,178,121,159,35,37,168,76,233,195,12,195,110,5,162,95,232,137,109,144,45,11,172,65,254,136,71,141,45,77,237,
    86,246,22,182,214,118,150,54,86,246,22,182,154,57,213,119,26,246,105,167,169,31,233,127,31,191,90,167,191,9,130,110,86,235,22,
    171,86,252,148,119,150,21,95,255,31,191,223,127,159,63,95,255,31,191,223,127,159,63,13,186,79,250,158,43,159,107,30,172,84,177,
    63,201,97,28,224,24,166,217,97,162,40,72,232,8,168,200,104,136,40,72,232,8,168,200,104,136,40,72,232,8,215,175,102,218,109,
    220,126,5,180,0,171,183,56,195,116,34,180,67,231,148,35,153,100,31,161,80,242,154,121,238,86,95,163,84,252,158,37,212,101,16,
    120,22,191,11,179,211,80,154,58,90,250,26,186,218,122,154,58,90,250,26,186,218,122,207,116,14,179,86,186,142,51,217,113,82,243,
    163,206,99,252,50,60,138,124,234,138,42,207,50,42,156,23,251,195,125,131,50,86,227,76,241,195,45,204,119,67,156,100,173,145,34,
    143,41,216,105,31,184,115,234,141,63,216,6,76,236,12,172,204,108,140,44,76,236,12,172,204,108,140,44,5,170,12,211,171,98,222,
    48,216,122,1,176,65,244,151,57,208,39,85,171,8,181,155,60,217,53,1,189,80,251,255,117,149,53,85,245,21,181,213,117,149,53,
    158,62,94,254,30,190,222,126,158,65,57,240,76,251,147,49,202,123,76,228,120,247,140,59,237,123,12,168,91,236,214,43,208,110,31,
    68,236,207,24,224,41,21,162,74,232,147,34,211,102,5,171,66,181,206,110,173,39,71,231,7,167,199,103,135,39,71,231,7,167,199,
    176,208,112,144,48,80,164,81,227,155,126,199,113,25,164,24,161,197,121,186,48,80,240,16,176,208,112,144,48,80,240,16,176,208,112,
    217,60,215,125,115,249,25,185,217,121,153,57,89,249,25,185,217,121,153,57,89,176,95,185,166,30,151,107,28,180,86,237,156,45,216,
    0,174,71,177,194,60,159,34,12,171,78,162,150,42,199,108,104,226,2,162,194,98,130,34,66,226,2,162,194,98,130,34,66,226,2,
    235,11,212,172,101,217,110,6,164,95,238,216,113,237,98,25,174,120,238,153,61,206,121,67,190,69,251,138,40,192,35,52,140,5,249,
    81,249,155,32,209,96,21,182,88,241,199,125,157,30,84,244,20,180,212,116,148,52,84,244,20,180,212,116,148,52,17,186,80,158,212,
    189,221,125,157,61,93,253,29,189,221,125,157,61,93,253,79,248,141,56,220,105,93,169,92,238,150,115,202,124,20,169,21,180,221,40,
    104,18,175,74,166,129,39,203,99,92,129,67,242,181,35,212,112,15,165,67,174,185,42,202,79,47,143,111,207,215,42,151,89,47,143,
    3,254,112,237,199,123,153,56,70,230,1,195,128,44,206,99,63,163,78,246,138,61,129,95,3,174,86,234,157,8,218,102,65,130,74,
    182,77,182,170,57,219,125,86,142,81,235,145,58,212,125,88,229,5,184,140,42,205,125,88,183,74,184,150,55,204,56,39,159,22,234,
    32,194,100,21,164,82,245,190,39,192,114,21,203,1,161,193,97,129,33,65,225,1,161,193,97,196,111,5,203,1,161,193,97,129,33,
    138,42,15,166,89,239,131,44,138,109,11,167,79,176,173,47,222,89,15,184,92,227,137,47,130,85,6,166,99,195,163,3,227,59,6,
    34,44,154,122,255,194,12,209,59,71,229,11,186,218,125,255,124,16,178,95,195,159,50,202,118,1,253,99,255,146,42,214,97,52,166,
    21,242,113,249,146,41,146,78,29,191,89,178,170,53,207,117,30,176,89,188,193,97,156,104,14,169,89,188,136,52,217,114,118,252,28,
    197,101,133,37,69,229,5,165,197,101,215,96,21,160,68,241,197,49,196,118,14,235,82,228,140,49,141,44,69,176,75,241,140,41,133,
    41,207,99,11,244,105,235,154,29,203,124,24,167,77,235,198,17,194,98,39,135,103,199,167,127,194,63,49,135,103,226,223,17,204,38,
    131,33,78,254,30,185,187,56,212,118,27,135,91,246,142,50,197,57,39,187,86,238,146,37,240,98,30,249,101,246,148,50,228,99,22,
    82,244,206,7,239,46,41,173,65,231,133,20,210,97,14,179,80,225,146,37,206,99,25,224,94,189,192,113,128,111,18,224,71,229,148,
    239,140,39,223,33,64,231,79,224,155,58,221,125,0,164,76,214,143,40,218,125,73,244,20,169,143,40,197,122,12,233,70,251,201,39,
    157,38,146,77,53,252,64,243,145,55,198,119,1,166,109,244,147,33,198,24,82,242,18,178,210,114,146,50,82,242,18,178,149,55,198,
    61,222,117,13,243,18,181,157,50,201,104,15,175,82,246,158,4,221,122,8,175,27,166,219,61,218,119,8,190,49,187,219,123,155,59,
    228,4,164,196,100,132,36,8,171,71,229,136,100,251,77,8,245,123,232,213,13,237,77,45,168,72,219,213,27,144,51,68,249,4,227,
    72,249,139,40,195,123,69,228,3,255,140,46,200,94,29,168,72,233,205,34,223,45,95,253,29,135,205,109,141,45,77,237,13,173,205,
    182,214,118,218,121,21,183,90,182,162,33,211,115,24,133,83,228,128,63,213,115,86,235,22,241,151,59,211,44,49,179,66,197,147,36,
    137,54,220,122,87,128,83,243,182,22,246,86,54,238,83,174,160,22,246,115,78,128,93,183,203,104,143,54,86,213,31,191,223,127,159,
    72,232,8,168,200,104,136,127,0,161,68,237,200,23,239,38,26,169,75,237,156,45,219,124,55,174,73,251,156,104,204,103,98,232,8,
    241,17,177,209,113,145,49,81,241,17,177,209,113,145,125,30,178,80,253,209,14,221,32,29,189,110,248,152,14,221,32,24,189,93,206,
    15,252,218,103,154,116,19,182,48,186,218,122,154,58,90,250,26,186,218,122,154,58,90,250,26,252,149,40,154,69,86,250,101,246,203,
    234,74,15,175,106,220,188,42,252,74,42,156,22,230,195,42,205,35,19,162,74,241,144,107,212,108,17,168,80,243,130,32,198,45,49,
    109,15,169,95,182,171,41,216,72,9,191,79,233,130,40,205,98,24,191,4,165,197,108,200,99,102,236,12,172,204,108,140,44,76,236,
    85,245,21,181,213,117,149,53,85,245,21,252,147,117,234,121,68,156,124,249,153,28,234,74,28,138,124,220,170,96,208,59,59,180,88,
    187,30,163,195,126,225,114,18,151,119,215,183,23,143,114,79,129,119,215,146,111,225,124,86,234,9,175,215,126,223,112,26,254,97,242,
    118,238,78,11,171,110,216,184,46,248,78,46,152,18,226,221,14,212,70,79,152,75,235,174,14,238,78,46,246,75,182,184,14,238,107,
    129,79,18,248,4,167,194,121,153,48,17,190,84,176,175,60,129,89,57,188,92,217,175,15,217,79,57,153,111,165,149,126,228,98,17,
    119,10,169,88,235,156,55,218,96,89,167,4,185,200,121,205,113,28,183,51,185,217,121,153,57,89,249,25,185,217,121,153,57,89,249,
    162,194,98,130,34,66,226,2,162,189,46,147,110,14,157,75,235,189,46,147,107,14,174,125,183,132,98,159,34,61,174,19,203,171,46,
    135,2,244,84,2,148,98,194,180,126,206,1,75,235,11,171,203,107,139,43,75,235,11,171,203,107,139,43,75,235,11,171,203,107,139,
    116,214,102,17,181,95,158,212,116,148,52,84,244,20,180,212,116,148,52,84,244,20,180,212,116,148,52,17,186,80,158,212,116,148,52,
    157,61,93,253,29,189,221,125,157,61,93,253,88,243,153,87,157,61,93,253,29,189,221,125,157,61,93,253,29,189,221,125,212,123,93,
    72,233,146,102,249,106,87,170,74,217,143,47,249,106,87,175,74,234,185,115,192,38,18,174,67,232,198,36,212,99,7,173,6,227,136,
    235,229,111,143,47,79,239,15,175,207,111,143,47,79,239,15,175,207,35,192,108,14,163,15,208,131,35,195,80,3,254,67,208,131,6,
    201,7,140,42,88,229,24,255,153,53,221,54,40,180,89,225,157,42,203,54,52,183,91,249,148,8,212,121,1,189,74,182,187,48,217,
    19,160,66,245,132,51,171,33,65,225,1,161,193,97,129,33,65,225,1,161,193,97,129,104,7,225,79,238,149,97,254,109,13,173,126,
    166,27,230,181,38,227,59,53,254,24,170,133,56,138,100,5,190,10,213,134,38,198,85,6,251,70,213,134,3,155,85,94,248,4,194,
    70,254,146,61,220,122,23,253,96,246,146,39,227,114,1,167,19,231,155,54,221,51,17,161,86,242,152,115,214,125,23,217,19,179,211,
    188,220,124,156,60,92,252,28,188,220,124,156,60,16,179,95,253,144,124,227,112,35,237,80,240,163,3,208,112,35,232,15,188,193,124,
    90,9,169,73,218,137,116,201,90,9,140,20,218,209,119,139,77,16,168,68,235,138,44,193,43,54,160,68,241,181,36,215,113,75,149,
    15,188,75,224,154,96,254,111,28,171,64,250,228,110,142,46,78,238,14,174,206,110,142,46,78,238,14,174,206,34,193,109,15,162,14,
    136,6,166,190,30,219,38,70,136,94,251,155,30,254,72,67,173,23,170,215,8,219,38,27,187,104,254,158,8,219,38,30,187,91,200,
    117,198,46,35,134,82,225,141,37,128,43,64,150,69,227,148,47,210,51,78,159,76,177,169,113,204,49,12,172,76,236,209,44,145,95,
    157,61,65,249,5,169,220,101,137,57,64,195,9,169,201,105,137,41,73,233,9,169,201,105,137,41,73,233,69,230,138,40,197,41,54,
    123,59,155,123,254,158,27,251,91,30,155,123,205,199,96,146,47,82,134,69,247,151,60,251,124,20,189,28,205,158,99,251,35,30,227,
    23,183,87,247,202,55,138,68,79,239,19,171,213,106,151,59,62,181,78,246,213,30,218,104,18,181,92,200,143,34,215,126,85,151,82,
    138,33,197,118,72,228,97,234,145,41,138,65,5,183,77,234,131,0,205,118,1,167,80,237,139,42,138,77,10,139,81,240,200,100,148,
    97,141,107,12,161,94,232,193,109,157,36,103,237,13,173,205,109,141,45,77,237,13,173,205,109,141,45,77,161,66,238,140,33,141,82,
    223,122,26,186,7,223,191,58,255,95,41,186,90,201,195,101,150,43,86,159,88,229,130,55,216,117,19,248,105,250,199,31,135,122,71,
    115,19,179,83,174,147,110,224,43,75,247,96,243,147,22,246,86,54,150,14,243,206,0,246,86,19,238,96,253,215,107,136,44,86,246,
    130,200,104,136,40,72,232,8,168,200,104,136,40,72,232,8,168,183,33,196,100,4,249,97,193,132,1,225,87,4,164,119,189,219,102,
    167,48,221,100,20,241,12,177,174,61,238,32,29,189,110,206,157,61,238,37,66,235,118,244,133,1,195,120,28,176,67,232,161,48,195,
    46,249,92,8,187,87,255,210,115,176,58,90,250,26,186,218,122,154,58,90,250,26,186,218,122,154,118,21,185,91,246,218,5,229,115,
    138,106,239,143,47,146,111,15,242,106,202,188,118,151,35,94,227,124,234,143,47,207,50,42,138,79,202,170,28,207,111,60,246,16,173,
    111,228,141,34,203,105,8,246,111,227,130,34,201,111,24,228,74,249,130,47,216,101,3,162,4,165,230,108,140,44,76,236,12,172,204,
    181,213,117,149,53,85,245,21,181,213,117,149,74,25,138,4,249,153,10,234,121,25,138,1,166,207,5,220,99,26,161,97,250,221,22,
    184,44,223,115,27,240,97,242,207,23,143,114,79,178,82,242,146,111,210,47,33,234,10,182,161,55,210,114,18,239,119,215,146,23,247,
    56,171,75,216,210,116,137,81,6,171,82,226,201,23,200,116,14,179,78,232,137,110,142,13,71,231,7,167,199,103,135,39,71,231,7,
    240,16,176,208,112,213,126,20,249,58,176,208,112,144,48,80,240,16,176,208,112,144,48,80,240,16,252,159,51,209,124,80,143,111,161,
    102,168,149,104,213,40,21,181,112,208,149,53,230,44,76,249,4,185,173,46,220,124,23,138,92,235,143,48,218,124,67,154,75,252,152,
    214,103,74,157,75,238,142,46,147,75,43,174,107,203,189,46,206,93,87,241,14,162,189,43,235,75,43,174,78,203,171,11,206,75,43,
    84,94,249,7,171,144,107,253,106,7,190,78,171,214,107,244,58,90,130,98,231,218,122,244,98,7,167,98,194,180,127,209,43,22,226,
    126,244,20,180,212,116,148,52,84,244,20,180,212,116,148,52,84,139,107,165,171,101,216,37,24,229,88,248,189,29,216,120,43,225,1,
    231,109,241,156,36,149,52,119,253,29,189,221,125,157,61,93,253,29,189,221,125,157,61,93,130,98,172,162,108,209,44,17,236,81,241,
    15,239,106,10,153,19,179,200,5,201,107,22,170,67,242,131,34,156,81,7,175,82,174,207,76,134,38,70,230,6,166,198,102,134,38,
    143,47,79,239,15,175,176,16,198,70,38,163,67,227,222,35,195,62,38,134,112,186,219,117,235,102,28,172,64,225,129,42,204,123,71,
    49,114,248,24,184,216,120,152,56,88,248,24,184,216,120,152,56,88,135,81,244,148,52,137,81,49,180,113,209,167,52,212,71,77,235,
    187,165,36,210,117,19,174,88,169,200,75,129,33,65,225,1,161,193,97,129,33,65,225,1,161,193,97,200,103,65,158,77,176,141,45,
    181,35,195,85,6,251,67,230,134,21,159,108,68,154,75,248,143,36,222,42,11,164,78,170,181,38,155,102,6,149,67,227,181,38,155,
    58,223,127,44,230,85,189,163,50,193,118,29,167,29,195,146,33,214,125,7,243,71,251,150,61,185,51,83,243,19,179,211,115,147,51,
    156,60,92,252,28,188,220,124,156,60,92,176,83,255,157,48,156,67,16,181,13,240,144,53,208,112,21,237,85,195,201,59,156,33,92,
    122,233,212,41,201,90,12,172,122,233,212,44,201,105,58,240,67,171,181,36,215,96,11,177,11,213,132,55,192,107,17,255,98,224,145,
    205,134,39,194,106,28,171,64,166,199,68,142,46,78,238,14,174,206,110,142,46,78,238,14,174,206,110,142,46,78,238,66,225,141,47,
    155,119,232,123,70,187,126,222,198,59,219,123,70,158,6,200,194,63,151,42,87,136,91,254,198,59,219,126,27,187,94,166,158,8,130,
    7,155,3,223,140,41,145,108,12,169,76,236,137,113,201,95,85,167,125,138,192,96,128,32,64,224,0,160,192,96,128,32,64,224,0,
    233,9,169,201,105,192,111,73,150,69,184,133,0,224,56,5,165,69,184,160,120,246,60,1,233,72,231,141,105,246,101,88,165,96,192,
    3,254,158,62,131,91,67,141,7,250,210,111,143,50,45,190,3,254,158,13,219,123,45,190,3,251,158,62,237,39,20,252,98,243,128,
    254,149,47,155,111,19,190,85,145,219,123,155,59,91,251,27,187,219,123,155,59,91,251,27,187,219,123,155,59,91,251,27,187,153,41,
    97,5,175,46,164,196,100,132,36,68,228,4,164,196,100,132,36,68,228,4,164,196,100,132,97,10,160,46,164,196,100,132,36,68,228,
    77,237,13,173,205,109,141,45,77,168,67,233,231,109,141,45,77,237,13,173,205,109,141,45,77,237,13,173,205,57,204,126,6,227,90,
    183,95,226,222,102,152,38,67,255,60,182,214,118,150,54,86,246,22,182,214,118,150,115,24,178,60,182,214,118,150,54,86,246,22,243,
    81,251,245,127,159,63,95,186,81,251,245,58,209,123,86,213,96,243,206,51,211,115,19,179,118,174,150,51,224,43,11,229,126,251,155,
    252,103,15,175,68,237,192,23,196,100,33,129,97,193,161,121,196,57,55,129,97,228,217,23,202,32,92,255,28,161,196,104,247,97,4,
    125,64,189,0,160,184,61,221,88,56,142,68,191,144,36,197,126,53,163,88,247,133,3,208,114,20,253,17,247,132,63,210,101,24,190,
    20,242,101,211,179,5,229,43,22,235,86,243,150,54,214,43,37,232,81,179,240,122,154,58,90,133,83,246,150,107,214,43,75,147,86,
    143,10,234,92,22,237,66,246,151,44,231,113,10,165,87,209,130,32,198,35,94,227,124,202,170,28,252,50,15,242,79,234,143,47,207,
    125,243,62,7,198,12,172,204,108,243,75,66,190,77,239,137,56,201,127,24,255,12,177,204,19,229,69,51,147,29,224,221,32,197,96,
    217,121,68,138,7,254,255,117,149,53,85,138,106,220,153,57,234,92,68,156,124,220,170,10,205,61,92,223,21,181,213,117,220,115,85,
    112,17,170,30,193,185,112,204,127,29,187,74,251,141,42,141,62,31,176,90,190,142,63,204,106,8,187,82,241,222,32,131,62,16,183,
    235,199,51,207,98,9,205,7,167,199,103,135,39,71,231,87,230,149,51,209,98,11,168,9,209,130,43,200,100,14,179,94,167,218,103,
    166,53,211,100,31,162,3,190,138,53,194,127,122,240,16,176,208,53,222,116,122,240,16,176,208,60,223,115,17,188,16,207,185,60,249,
    16,213,40,38,232,112,208,200,16,240,70,77,172,25,164,217,55,208,117,115,249,25,185,217,53,214,122,24,181,25,198,176,53,136,70,
    174,125,179,211,11,253,93,86,180,2,191,194,47,195,118,10,236,74,247,133,39,168,34,66,226,2,228,141,48,130,93,78,226,125,238,
    26,194,162,39,199,66,52,148,66,212,162,2,244,62,14,235,66,229,203,59,202,98,25,184,3,252,132,57,192,120,27,170,72,238,197,
    198,149,55,209,103,78,147,81,224,176,49,199,119,17,186,80,245,154,32,199,60,93,253,20,240,155,94,148,52,84,244,20,180,212,116,
    148,59,157,66,17,236,116,212,145,49,244,66,34,180,98,212,180,2,136,120,83,147,92,240,152,125,128,32,93,130,81,241,180,20,244,
    47,143,23,234,215,25,239,79,10,247,121,228,206,114,145,51,79,230,71,232,130,102,249,106,87,143,111,234,138,15,249,89,15,153,111,
    134,112,186,138,117,230,124,46,231,112,227,131,6,230,70,38,134,30,227,222,16,230,70,3,254,112,237,199,123,152,57,70,230,15,251,
    80,253,150,82,152,56,88,248,24,184,216,120,152,56,88,248,84,247,155,57,212,56,39,145,84,244,148,52,212,81,49,145,113,244,148,
    205,94,62,245,23,161,220,97,137,102,0,172,68,175,177,45,192,120,4,179,82,175,173,46,194,96,13,145,77,224,152,36,211,47,34,
    98,11,184,75,233,158,47,216,36,34,191,71,235,132,37,195,110,56,165,69,254,186,43,216,126,68,154,69,249,131,62,195,101,4,234,
    94,243,108,255,194,26,250,127,31,154,108,204,154,12,250,90,44,230,86,189,163,60,192,122,7,186,92,253,218,125,254,114,20,189,90,
    168,73,248,153,86,156,60,92,252,28,188,220,124,156,60,92,252,85,250,220,3,245,112,16,176,80,240,181,21,245,85,16,176,80,195,
    26,145,51,69,249,5,218,172,41,148,90,9,154,20,180,172,26,250,49,19,229,81,237,128,43,175,37,69,229,5,165,197,101,133,37,
    142,46,78,238,14,174,206,17,231,98,95,145,66,209,223,127,231,81,49,250,88,174,211,110,241,71,2,162,66,226,130,7,231,71,39,
    123,27,187,104,200,195,97,189,55,87,247,23,183,215,119,151,55,87,247,23,183,215,119,151,72,62,187,126,222,155,102,232,38,62,158,
    177,169,9,255,52,21,224,29,160,191,44,145,73,41,172,76,201,191,31,201,95,41,137,127,181,133,74,128,32,64,224,0,160,192,96,
    201,105,137,41,12,167,77,131,201,105,137,41,73,233,9,169,140,39,205,3,73,233,9,169,140,39,205,3,73,233,9,169,133,38,202,
    51,222,50,45,155,123,219,155,99,219,123,30,227,94,251,173,102,197,50,79,242,109,219,158,27,251,126,67,141,3,219,187,99,251,91,
    228,47,14,251,90,245,159,123,228,82,23,146,114,247,202,4,138,82,50,234,114,210,164,111,206,53,56,157,73,250,150,62,155,116,9,
    4,199,162,54,197,105,1,234,123,232,213,13,149,104,85,168,72,232,136,117,200,53,59,240,16,172,205,78,132,36,68,228,123,195,202,
    255,136,32,194,121,8,185,76,239,129,40,156,45,80,237,67,228,129,71,141,45,77,237,114,202,195,63,200,96,2,185,72,249,140,47,
    154,51,132,54,75,246,88,255,154,92,150,54,86,246,105,209,216,36,211,123,25,162,83,226,151,52,218,115,69,246,11,182,152,63,218,
    85,159,63,95,255,72,247,150,51,218,63,32,152,17,237,158,60,218,107,26,172,75,172,223,59,208,21,95,255,31,191,223,127,159,63,
    188,73,251,131,102,223,105,1,188,0,161,226,104,136,40,72,232,8,168,200,36,199,107,9,164,8,215,132,36,196,87,4,249,68,215,
    93,216,192,14,133,35,81,236,17,246,144,60,212,63,33,189,80,232,148,35,194,63,61,190,82,240,157,1,221,112,8,180,67,191,178,
    242,155,40,219,121,14,191,72,144,218,122,154,58,90,250,26,186,147,60,154,116,21,174,26,197,150,54,214,69,22,235,86,197,150,19,
    50,60,247,17,163,140,49,131,109,12,183,3,220,143,47,207,92,15,242,79,220,143,10,146,92,87,241,25,197,138,45,199,69,10,177,
    31,184,111,228,133,32,200,36,51,160,64,197,165,5,229,69,93,160,29,211,165,5,192,61,51,174,4,184,219,123,133,37,76,184,68,
    176,91,181,150,58,219,97,28,187,64,240,213,48,219,113,127,245,21,181,213,117,149,53,85,188,83,181,146,52,216,112,79,146,80,225,
    109,251,140,40,215,125,27,246,97,242,146,23,247,87,55,151,15,242,207,1,247,87,18,239,97,252,214,106,137,38,87,247,16,210,145,
    196,102,11,151,75,230,158,34,213,41,55,171,70,254,130,53,224,114,14,233,106,226,137,50,137,85,6,164,66,169,177,46,212,110,5,
    124,21,240,13,173,208,54,209,124,3,181,16,241,158,52,144,79,55,254,66,245,157,63,196,117,4,177,82,252,149,97,144,110,77,240,
    23,176,85,185,141,49,220,119,115,249,25,185,217,121,153,57,89,249,25,185,217,62,220,109,31,188,87,239,209,112,151,127,16,171,74,
    150,54,203,111,7,226,31,162,150,48,215,103,104,226,2,162,194,98,130,34,66,226,2,162,194,43,196,34,61,174,78,238,189,46,147,
    39,244,103,34,250,116,191,217,101,227,126,6,170,69,228,130,47,133,88,14,170,95,219,138,57,223,43,31,163,78,229,225,107,139,43,
    148,52,84,244,20,180,212,116,148,52,84,244,20,248,155,55,213,120,84,139,88,203,197,56,216,75,43,184,88,203,192,103,148,41,84,
    66,17,177,81,194,145,108,209,66,17,148,12,194,201,111,147,85,8,176,92,243,146,52,217,51,46,184,92,233,173,60,207,105,83,141,
    231,148,35,200,114,72,150,71,244,131,40,210,12,70,230,6,166,198,102,134,38,70,230,6,166,198,102,134,38,57,170,121,183,138,42,
    176,16,195,99,48,251,28,161,191,61,198,98,14,189,86,223,142,61,219,33,57,170,67,224,140,38,219,118,79,242,15,217,138,44,219,
    55,202,43,86,162,93,234,151,82,152,56,88,248,24,184,216,120,152,56,88,248,24,184,216,120,231,116,39,233,84,244,167,7,212,116,
    158,21,178,207,17,211,104,12,160,83,248,177,32,211,117,79,128,82,242,132,44,195,109,24,141,72,239,132,32,211,87,4,173,78,226,
    67,254,147,106,151,42,60,175,73,254,133,56,153,36,16,175,88,229,224,106,138,42,74,234,10,170,202,106,138,42,74,234,10,170,202,
    231,146,32,216,61,4,178,90,231,219,122,185,51,83,243,19,179,211,115,147,51,83,243,19,179,211,115,147,76,31,140,2,255,159,12,
    163,48,208,67,72,239,6,204,149,42,211,104,40,179,20,195,181,21,245,117,77,181,85,240,205,48,213,67,72,171,21,150,220,124,156,
    69,229,5,165,197,101,133,37,69,229,5,165,197,26,201,105,9,154,73,180,137,26,201,76,84,154,17,183,203,13,192,100,1,235,100,
    160,77,230,129,60,203,106,78,243,14,250,156,59,203,4,78,238,14,174,206,110,142,46,78,238,14,174,206,110,142,46,26,175,93,229,
    25,224,150,62,195,63,70,254,61,183,215,119,151,55,87,247,23,183,215,119,151,55,87,247,23,200,155,59,219,72,27,230,91,200,155,
    233,49,63,244,18,174,168,37,193,100,78,129,78,227,136,47,210,101,4,224,29,160,134,33,204,115,5,202,0,160,192,96,128,32,64,
    41,73,233,9,169,201,105,137,41,5,166,74,232,133,105,246,56,54,128,118,224,128,32,197,56,32,150,29,241,201,116,137,125,0,170,
    25,250,27,152,210,114,146,50,82,242,18,178,210,114,146,50,82,242,18,178,128,55,194,119,19,166,18,230,147,33,217,60,5,179,91,
    175,19,171,213,106,146,17,91,251,27,187,219,123,155,59,91,251,27,187,219,123,155,59,91,251,27,187,164,28,149,105,30,182,84,239,
    33,149,62,34,173,86,225,183,33,214,114,1,182,12,241,138,52,197,103,15,236,123,195,202,54,193,105,11,176,65,240,133,38,200,97,
    156,36,68,199,13,173,205,109,141,45,77,237,13,173,205,109,141,45,77,237,88,227,153,36,193,45,25,164,78,230,197,100,141,32,77,
    73,71,137,127,201,159,63,223,122,71,159,105,162,142,118,136,54,71,227,22,249,132,118,216,121,2,246,105,209,216,36,215,117,19,162,
    26,172,75,172,245,127,159,63,95,255,31,191,223,127,159,63,95,255,31,191,223,54,217,63,32,152,17,237,154,50,208,107,26,171,94,
    138,36,205,58,72,182,21,168,134,33,196,40,28,160,77,230,226,104,136,40,72,232,8,168,200,104,136,40,72,232,8,168,200,104,136,
    113,145,78,54,255,67,244,156,62,197,116,67,235,119,248,131,52,226,116,3,167,84,227,217,36,223,97,16,178,90,185,174,22,159,99,
    223,119,21,174,95,238,155,56,214,127,72,243,19,144,218,122,154,58,90,250,26,186,218,122,154,58,90,250,26,186,218,122,154,58,14,
    66,240,136,109,212,98,10,183,11,178,214,106,169,35,67,227,3,163,195,99,131,35,67,227,3,163,195,99,131,102,13,167,41,163,195,
    172,204,108,140,44,76,236,12,172,204,108,140,44,76,165,74,172,179,11,130,126,9,161,67,248,137,56,205,110,0,169,31,172,146,113,
    213,59,220,121,85,161,93,240,155,95,149,53,85,245,21,181,213,117,149,53,85,245,21,181,213,117,149,53,85,245,106,210,219,39,208,
    51,209,106,27,237,4,216,151,44,219,77,27,172,72,251,140,118,203,112,14,191,93,245,214,1,249,48,12,187,83,241,138,59,202,127,
    165,75,226,212,110,142,13,71,231,7,167,199,103,135,39,71,231,7,167,199,103,135,39,2,169,67,141,199,103,135,39,71,231,7,167,
    16,176,208,112,144,48,80,240,64,241,130,36,198,117,28,191,16,173,208,62,217,124,122,240,16,176,208,112,144,48,80,240,16,176,208,
    185,217,121,153,107,28,169,92,248,141,121,205,120,10,178,23,238,152,48,205,49,80,249,76,247,141,48,213,57,30,184,84,252,195,30,
    103,22,145,71,240,148,43,193,103,74,157,78,238,171,11,235,75,43,243,78,179,189,11,235,110,83,157,64,170,214,117,155,43,75,236,
    39,164,72,234,135,27,199,106,18,174,89,165,187,39,202,114,14,185,108,254,130,101,230,110,5,190,5,217,138,40,206,37,61,162,88,
    189,86,248,145,116,137,41,84,160,70,225,145,116,219,102,84,186,91,224,212,11,243,58,6,181,87,241,128,49,199,96,71,222,20,180,
    29,189,221,125,157,61,93,253,29,189,152,51,217,23,93,253,29,189,221,125,157,61,24,177,78,248,148,59,157,122,28,176,88,167,186,
    195,114,53,163,84,240,143,37,195,46,57,170,74,207,175,15,239,79,87,170,23,217,175,15,202,55,57,164,14,178,222,118,143,47,72,
    67,0,172,78,227,191,35,206,118,10,189,1,223,131,46,214,106,29,136,90,230,193,2,202,97,26,225,125,238,140,42,129,89,6,188,
    17,186,84,253,216,101,133,56,12,170,77,253,216,44,208,125,22,210,24,184,216,120,152,56,88,248,24,184,216,120,202,125,8,189,89,
    149,97,213,96,18,170,15,246,128,40,213,41,72,225,84,239,149,40,205,33,6,160,76,228,219,6,196,117,50,164,83,247,136,34,196,
    98,245,102,6,131,99,195,163,3,155,102,91,149,99,195,134,123,245,104,66,254,18,187,195,99,132,70,5,169,75,230,186,38,203,115,
    214,97,93,131,95,242,138,54,193,84,6,186,29,193,146,48,214,64,7,178,65,231,221,20,252,61,58,190,82,244,150,7,193,114,29,
    111,12,189,78,249,146,63,197,60,2,225,28,173,220,51,206,60,27,185,72,250,153,50,202,52,85,242,90,245,142,47,200,104,21,177,
    224,197,120,152,37,3,164,73,246,128,101,202,119,69,171,74,241,197,26,226,43,23,164,70,224,145,32,214,113,86,207,5,165,197,101,
    206,110,142,46,78,238,14,174,135,40,142,126,15,188,90,248,139,34,193,46,83,243,14,224,135,34,142,122,6,171,64,132,206,110,142,
    119,151,55,87,247,23,183,215,119,151,55,87,247,91,248,148,54,219,55,40,187,91,251,168,59,134,123,40,187,126,166,168,99,133,55,
    253,0,231,129,45,197,46,48,172,65,249,133,50,211,46,44,175,67,225,140,16,204,97,25,165,82,174,163,40,193,114,1,163,84,229,
    91,131,201,105,137,41,73,233,9,169,201,105,137,41,73,233,9,169,128,47,137,86,5,165,69,214,133,120,197,86,5,128,24,214,221,
    160,210,51,220,118,82,141,94,254,158,13,222,35,30,141,94,219,195,13,134,32,92,154,71,255,147,60,221,123,22,252,97,247,147,38,
    171,58,201,111,91,175,83,254,149,81,155,59,91,251,27,187,219,123,155,59,91,251,27,187,219,123,155,59,91,251,87,244,152,58,215,
    68,155,72,219,213,40,200,91,59,168,72,219,208,119,132,57,68,155,72,232,136,27,200,53,8,155,72,205,213,27,144,54,74,140,81,
    160,76,227,130,36,201,35,62,168,76,249,189,44,223,121,67,157,76,255,136,35,217,35,61,172,95,232,131,57,167,45,77,237,13,173,
    22,182,214,118,150,54,86,246,22,182,214,118,150,54,86,181,87,228,154,57,213,54,75,246,105,250,169,103,218,122,41,137,90,250,169,
    171,204,113,239,109,22,178,94,237,134,15,222,109,11,241,124,217,141,62,210,122,117,255,31,191,223,127,159,63,95,255,31,191,223,127,
    40,72,232,8,168,200,104,196,103,11,169,68,168,183,36,225,100,89,164,25,193,161,23,196,100,55,253,65,168,213,104,247,100,4,164,
    46,189,0,253,174,61,248,32,46,229,3,191,185,36,220,112,31,190,88,245,163,62,222,101,33,176,67,229,251,113,145,49,81,241,17,
    250,26,186,218,122,154,58,90,250,26,186,218,122,154,118,21,185,91,246,218,5,243,118,22,182,11,211,179,19,214,118,75,182,11,197,
    118,201,35,94,227,113,226,154,32,194,112,23,147,66,241,130,46,208,45,60,175,18,202,210,47,146,111,15,175,79,178,143,114,252,55,
    152,36,69,198,12,172,204,108,140,44,76,236,12,172,204,108,140,44,76,236,12,172,204,108,243,69,0,160,64,189,165,5,229,96,0,
    36,25,228,106,160,159,123,243,124,25,161,80,231,177,48,198,118,16,187,81,244,155,33,198,92,27,166,65,244,155,54,208,102,85,232,
    94,165,30,193,146,23,210,47,18,239,119,215,161,50,210,65,75,183,16,206,159,44,219,112,10,242,30,193,146,1,143,114,18,129,97,
    139,43,248,51,84,235,7,240,136,53,204,116,23,166,68,226,201,4,198,106,2,181,70,167,154,77,135,39,71,231,7,167,199,103,135,
    112,144,48,80,240,16,176,208,112,144,48,47,153,92,252,156,97,249,89,57,188,92,161,156,97,239,37,26,254,118,249,156,36,213,98,
    237,96,9,188,25,164,217,28,215,108,20,247,107,248,128,58,216,106,13,159,80,245,141,60,203,77,0,169,92,183,188,33,218,117,12,
    70,231,232,98,130,34,66,226,2,162,194,98,130,34,66,226,2,162,194,98,130,34,66,157,107,238,142,46,147,75,43,139,78,238,211,
    231,218,20,158,97,69,130,76,229,132,57,206,92,10,191,78,249,203,118,139,127,25,190,78,129,203,107,139,43,75,235,11,171,203,107,
    212,116,148,52,84,244,20,180,212,116,216,123,23,181,88,180,171,29,253,93,43,189,125,248,197,11,216,120,24,184,107,161,159,116,137,
    125,202,114,15,182,78,237,156,62,216,39,47,188,68,254,156,46,201,53,34,177,116,241,204,49,140,84,52,130,81,241,162,104,212,51,
    150,73,245,143,50,207,105,8,234,6,208,131,37,210,105,20,245,8,217,138,119,239,55,10,247,74,234,138,42,151,106,87,153,18,178,
    7,191,195,111,130,62,95,255,3,175,223,102,131,47,48,134,67,227,131,126,230,70,38,163,67,190,131,126,240,58,5,230,37,175,207,
    184,216,120,152,56,88,248,24,184,216,120,152,56,88,248,24,184,216,49,222,56,39,145,113,209,167,49,241,116,73,135,84,244,148,52,
    94,84,170,1,245,137,36,207,11,65,225,1,161,193,97,129,33,65,225,1,161,193,97,129,33,65,225,1,161,193,97,129,33,17,160,
    24,190,92,239,134,37,138,55,74,149,99,195,163,21,195,67,6,251,117,230,134,38,198,85,95,161,4,195,132,57,222,107,4,169,79,
    217,19,179,211,115,147,51,83,243,19,179,211,115,147,51,83,243,19,179,211,115,147,51,83,243,67,242,129,39,197,118,31,188,29,197,
    89,240,147,63,213,104,5,252,1,188,163,48,245,112,77,176,13,213,181,3,208,112,35,233,85,178,191,26,206,125,17,185,18,208,147,
    202,110,51,160,70,241,138,55,133,47,69,244,21,181,213,79,133,37,69,229,5,165,197,101,133,37,69,229,5,165,197,101,133,37,69,
    46,11,160,74,132,206,110,142,46,78,238,14,174,206,110,142,46,78,238,14,174,139,32,202,4,78,238,14,174,206,110,142,46,78,238,
    87,247,82,249,147,93,151,55,87,247,23,183,215,119,151,55,87,247,91,248,148,54,219,55,40,158,91,251,198,59,219,94,27,230,91,
    191,41,255,53,12,224,29,160,135,33,205,101,90,135,69,244,179,37,210,118,9,163,69,168,191,44,204,73,41,137,105,201,209,44,145,
    22,224,64,5,248,118,235,193,125,145,59,64,224,7,197,134,42,200,101,57,165,72,240,140,59,135,89,5,168,80,236,155,14,220,96,
    156,95,23,188,71,188,160,51,209,119,92,144,83,224,220,30,211,98,1,252,102,247,138,38,136,77,59,190,94,163,158,62,251,126,67,
    119,36,178,100,174,151,115,228,119,23,146,114,210,178,18,138,119,74,132,114,210,151,106,228,121,83,239,3,168,210,114,224,42,38,209,
    164,196,100,132,36,68,228,4,164,196,100,132,104,11,167,69,232,196,27,237,91,8,168,21,232,136,40,200,109,85,155,17,233,196,121,
    205,57,194,99,24,160,79,232,159,101,222,121,31,164,67,234,195,42,222,120,15,229,114,196,129,33,156,97,1,132,65,188,129,18,196,
    9,131,122,90,246,20,186,212,122,150,52,84,255,31,156,214,118,150,54,86,246,22,182,214,118,150,54,26,185,85,247,154,118,233,122,
    211,115,32,179,14,243,160,51,246,46,32,235,13,191,194,127,216,126,18,186,17,207,147,62,198,122,13,172,17,211,144,60,222,115,47,
    68,233,145,45,218,38,43,160,73,250,137,43,220,109,26,194,8,168,200,104,136,40,72,232,8,168,200,104,193,110,72,151,68,228,132,
    206,157,96,221,78,29,152,0,206,197,99,145,112,31,181,17,206,157,61,221,78,29,224,93,206,157,24,128,78,69,227,31,217,132,60,
    155,52,213,115,30,244,105,255,155,46,234,123,8,174,26,238,146,63,212,16,90,250,26,186,218,122,154,58,90,250,26,186,218,122,154,
    67,175,76,224,130,47,131,92,15,156,18,239,143,28,252,111,15,156,23,176,195,126,131,92,15,175,79,220,143,114,207,92,15,138,18,
    147,24,190,194,4,217,97,13,162,67,229,136,98,255,105,13,184,124,237,158,56,130,92,13,190,73,226,152,98,252,109,30,169,66,248,
    63,181,213,117,149,53,85,245,21,181,213,117,149,53,85,245,21,231,144,37,208,116,1,245,65,244,134,62,155,98,20,188,65,189,220,
    148,222,126,158,62,94,254,30,190,222,126,158,62,94,254,30,190,222,126,158,62,33,151,82,242,207,50,210,87,18,239,82,193,151,1,
    50,11,231,26,167,128,38,202,98,93,128,66,243,180,34,213,113,14,164,66,175,184,43,203,78,46,142,110,206,214,43,150,88,46,142,
    28,225,111,242,216,100,136,36,89,249,30,220,159,51,209,124,32,188,81,233,149,34,158,64,28,177,73,245,130,23,197,121,94,157,85,
    183,76,183,171,56,218,124,87,155,88,235,215,21,216,105,10,247,109,252,129,45,131,70,48,181,85,168,149,53,240,117,72,181,102,240,
    29,151,110,74,157,78,238,171,11,235,75,43,243,78,179,189,11,235,110,83,157,64,170,214,122,151,43,75,153,19,223,232,98,130,34,
    139,43,75,235,11,171,203,107,139,43,75,235,11,171,203,107,139,84,34,148,71,231,218,39,199,103,7,162,26,212,222,38,139,54,75,
    96,27,186,65,249,150,49,198,60,7,160,70,253,154,51,154,115,7,161,86,188,171,29,216,120,69,184,88,221,152,101,216,75,29,139,
    72,177,17,189,223,113,159,49,93,255,31,180,212,87,157,61,93,253,29,189,221,125,157,61,93,253,29,189,221,125,157,61,93,253,84,
    128,102,193,103,11,163,28,193,131,50,245,99,20,176,79,229,131,110,249,106,10,143,111,207,175,15,151,106,87,153,111,207,138,119,249,
    45,135,59,87,249,6,166,193,3,192,108,14,163,127,227,142,54,202,125,65,159,67,238,150,42,221,72,26,166,1,194,138,33,218,33,
    234,121,27,189,22,206,145,43,209,122,20,189,24,165,197,120,204,106,13,189,24,249,150,60,152,71,49,135,84,244,201,52,212,116,20,
    72,176,190,116,204,33,31,252,1,239,136,45,129,96,15,165,1,222,168,30,205,109,80,173,77,237,141,40,144,94,84,172,1,189,220,
    170,222,115,147,51,83,234,94,226,143,36,160,42,74,234,10,170,202,106,138,42,74,234,10,170,202,106,138,42,74,234,10,170,202,106,
    211,12,223,76,66,191,95,204,172,63,223,76,71,224,9,195,154,37,220,103,39,188,27,240,146,33,223,124,16,250,57,179,211,115,147,
    124,156,60,92,252,28,188,220,124,156,60,92,252,28,188,220,57,210,120,118,252,28,188,220,124,156,60,92,252,28,188,220,124,156,60,
    229,80,235,145,44,201,37,2,164,72,224,223,2,192,113,54,160,87,243,140,38,192,45,58,169,73,204,172,12,236,76,84,169,20,218,
    103,199,130,127,241,108,70,250,22,185,199,103,128,66,1,173,79,226,190,34,207,119,11,188,0,222,130,47,215,107,28,137,91,231,192,
    218,146,57,194,57,37,182,84,242,217,1,222,100,30,181,91,242,215,106,138,55,17,182,91,228,146,119,216,101,87,185,88,227,215,8,
    71,78,178,65,227,133,52,197,115,20,243,0,239,146,96,136,95,41,159,76,236,209,44,204,108,12,169,17,223,213,45,128,126,93,224,
    7,160,69,169,136,39,205,41,54,128,118,229,133,120,197,101,5,165,64,184,182,124,196,41,87,244,9,188,217,121,153,57,64,195,9,
    242,18,178,210,114,146,50,82,242,18,178,210,114,146,50,27,180,18,226,147,32,198,100,23,190,93,178,134,58,215,124,120,242,18,178,
    27,187,219,123,155,59,91,251,27,187,219,123,155,59,91,251,27,235,154,41,207,109,30,183,84,181,173,62,215,116,24,178,79,226,219,
    153,36,50,161,71,240,139,54,151,42,30,161,86,235,238,100,132,36,68,228,4,164,196,100,132,36,68,228,4,164,196,100,132,36,68,
    125,12,191,89,251,136,33,194,45,80,237,67,228,129,71,141,45,77,237,13,173,205,109,141,45,77,237,13,173,205,109,200,99,9,199,
    86,246,22,182,214,118,150,54,86,246,22,182,214,118,150,54,4,179,70,243,151,34,150,98,23,165,93,184,129,55,223,98,94,255,60,
    255,31,191,223,127,159,63,95,255,31,191,223,127,159,63,95,255,31,191,223,0,211,64,78,179,83,192,160,51,211,64,75,236,17,207,
    58,193,101,9,186,81,216,137,58,220,38,62,173,68,231,139,33,220,113,72,245,8,222,141,43,220,103,26,251,6,242,141,58,199,2,
    145,49,81,241,17,177,209,113,145,49,81,241,17,177,209,113,145,49,81,241,110,253,174,96,221,125,46,142,93,253,174,101,130,63,33,
    104,19,183,91,232,131,10,219,104,14,244,123,233,137,63,215,120,22,163,118,243,148,63,219,104,44,191,86,245,153,51,206,99,90,231,
    163,181,38,192,119,12,177,16,173,153,38,209,108,105,227,3,163,195,99,131,35,67,227,3,163,195,99,131,35,67,227,3,163,195,28,
    128,19,157,96,0,147,115,224,128,19,152,63,86,156,69,250,131,56,248,99,68,147,101,197,165,37,157,101,5,160,29,224,133,19,152,
    34,156,31,85,245,21,181,213,117,149,53,85,245,21,181,213,117,149,53,0,187,65,252,153,117,210,116,24,176,15,210,144,33,230,112,
    204,104,23,189,91,182,161,50,210,87,55,151,119,215,207,50,143,65,55,151,82,175,161,60,150,42,70,230,23,183,208,18,209,125,31,
    75,215,139,38,222,98,21,233,119,235,134,62,194,117,32,178,78,169,170,34,201,114,73,149,70,228,130,105,241,110,20,174,69,235,130,
    176,205,109,144,118,17,188,67,245,208,63,194,48,30,191,68,176,175,23,158,98,17,179,85,228,149,35,196,35,122,240,16,176,208,112,
    217,121,153,57,89,249,25,185,217,121,153,109,24,170,82,183,142,56,208,109,81,232,16,147,217,121,153,57,89,249,25,185,217,121,153,
    66,167,76,230,232,98,130,34,66,226,2,162,194,39,204,102,104,226,2,162,194,39,204,102,104,167,76,230,203,72,253,110,83,174,78,
    167,71,231,162,122,194,103,52,255,95,177,170,47,207,95,4,172,76,231,142,99,244,103,7,130,98,194,162,2,154,103,90,148,98,194,
    88,165,171,54,156,32,76,237,29,184,212,11,221,120,24,229,88,165,197,29,216,120,61,157,107,225,218,53,193,96,27,146,85,230,153,
    209,156,45,206,49,93,187,72,243,158,41,212,114,19,245,98,212,180,2,226,44,17,236,81,244,145,49,209,44,34,239,86,180,247,125,
    38,70,230,121,239,138,42,151,106,87,247,111,234,138,15,239,89,19,232,71,243,146,41,224,103,20,171,106,231,150,53,134,59,70,153,
    38,134,112,208,222,35,158,99,6,163,67,227,222,16,157,100,101,239,15,175,207,16,232,33,29,174,76,234,155,42,220,123,79,242,15,
    135,113,209,167,7,137,116,73,180,81,244,148,52,137,71,74,179,50,184,216,120,152,71,39,145,84,244,167,17,137,81,49,145,103,199,
    57,137,40,107,225,1,161,193,54,206,115,10,178,81,224,130,36,143,70,19,160,87,232,149,56,129,60,65,240,24,183,235,97,129,33,
    138,102,5,169,75,230,202,21,227,102,35,131,70,187,181,123,227,67,91,131,99,213,222,63,138,55,74,164,67,230,224,106,138,42,74,
    127,28,176,82,255,211,12,250,127,66,140,95,204,194,98,250,76,44,231,69,179,206,115,222,114,7,187,29,251,134,52,214,25,83,243,
    92,252,90,243,142,124,227,48,92,131,80,173,181,21,208,112,53,131,99,245,163,21,245,67,73,185,28,245,146,124,204,125,21,174,79,
    205,50,202,119,14,182,85,228,134,32,139,87,4,166,64,246,223,2,192,113,33,160,86,230,128,43,193,100,11,177,86,173,204,108,133,
    42,193,4,78,238,14,174,206,110,142,46,7,168,14,209,130,127,231,71,2,162,103,209,177,39,241,71,39,145,27,235,192,0,207,99,
    210,55,74,234,23,200,155,59,254,94,62,158,126,166,155,102,232,94,62,187,6,200,149,127,131,46,71,254,23,246,153,51,151,72,27,
    17,201,169,44,204,73,63,159,73,223,169,9,255,53,5,250,105,243,161,104,255,108,12,137,105,201,169,9,145,108,81,159,105,201,140,
    184,182,43,129,61,80,248,0,160,201,61,193,108,7,195,9,169,201,105,137,41,73,233,9,169,201,105,197,102,10,168,69,169,182,0,
    158,62,222,126,30,155,123,219,187,62,222,126,45,141,6,164,210,111,146,58,21,179,95,247,220,2,222,115,11,183,64,225,220,30,221,
    56,218,119,43,183,90,226,158,41,149,88,19,186,73,250,152,47,222,105,85,147,78,246,154,53,212,114,31,137,84,244,143,11,218,105,
    176,10,212,139,55,205,112,13,171,74,164,201,100,251,104,85,141,109,232,136,13,251,91,13,155,109,205,187,113,193,42,52,171,87,237,
    89,228,130,35,132,35,32,172,74,227,132,57,216,105,8,199,13,173,205,109,141,45,77,237,13,173,205,109,196,107,77,146,100,225,129,
    250,154,58,255,95,63,159,90,250,154,9,233,34,64,246,10,182,169,31,218,39,41,186,105,167,199,31,233,73,66,160,22,226,158,51,
    145,85,159,63,95,255,31,191,223,127,159,63,95,255,31,191,223,127,224,86,19,238,96,243,160,110,142,86,32,128,11,233,223,98,159,
    55,129,68,228,132,36,196,65,33,129,97,228,132,36,247,87,92,254,34,168,200,104,136,40,72,232,8,168,200,104,136,40,72,232,8,
    142,120,253,184,24,221,32,46,224,120,216,192,24,248,78,69,164,17,172,209,14,221,32,56,152,93,253,184,14,238,120,46,152,120,206,
    15,255,240,122,154,58,90,250,26,186,218,122,154,58,90,191,84,254,240,122,154,58,90,250,26,186,218,63,212,126,112,250,26,186,218,
    198,109,7,201,3,163,195,99,207,108,0,162,79,163,188,10,234,74,10,242,74,234,143,114,207,106,60,247,84,163,222,99,252,74,15,
    69,37,160,29,211,221,5,229,61,37,133,115,184,153,108,205,98,8,236,115,197,128,5,229,96,93,147,29,197,165,125,229,69,51,248,
    0,251,118,211,135,52,216,112,85,186,71,181,182,19,199,116,24,176,27,202,153,100,252,36,25,228,89,249,153,57,132,121,68,138,1,
    234,22,183,244,126,158,62,94,129,121,176,140,59,211,113,10,187,74,255,156,50,219,47,94,227,30,240,151,50,180,62,94,254,30,193,
    0,137,117,2,170,72,243,130,51,198,101,11,162,21,167,218,103,201,110,11,205,7,167,199,103,248,64,73,181,66,234,136,51,194,115,
    209,114,28,181,3,176,205,112,222,121,28,218,16,176,208,112,199,120,25,188,85,176,175,23,158,98,17,179,85,228,149,35,196,48,20,
    118,115,249,25,185,217,121,153,57,89,169,90,248,149,53,145,127,12,183,90,237,144,54,215,49,80,211,25,185,217,121,153,57,89,249,
    162,194,98,130,118,3,177,73,172,149,35,203,118,74,235,40,162,194,98,130,34,66,226,2,162,194,98,130,110,13,161,67,238,194,29,
    135,39,199,84,7,250,71,212,135,2,154,84,95,249,11,182,203,44,202,102,14,229,123,231,138,50,206,121,24,229,103,228,136,42,199,
    4,216,117,13,177,70,186,183,60,213,102,21,183,64,241,134,94,148,52,84,244,20,180,212,116,148,52,84,244,93,242,212,58,219,96,
    157,66,17,177,81,194,145,108,209,66,17,148,12,194,201,111,157,114,15,253,83,242,137,125,226,113,17,177,98,241,204,49,226,113,52,
    23,217,210,116,156,64,15,168,66,192,143,52,213,114,37,174,79,234,130,110,249,106,10,143,111,207,175,15,151,106,87,153,111,207,138,
    190,176,45,135,59,86,253,6,166,207,59,199,106,1,239,93,234,155,58,221,97,79,170,65,235,229,111,143,47,79,239,15,175,207,111,
    216,120,152,113,30,248,95,249,149,61,130,95,29,172,107,253,138,46,209,123,29,240,103,244,148,17,241,81,49,145,9,244,201,7,241,
    40,173,16,222,131,105,149,56,82,232,8,175,173,46,194,96,13,145,77,224,152,36,211,47,49,173,64,248,132,51,230,116,8,239,108,
    175,68,255,196,24,203,105,15,228,124,227,153,35,200,102,15,234,23,183,202,44,203,102,25,175,10,235,132,46,138,85,45,228,88,239,
    94,252,135,54,199,114,17,191,86,162,211,45,142,51,29,186,95,179,135,59,214,125,121,243,19,179,211,115,147,51,83,243,19,179,211,
    188,220,124,156,123,25,168,90,249,146,42,148,53,82,186,85,238,143,40,200,117,17,185,28,161,220,40,206,105,25,214,28,188,220,124,
    37,69,229,5,165,197,101,133,37,69,229,5,236,131,101,250,105,9,169,122,233,212,41,250,105,44,244,122,177,215,107,237,112,8,164,
    0,161,71,234,192,29,203,111,26,158,79,252,154,110,218,102,11,160,36,174,206,110,142,46,78,238,14,174,206,110,142,46,78,238,14,
    247,23,183,215,59,216,116,22,187,23,200,155,8,134,123,27,136,104,251,155,8,131,36,87,234,23,200,155,59,219,72,27,230,91,200,
    44,233,49,63,244,18,174,168,53,205,97,14,175,73,228,206,19,197,97,20,144,65,242,148,110,240,97,18,165,78,244,206,16,193,114,
    204,103,29,195,9,169,201,105,137,41,73,233,9,169,201,105,137,41,73,233,9,169,201,105,246,101,54,248,69,229,182,22,197,101,54,
    38,65,232,98,251,132,61,198,70,29,250,109,219,187,27,219,35,27,187,94,163,158,59,237,38,5,251,56,178,210,114,146,50,82,242,
    91,251,27,187,219,123,155,59,91,251,27,187,219,44,212,105,16,168,75,250,152,62,149,92,9,186,77,242,143,34,155,38,91,234,2,
    210,78,132,36,68,228,4,164,196,100,132,36,68,228,4,164,196,100,132,36,68,228,123,232,136,40,251,104,85,168,123,232,173,117,251,
    121,159,35,37,168,76,233,195,12,195,110,5,162,95,232,137,109,144,45,25,191,88,232,231,109,141,45,77,237,13,173,205,109,141,45,
    150,54,86,246,22,182,214,118,150,98,23,165,93,184,129,55,223,98,94,231,31,156,214,118,150,54,86,246,22,182,214,118,150,54,86,
    63,95,255,31,191,223,127,224,115,19,179,96,243,206,51,224,115,54,238,96,171,205,113,247,122,30,187,17,222,145,60,215,112,13,186,
    236,200,117,136,110,9,164,91,237,226,104,136,40,72,232,8,168,200,104,136,40,72,232,8,168,200,104,136,40,72,164,71,235,137,36,
    209,14,128,78,56,142,88,248,152,61,128,88,46,229,73,177,204,113,197,120,18,186,25,184,251,113,145,49,81,241,17,177,209,113,145,
    122,154,58,90,250,26,186,218,122,154,104,31,170,95,251,142,122,206,123,9,177,20,237,155,51,206,50,74,244,11,179,240,122,154,58,
    227,3,163,195,99,131,35,67,227,3,163,195,99,131,35,67,227,3,163,195,99,252,68,77,177,70,238,140,55,198,50,89,133,74,241,
    73,223,137,62,218,105,30,228,89,226,156,45,207,103,68,147,107,162,158,41,193,99,24,169,88,237,142,32,201,61,69,229,38,172,204,
    181,213,117,149,53,85,245,21,181,213,117,149,53,85,245,21,181,213,32,219,97,28,185,21,225,156,54,222,61,92,245,24,181,170,100,
    161,23,225,119,23,183,82,175,183,1,138,102,94,224,30,175,203,126,209,108,94,176,81,234,222,1,249,48,12,191,93,251,138,59,205,
    19,205,7,167,199,103,135,39,71,231,7,167,199,103,135,39,71,231,7,167,199,103,206,97,71,152,96,169,149,34,202,104,19,162,83,
    177,82,252,149,98,144,110,77,240,94,249,156,112,196,120,21,190,58,176,208,112,144,48,80,240,16,176,208,112,144,48,80,240,16,176,
    25,185,217,121,153,57,89,134,126,183,139,60,212,118,13,188,11,163,191,48,203,124,42,188,75,239,156,43,145,108,23,169,88,250,146,
    138,93,37,236,80,231,143,45,214,103,22,163,64,238,135,112,139,43,104,226,2,162,194,98,130,34,66,226,2,162,194,98,130,34,66,
    43,75,235,11,171,203,107,139,127,10,184,64,165,156,42,194,127,67,250,30,162,225,107,139,43,75,235,11,171,203,107,139,43,75,235,
    84,244,20,180,212,116,148,113,26,176,62,180,212,116,148,52,84,244,20,180,212,116,148,52,84,244,20,180,212,116,148,125,18,244,107,
    154,19,239,152,48,210,105,24,169,92,255,145,56,142,61,3,224,29,243,148,49,157,105,21,184,83,151,221,125,157,61,93,253,29,189,
    102,134,38,70,230,6,166,198,102,134,38,70,230,6,166,198,25,225,40,20,163,75,233,146,35,149,60,32,175,84,227,181,35,212,112,
    202,125,71,186,65,255,142,44,196,39,48,136,1,253,138,34,192,123,10,187,78,237,131,42,156,38,70,197,15,175,207,111,143,47,79,
    56,88,248,24,184,216,120,152,56,88,248,24,184,157,54,220,18,88,248,24,184,216,120,152,56,88,248,24,184,216,120,152,56,88,248,
    161,193,51,196,113,4,160,85,161,149,32,210,106,79,182,64,232,149,105,136,33,20,175,85,232,141,97,198,96,12,164,27,198,132,53,
    185,47,216,124,3,169,79,162,181,38,198,67,35,131,99,195,219,38,155,85,35,131,70,187,181,40,130,62,83,254,3,163,196,6,197,
    48,210,127,35,191,82,234,150,33,157,67,31,178,74,246,129,20,198,122,93,158,86,253,134,125,225,114,16,182,29,197,154,32,218,113,
    208,121,92,225,1,188,136,46,201,121,92,179,78,188,146,51,200,60,35,155,18,238,157,63,217,104,25,175,72,150,220,124,156,60,92,
    5,165,197,101,133,37,69,229,5,165,197,32,203,97,111,229,5,165,197,101,133,37,69,229,5,165,197,32,201,118,0,172,67,165,130,
    239,131,43,148,73,11,186,125,235,156,56,199,109,11,230,113,226,130,7,231,71,39,135,31,226,223,17,231,71,2,255,113,236,198,122,
    206,98,158,62,89,155,88,244,150,59,231,123,22,174,82,229,217,7,219,118,14,178,69,208,130,62,153,90,18,185,66,185,165,54,212,
    5,238,118,233,147,41,194,108,5,224,29,189,192,52,210,117,5,224,84,232,133,46,170,32,64,224,0,160,192,96,128,32,64,224,0,
    233,9,169,201,37,198,106,8,165,9,214,216,120,197,56,32,165,69,192,216,37,246,60,7,233,20,169,202,22,224,101,32,128,69,184,
    109,163,187,27,131,91,59,141,6,231,220,2,211,96,23,188,70,188,177,58,215,113,25,162,93,251,156,38,193,40,53,183,70,209,154,
    242,151,63,201,126,21,243,18,145,219,123,155,59,91,251,27,187,219,123,155,59,91,251,27,187,157,52,201,59,18,251,6,187,202,119,
    36,59,245,21,232,213,13,200,104,45,245,72,219,209,42,132,46,68,155,109,232,173,13,200,53,59,245,109,205,213,13,237,91,80,177,
    67,157,76,255,136,35,217,35,62,174,95,228,157,57,151,75,4,163,73,203,132,63,222,121,46,165,68,225,137,101,242,97,1,132,100,
    159,127,223,199,58,135,73,63,159,90,167,169,52,158,34,79,224,31,191,216,0,215,122,3,179,22,242,153,92,150,54,86,246,22,182,
    31,191,223,127,159,63,95,255,31,191,223,127,159,63,32,150,83,214,182,51,142,64,78,150,118,174,182,22,224,43,10,241,111,254,141,
    205,102,28,230,123,235,154,33,216,124,70,139,64,237,139,35,216,103,1,166,92,178,174,33,218,109,59,173,90,254,141,58,128,97,65,
    27,81,241,17,177,209,113,145,49,81,241,17,177,209,113,145,49,20,191,85,155,209,113,145,49,81,241,17,177,209,113,145,49,20,191,
    30,208,26,186,218,122,154,58,90,250,95,244,158,115,176,58,90,250,26,255,148,62,176,127,20,190,19,144,165,54,139,118,22,182,86,
    143,10,146,106,15,156,23,247,217,2,199,103,55,172,68,228,143,38,139,92,15,175,106,202,170,10,234,50,15,242,124,202,170,47,146,
    19,206,36,88,245,27,165,192,108,243,101,0,160,29,224,221,125,229,96,0,133,101,211,153,98,205,121,24,163,126,237,143,41,234,109,
    199,120,28,187,82,185,213,51,192,123,22,161,92,250,155,125,234,92,60,138,106,164,153,100,217,124,25,185,89,164,170,103,222,60,127,
    62,94,254,30,193,151,50,210,47,18,239,15,215,146,50,247,87,33,171,16,255,139,42,209,76,31,189,91,216,159,44,211,119,16,185,
    167,218,103,248,78,46,152,120,182,139,118,203,110,11,171,75,182,184,117,204,13,71,231,7,167,128,34,211,97,2,169,81,175,206,105,
    145,37,196,127,34,177,83,245,182,49,194,125,25,190,87,176,205,112,239,89,57,143,111,161,156,97,220,121,28,188,92,161,175,98,219,
    83,153,57,89,249,102,198,176,53,213,70,48,232,112,208,176,6,230,97,81,240,51,185,217,121,153,109,24,170,82,183,138,41,216,110,
    172,10,228,151,44,193,118,11,173,76,170,203,72,130,34,66,226,2,162,194,98,213,106,11,174,71,162,133,39,214,100,7,172,84,170,
    2,165,138,62,223,100,57,170,72,238,173,42,217,102,2,165,76,171,143,36,161,43,75,235,11,171,203,107,139,43,75,235,11,231,132,
    247,149,56,148,75,69,157,88,248,197,56,133,93,24,184,125,248,197,11,129,123,84,233,20,239,254,116,148,52,84,244,20,180,212,116,
    221,125,157,61,93,253,29,230,155,49,220,122,93,224,29,194,145,49,244,84,52,148,116,172,145,108,226,84,52,177,12,194,159,117,137,
    95,254,15,170,198,50,201,97,1,170,67,166,219,102,249,111,10,170,23,234,215,119,239,106,10,143,111,217,147,104,199,115,18,169,116,
    174,76,234,195,111,193,110,2,170,15,178,207,16,195,99,38,134,102,198,166,126,195,62,48,134,102,227,222,16,205,39,91,246,22,166,
    69,180,242,120,152,56,88,248,24,184,216,120,152,56,88,248,24,184,216,35,222,116,25,191,24,165,216,7,212,116,49,145,113,209,177,
    144,109,80,158,104,200,141,112,254,99,73,244,17,177,200,109,129,117,14,166,70,237,132,97,156,33,62,168,77,237,208,45,144,48,40,
    102,6,131,99,213,159,100,203,127,30,165,120,235,137,47,236,107,25,190,6,170,132,43,199,111,74,247,10,213,134,38,227,67,35,131,
    58,226,95,162,172,26,250,127,66,140,81,187,198,99,130,58,14,255,57,179,211,115,147,51,83,243,19,179,211,115,147,51,83,243,19,
    167,90,240,157,59,156,33,92,131,80,240,181,21,245,85,53,237,80,173,163,21,245,112,77,131,94,180,201,108,142,53,80,252,72,243,
    34,194,105,0,229,24,165,186,44,201,105,84,169,20,180,172,41,201,76,44,154,80,171,132,48,209,106,33,183,76,227,145,23,196,102,
    203,34,78,160,79,227,139,110,147,46,49,162,66,199,167,7,231,71,95,162,31,209,167,7,194,63,49,172,6,187,222,125,135,115,66,
    29,87,247,23,183,215,119,151,55,87,247,23,183,138,93,151,55,87,247,23,183,215,119,151,55,87,247,81,248,133,119,232,59,87,186,
    239,132,37,128,105,14,224,73,240,129,41,210,115,72,159,17,201,140,44,145,108,81,137,76,236,169,44,145,95,85,175,9,160,132,47,
    227,105,137,41,73,233,9,169,201,105,137,41,73,233,9,169,201,32,207,41,7,166,93,169,142,44,221,111,12,167,95,161,192,103,200,
    39,198,125,32,179,81,247,180,51,192,127,27,188,85,178,134,58,215,124,82,176,64,247,147,57,146,119,28,182,56,178,210,114,146,50,
    155,59,91,251,27,187,219,123,155,59,91,132,124,192,150,52,223,126,85,189,87,250,156,6,155,38,91,175,73,238,158,81,155,59,91,
    4,164,196,100,132,36,68,228,4,164,196,100,132,104,11,167,69,232,196,27,149,104,13,155,72,181,173,13,200,104,8,155,17,244,196,
    176,205,57,196,110,6,229,4,135,205,109,141,45,77,237,13,173,205,109,141,45,77,237,13,173,154,37,196,97,8,237,74,232,153,43,
    147,56,192,62,95,248,87,227,130,57,228,119,21,179,112,247,132,59,223,120,17,246,87,248,146,118,233,81,45,187,89,242,147,120,208,
    51,222,120,34,255,94,241,155,127,203,118,28,180,23,182,223,114,159,64,78,179,86,192,147,110,246,86,19,179,83,192,202,47,159,35,
    232,30,184,200,44,199,2,72,232,8,168,200,104,136,40,72,232,8,168,200,104,136,40,72,232,8,168,156,41,219,99,70,191,73,225,
    69,185,192,120,187,49,81,241,17,177,209,113,145,49,81,241,17,177,209,113,145,116,31,181,59,177,209,113,145,49,81,241,17,177,209,
    186,218,122,154,58,90,133,125,193,151,53,222,127,84,188,86,251,157,7,154,39,90,188,91,246,137,63,176,58,90,250,26,186,218,122,
    35,67,227,3,163,195,99,131,35,23,162,80,232,205,52,194,106,23,235,17,170,233,99,131,35,67,227,3,163,195,99,131,35,67,166,
    2,168,38,172,204,108,140,44,76,236,12,172,204,108,140,120,13,191,71,162,155,45,197,120,68,249,5,134,204,108,140,44,76,236,12,
    245,80,251,145,95,149,53,85,245,80,251,145,124,191,112,27,177,28,159,255,95,191,121,26,182,84,249,213,10,220,92,60,228,124,220,
    119,215,207,50,210,114,79,129,97,171,143,126,131,62,33,151,119,193,161,23,247,47,55,239,82,175,207,1,141,102,68,157,76,251,159,
    211,98,51,166,69,175,184,43,203,78,46,142,110,206,214,43,150,88,46,142,75,182,184,37,143,50,87,243,14,171,199,101,55449,56593,69,
    57,122,143,89,217,185,97,249,89,57,153,1,252,156,60,129,79,47,229,65,170,177,52,212,67,21,179,68,249,159,62,152,79,28,188,
    48,144,112,208,176,104,213,40,38,144,112,245,200,6,219,49,76,233,12,176,208,83,230,112,48,144,8,208,176,16,240,40,21,181,85,
    211,29,253,55,19,248,99,230,134,22,199,122,22,128,77,250,202,29,206,110,43,139,107,203,171,115,206,51,61,139,107,238,211,29,192,
    99,158,59,93,226,7,171,159,36,216,127,25,162,69,236,195,20,194,103,7,250,71,186,218,2,199,103,34,130,116,254,197,56,206,106,
    199,123,26,146,70,251,153,125,152,52,18,161,90,247,128,61,219,122,92,162,85,248,221,94,148,52,84,244,88,251,151,53,216,52,43,
    113,76,148,116,212,180,49,209,84,20,180,12,194,162,105,140,61,64,253,73,242,147,40,208,127,24,175,21,235,156,49,148,23,93,253,
    166,198,47,192,38,57,170,23,207,175,15,239,106,10,143,79,239,215,25,249,50,87,230,82,238,131,40,172,38,70,230,6,166,198,102,
    207,16,198,99,3,254,67,190,222,6,195,99,38,134,112,250,193,60,202,110,28,160,65,201,157,32,194,47,82,239,112,227,222,6,230,
    17,241,116,20,145,81,241,201,7,231,44,73,210,24,184,216,120,152,56,88,248,103,199,177,52,212,71,49,233,113,209,177,7,231,96,
    233,8,139,193,97,129,33,4,175,69,139,132,47,197,40,107,158,72,200,168,112,232,72,40,136,16,237,141,45,144,94,62,244,80,187,
    107,238,142,30,207,114,30,136,69,242,194,21,198,102,35,131,99,195,163,123,198,59,53,131,99,230,219,21,200,34,95,250,29,163,198,
    179,135,60,192,103,1,186,93,244,219,12,218,127,31,226,95,162,194,26,223,127,58,154,108,230,221,32,214,114,0,188,93,199,156,122,
    208,124,218,105,18,191,72,245,147,50,148,106,29,176,21,150,220,124,156,60,16,179,95,253,144,124,227,112,77,149,117,213,181,48,208,
    44,172,76,180,186,26,145,52,69,248,5,241,138,43,208,104,7,160,87,173,147,36,201,44,111,229,5,165,197,44,195,37,58,169,20,
    135,103,199,167,34,194,71,7,167,31,209,177,122,159,46,26,166,75,224,228,110,142,46,78,238,14,174,206,17,199,98,2,255,66,191,
    6,222,155,59,254,94,40,162,25,228,146,54,196,120,25,131,88,183,202,119,232,123,70,158,126,222,190,59,219,94,30,190,6,200,168,
    148,49,106,224,0,160,192,96,128,32,64,159,127,201,140,44,255,73,81,137,105,201,191,31,216,40,73,202,0,160,192,96,197,110,4,
    3,12,167,77,160,227,22,192,64,32,248,96,192,160,0,152,101,5,165,24,214,182,124,216,51,40,173,77,221,134,46,206,101,12,225,
    45,190,94,219,187,27,251,91,67,190,3,205,187,27,222,35,45,176,26,167,194,106,155,62,82,141,91,254,158,99,222,35,67,155,94,
    183,114,210,164,46,149,122,14,175,84,200,158,58,200,116,21,247,27,253,142,53,216,111,18,180,85,179,164,18,242,68,36,234,87,170,
    40,205,104,8,168,21,219,214,47,141,14,68,228,4,164,187,45,200,104,85,168,21,181,173,40,200,77,45,155,81,170,133,49,208,107,
    254,104,12,190,66,227,205,112,141,82,36,132,114,210,220,33,156,97,4,161,65,225,220,18,159,102,103,237,13,173,205,42,200,121,11,
    115,24,160,30,191,216,53,218,119,31,187,101,243,151,37,217,120,55,186,90,182,203,118,233,95,63,137,105,167,154,103,218,127,26,186,
    19,238,96,173,148,85,159,63,95,255,96,192,182,51,211,64,54,238,118,214,182,0,224,103,87,246,53,191,223,127,159,107,30,172,84,
    198,59,216,105,31,166,0,238,157,38,203,124,1,167,70,160,193,66,136,40,72,232,8,168,200,104,223,96,1,164,77,168,143,45,220,
    55,212,127,7,249,24,191,146,61,208,120,28,130,84,240,130,62,223,80,29,189,17,245,158,91,145,49,81,241,17,177,209,113,145,49,
    154,58,10,185,91,246,150,114,220,111,20,185,78,243,149,52,146,51,112,250,26,186,218,122,154,58,90,250,26,186,218,122,154,58,90,
    79,236,128,34,207,35,60,170,79,239,143,47,234,74,82,242,106,202,210,28,150,113,67,254,3,228,130,46,198,57,36,166,87,208,134,
    254,154,37,207,105,68,147,64,224,165,5,229,69,37,253,64,189,179,5,229,96,93,147,78,164,217,124,149,37,69,198,12,172,204,108,
    213,117,149,53,85,245,21,181,213,117,149,53,25,186,86,244,153,117,234,74,28,185,89,249,196,100,220,124,68,138,106,161,146,117,136,
    126,225,119,18,178,82,242,183,23,143,47,55,151,15,193,203,44,132,88,23,176,90,216,151,44,205,106,61,182,87,242,154,118,225,114,
    171,110,206,174,14,238,54,11,246,120,206,174,43,150,88,5,239,18,182,215,110,142,13,71,231,7,167,199,103,135,39,71,231,7,167,
    16,176,208,112,220,127,19,177,92,176,175,57,239,124,65,153,121,217,153,25,249,124,28,188,111,165,131,112,141,48,47,143,89,252,156,
    245,200,104,208,112,72,134,102,173,158,121,216,119,29,249,102,198,144,53,213,117,72,232,80,240,200,6,230,45,30,227,127,240,151,61,
    68,11,176,81,246,161,42,203,110,6,234,125,238,142,11,235,75,43,139,19,238,211,29,235,75,14,243,125,224,202,119,147,51,75,235,
    97,235,11,171,203,107,139,43,75,235,11,171,203,107,139,43,75,167,68,232,138,39,139,84,52,250,71,231,130,39,199,98,90,148,71,
    229,107,161,128,116,137,52,92,139,93,203,152,101,253,93,61,189,125,221,152,56,216,75,65,167,20,245,154,48,148,60,43,189,107,248,
    12,212,180,20,212,84,52,177,81,241,162,104,206,39,59,180,83,249,187,52,207,110,9,158,85,244,145,57,149,66,17,177,116,212,180,
    239,79,87,170,23,217,175,15,202,55,57,164,14,179,215,116,143,47,70,169,84,166,185,47,249,106,87,143,111,207,143,15,239,106,10,
    99,48,250,92,181,169,38,193,107,41,166,93,252,155,12,199,102,3,171,7,208,131,35,230,70,38,134,102,190,131,126,240,70,38,163,
    73,135,90,176,205,105,139,49,81,248,87,234,216,7,209,71,20,233,113,209,177,49,241,81,20,180,84,199,205,43,130,94,17,182,92,
    167,40,211,114,21,130,73,232,141,37,137,94,13,173,104,200,168,8,232,48,13,240,126,200,168,45,144,94,3,233,20,176,213,104,136,
    99,131,0,74,234,10,170,202,106,138,42,74,234,10,170,202,106,138,42,74,234,10,170,133,56,138,34,53,149,67,230,134,38,155,59,
    218,122,66,140,108,167,148,115,210,125,23,243,27,204,172,58,223,127,31,226,2,250,154,98,236,76,71,180,9,213,154,61,215,85,26,
    110,15,168,127,244,149,48,216,52,35,176,80,213,181,21,245,85,77,176,13,195,181,21,208,45,35,190,20,169,205,105,149,53,92,179,
    247,197,26,250,108,9,169,73,180,212,44,204,52,58,154,17,226,223,3,204,107,1,131,76,247,150,49,230,109,12,169,65,173,186,41,
    130,7,231,71,39,135,31,226,223,17,231,71,2,255,113,236,198,123,159,56,71,231,7,167,228,110,142,46,78,238,14,174,206,110,142,
    119,151,55,87,247,23,254,145,119,232,72,70,187,91,254,155,59,222,38,40,187,6,200,194,35,151,99,31,178,89,157,215,119,151,55,
    224,0,160,192,96,128,32,64,224,0,160,192,96,128,32,64,172,79,227,129,44,128,95,63,137,73,236,140,44,204,95,41,137,17,236,
    69,214,220,60,137,52,73,150,118,184,133,37,192,101,5,160,24,214,133,120,246,60,29,243,111,224,135,45,239,96,27,186,93,202,129,
    251,158,54,154,77,30,190,123,219,187,27,251,35,30,227,109,219,187,62,131,77,16,250,7,163,197,123,155,50,29,160,18,205,173,99,
    151,55,210,119,23,178,10,196,151,106,228,46,15,225,125,242,149,63,253,114,9,168,79,216,147,50,215,127,83,132,87,247,178,18,242,
    45,141,21,232,213,27,237,77,8,245,123,230,204,113,149,60,77,237,4,235,150,100,251,91,85,168,72,237,136,40,205,53,59,168,21,
    146,24,249,215,11,196,99,9,139,68,255,158,57,238,101,4,161,73,165,178,33,193,68,36,132,100,196,220,33,156,82,36,132,65,188,
    105,244,222,99,135,47,95,255,60,182,214,118,150,54,86,246,22,182,214,118,150,54,86,246,22,182,214,118,150,127,16,246,105,201,191,
    246,147,51,211,115,32,150,118,174,147,51,224,42,10,255,75,247,154,49,181,63,95,255,31,191,223,127,159,63,95,255,31,191,223,127,
    40,72,232,8,168,200,104,136,40,14,167,90,168,132,45,222,109,4,232,21,168,183,33,196,100,89,164,25,185,161,36,196,65,33,151,
    4,255,66,244,144,34,222,127,55,163,94,252,221,113,238,120,29,189,0,253,192,96,248,125,29,152,120,206,132,127,194,116,16,162,94,
    180,110,245,218,62,213,16,90,250,26,186,218,122,154,58,90,250,26,186,218,122,154,58,90,250,26,186,218,122,154,58,90,250,26,186,
    42,197,35,13,172,87,163,132,38,215,101,6,173,85,171,202,109,192,111,2,170,78,208,134,34,208,108,13,130,79,239,195,55,203,102,
    194,44,14,190,73,237,135,108,201,98,8,198,12,172,204,108,140,44,76,236,12,172,204,108,140,44,76,236,12,172,204,108,140,44,76,
    53,85,245,21,181,156,51,149,74,42,156,92,249,153,57,217,74,60,156,4,249,153,10,128,96,79,156,70,212,221,10,217,121,60,156,
    55,151,119,175,146,111,225,87,55,178,15,193,156,118,139,44,78,247,23,190,138,54,219,112,116,254,30,190,222,126,158,62,94,254,30,
    199,103,135,39,71,231,7,167,199,103,135,39,71,231,7,167,199,103,135,39,71,231,120,216,174,46,203,107,11,171,120,206,174,118,203,
    60,239,37,5,234,121,254,134,63,219,117,35,181,66,230,149,34,152,124,21,166,85,252,220,112,239,124,28,153,121,217,185,25,129,124,
    136,70,48,144,85,168,166,59,145,44,75,232,16,176,243,121,153,57,89,249,25,185,217,121,153,57,89,249,25,185,217,121,153,57,89,
    2,162,194,98,130,34,66,226,2,162,194,98,253,93,43,171,78,238,142,46,253,75,43,243,78,238,189,119,215,56,43,172,84,237,137,
    238,184,46,217,125,14,185,3,231,142,61,206,103,71,235,116,231,135,2,226,66,34,130,26,231,218,20,226,66,7,250,116,233,195,126,
    198,102,157,61,126,244,20,180,212,116,148,52,84,244,20,180,212,116,148,52,84,244,20,180,212,116,148,52,84,244,20,180,212,116,148,
    125,157,66,34,148,84,241,145,49,209,66,52,148,12,241,145,2,136,104,71,148,83,235,146,54,216,78,24,175,75,248,143,117,209,120,
    176,67,234,202,102,249,106,10,143,111,207,175,15,151,106,87,153,111,207,138,119,249,100,78,243,20,181,207,111,172,38,70,230,6,166,
    15,175,207,111,143,47,79,239,15,175,207,111,143,47,79,239,15,175,207,111,143,47,79,239,15,175,207,16,240,70,6,163,67,227,131,
    199,177,17,137,116,20,135,13,237,194,17,214,110,23,179,93,203,157,42,206,125,10,240,84,253,142,61,212,49,114,248,24,184,216,120,
    33,65,225,1,161,193,97,129,33,65,225,1,161,193,97,129,33,65,225,1,161,193,97,196,109,18,164,72,231,193,30,254,72,8,173,
    6,166,70,213,163,3,155,102,6,149,31,255,208,3,217,75,66,149,70,230,163,3,227,67,35,251,70,187,181,3,227,102,91,149,72,
    251,6,161,199,122,154,51,7,187,86,253,249,115,147,51,83,243,19,179,211,115,147,51,83,243,19,179,211,115,147,51,83,243,19,179,
    28,188,220,124,156,60,92,252,28,195,163,21,213,112,16,176,80,195,181,21,141,112,16,131,9,233,198,26,213,110,25,143,89,238,138,
    192,119,77,169,64,243,128,41,137,37,58,169,73,204,172,12,236,76,84,169,20,218,172,12,201,52,58,167,13,176,215,112,140,44,111,
    46,78,238,14,174,206,110,142,46,78,238,14,174,206,110,142,46,78,238,14,174,206,110,142,46,78,238,14,174,206,110,142,81,49,135,
    30,187,91,251,155,8,254,94,70,187,91,200,194,34,141,81,30,165,82,196,146,37,193,114,5,255,91,242,129,50,219,59,87,136,91,
    140,9,233,73,41,137,17,236,209,31,233,73,12,241,127,226,200,117,146,54,73,233,42,160,192,96,128,32,64,224,0,160,192,96,128,
    105,137,41,73,233,9,169,201,105,137,41,73,233,9,169,201,105,137,41,73,150,118,192,128,37,197,101,5,150,96,192,216,37,197,86,
    135,103,72,148,91,224,151,1,215,96,4,183,64,186,158,55,196,119,30,254,18,205,158,62,251,91,59,155,123,163,158,99,237,91,59,
    119,74,132,89,179,206,105,140,50,82,209,27,187,219,123,155,59,91,251,27,187,219,123,155,59,91,251,27,187,219,123,155,59,91,251,
    164,196,100,132,36,68,228,4,219,187,13,205,104,8,168,72,219,173,13,149,104,8,155,17,241,222,2,205,118,1,151,65,246,146,33,
    159,101,193,104,27,168,65,164,231,109,141,45,77,237,13,173,205,109,141,45,77,237,13,173,205,109,141,45,77,237,13,173,205,109,141,
    118,150,115,24,178,60,182,214,118,150,54,86,246,22,182,214,118,150,54,86,246,22,182,214,118,150,54,86,246,22,182,214,118,150,98,
    222,108,20,241,72,254,150,43,151,47,81,239,10,182,245,127,159,63,95,255,31,191,223,127,159,63,95,255,31,191,223,127,159,63,95,
    8,168,200,104,205,102,12,194,8,168,200,104,136,40,72,232,8,168,200,104,136,40,72,232,8,168,200,104,205,102,12,194,8,168,200,
    177,209,113,145,49,81,241,17,177,209,113,145,49,20,191,85,155,209,113,145,49,81,241,17,177,209,113,145,49,20,191,85,184,251,113,
    218,122,154,58,90,250,26,186,218,122,154,110,27,169,81,180,141,59,211,110,82,239,19,144,218,122,154,58,90,250,26,186,159,52,222,
    105,227,3,163,195,38,205,103,74,201,70,237,135,106,169,92,10,138,106,178,170,10,234,74,82,175,79,239,210,28,252,54,18,249,98,
    168,72,216,131,43,203,96,9,228,115,224,128,5,229,69,37,133,29,224,221,19,229,69,0,253,115,238,196,121,158,52,69,224,12,211,
    92,249,153,100,217,36,68,156,89,249,188,28,234,96,91,180,64,225,154,19,199,112,16,146,92,243,129,38,153,53,19,160,91,246,129,
    247,145,48,150,65,55,151,97,193,207,50,143,114,23,178,82,242,207,1,140,117,87,212,30,190,222,126,225,119,18,178,15,242,207,111,
    78,11,171,110,206,184,50,137,102,18,179,72,193,149,34,194,64,14,161,83,244,199,122,135,88,46,142,120,216,214,43,150,107,14,171,
    28,188,1,207,194,59,186,48,80,240,16,247,149,36,214,117,30,166,24,185,222,51,220,113,25,189,118,226,149,53,247,121,22,164,16,
    228,25,198,176,16,230,70,72,181,8,245,144,53,213,117,72,134,11,242,243,121,153,57,89,134,102,208,149,53,230,80,72,144,112,208,
    29,253,122,74,235,40,162,194,98,130,118,3,177,73,172,145,50,195,117,12,234,68,247,140,33,214,107,13,172,10,171,232,98,130,34,
    139,43,75,235,11,252,131,34,199,110,75,172,78,255,141,46,197,125,67,226,5,232,135,42,194,102,45,185,78,238,172,34,205,127,75,
    112,27,222,20,180,212,116,148,52,84,244,20,180,212,116,196,119,21,184,88,188,146,33,218,119,0,189,91,250,220,125,190,52,84,244,
    93,253,29,189,221,125,157,61,93,253,29,189,221,49,210,126,28,177,29,194,162,20,212,113,17,177,81,194,180,20,140,113,17,130,8,
    147,102,155,38,1,167,75,227,220,1,195,114,53,163,84,240,143,37,195,46,57,170,74,207,175,15,239,79,87,170,23,217,175,15,202,
    126,240,109,71,250,29,182,198,102,149,73,6,161,75,201,134,61,220,123,44,167,70,227,139,103,240,99,3,134,102,198,166,6,158,99,
    137,71,49,145,84,169,167,58,144,45,75,232,17,177,242,120,152,56,88,248,24,184,216,120,152,56,88,248,24,184,216,120,152,56,88,
    64,239,133,97,198,96,12,164,15,211,132,49,205,104,2,160,85,228,133,18,213,110,19,160,70,228,207,5,192,117,0,163,64,242,132,
    249,208,12,195,100,14,140,67,248,153,62,233,98,3,166,78,162,181,38,198,67,35,131,99,195,219,38,155,85,35,131,70,187,181,40,
    219,102,128,34,90,250,57,179,211,115,147,51,83,243,19,179,211,115,147,51,83,243,19,179,211,115,147,114,29,183,19,244,146,62,214,
    114,238,121,12,176,85,255,157,40,217,120,47,168,83,238,157,59,217,50,56,189,72,253,158,61,207,121,15,242,111,232,147,46,217,38,
    131,76,235,129,3,204,119,22,177,102,237,140,41,193,45,58,169,73,204,172,12,236,76,84,169,20,218,172,12,201,52,58,167,13,176,
    29,188,199,103,164,46,78,238,14,174,206,110,142,46,78,238,14,174,206,110,142,46,78,238,14,239,128,42,142,105,15,163,75,160,188,
    242,135,59,222,116,22,163,82,243,164,35,216,101,22,176,82,185,179,54,195,118,21,182,68,242,132,121,228,99,24,165,82,185,177,50,
    97,20,181,82,229,132,122,230,105,14,164,102,233,146,51,212,67,8,169,76,228,200,31,204,108,41,137,105,201,169,113,204,49,63,137,
    32,165,24,214,139,97,156,58,90,224,0,131,201,105,137,41,73,233,9,169,201,105,137,41,73,233,9,169,128,47,137,86,54,128,64,
    190,94,254,158,13,251,91,67,190,94,205,199,39,146,102,26,183,92,152,210,114,146,50,82,242,18,178,210,114,146,50,82,242,18,178,
    27,187,219,123,228,68,50,178,87,247,151,55,228,82,50,234,87,247,164,110,206,33,50,181,77,244,144,62,232,126,9,173,94,233,211,
    141,14,68,228,4,164,196,100,132,36,68,228,4,164,196,100,132,36,1,170,64,142,196,100,132,36,68,228,4,164,196,100,132,36,1,
    99,9,228,39,173,205,109,141,45,77,237,13,173,205,109,141,121,12,190,70,163,154,44,196,121,69,248,4,135,205,109,141,45,77,237,
    86,246,83,248,146,92,150,54,86,246,83,248,146,127,188,115,24,178,31,156,169,63,255,95,71,159,127,223,191,103,218,122,26,231,105,
    128,10,238,197,30,219,123,43,176,88,248,147,58,151,64,19,179,118,214,182,22,246,46,19,238,96,214,182,51,142,64,29,247,10,172,
    124,129,36,72,151,65,228,132,121,196,57,89,129,68,228,161,1,247,125,70,169,93,252,135,11,199,100,4,173,75,252,169,36,196,78,
    195,116,20,131,84,230,144,35,213,98,93,241,87,228,159,50,197,120,30,191,25,206,184,24,238,78,64,189,0,253,152,61,221,125,64,
    69,72,177,19,144,218,122,154,58,37,179,86,246,203,54,139,43,51,182,86,211,179,5,207,52,27,175,78,245,185,53,214,118,31,185,
    247,162,47,207,69,17,166,70,209,134,52,194,113,7,176,3,190,195,28,234,74,60,156,18,239,210,47,202,111,15,175,18,220,209,40,
    230,108,140,44,76,171,73,248,138,41,194,122,68,229,2,237,153,56,195,79,3,160,64,233,143,56,237,96,0,138,94,233,137,108,145,
    117,234,92,60,138,106,164,153,100,217,124,25,185,89,164,170,103,222,31,85,245,21,181,170,10,252,121,25,138,124,164,188,28,252,74,
    225,102,86,247,52,190,222,126,158,106,31,173,85,176,141,46,223,105,16,246,88,235,144,61,202,119,17,176,22,183,244,126,158,62,94,
    7,167,199,103,208,111,14,171,66,167,128,34,211,97,2,169,81,175,206,105,198,114,19,168,100,232,139,43,194,100,19,134,75,235,161,
    226,149,53,144,116,31,218,16,176,208,112,144,48,80,240,16,176,208,112,192,115,17,188,92,184,150,37,222,115,4,185,95,254,216,121,
    243,121,153,57,89,249,25,185,217,121,153,57,89,249,25,185,217,53,214,122,24,181,25,198,144,53,213,117,21,144,112,168,200,16,240,
    83,157,23,240,194,127,130,101,3,175,71,184,165,39,214,81,7,176,84,235,129,39,138,93,14,174,107,203,171,11,235,51,14,243,125,
    130,98,231,218,20,201,35,94,248,30,162,194,65,139,43,75,235,11,171,203,107,139,43,75,235,11,171,203,107,199,100,8,170,71,171,
    107,203,157,56,216,120,69,229,93,253,197,11,235,32,19,244,9,180,171,61,216,120,24,184,125,221,197,101,253,93,69,139,1,230,206,
    219,148,51,217,91,20,175,78,233,190,53,212,113,25,245,98,241,145,20,244,84,52,148,12,241,204,2,244,84,17,236,98,255,213,104,
    53,80,239,15,140,198,102,134,38,70,230,6,166,198,102,134,38,70,230,6,166,138,41,197,103,10,230,121,239,185,42,151,79,47,143,
    6,134,102,227,131,35,240,58,28,239,18,175,176,16,198,99,3,163,30,190,134,38,158,80,48,251,72,175,142,33,203,47,48,144,70,
    180,84,244,201,105,209,113,73,135,103,172,159,98,254,113,22,188,126,241,138,43,204,91,16,177,84,252,208,7,212,116,49,145,113,209,
    8,144,109,80,158,104,200,141,112,254,99,73,244,18,182,200,104,171,33,65,225,1,161,193,97,129,33,65,225,1,161,193,97,129,109,
    197,105,11,166,10,213,181,123,198,102,3,166,70,227,219,21,198,59,53,255,94,170,215,106,130,85,3,149,70,187,163,3,227,99,35,
    90,31,191,95,204,198,32,147,114,29,183,19,187,172,58,236,127,66,154,122,218,154,26,250,127,31,191,108,166,128,105,245,122,29,183,
    58,181,78,239,136,31,212,117,16,184,20,195,144,48,245,85,53,149,117,173,144,109,227,85,53,176,13,195,158,116,137,47,68,245,21,
    197,42,215,37,58,172,122,233,212,12,236,76,12,140,108,233,137,41,250,48,22,255,99,236,139,33,227,108,23,182,81,198,141,44,201,
    42,134,81,2,162,103,199,167,7,231,63,2,255,113,199,167,34,159,81,12,230,27,189,215,103,135,46,1,188,14,209,135,17,194,63,
    254,94,62,190,126,222,155,59,219,72,66,164,13,209,158,57,211,81,30,165,68,227,180,63,222,123,19,255,104,251,155,30,254,94,62,
    105,177,140,113,255,73,41,172,17,223,130,104,149,52,80,233,9,169,201,74,128,32,64,224,0,160,192,96,128,32,64,224,0,160,192,
    169,201,105,137,41,6,187,9,161,182,22,192,101,5,165,24,184,128,32,152,86,54,253,78,169,136,39,205,41,65,150,118,224,133,37,
    158,99,131,123,27,227,109,205,198,53,136,84,27,188,86,212,155,32,193,102,49,186,91,254,150,122,237,126,30,155,123,219,187,27,131,
    55,138,68,50,146,87,170,164,57,147,46,79,234,18,178,219,52,201,59,36,132,82,247,151,55,138,42,18,178,10,196,164,111,220,33,
    130,77,234,128,2,205,118,23,176,103,236,141,40,192,44,59,168,72,205,173,13,237,77,85,168,21,219,173,13,200,53,59,166,12,177,
    25,191,196,100,132,36,103,237,13,173,205,109,141,45,77,237,13,173,205,109,141,45,77,164,75,173,178,18,156,97,1,164,65,225,132,
    167,169,58,135,73,67,162,22,226,158,51,216,28,86,246,22,182,214,118,150,54,86,246,22,182,214,118,150,54,86,246,22,182,154,57,
    156,62,211,63,32,128,118,246,147,51,211,115,32,150,118,174,147,51,224,42,10,255,2,191,160,0,142,115,19,182,83,243,150,110,224,
    4,249,119,189,156,114,238,97,6,172,110,225,154,59,220,75,0,161,68,236,192,23,196,100,33,129,97,193,161,121,196,57,55,129,97,
    189,0,206,147,121,132,37,66,248,24,177,158,35,145,78,46,224,93,253,152,61,221,120,64,142,93,160,174,100,197,43,55,184,95,245,
    124,243,136,41,206,89,18,179,86,254,210,5,214,118,51,147,115,211,179,107,214,43,37,147,115,246,203,5,216,50,79,238,14,179,211,
    131,108,17,227,124,220,210,47,207,106,15,175,74,178,188,47,146,92,86,183,25,197,138,45,199,69,10,177,80,247,160,43,202,111,7,
    36,51,160,64,197,165,5,229,69,93,160,29,211,165,5,192,61,51,174,4,185,216,121,133,37,102,236,12,172,204,108,140,44,76,236,
    85,245,21,181,213,117,149,53,85,245,21,252,147,117,234,74,60,188,89,249,153,57,234,92,60,228,89,249,170,96,192,53,1,189,80,
    176,52,190,222,126,158,62,94,254,30,190,222,126,158,62,94,254,30,190,222,126,158,62,94,254,30,248,145,44,158,114,27,168,91,242,
    103,154,39,56,174,75,235,214,43,150,54,46,171,75,206,174,24,210,41,20,162,70,244,136,41,225,117,8,170,11,167,184,46,203,107,
    129,124,65,225,121,252,156,25,249,79,5,254,67,245,145,35,223,126,36,191,16,244,159,90,144,48,80,240,16,176,208,112,144,48,80,
    57,89,249,25,185,217,121,153,57,89,249,25,185,217,121,153,57,16,191,25,247,150,45,153,126,28,173,95,252,151,47,145,48,87,184,
    247,150,45,225,109,14,174,71,225,150,3,206,110,36,176,71,231,194,54,202,103,12,226,64,240,135,35,201,34,7,172,70,136,194,98,
    203,107,139,43,75,235,11,171,203,107,139,43,75,235,11,171,203,107,139,43,75,235,11,171,203,107,194,109,75,148,116,194,130,39,199,
    56,216,75,61,157,5,248,152,11,129,97,78,157,71,213,220,11,216,120,61,157,125,221,189,101,216,37,43,157,125,248,197,11,214,60,
    136,41,75,244,20,189,137,53,216,115,119,253,29,189,221,125,157,61,93,253,29,189,221,125,157,61,93,253,29,189,221,125,157,61,93,
    6,166,198,102,134,38,70,230,121,217,175,47,202,106,10,170,121,207,175,119,202,106,57,243,83,188,175,40,208,105,13,163,117,227,148,
    249,138,61,135,99,10,185,74,227,195,111,240,99,3,134,102,198,166,6,158,99,94,144,102,198,131,126,240,109,71,250,27,184,198,102,
    242,120,152,56,88,248,24,184,216,120,152,56,88,248,24,184,216,120,152,56,88,248,24,184,216,120,152,56,88,248,24,184,216,7,231,
    40,168,77,237,141,45,254,72,40,240,77,237,190,116,212,59,40,175,87,238,138,36,242,100,19,183,68,243,201,45,196,119,4,173,13,
    234,117,230,134,3,227,67,35,131,27,230,219,21,227,67,6,251,117,232,194,127,158,50,67,227,32,170,202,106,138,42,74,234,10,170,
    19,179,211,115,147,51,83,243,19,179,211,115,147,51,83,243,19,179,211,115,147,51,83,140,108,218,154,63,223,127,31,140,122,218,194,
    240,144,3,137,105,70,149,82,234,147,55,217,79,25,174,74,249,142,116,208,121,10,185,80,176,220,3,208,112,53,149,117,213,181,109,
    105,84,154,108,204,137,116,250,103,77,240,17,188,204,108,175,37,69,229,5,165,197,101,133,37,69,229,5,165,197,101,133,37,69,229,
    78,238,14,174,206,110,142,46,78,171,66,253,139,39,200,46,49,145,103,231,130,34,194,98,49,135,103,191,130,34,241,59,27,244,103,
    164,118,191,168,59,219,94,62,158,126,222,198,59,134,72,62,158,91,166,168,53,159,34,66,231,30,190,215,35,223,114,25,221,23,183,
    96,128,32,64,224,0,160,192,96,128,32,64,224,0,160,192,96,128,32,64,224,0,160,192,96,128,32,64,224,0,223,191,9,201,108,
    197,101,5,150,96,192,216,37,197,86,92,188,19,207,128,59,204,90,12,187,95,236,155,97,197,108,31,172,69,165,201,22,197,101,32,
    91,59,155,123,163,158,99,237,91,59,190,3,205,144,122,135,39,67,251,27,152,210,114,146,50,82,242,18,178,210,114,146,50,82,242,
    91,251,27,187,219,123,155,59,91,251,27,187,219,123,155,59,91,251,100,196,178,50,215,119,23,183,100,210,178,106,215,119,36,238,78,
    222,2,205,118,1,151,65,246,146,33,214,44,8,161,82,225,136,104,132,91,8,168,109,205,173,13,237,53,8,245,123,205,173,40,149,
    18,207,37,88,248,31,164,196,71,141,45,77,237,13,173,205,109,141,45,77,237,13,173,205,109,141,45,77,237,13,173,205,109,141,45,
    150,54,86,246,22,182,169,9,255,127,26,186,90,250,169,31,255,39,26,186,105,163,131,108,240,127,4,179,101,243,132,32,211,100,94,
    115,26,169,90,243,211,127,224,115,19,150,118,214,182,22,142,115,78,128,118,214,147,110,224,125,87,234,10,172,214,118,181,63,95,255,
    168,200,104,136,40,72,232,8,168,200,104,136,40,72,232,8,168,200,104,136,40,72,232,8,168,141,38,204,2,72,232,8,168,200,104,
    209,113,145,49,81,241,17,177,209,113,145,49,81,241,17,177,209,113,145,49,81,241,69,240,130,58,159,102,16,184,69,185,193,127,129,
    111,147,16,90,250,26,186,218,122,154,58,90,250,26,186,218,122,154,58,90,250,26,186,218,122,154,58,31,180,94,144,218,122,154,58,
    227,3,163,195,99,131,35,67,227,3,163,195,99,131,35,67,166,77,231,233,99,131,35,67,227,3,163,195,99,131,35,67,227,3,163,
    12,233,130,40,166,44,76,236,12,172,204,108,140,44,76,236,12,172,204,108,140,96,3,175,77,224,204,19,243,96,93,133,101,211,179,
    252,188,10,234,32,3,245,8,181,170,60,217,121,25,185,124,220,196,100,252,92,68,138,0,231,207,19,220,123,17,147,92,231,134,33,
    189,54,215,114,26,246,97,242,146,23,247,87,55,151,15,242,207,1,247,87,18,239,97,252,214,107,139,42,87,247,52,190,222,126,158,
    71,231,7,167,199,103,135,39,71,231,7,167,199,103,135,39,6,169,67,167,184,46,203,107,11,171,110,206,214,118,238,78,86,152,18,
    162,30,212,145,36,209,114,17,163,85,227,202,22,217,126,20,150,89,226,131,36,243,120,25,188,84,184,175,60,220,89,57,153,121,217,
    8,245,200,6,240,80,21,232,102,251,209,108,140,44,80,240,51,185,217,121,153,57,89,249,25,185,217,121,153,57,89,249,25,185,217,
    130,34,3,172,70,162,189,43,206,110,14,174,107,203,211,115,235,75,83,157,23,240,204,6,195,118,3,160,67,241,135,49,140,81,22,
    100,25,174,17,205,130,37,207,77,2,185,88,255,168,35,194,103,15,227,116,231,135,2,226,66,34,130,26,231,218,20,226,66,7,250,
    43,182,28,161,193,98,157,61,126,244,20,180,212,116,148,52,84,244,20,180,212,116,148,52,84,244,20,180,212,53,218,112,84,139,93,
    177,81,241,145,20,244,44,76,148,116,172,162,104,207,51,57,188,73,252,159,60,206,120,14,243,110,233,146,47,216,51,59,184,92,233,
    51,212,99,2,252,96,239,136,34,224,111,20,181,82,197,142,47,202,98,78,153,74,234,175,15,239,79,47,247,74,183,185,15,239,106,
    158,80,13,231,26,186,216,102,134,5,79,239,15,175,207,111,143,47,79,239,15,175,207,111,143,47,6,169,15,208,176,35,158,70,38,
    71,39,177,113,199,167,109,206,56,12,176,93,246,242,120,152,56,88,248,24,184,216,120,152,56,88,248,24,184,216,120,152,56,88,135,
    222,141,112,232,72,62,158,72,200,190,30,148,119,91,136,79,247,142,42,196,82,4,179,87,228,147,105,136,11,65,225,1,161,193,97,
    202,106,138,42,74,234,10,170,202,106,207,100,14,192,10,170,202,106,138,42,74,234,10,170,202,106,138,42,74,234,70,229,137,43,198,
    115,236,127,31,154,122,255,159,12,223,127,31,226,95,162,172,102,196,51,78,243,108,250,159,63,223,127,58,154,2,162,186,26,130,76,
    137,110,70,154,85,242,152,26,213,110,15,168,127,244,149,48,216,52,35,176,80,213,181,21,245,85,77,176,13,195,181,21,208,45,35,
    71,173,208,112,157,44,76,207,5,165,197,101,133,37,69,229,5,165,197,101,133,37,69,229,5,165,197,101,196,107,1,229,122,236,137,
    226,130,34,231,71,95,255,103,199,223,17,155,124,64,156,75,227,129,58,203,125,84,136,71,224,138,8,199,124,29,186,109,230,135,34,
    147,127,232,123,27,158,126,222,190,30,134,123,70,136,126,222,155,102,232,117,95,226,2,174,222,126,189,55,87,247,23,183,215,119,151,
    64,224,0,160,192,96,128,32,64,224,0,160,129,46,196,32,63,169,76,236,140,44,233,73,81,241,105,201,209,31,149,114,78,146,69,
    164,70,253,140,58,135,76,31,172,71,253,170,38,199,125,27,166,69,229,140,59,147,79,0,167,77,207,128,59,218,125,42,161,64,229,
    86,186,173,62,222,91,59,155,123,219,195,62,131,77,59,155,94,163,173,48,154,39,68,226,27,187,248,114,146,50,82,242,18,178,210,
    187,219,123,155,59,91,251,27,242,157,123,228,119,23,146,114,247,151,4,215,119,23,234,87,170,164,110,204,59,26,181,95,187,164,55,
    104,45,141,72,232,187,40,200,104,85,168,21,219,209,51,158,77,23,133,12,219,136,40,237,77,45,141,109,181,136,117,251,77,45,168,
    92,146,79,165,216,123,156,36,68,237,89,229,136,35,167,45,77,237,13,173,205,109,141,45,77,237,13,173,205,109,141,45,77,237,13,
    176,95,228,147,37,223,113,24,183,90,190,169,58,218,95,63,186,90,201,154,58,218,39,26,231,105,163,129,120,249,120,53,186,95,243,
    81,235,186,41,218,113,11,243,31,228,190,60,203,118,16,177,31,162,223,0,211,115,54,150,118,214,182,110,211,46,32,150,118,243,206,
    247,106,64,253,30,186,193,53,129,2,72,232,8,168,200,104,136,40,72,232,8,168,200,104,136,40,72,232,8,168,132,39,203,105,4,
    49,46,189,93,253,157,24,248,32,24,189,93,248,157,96,248,78,68,169,17,172,209,14,221,125,56,152,93,253,174,61,221,125,64,189,
    75,133,15,237,192,28,211,116,30,156,83,232,137,46,249,114,19,182,94,178,165,54,214,83,51,147,115,211,203,54,139,69,51,147,86,
    210,28,193,43,86,245,16,170,202,73,131,35,67,227,3,163,195,99,131,35,67,227,3,163,195,99,131,35,67,227,74,229,195,28,207,
    32,192,96,37,133,29,229,128,32,197,96,93,133,115,185,148,108,205,98,8,236,115,224,128,32,192,69,37,253,69,224,128,37,192,61,
    252,74,64,173,15,220,134,20,157,74,25,185,124,220,188,28,252,36,25,228,106,220,188,57,132,74,23,253,0,163,193,124,156,53,1,
    118,27,176,52,190,222,126,158,62,94,254,30,190,222,126,158,62,94,254,30,190,222,126,158,62,94,254,30,193,146,50,210,114,55,151,
    182,142,43,203,110,11,246,110,216,210,63,157,78,9,177,72,236,130,20,194,117,17,162,85,175,206,77,135,39,71,231,7,167,199,103,
    208,112,144,48,80,240,16,176,208,112,144,48,21,190,84,154,208,112,144,48,80,240,16,176,208,112,144,48,80,240,16,176,149,60,195,
    60,179,57,89,249,25,185,217,121,153,57,89,249,25,185,217,121,153,57,89,249,25,245,150,58,216,117,89,134,85,245,166,53,213,70,
    171,107,203,142,115,235,75,14,243,125,183,155,98,159,34,61,171,78,238,142,46,235,75,83,243,107,203,211,29,151,112,88,132,75,236,
    79,205,130,57,216,127,40,163,66,231,143,99,244,103,7,130,98,194,162,2,154,103,90,148,98,194,135,122,244,105,67,254,29,190,194,
    189,254,116,148,52,84,244,20,180,212,116,148,52,84,244,20,180,212,116,148,52,84,244,20,180,212,53,218,112,84,139,93,248,152,56,
    145,20,244,44,76,148,116,172,162,104,207,51,47,184,80,242,137,56,206,39,59,180,83,249,187,52,207,110,9,158,85,244,145,57,149,
    57,170,74,207,175,15,239,79,87,170,23,217,175,15,202,55,57,164,14,179,208,112,143,47,108,230,6,166,198,102,134,38,70,230,6,
    239,15,175,207,111,143,47,79,239,15,230,137,111,240,99,3,144,67,227,176,38,230,70,3,254,102,198,131,126,240,58,22,239,78,225,
    92,184,167,52,212,71,20,180,103,241,177,17,212,41,49,145,84,169,167,109,193,34,49,171,121,176,167,52,212,81,49,145,113,209,201,
    205,48,62,136,104,237,208,30,195,41,84,247,22,168,200,97,213,105,4,175,43,161,193,97,129,33,65,225,1,161,193,97,129,33,65,
    42,74,234,10,170,202,106,138,42,74,149,70,230,181,38,198,85,3,131,99,230,219,3,227,102,91,149,31,243,208,3,196,124,5,161,
    22,128,86,225,133,54,193,59,90,217,19,179,211,115,147,51,83,243,19,179,211,115,147,51,83,243,19,179,211,115,214,125,23,217,19,
    252,28,188,220,124,156,60,92,252,28,188,220,124,156,60,25,178,88,150,220,124,156,60,92,252,28,188,220,124,156,60,25,178,88,181,
    79,133,37,69,229,5,165,197,101,133,37,69,229,81,228,150,46,139,114,4,172,81,173,212,117,140,15,69,229,5,165,197,101,133,37,
    203,96,10,196,14,174,206,110,203,96,10,231,36,235,128,42,135,4,100,145,71,199,167,127,231,71,39,135,31,226,130,34,159,81,49,
    34,6,237,118,243,147,4,210,116,3,190,88,249,223,8,219,123,62,158,126,222,190,102,219,38,40,158,126,251,198,8,213,63,66,225,
    184,201,105,170,95,9,137,105,177,169,9,233,73,81,172,76,236,209,31,255,53,17,250,97,228,132,20,197,120,20,130,79,248,200,31,
    133,37,224,64,32,128,96,184,133,120,246,64,32,165,24,214,139,97,156,63,80,224,5,169,157,38,218,125,27,160,71,238,193,22,192,
    62,222,35,30,227,3,219,158,62,251,91,45,167,28,225,130,59,220,81,29,167,92,230,219,126,146,116,7,188,81,230,155,61,220,58,
    205,122,23,242,49,187,219,123,155,119,20,184,90,247,219,4,215,42,50,146,114,210,151,55,242,114,18,234,100,196,207,106,155,38,91,
    80,235,138,49,201,102,1,182,12,242,133,40,141,14,68,228,4,164,141,34,132,91,8,245,109,205,173,13,200,104,45,173,77,181,187,
    210,217,124,141,121,5,168,67,135,205,109,141,45,77,237,13,173,178,36,193,97,92,161,28,188,164,33,193,68,36,146,88,163,158,61,
    159,56,245,121,3,184,66,182,203,118,233,122,71,159,127,223,191,58,218,95,31,191,7,201,169,98,135,28,86,246,22,182,214,118,150,
    127,224,64,54,179,83,192,182,110,246,86,54,128,96,231,215,118,181,63,95,255,31,250,145,59,181,122,17,187,22,149,160,54,246,86,
    249,97,193,161,1,153,100,4,164,25,215,183,125,217,50,41,172,76,220,141,48,220,74,7,176,0,215,132,36,225,65,33,129,97,185,
    93,160,174,24,248,125,64,142,83,185,196,102,129,56,93,241,69,254,130,37,195,120,31,182,25,206,152,61,221,32,29,224,0,216,157,
    246,179,19,229,111,84,169,74,243,148,30,223,118,27,163,19,182,218,60,207,116,25,174,83,245,148,114,204,123,22,243,48,186,218,122,
    35,15,172,64,226,143,99,252,111,82,138,106,202,170,47,207,74,10,170,18,220,188,119,146,35,94,227,87,236,141,54,206,97,6,177,
    68,186,77,224,197,70,140,44,76,236,69,234,204,19,192,61,37,133,101,197,128,32,229,101,5,253,115,211,216,125,140,120,4,169,66,
    223,21,181,213,117,149,53,85,245,106,252,153,57,132,121,68,228,124,249,153,28,252,74,0,251,70,229,156,59,241,112,25,180,76,181,
    3,190,161,50,143,87,55,151,119,242,146,23,215,119,79,129,97,170,207,84,158,62,94,254,30,190,222,126,225,65,55,178,82,193,183,
    150,78,46,142,120,216,159,111,142,13,71,231,7,167,130,41,195,13,2,169,67,174,237,24,206,78,46,246,110,206,174,14,150,107,11,
    124,65,143,111,165,129,106,241,116,20,132,95,247,151,60,213,56,47,188,92,217,185,25,249,89,65,188,1,207,185,25,220,33,47,178,
    81,236,14,168,208,117,153,70,16,181,85,168,149,104,136,80,21,181,112,208,166,44,151,120,12,173,86,202,137,48,215,74,13,184,87,
    134,35,208,102,78,226,68,247,140,33,214,107,13,172,10,221,171,11,253,93,83,174,19,238,139,46,206,110,83,157,16,233,203,72,130,
    107,139,43,52,162,71,231,218,39,154,58,34,167,71,194,162,20,222,37,10,190,95,228,184,59,194,101,56,191,74,229,143,42,217,111,
    148,41,84,139,125,221,171,11,133,120,69,184,93,248,152,56,133,75,70,191,62,180,212,116,148,115,17,160,82,241,154,34,156,61,90,
    66,52,148,81,241,180,108,209,44,34,180,12,194,203,108,157,32,93,130,116,212,162,2,140,113,76,177,84,241,145,49,140,66,79,182,
    140,198,102,134,38,57,153,111,234,138,25,239,55,47,143,111,217,185,62,142,47,108,230,6,166,198,50,199,117,13,232,85,246,135,49,
    129,103,201,122,1,172,91,230,128,33,135,38,101,239,15,175,207,111,143,47,79,184,71,230,131,42,143,104,10,187,73,234,129,57,135,
    113,150,71,49,145,84,244,177,105,212,41,39,177,9,199,206,105,152,124,23,210,24,184,216,120,152,56,88,248,24,184,216,120,212,119,
    162,64,237,193,30,144,48,13,240,104,237,141,8,144,109,62,244,79,161,220,97,254,104,13,173,16,237,208,112,232,109,13,136,104,222,
    95,164,153,58,195,100,41,165,95,228,158,106,197,120,74,251,32,170,202,106,138,42,74,234,10,170,202,106,138,102,5,169,75,230,202,
    247,150,63,210,106,83,238,19,204,154,63,223,34,31,226,2,218,159,63,250,90,44,166,29,224,131,58,221,87,22,191,82,234,211,60,
    142,124,140,50,79,214,28,188,220,124,156,60,92,252,28,188,220,124,218,115,14,252,85,188,193,124,141,48,92,131,13,173,144,109,245,
    9,169,108,180,137,26,144,107,69,161,74,143,197,101,133,37,69,229,5,165,197,101,133,37,69,229,5,165,140,35,133,107,10,177,5,
    169,75,250,136,43,192,120,70,231,0,209,167,7,194,98,39,255,66,191,177,39,159,81,88,255,14,250,134,43,192,46,12,188,75,239,
    92,183,146,57,211,29,87,247,23,183,215,119,151,55,87,247,23,183,215,119,151,55,7,180,86,251,155,127,209,98,25,180,67,254,152,
    206,40,73,202,0,160,192,96,128,32,64,224,0,160,192,96,128,32,64,224,0,160,192,96,204,111,3,161,76,160,191,9,233,105,9,
    101,5,160,96,192,182,37,197,101,5,150,28,243,201,116,137,110,8,164,76,179,174,44,221,90,12,187,95,224,138,44,129,86,5,165,
    59,155,123,219,187,99,222,35,45,155,123,254,195,13,208,58,71,229,0,187,219,104,244,123,28,182,116,251,128,33,198,81,26,187,94,
    191,19,196,151,55,242,82,50,146,114,170,151,106,228,82,50,183,10,196,153,115,142,44,72,242,18,145,219,123,155,59,91,251,27,187,
    100,132,36,68,228,4,164,196,100,132,36,68,228,4,164,196,37,202,96,68,163,69,233,129,106,246,97,20,168,77,231,133,48,193,96,
    254,121,2,191,76,234,136,99,233,108,25,172,79,236,158,40,222,55,43,164,67,233,171,36,223,126,25,142,69,228,129,41,133,82,1,
    122,63,159,127,223,191,103,218,39,41,159,127,250,199,9,212,62,67,225,2,191,223,92,150,54,86,246,22,182,214,118,150,54,86,246,
    95,255,31,191,223,127,159,63,95,255,31,191,158,49,219,63,24,190,82,250,209,13,218,111,19,182,92,254,139,58,219,76,11,176,77,
    137,47,205,38,44,169,92,233,138,41,219,109,27,230,123,248,129,38,198,109,26,187,18,206,129,38,204,78,1,186,91,252,171,32,193,
    61,213,57,46,189,93,216,184,24,248,88,64,189,0,206,184,24,221,32,46,179,25,164,198,100,152,56,123,241,17,177,209,113,145,49,
    154,58,90,250,26,186,218,122,154,58,90,250,26,243,156,122,229,83,51,179,83,246,150,51,243,83,37,182,86,246,150,5,143,96,90,
    87,235,134,45,169,35,67,227,3,163,195,99,131,35,67,227,3,163,195,99,131,35,67,227,3,163,195,99,131,92,42,138,74,234,143,
    224,133,5,229,83,0,160,64,224,179,121,214,54,37,162,90,227,135,41,255,105,30,186,73,254,196,19,192,96,37,133,101,197,165,125,
    153,100,234,92,60,185,4,202,151,125,128,34,67,252,25,181,170,57,217,92,60,156,124,220,196,57,132,74,60,156,89,164,170,55,157,
    107,137,41,87,247,52,190,222,126,158,62,94,254,30,190,222,126,158,62,94,254,30,190,222,126,158,123,18,173,91,148,222,126,158,62,
    231,7,167,199,103,135,39,71,231,7,167,199,103,135,39,71,231,7,167,199,43,200,100,6,171,7,216,174,14,238,78,11,246,22,235,
    1,252,175,15,239,38,64,240,13,176,151,49,221,117,74,151,85,228,163,53,194,102,25,179,85,184,175,60,220,89,57,153,121,217,193,
    245,200,6,240,80,21,232,102,251,209,108,142,33,80,240,3,223,144,55,221,95,16,171,74,237,186,49,208,117,29,241,102,245,149,16,
    75,43,139,107,179,142,115,253,75,43,174,19,221,128,106,151,53,91,235,11,136,194,98,130,34,66,226,2,162,194,98,130,34,66,226,
    75,235,11,171,203,107,139,43,75,235,11,171,203,107,202,101,15,235,76,234,134,46,133,89,14,187,71,226,136,42,223,110,15,152,95,
    187,70,245,147,49,154,70,17,185,91,224,145,39,142,82,29,186,80,210,157,38,199,96,55,188,93,248,144,124,235,120,24,157,125,221,
    116,212,204,49,140,66,52,148,81,172,162,63,149,40,69,237,20,180,247,125,157,61,93,253,29,189,221,125,157,61,93,253,29,189,221,
    134,38,70,230,6,166,198,102,134,38,70,230,71,232,130,102,193,103,11,163,8,212,131,54,202,111,5,167,82,227,130,21,210,105,20,
    110,8,170,1,221,138,34,192,123,10,188,1,220,138,61,217,102,12,170,92,181,169,38,193,107,41,166,93,252,155,12,199,102,3,171,
    80,135,84,244,177,17,241,81,49,233,84,169,167,17,241,116,73,135,90,176,205,96,137,49,81,210,24,184,216,120,152,56,88,248,24,
    193,97,129,33,65,225,1,161,193,97,129,33,65,225,1,161,193,97,129,96,15,165,1,230,128,44,196,47,51,164,81,237,136,34,192,
    62,207,110,57,190,69,248,139,45,207,36,56,175,71,229,158,47,217,36,57,175,88,252,131,41,207,121,68,153,90,227,132,36,207,120,
    225,118,30,188,71,246,128,105,245,122,29,183,117,250,129,32,199,80,27,186,95,247,219,12,223,127,58,154,122,218,186,98,223,34,44,
    85,53,176,13,195,158,116,137,36,78,245,21,150,220,124,156,60,92,252,28,188,220,124,156,60,92,252,28,188,220,124,156,60,92,252,
    165,197,44,195,37,58,140,108,204,172,41,148,52,9,244,73,218,186,26,147,53,69,177,77,224,139,79,133,37,69,229,5,165,197,101,
    206,110,142,46,78,238,14,174,206,110,142,46,78,238,14,174,206,110,142,46,49,135,103,199,167,34,159,63,2,255,66,209,177,17,152,
    103,141,94,25,161,88,252,146,4,210,101,1,178,69,191,168,59,219,94,62,158,126,222,198,59,134,72,62,158,91,166,168,53,159,34,
    248,19,169,201,74,128,32,64,224,0,160,192,96,128,32,64,224,0,160,192,96,128,32,64,224,0,160,192,96,197,110,4,202,0,160,
    9,169,201,105,137,41,73,233,9,169,201,105,137,41,73,233,9,169,140,39,205,3,73,233,9,169,201,105,137,41,73,233,9,169,201,
    178,210,114,215,124,22,251,56,178,210,114,146,50,82,242,18,178,210,114,146,50,82,242,18,230,147,33,217,60,5,179,91,230,218,54,
    158,55,218,98,82,209,27,187,219,123,155,59,91,251,27,187,219,123,222,117,31,209,27,187,219,123,155,59,91,251,27,187,219,123,207,
    5,183,79,170,147,37,205,112,76,245,10,177,205,78,132,36,68,228,4,164,196,100,193,106,0,206,4,164,196,100,193,106,0,237,46,
    168,67,233,196,71,242,100,36,132,28,196,164,4,228,60,1,161,65,188,178,18,152,124,87,140,73,233,185,34,202,106,1,168,5,210,
    90,250,191,31,255,95,63,231,90,167,169,31,255,122,71,137,84,190,195,110,130,63,90,246,105,255,154,58,135,122,71,231,127,250,154,
    214,182,0,202,49,30,170,75,240,172,47,214,113,55,166,79,250,141,115,159,121,10,177,92,235,150,48,209,55,32,150,118,192,160,110,
    100,89,164,65,228,132,36,153,87,90,163,1,130,200,104,136,40,55,161,68,228,217,36,153,57,33,164,68,193,161,23,221,38,9,189,
    5,190,98,225,152,63,249,104,1,180,67,177,204,113,238,88,56,142,110,160,157,96,221,120,29,189,93,160,174,99,218,27,81,241,17,
    250,93,255,142,60,223,116,12,242,19,180,137,42,211,116,20,191,72,171,218,103,154,69,51,147,101,197,203,54,139,118,19,182,86,246,
    114,252,49,8,201,3,163,195,99,252,92,42,175,79,220,170,114,234,74,42,156,124,251,203,106,169,35,67,227,3,247,130,48,200,45,
    223,124,13,187,66,164,138,57,194,111,24,165,67,226,196,101,166,44,76,236,12,172,204,108,140,123,4,165,64,233,204,43,201,120,10,
    112,27,163,29,188,219,38,197,124,27,187,80,231,196,117,209,122,127,245,21,181,213,117,149,53,85,245,21,181,213,57,218,118,20,185,
    94,129,15,175,146,111,247,114,18,151,15,242,161,107,208,62,67,254,97,247,146,50,143,114,79,239,119,242,146,23,247,65,11,240,77,
    151,46,201,68,8,178,73,243,199,40,213,39,86,205,7,167,199,103,135,39,71,231,7,167,199,103,203,104,4,166,75,167,131,34,203,
    49,201,48,77,240,111,249,156,60,129,124,65,225,121,252,156,25,249,79,5,254,67,224,153,62,244,117,28,177,73,176,159,34,144,32,
    151,42,115,249,25,185,217,121,153,57,89,249,25,185,217,63,214,107,89,176,25,164,217,104,149,57,38,232,8,245,200,16,213,117,48,
    19,238,189,119,204,34,6,173,40,162,194,98,130,34,66,226,2,162,194,98,130,34,66,226,2,235,132,98,204,109,22,226,69,231,150,
    237,142,37,221,35,66,229,88,251,130,37,197,110,25,250,11,255,131,46,197,43,9,185,78,234,128,107,206,101,15,193,11,171,203,107,
    212,116,148,52,84,244,20,180,212,116,148,52,4,183,85,248,152,124,210,97,26,183,64,253,155,58,156,61,126,244,20,180,212,116,148,
    125,157,61,93,253,29,189,221,125,157,61,93,253,29,241,146,62,220,113,93,130,116,212,148,52,209,113,20,148,116,194,145,49,209,113,
    153,19,252,198,123,134,97,7,171,67,188,161,35,210,85,3,180,80,239,133,35,142,89,10,170,111,207,175,15,239,55,10,247,121,207,
    102,227,222,16,205,39,90,247,26,166,198,117,233,102,1,171,105,230,157,60,219,76,7,166,67,235,199,16,195,99,38,134,102,198,166,
    169,148,105,231,81,49,180,9,199,154,112,141,32,78,241,17,146,216,120,152,56,88,248,24,184,216,120,152,56,88,248,24,184,216,120,
    33,65,225,1,161,193,32,207,101,65,166,64,236,132,111,243,100,17,173,72,226,128,53,196,101,50,181,78,243,128,38,196,47,37,160,
    30,171,72,235,153,47,217,48,44,163,68,238,172,35,216,121,30,137,66,227,134,46,130,85,6,166,99,195,163,3,227,59,6,251,117,
    154,122,255,194,12,209,59,70,235,4,186,218,89,147,51,83,243,19,179,211,115,147,51,83,243,19,179,211,115,147,51,83,243,19,179,
    28,188,157,50,216,60,27,189,81,249,210,14,217,108,16,181,95,253,136,57,216,79,8,179,78,253,155,57,146,88,29,168,93,254,157,
    214,96,22,235,118,245,140,43,203,96,23,182,31,195,140,43,193,67,12,183,86,241,166,45,204,105,1,237,122,233,137,12,236,76,44,
    71,95,162,31,209,167,7,194,63,49,172,6,187,214,118,135,39,100,238,14,174,206,110,142,46,78,238,14,174,206,110,142,46,78,238,
    87,247,23,254,145,119,232,94,62,190,94,251,155,62,254,94,40,187,91,251,155,8,130,109,87,163,95,242,153,93,151,55,87,247,23,
    192,96,128,32,64,224,0,160,192,96,128,32,64,224,0,160,192,96,128,95,41,137,73,233,140,44,201,73,41,159,76,236,140,44,255,
    124,211,51,32,167,95,230,130,44,250,108,27,191,76,251,193,22,197,101,32,128,96,192,160,120,197,56,54,128,96,229,216,22,203,33,
    135,42,75,251,30,178,173,62,222,91,59,155,123,219,195,62,131,77,59,155,94,163,173,48,154,39,75,226,27,187,248,114,146,50,82,
    59,91,251,27,187,219,123,155,59,91,251,27,187,219,123,155,126,21,191,49,187,219,123,155,59,91,251,27,187,219,123,155,59,91,251,
    164,129,42,192,45,110,228,4,164,196,100,132,36,68,228,4,164,196,100,132,36,68,176,69,247,143,106,211,101,13,176,12,224,129,40,
    140,52,132,7,77,237,13,173,205,109,141,45,77,237,13,173,136,35,201,7,77,237,13,173,205,109,141,45,77,237,13,173,153,44,222,
    61,152,97,23,191,66,190,199,120,131,63,124,246,22,182,214,118,150,54,86,179,88,242,252,118,150,54,86,179,88,242,223,92,211,120,
    219,54,117,128,86,214,182,110,246,86,54,150,14,243,147,51,142,64,32,234,78,165,190,59,219,76,26,188,75,246,144,49,151,64,19,
    68,193,161,1,225,65,89,164,25,215,161,1,196,57,55,170,0,189,209,121,129,33,98,151,65,193,161,121,225,65,33,129,25,228,132,
    253,192,14,238,36,0,235,112,245,149,5,212,105,5,147,94,233,217,14,221,125,56,152,120,216,184,96,221,32,46,152,120,253,192,14,
    152,114,143,35,72,243,22,186,165,51,214,118,75,182,11,171,179,54,214,83,51,133,79,180,138,47,200,121,18,187,73,255,169,42,211,
    13,176,119,250,147,38,143,35,5,182,77,224,151,42,204,109,75,181,66,239,202,73,131,35,67,227,74,229,195,53,194,111,67,162,77,
    168,12,250,141,32,140,114,81,236,14,174,204,56,196,105,2,198,12,172,204,108,140,44,76,236,115,229,128,32,157,96,93,253,101,224,
    89,220,188,10,192,59,5,160,71,246,157,52,198,112,38,165,92,251,134,1,204,101,16,245,8,181,131,52,217,31,85,245,21,181,213,
    190,222,126,225,65,55,178,82,193,183,111,247,87,55,129,97,230,214,119,180,62,94,254,30,251,144,58,180,123,16,186,23,148,161,55,
    78,46,246,110,206,174,14,150,107,11,171,22,216,184,114,214,61,38,163,67,211,130,63,211,69,8,191,15,216,139,43,238,78,46,142,
    57,225,92,161,175,25,249,124,65,143,82,184,197,105,131,57,92,240,68,255,131,36,194,121,30,183,24,207,153,60,220,33,28,225,1,
    144,85,245,176,16,230,108,87,169,76,235,154,49,216,106,28,138,73,240,151,42,248,116,22,172,87,237,208,117,153,127,12,183,90,237,
    43,205,108,74,180,67,238,203,72,130,34,66,226,78,237,129,35,206,34,61,174,19,203,171,11,235,110,14,139,75,235,211,29,253,54,
    154,43,86,235,95,228,133,62,198,105,14,185,3,253,138,39,130,1,75,235,11,171,130,45,139,84,7,250,98,194,162,2,199,103,34,
    125,29,229,107,203,192,101,148,96,28,177,90,158,212,116,148,52,84,244,20,180,171,61,216,120,69,184,5,165,189,56,216,93,61,139,
    8,243,77,232,143,62,213,124,14,184,110,237,148,51,206,92,16,178,72,243,137,125,128,61,34,177,12,212,180,20,244,113,17,148,84,
    143,119,249,89,82,247,44,166,198,102,134,38,70,230,6,217,185,15,202,106,57,143,23,207,175,15,249,89,30,238,15,140,198,102,134,
    111,202,97,11,197,74,225,139,102,165,80,6,134,102,190,166,6,230,70,94,163,67,227,222,16,240,58,30,245,110,235,139,27,192,104,
    223,116,29,240,103,244,148,17,241,81,49,145,9,244,201,7,241,81,20,233,103,250,208,109,129,44,81,244,24,199,145,52,212,41,20,
    16,176,168,45,205,72,40,158,84,175,128,52,213,110,49,180,83,226,137,32,210,100,50,177,72,239,146,109,129,103,20,175,66,245,136,
    229,132,98,245,67,35,149,117,187,134,123,198,99,6,166,70,187,181,120,193,35,96,234,10,170,202,21,195,102,6,251,70,187,219,3,
    159,63,250,90,44,166,29,242,134,39,220,67,6,161,80,251,146,32,214,64,3,186,93,224,211,110,147,76,58,154,108,204,194,63,130,
    48,213,112,16,176,13,195,206,55,182,60,92,252,28,251,153,40,218,121,18,170,20,181,210,61,201,104,19,140,73,238,159,52,221,111,
    160,118,245,140,43,214,37,88,229,122,204,172,26,250,52,9,244,73,236,137,41,201,52,58,247,78,143,197,101,133,37,58,154,108,233,
    66,209,167,127,231,71,39,145,113,246,198,103,164,46,78,238,14,250,143,61,197,32,29,190,79,249,128,102,200,123,0,173,90,231,129,
    249,223,126,189,55,87,247,23,183,215,119,151,96,31,190,91,242,215,48,210,99,17,178,89,225,223,126,153,118,2,163,88,199,130,37,
    99,8,161,83,229,179,48,201,110,19,224,68,239,234,96,128,32,64,224,0,160,192,96,128,32,64,176,67,225,140,44,136,102,21,174,
    10,189,64,230,135,97,128,3,73,233,9,169,201,105,137,41,73,233,9,169,201,105,137,41,5,166,74,232,133,105,246,64,32,165,69,
    155,3,254,195,13,219,35,45,228,3,178,207,114,213,115,31,183,8,213,151,38,225,119,0,164,91,241,151,122,237,126,30,155,123,219,
    114,210,202,55,138,68,50,146,87,170,164,57,147,46,66,238,18,178,193,29,210,117,31,157,82,233,136,47,248,115,18,183,95,179,164,
    200,104,45,141,109,205,173,117,200,53,59,141,109,232,213,27,198,44,81,253,18,173,205,78,132,36,68,228,4,164,196,100,132,36,68,
    45,77,237,13,173,205,109,141,45,12,163,73,173,138,44,192,104,67,159,72,253,129,36,206,108,25,168,73,222,153,34,223,108,10,168,
    88,146,87,226,151,52,215,101,19,165,12,208,159,56,210,80,31,164,69,226,181,62,223,122,18,254,105,250,154,31,255,95,63,159,7,
    179,14,192,182,22,211,46,32,189,23,170,198,104,150,54,117,255,31,191,223,127,159,63,95,255,31,191,223,127,159,63,95,255,31,191,
    104,201,102,12,232,79,233,133,45,134,90,13,184,68,225,139,41,220,109,12,155,92,231,154,41,207,109,70,140,73,252,137,42,201,123,
    212,98,95,130,65,248,159,63,212,99,2,235,119,248,159,53,247,120,3,162,69,210,153,56,221,117,89,142,93,253,184,24,248,88,56,
    43,22,235,101,211,179,54,139,69,24,242,15,163,194,115,147,16,90,250,26,186,218,122,154,58,90,250,26,186,218,122,154,58,19,188,
    163,188,10,234,111,15,138,18,239,210,28,202,50,60,245,18,163,151,43,198,109,105,227,3,163,195,99,131,35,67,227,3,163,195,99,
    204,108,140,44,76,236,12,211,165,5,192,96,37,253,64,189,179,37,157,83,90,253,22,202,133,62,201,95,9,190,90,233,158,100,243,
    60,217,121,68,185,4,164,188,57,217,92,60,138,64,187,133,32,199,118,29,180,70,240,166,37,220,123,6,129,76,229,144,121,149,74,
    215,114,18,239,82,175,207,23,210,114,55,151,97,235,208,46,203,108,29,182,95,237,155,13,206,119,16,173,127,243,145,43,208,106,87,
    45,167,199,103,135,39,71,231,7,167,199,103,135,39,71,231,7,226,139,52,194,13,71,231,7,167,199,103,135,39,71,231,7,167,199,
    176,208,112,144,48,80,240,71,241,130,62,152,79,28,188,121,217,185,25,249,33,28,225,111,217,185,60,129,79,18,248,5,169,201,121,
    208,83,153,57,89,249,25,185,217,121,153,57,89,249,25,185,217,121,220,119,29,211,25,185,217,121,153,57,89,249,25,185,217,121,220,
    12,166,11,136,194,98,130,34,66,226,2,162,194,98,130,34,22,163,81,233,204,53,195,107,22,234,19,172,215,107,168,34,66,226,2,
    235,11,171,203,46,197,111,97,235,11,171,203,46,197,111,66,193,78,229,143,98,161,1,52,162,98,194,218,2,226,66,34,250,71,231,
    88,165,171,11,129,101,78,149,80,240,167,49,215,96,29,187,90,188,171,56,216,93,61,157,125,221,197,56,133,75,61,157,88,165,171,
    255,213,107,141,45,84,244,55,194,148,20,244,44,52,148,116,212,204,49,209,113,76,130,98,168,140,103,252,121,25,137,88,229,137,31,
    105,30,238,121,234,138,15,239,79,47,143,23,234,215,25,239,79,10,247,121,228,206,112,150,55,79,234,6,242,137,53,210,116,15,168,
    8,231,112,230,131,35,158,99,94,254,102,227,131,6,230,80,26,225,68,230,155,12,192,122,1,187,6,163,207,41,218,97,12,187,70,
    183,86,176,142,57,212,49,114,248,24,184,216,52,215,123,25,180,24,199,148,105,241,81,49,145,84,244,177,49,209,41,39,135,12,169,
    97,156,33,21,174,79,244,140,35,196,115,73,183,64,237,200,75,129,33,65,225,72,231,193,30,205,48,40,136,104,200,141,45,232,104,
    195,59,53,149,30,187,202,62,194,111,4,192,10,170,202,106,138,42,74,234,117,227,134,38,155,102,91,251,99,230,134,3,227,85,31,
    61,24,186,71,208,156,38,221,103,83,238,19,204,159,98,250,90,58,154,95,255,186,58,218,34,44,140,7,162,249,115,147,51,83,243,
    92,252,28,195,163,21,208,112,35,149,13,213,181,21,227,67,4,244,21,150,220,124,156,60,25,178,88,150,153,50,216,53,118,131,85,
    172,12,148,76,44,140,108,180,137,41,201,52,58,154,16,244,223,4,193,97,49,170,66,226,137,32,141,90,9,169,108,204,172,12,236,
    127,194,63,49,135,103,226,223,17,204,38,88,254,28,167,194,110,241,103,2,162,31,226,223,127,231,98,2,135,103,209,155,96,207,123,
    195,120,56,167,82,249,188,62,195,100,91,247,81,226,153,52,195,126,24,185,31,200,190,30,232,72,70,187,6,251,158,59,219,123,70,
    127,178,139,105,170,32,64,224,0,223,137,44,204,49,12,241,17,201,140,44,233,73,63,181,14,225,149,52,207,79,16,165,78,203,137,
    253,154,105,148,41,54,128,96,214,182,120,197,56,5,160,69,229,133,120,246,59,2,195,9,169,201,105,206,108,29,175,76,231,159,97,
    219,124,221,98,23,188,121,251,134,33,146,47,82,141,123,219,173,13,131,126,67,190,91,254,158,62,131,77,64,185,56,178,210,114,146,
    4,228,82,23,183,100,210,202,18,242,82,36,132,67,179,210,81,155,59,91,251,79,250,136,48,149,104,11,186,76,245,211,61,206,117,
    167,80,237,139,42,140,45,110,228,4,164,196,100,132,36,68,179,76,237,136,33,132,99,1,176,66,225,138,50,140,45,74,171,84,225,
    67,198,132,57,222,45,9,162,39,173,205,109,141,45,77,237,13,173,205,109,141,97,2,174,76,225,205,18,156,60,1,252,100,225,129,
    223,199,58,233,35,24,246,11,182,169,63,218,122,71,186,7,167,191,58,218,95,63,137,67,184,157,63,194,85,25,163,88,226,214,57,
    141,127,142,21,95,255,31,191,223,127,159,63,95,255,31,191,153,48,205,63,22,255,2,191,206,115,159,64,78,238,83,174,182,51,211,
    33,249,68,215,221,38,136,108,7,194,8,168,200,104,136,40,72,232,8,168,200,104,136,40,72,232,65,238,200,38,199,124,72,175,77,
    165,87,244,159,39,153,56,95,190,65,244,159,26,216,101,2,241,69,249,148,63,145,115,3,180,80,250,209,52,223,117,123,241,17,177,
    26,186,218,122,154,58,90,250,26,186,218,122,154,106,25,187,86,246,210,60,207,116,25,174,83,245,148,114,147,16,90,250,26,186,218,
    131,35,67,227,3,163,195,99,131,35,67,227,3,163,195,47,204,96,2,175,3,220,143,114,207,50,42,138,18,202,143,47,146,74,60,
    58,94,236,17,172,139,45,193,105,86,139,73,248,191,41,222,122,5,175,73,164,179,32,192,69,37,133,101,197,221,32,157,83,37,133,
    25,228,106,247,221,99,133,38,92,252,27,199,144,56,218,97,16,166,27,198,144,39,195,124,22,176,70,187,182,58,219,102,0,184,84,
    188,82,251,173,59,204,104,23,189,91,204,155,51,209,106,27,173,16,221,145,48,205,107,19,187,52,190,222,126,158,62,94,254,30,190,
    103,135,39,71,231,7,167,199,103,135,39,11,168,68,230,139,103,248,107,86,171,75,235,139,24,238,107,11,171,110,235,214,24,145,52,
    144,45,80,171,111,252,156,25,249,89,57,153,1,252,193,15,249,89,28,225,111,242,216,102,128,36,89,252,16,207,156,60,249,89,57,
    80,48,232,85,168,166,16,240,117,72,134,91,177,207,105,140,48,85,249,102,245,149,16,240,80,48,144,8,245,200,6,240,80,21,232,
    221,128,106,148,50,84,235,14,162,189,46,206,75,43,139,107,203,211,46,147,93,43,139,78,179,189,32,138,52,82,245,11,174,194,29,
    135,39,226,66,34,130,98,186,135,122,244,66,34,167,26,212,137,99,157,59,83,226,86,129,203,107,139,43,75,235,11,171,203,107,139,
    116,148,52,84,244,20,180,212,116,210,123,6,244,107,184,212,63,221,96,58,181,89,241,212,61,218,52,29,164,85,253,134,39,156,75,
    209,44,17,177,81,241,162,20,209,113,17,148,81,172,162,107,142,52,93,185,82,151,221,125,157,61,93,253,29,189,221,125,157,61,93,
    6,166,198,102,134,38,70,230,6,166,198,47,192,38,8,169,82,166,129,35,210,96,3,168,80,174,207,104,201,118,3,168,109,239,146,
    252,207,59,199,106,1,239,77,253,138,46,196,47,10,161,75,133,207,111,143,47,79,239,15,175,207,111,143,47,79,239,15,175,207,111,
    216,120,152,56,88,248,103,244,201,52,137,81,49,233,113,244,148,105,241,71,78,234,2,209,150,46,215,115,29,139,93,234,142,61,202,
    73,170,72,245,175,32,204,100,72,203,1,161,193,97,129,33,65,225,1,161,193,97,129,33,65,225,1,161,193,97,129,33,65,225,85,
    171,89,225,196,61,203,99,30,226,26,164,218,127,131,0,74,234,10,170,202,106,138,42,74,234,10,170,202,106,138,42,74,234,10,170,
    86,253,151,89,147,51,83,243,19,179,211,115,147,51,83,243,19,179,211,115,214,125,23,250,57,179,211,115,147,51,83,243,19,179,211,
    188,220,124,156,60,92,168,93,239,151,114,203,125,21,168,20,172,210,109,149,22,92,252,28,188,220,124,156,60,92,252,28,188,153,50,
    97,111,229,5,165,197,101,133,37,69,229,5,165,197,49,196,118,14,235,82,228,140,49,141,53,75,240,12,143,197,101,133,37,69,229,
    78,238,75,224,138,68,142,46,78,238,75,224,138,103,164,107,0,170,7,132,177,39,231,71,95,135,103,199,167,127,194,98,2,255,113,
    136,2,230,205,22,211,115,35,184,80,240,155,50,159,72,27,187,126,222,190,30,254,38,27,230,104,222,190,59,134,72,21,255,1,167,
    121,137,44,64,159,73,236,140,113,204,49,81,137,76,236,169,9,255,117,78,167,73,246,133,50,235,105,20,236,0,230,149,46,195,116,
    192,102,7,225,118,192,160,22,246,56,5,248,69,224,133,37,197,56,54,251,66,160,227,105,137,41,73,150,64,229,133,120,197,56,88,
    91,30,190,123,219,173,39,156,117,27,164,87,224,185,59,198,50,79,242,109,219,187,13,237,35,30,227,94,251,158,62,222,35,45,224,
    16,209,27,187,219,123,220,126,15,189,94,245,141,115,146,53,28,178,77,254,137,16,210,111,91,230,27,196,178,18,228,68,74,183,10,
    136,45,200,104,8,245,123,182,143,78,132,36,68,228,123,219,173,40,200,91,45,245,109,205,173,27,251,124,76,237,46,164,196,100,132,
    57,204,126,6,227,94,253,140,58,195,37,11,184,67,238,153,36,194,99,69,228,39,173,205,109,141,45,77,237,13,250,133,36,193,104,
    150,113,19,162,80,243,152,32,158,63,88,177,95,224,147,36,253,127,2,246,82,249,252,118,150,54,86,246,22,182,214,118,150,54,86,
    111,28,190,83,243,215,57,202,113,28,171,86,240,145,119,150,21,95,255,31,191,223,127,159,63,95,255,31,191,223,127,159,63,19,176,
    235,137,36,136,87,4,249,68,185,161,1,153,65,4,164,25,193,183,126,154,40,85,232,79,233,133,45,146,79,13,188,123,237,154,62,
    152,50,212,57,46,189,93,216,184,24,248,88,64,189,0,206,184,24,221,32,46,179,25,167,192,97,152,56,95,131,84,252,158,37,212,
    41,148,73,31,168,76,243,153,63,201,52,57,181,84,233,143,55,219,120,22,191,105,255,136,44,211,121,31,136,95,247,149,46,223,105,
    237,96,236,141,48,214,110,6,201,3,163,195,99,131,35,67,227,3,163,195,99,131,35,67,227,79,236,128,34,207,35,60,175,18,239,
    64,224,128,19,229,96,0,160,101,224,221,19,154,63,76,241,12,247,179,32,192,69,37,133,101,197,221,32,157,83,37,133,64,189,179,
    247,221,99,132,36,92,249,21,202,153,57,252,92,60,156,124,164,153,100,234,92,60,185,4,202,151,125,131,36,71,252,25,181,170,57,
    146,23,247,87,55,151,15,242,207,1,247,87,18,239,97,252,214,104,143,45,87,242,30,193,146,50,247,87,55,151,119,175,146,111,225,
    46,142,75,182,184,37,143,49,86,243,14,171,199,24,203,107,46,142,110,206,174,118,203,54,56,142,110,235,214,24,197,47,81,246,18,
    249,77,154,208,112,144,48,80,240,16,176,208,112,144,48,80,240,16,176,150,63,194,48,47,252,16,251,153,36,254,113,29,181,16,249,
    87,185,144,41,216,112,11,170,17,198,149,104,213,117,21,181,102,208,149,53,213,80,21,232,102,175,202,112,153,125,22,211,25,185,217,
    130,34,66,226,2,162,194,98,130,34,66,226,2,162,194,98,130,107,4,226,76,237,150,98,197,103,22,164,71,236,148,106,139,44,5,
    98,29,174,89,192,130,63,139,127,3,174,69,171,137,57,206,106,0,235,78,229,143,65,139,43,75,235,11,171,203,107,139,43,75,235,
    84,244,20,180,212,116,148,52,43,184,5,248,197,29,253,37,61,184,88,165,189,11,130,38,78,157,90,226,155,63,209,71,17,166,66,
    184,79,181,150,52,201,83,28,176,88,180,247,125,157,61,93,253,29,189,221,125,157,61,93,253,29,189,221,125,157,61,93,169,92,238,
    45,136,113,7,175,82,174,214,104,151,47,108,230,6,166,198,102,134,38,70,230,6,166,198,102,134,38,70,163,72,226,236,102,134,38,
    143,47,79,239,15,175,207,111,143,106,1,171,6,133,207,111,143,47,79,239,15,175,207,111,143,47,27,174,92,228,193,56,206,102,27,
    48,72,246,13,177,242,120,152,56,88,248,24,184,216,61,214,124,114,248,24,184,216,61,214,124,81,210,93,246,156,113,178,71,17,145,
    200,208,8,232,72,40,240,77,237,141,112,254,94,84,176,27,192,133,37,245,110,6,166,77,228,201,30,205,109,40,136,104,200,168,112,
    134,123,245,67,35,166,27,213,136,98,156,59,92,227,6,170,181,35,198,102,91,166,27,187,163,38,198,67,35,149,95,164,139,63,222,
    60,252,99,22,189,114,255,159,24,218,103,0,255,19,245,134,61,208,103,26,188,93,187,172,26,250,76,44,226,95,162,159,58,223,127,
    208,45,35,238,87,181,246,124,156,60,92,131,85,240,144,109,208,45,77,149,80,240,181,21,227,105,82,189,73,232,147,19,204,121,18,
    100,233,137,14,204,113,22,229,24,165,186,12,236,90,58,244,73,180,137,44,201,105,9,244,122,183,142,79,133,37,69,229,66,224,145,
    232,139,32,216,38,71,224,65,254,139,32,239,98,2,133,71,250,157,110,147,46,49,135,103,209,177,127,194,63,2,167,66,226,130,127,
    168,101,220,29,87,247,23,183,168,8,254,123,27,136,126,166,190,30,254,72,40,175,31,190,253,119,151,55,87,163,86,228,156,121,196,
    16,161,87,238,200,38,213,110,3,180,73,239,142,104,137,10,64,224,0,160,192,96,128,32,23,168,73,236,133,96,199,101,20,166,69,
    167,95,161,192,103,198,121,12,167,104,229,133,2,192,125,26,233,77,230,227,105,137,41,73,233,9,169,201,105,137,41,73,185,74,232,
    94,254,218,52,199,124,17,166,91,253,156,122,155,24,82,242,18,178,210,114,146,50,82,242,18,178,210,114,146,50,30,189,81,243,158,
    187,164,55,138,119,74,146,114,170,178,55,215,42,50,132,13,169,219,102,155,124,26,182,94,161,188,62,207,72,30,169,77,242,152,62,
    44,59,168,72,205,173,13,237,77,85,168,21,219,173,13,200,53,59,166,12,178,213,115,141,45,74,150,65,233,139,48,193,119,74,151,
    8,191,91,228,142,40,222,35,46,162,67,254,152,32,204,111,1,168,126,232,159,59,196,110,8,159,72,224,130,57,200,126,67,142,66,
    184,69,227,155,51,188,54,86,246,22,182,214,118,150,54,86,246,22,182,214,118,150,122,25,181,87,250,214,9,218,39,26,186,90,250,
    96,214,147,51,211,86,19,238,96,169,204,127,130,63,4,128,83,243,182,22,246,86,54,238,83,174,160,22,246,115,78,128,93,183,201,
    153,48,65,228,8,215,132,36,225,65,33,129,97,185,132,121,247,65,33,164,25,215,138,96,158,57,81,225,4,168,183,36,196,65,33,
    88,56,152,0,253,192,14,248,88,29,224,110,243,217,103,131,33,88,253,17,206,157,61,248,88,56,152,120,160,157,96,238,88,56,189,
    75,133,88,178,204,104,139,51,86,250,101,246,150,19,243,83,51,147,11,246,203,5,243,83,22,235,101,248,210,108,136,40,83,167,48,
    195,99,131,35,67,227,3,163,195,99,131,35,67,227,3,163,133,44,209,35,60,239,3,232,138,55,237,98,14,166,3,234,141,99,202,
    60,205,101,30,191,4,211,128,125,192,96,0,160,115,197,128,32,192,69,0,253,115,186,223,101,140,104,3,198,12,172,204,108,140,44,
    149,53,85,245,21,181,213,117,149,53,85,245,21,181,156,51,149,123,26,161,21,242,144,33,211,112,27,163,29,188,219,58,197,112,27,
    95,18,178,117,247,138,45,158,106,22,187,80,190,156,44,219,127,21,254,91,240,154,84,158,62,94,254,30,190,222,126,158,62,94,254,
    167,199,103,135,39,71,231,7,216,139,118,203,54,46,142,22,206,139,43,150,78,56,241,21,189,174,41,209,104,12,162,116,226,149,49,
    149,34,152,123,25,164,126,241,157,53,153,26,80,240,16,176,208,112,144,48,80,240,16,176,208,112,144,48,80,240,16,176,132,49,195,
    50,151,110,24,176,77,177,201,119,136,48,115,249,25,185,217,121,153,57,89,249,25,185,217,121,153,57,89,188,87,253,243,121,153,57,
    226,2,162,194,98,130,34,66,226,71,236,134,107,168,34,66,226,2,162,194,98,130,34,66,226,2,246,131,49,201,44,21,163,75,246,
    3,187,197,126,130,1,75,235,11,171,203,107,139,43,14,165,79,129,203,107,139,43,14,165,79,162,225,46,197,111,66,193,33,212,130,
    221,189,101,253,93,61,157,5,248,152,56,133,75,43,225,69,174,181,48,208,71,17,183,64,253,155,58,156,75,24,184,125,221,189,29,
    180,108,209,44,34,148,116,241,204,2,223,53,75,239,14,180,212,87,226,116,52,148,12,212,180,20,244,44,17,177,81,172,162,2,136,
    23,252,103,226,130,18,195,126,18,132,73,254,206,25,202,106,47,143,111,207,175,119,202,55,57,143,111,234,215,25,196,46,80,244,18,
    230,3,175,176,38,195,99,94,163,30,190,166,35,195,70,38,144,90,161,140,39,192,127,44,174,93,193,142,34,202,35,79,169,90,225,
    91,236,145,55,214,48,14,185,84,177,242,120,152,56,88,177,94,184,142,57,212,56,25,182,92,184,142,57,212,56,6,229,24,186,218,
    129,117,9,164,79,139,193,97,129,33,65,225,1,161,190,40,205,109,80,173,16,176,168,45,205,72,40,158,84,175,130,41,206,113,34,
    107,24,132,75,231,143,106,151,42,28,171,70,128,202,106,138,42,74,234,10,170,181,21,227,102,6,149,99,187,163,3,227,85,53,178,
    91,250,57,179,211,115,147,118,29,183,57,246,157,55,154,25,44,186,122,218,194,26,250,90,58,226,95,255,159,98,236,76,70,162,9,
    157,88,248,168,57,196,104,62,179,68,180,163,48,208,85,53,149,117,213,205,48,141,67,53,149,80,173,163,62,148,42,78,233,21,176,
    101,250,108,9,169,20,233,212,116,236,105,9,140,108,218,144,107,198,109,10,181,102,228,151,2,240,76,33,233,5,227,144,43,198,113,
    199,97,0,230,88,239,130,103,164,46,78,238,14,231,136,110,216,111,2,238,79,224,138,110,216,111,2,238,80,179,206,108,140,46,26,
    127,18,185,61,183,215,119,151,55,87,247,23,200,158,59,219,38,27,230,6,222,155,59,254,94,40,162,25,244,159,56,199,84,22,165,
    199,181,9,228,32,93,224,86,225,140,74,128,32,64,224,0,160,192,96,255,95,41,172,76,223,169,113,233,73,41,159,127,248,200,105,
    227,105,137,41,73,172,71,237,227,44,199,109,64,195,118,224,160,0,152,64,32,128,96,184,133,37,197,56,54,150,28,248,211,8,205,
    54,230,125,21,181,94,247,218,13,222,126,59,155,123,219,187,99,222,35,45,155,123,254,195,13,208,58,68,224,4,187,222,114,237,123,
    215,119,74,183,10,170,178,55,215,82,50,132,78,181,154,46,207,116,56,179,84,235,215,123,221,110,21,184,79,242,148,53,147,68,50,
    109,219,187,117,200,53,8,173,72,232,136,117,251,54,15,237,46,164,196,100,132,91,13,168,72,181,136,117,149,77,8,168,109,205,187,
    248,195,44,216,121,2,142,69,226,157,109,144,45,50,132,100,210,178,124,193,60,1,164,65,225,129,124,242,63,6,199,13,173,205,109,
    145,51,194,112,19,184,64,190,223,120,215,99,2,185,117,254,153,38,150,43,86,137,127,223,169,9,135,122,71,186,95,250,154,58,135,
    0,141,116,117,255,31,191,223,0,224,86,19,179,96,214,206,22,246,86,32,128,71,183,214,85,159,63,95,255,75,254,140,52,145,108,
    184,73,255,134,96,206,125,6,171,92,225,135,38,128,33,98,232,8,168,200,104,136,40,72,191,64,225,132,45,136,111,13,188,78,237,
    95,231,217,120,159,112,4,165,94,210,153,62,193,49,21,190,59,177,209,113,145,49,81,241,17,177,209,113,145,97,18,176,93,253,217,
    252,143,52,217,110,19,181,84,178,211,80,154,58,90,250,26,186,218,122,154,58,90,250,26,186,218,122,214,117,25,187,86,186,165,54,
    50,60,170,106,202,143,10,234,111,82,138,106,220,213,119,131,62,67,164,66,238,134,121,228,102,23,144,70,241,149,42,192,102,75,156,
    0,160,101,197,165,5,229,61,0,253,115,197,165,32,157,83,14,228,26,190,219,101,133,54,59,173,69,248,170,35,222,79,4,165,64,
    177,29,202,153,57,252,92,60,156,124,164,153,100,234,92,60,185,4,202,151,125,131,39,77,252,28,159,213,117,149,53,85,245,21,181,
    30,190,222,126,158,62,94,254,30,190,222,126,132,73,31,183,74,216,145,44,253,118,23,178,90,182,161,50,210,87,55,151,119,215,207,
    203,54,56,142,110,235,214,24,197,47,81,245,30,174,206,77,135,39,71,231,7,167,199,103,135,39,71,231,7,167,199,103,135,39,71,
    48,74,135,81,249,132,22,223,98,51,184,89,252,148,120,239,124,28,153,121,217,185,25,129,124,65,143,121,217,156,97,239,114,88,230,
    74,233,16,176,243,121,153,57,89,249,25,185,217,121,153,57,89,249,25,185,217,121,153,57,89,227,110,248,144,45,255,118,11,154,81,
    139,46,198,42,61,174,78,203,171,11,235,75,83,174,19,221,171,11,206,51,61,160,10,180,209,115,139,43,104,226,2,162,194,98,130,
    107,139,43,75,235,11,171,203,107,139,43,75,235,11,177,188,42,194,127,45,164,89,200,131,34,199,111,67,148,71,231,162,2,226,66,
    253,37,24,229,107,221,189,56,133,75,22,252,2,167,198,125,157,30,84,244,20,180,212,116,148,52,84,244,20,180,212,116,148,52,43,
    113,76,130,84,212,180,49,244,84,17,236,116,212,162,107,137,39,52,179,75,242,150,56,238,120,15,171,88,239,213,2,212,113,17,236,
    234,215,119,239,106,10,143,111,217,147,104,197,110,9,182,101,231,148,8,199,107,3,234,6,217,143,42,202,55,10,247,23,207,138,42,
    166,6,240,122,65,172,71,224,159,12,206,125,40,154,102,203,198,69,143,47,79,239,15,175,207,111,143,47,79,239,74,225,139,102,165,
    120,152,56,88,248,24,184,216,120,152,56,88,172,89,235,147,118,207,121,17,172,16,173,209,82,152,56,88,248,24,184,216,120,221,118,
    165,43,161,193,97,129,100,15,165,8,139,132,47,197,40,107,158,72,200,168,112,232,72,40,136,16,237,141,45,144,94,62,244,80,187,
    107,238,142,30,207,114,30,136,69,242,194,21,198,102,35,131,99,195,163,123,198,59,53,131,99,230,219,21,200,34,92,249,25,163,198,
    179,172,58,223,127,66,191,2,162,186,63,223,90,58,140,70,189,154,61,213,102,0,186,92,253,176,50,193,93,18,190,86,191,211,53,
    137,50,223,104,21,179,82,180,138,61,208,53,118,252,28,188,220,53,218,60,10,189,80,188,157,50,216,60,10,189,80,188,130,97,156,
    71,231,5,241,141,32,203,15,69,229,5,165,197,101,133,37,58,172,73,233,212,41,148,52,44,169,73,204,172,26,208,43,12,171,67,
    187,93,231,129,32,237,111,28,128,79,227,139,110,147,46,24,175,66,132,206,110,142,46,78,238,14,174,177,17,231,98,2,145,103,191,
    126,222,190,8,232,111,95,254,61,183,215,119,151,114,25,179,61,242,153,51,158,29,40,190,126,222,198,30,254,94,62,230,91,251,155,
    145,95,63,245,81,186,161,36,196,84,5,184,84,194,143,56,136,95,12,172,105,201,169,9,233,49,12,241,127,201,169,44,145,95,2,
    33,95,250,29,160,197,105,246,96,5,165,24,229,216,120,224,101,5,128,96,214,156,103,192,103,15,188,90,224,134,39,234,104,27,142,
    39,155,118,190,210,52,199,124,17,166,91,253,156,122,196,115,30,251,56,178,210,114,146,123,20,242,68,243,158,114,211,124,22,242,68,
    186,87,187,133,102,155,57,89,251,79,243,158,53,177,59,91,251,27,187,219,123,155,68,18,183,87,170,151,106,138,82,23,183,114,210,
    27,209,42,13,170,66,241,151,45,203,106,39,165,86,195,177,13,224,36,89,228,82,229,136,78,132,36,68,228,4,164,196,100,251,91,
    228,97,1,146,100,188,164,4,228,82,50,181,5,164,231,109,141,45,77,168,67,233,231,40,195,105,68,199,114,228,164,4,156,68,36,
    95,63,231,90,250,154,103,233,73,67,167,12,215,146,50,226,121,17,177,90,243,222,9,218,122,63,159,127,223,191,103,218,39,41,159,
    54,179,14,192,157,119,137,44,74,246,19,191,160,54,211,115,78,179,14,174,182,51,211,86,54,128,74,177,158,42,203,112,54,177,89,
    157,59,193,103,6,228,8,238,157,38,203,124,1,167,70,160,183,1,225,87,55,249,68,185,132,33,196,100,4,249,119,186,131,97,162,
    113,145,49,81,142,88,253,157,96,221,32,64,152,93,253,184,24,238,100,95,176,68,229,158,24,223,119,4,162,88,254,159,113,140,49,
    229,83,51,133,101,171,150,107,214,115,22,182,86,171,165,104,209,16,90,250,26,186,157,63,206,124,31,180,76,178,211,116,219,111,14,
    76,202,141,37,214,112,10,172,77,163,222,99,252,74,42,156,124,178,143,114,207,106,15,175,79,178,188,113,200,9,67,227,3,163,188,
    211,165,32,192,83,37,253,101,197,165,19,243,116,68,229,38,172,204,108,140,120,13,191,71,162,159,60,205,123,2,228,74,249,130,47,
    129,60,218,123,93,252,63,181,213,117,149,53,85,245,21,226,157,60,217,112,85,178,80,225,147,48,219,99,93,252,27,244,128,33,218,
    23,208,120,11,173,87,241,144,126,218,113,116,254,30,190,222,126,158,62,94,254,30,190,222,46,221,127,18,178,22,248,139,48,221,106,
    174,72,233,207,110,173,39,71,231,7,167,199,103,135,39,71,231,7,167,199,103,135,107,8,164,70,235,199,24,203,110,46,171,75,206,
    92,252,185,25,239,79,70,229,16,173,208,55,209,125,21,234,119,245,132,3,213,98,6,185,83,245,216,15,220,124,57,153,121,217,185,
    168,149,104,230,80,48,181,8,198,155,113,143,42,79,240,16,163,174,56,208,109,63,182,75,218,145,48,213,125,81,134,85,245,176,16,
    75,43,139,19,238,211,29,235,75,14,243,125,224,202,116,145,53,75,235,40,162,194,98,130,34,66,226,2,162,194,98,130,34,66,226,
    75,235,11,171,203,113,252,106,2,191,109,228,153,8,195,98,7,175,3,212,135,39,226,66,34,130,98,186,135,122,244,66,34,167,26,
    139,86,188,194,103,140,61,93,222,20,180,212,116,148,52,84,244,20,180,212,116,148,52,84,244,20,180,212,116,142,67,21,189,64,210,
    82,239,190,53,212,113,25,245,98,241,145,20,244,84,52,148,12,241,204,2,244,84,17,236,98,255,213,107,142,36,84,244,55,189,221,
    134,38,70,230,6,166,198,102,134,38,70,230,6,166,198,102,134,38,92,145,71,239,146,0,201,116,37,174,79,234,130,110,249,106,10,
    70,38,134,102,198,222,35,158,80,38,134,67,190,176,45,135,57,91,255,6,166,229,111,143,47,79,239,15,175,207,111,143,47,79,239,
    88,248,24,184,216,120,152,34,47,185,81,236,190,55,202,91,16,177,84,252,208,7,212,116,49,145,113,209,177,105,212,41,39,145,113,
    141,112,254,99,73,247,21,176,200,104,171,33,65,225,1,161,193,97,129,33,65,225,1,161,193,97,129,94,13,168,104,237,141,8,205,
    38,227,67,53,149,28,191,208,3,196,124,5,161,79,217,143,56,220,111,24,226,117,227,134,38,155,102,91,251,99,230,134,3,227,85,
    198,61,26,189,85,230,128,58,220,125,48,178,65,221,146,62,214,63,83,140,90,255,159,98,223,34,66,154,95,255,186,26,236,102,93,
    117,18,186,73,239,149,51,210,95,29,174,123,201,181,24,149,22,92,252,28,188,220,124,156,60,92,252,28,188,153,50,216,53,118,252,
    165,197,101,133,37,69,229,5,165,197,101,209,100,22,174,11,242,132,44,209,45,80,236,47,165,197,101,133,37,69,229,5,224,139,33,
    228,110,142,46,78,171,64,234,199,68,203,96,10,231,36,209,135,7,231,63,39,135,103,199,223,34,194,98,95,145,113,187,159,116,239,
    51,211,67,24,176,80,251,146,127,232,123,27,158,126,222,190,30,134,123,70,136,126,222,155,102,232,117,95,225,3,165,222,123,151,72,
    169,76,236,209,44,145,49,41,172,76,201,169,31,213,46,1,181,84,239,164,33,201,108,25,236,0,230,149,46,195,116,9,175,78,168,
    118,192,160,22,246,56,5,248,69,224,133,37,197,56,54,251,66,160,227,105,137,41,73,150,64,229,133,120,197,56,88,128,69,229,160,
    219,173,39,156,115,7,166,93,214,147,59,222,107,82,239,18,205,187,27,237,77,67,190,3,254,155,62,222,126,67,141,0,249,248,114,
    219,123,155,124,30,175,93,254,149,45,147,50,85,186,78,239,148,31,218,114,23,162,27,166,219,4,242,82,36,132,10,247,202,55,210,
    8,168,72,181,187,118,207,14,68,228,4,164,187,27,237,104,8,155,109,181,173,13,237,91,59,188,12,173,238,100,132,36,68,176,69,
    190,70,163,158,61,204,122,3,229,75,248,131,46,217,100,2,163,5,164,231,109,141,45,77,237,13,173,205,58,197,100,1,168,13,234,
    83,226,144,51,216,96,94,255,24,247,131,34,217,82,23,191,90,239,214,50,217,28,86,246,22,182,214,118,150,54,86,246,22,182,134,
    252,158,51,211,55,25,170,81,252,139,54,208,113,87,246,53,191,223,127,159,63,95,255,31,191,223,127,159,63,95,255,31,243,144,60,
    105,4,232,119,228,132,1,225,100,4,151,68,228,132,121,196,57,55,253,95,168,213,104,207,105,5,173,18,207,141,60,251,109,26,190,
    24,178,84,185,174,61,221,88,56,152,120,216,192,61,128,78,56,152,93,160,174,51,153,39,69,226,24,184,203,23,216,127,21,151,88,
    168,73,238,185,50,211,118,30,242,101,246,150,19,243,83,51,147,11,246,203,5,243,83,22,235,101,248,210,108,142,46,83,243,48,186,
    99,131,35,67,227,3,163,195,99,131,35,67,227,3,163,195,99,131,35,2,173,71,163,132,34,206,102,77,145,70,243,143,42,192,98,
    216,105,8,159,88,227,158,45,203,105,66,158,73,225,131,56,201,127,86,138,69,226,136,10,197,126,31,184,111,228,133,32,200,36,51,
    121,25,156,124,220,188,28,132,121,68,138,124,220,153,100,234,119,93,227,1,160,220,124,191,53,85,245,21,181,213,117,149,53,85,245,
    94,254,30,190,222,126,158,62,94,191,80,250,222,57,223,115,27,240,108,251,142,50,215,125,31,170,91,250,173,42,209,108,31,185,91,
    201,21,194,106,8,179,66,244,201,2,209,98,9,179,100,232,137,51,213,104,11,171,66,245,221,1,206,105,3,129,78,245,148,51,228,
    56,217,124,20,248,111,252,156,25,249,89,57,153,1,252,193,15,249,89,28,225,111,242,216,102,132,38,89,249,58,176,208,112,144,48,
    153,57,89,249,25,185,217,121,153,57,89,176,95,185,166,53,213,80,48,181,85,198,149,53,213,40,21,232,102,172,142,121,216,119,29,
    2,221,142,46,235,75,14,174,125,238,142,46,147,110,83,157,23,245,216,11,209,67,74,157,78,238,171,11,235,75,43,243,78,179,189,
    194,162,39,154,84,9,227,29,191,220,98,130,43,31,163,78,229,225,107,139,43,75,235,11,171,203,107,139,43,75,235,11,171,203,107,
    212,116,148,114,29,166,81,231,157,51,218,117,24,252,107,248,152,29,253,120,24,139,88,248,152,101,216,37,43,225,67,186,187,58,247,
    49,212,120,19,169,120,235,152,51,201,49,93,166,124,254,137,52,210,115,93,224,29,194,145,49,244,84,52,148,116,172,145,108,226,84,
    143,74,183,185,36,142,48,82,254,15,251,207,76,134,38,70,230,6,166,198,102,134,38,70,230,6,166,198,102,134,38,70,230,74,233,
    76,238,131,111,240,99,3,163,67,198,166,126,198,99,3,166,67,190,166,16,154,119,79,242,15,208,131,35,230,70,3,163,112,227,131,
    244,201,52,137,71,77,175,2,222,145,54,220,94,17,170,75,236,187,48,209,116,28,240,103,244,148,17,241,81,49,145,9,244,201,7,
    72,40,173,16,222,131,105,151,53,88,232,8,139,193,97,129,33,65,225,1,161,193,97,129,33,65,225,1,161,193,97,129,33,8,167,
    74,149,70,230,134,38,227,67,91,163,70,230,131,38,155,67,53,255,82,170,139,36,206,42,53,166,70,230,134,3,227,59,3,166,70,
    186,95,162,186,12,134,107,73,154,64,210,219,12,223,127,58,154,122,218,186,98,223,34,44,154,122,255,194,12,209,59,69,230,3,186,
    21,188,136,52,217,114,118,252,28,188,220,124,156,60,92,252,28,188,220,124,156,60,92,252,28,188,220,124,156,60,92,131,80,240,144,
    201,76,44,244,76,233,137,44,201,52,44,154,16,253,223,12,203,115,10,174,64,214,128,55,211,96,23,237,12,143,197,101,133,37,69,
    46,78,238,14,174,206,110,142,46,78,238,14,174,206,110,203,96,10,196,14,174,206,110,142,46,78,238,14,174,206,110,142,46,78,238,
    18,187,68,242,253,119,151,55,87,247,23,183,215,119,151,55,87,247,23,183,215,119,151,55,87,187,88,244,150,59,151,72,40,158,94,
    140,44,204,108,63,137,105,177,140,44,255,53,21,224,29,160,135,33,205,101,90,135,69,244,179,37,210,118,9,163,69,168,191,44,204,
    0,224,64,32,128,24,229,216,22,224,64,5,248,118,235,193,127,156,56,64,224,19,207,128,39,205,79,0,187,90,253,170,33,192,101,
    214,58,45,190,94,219,187,27,251,91,67,190,3,205,187,27,222,35,45,176,26,164,199,96,155,59,120,242,18,178,210,114,146,50,82,
    59,91,251,27,187,219,123,155,59,91,251,27,187,219,123,155,122,21,191,27,252,154,54,222,53,41,190,75,247,146,56,218,111,30,191,
    215,144,43,214,101,3,161,10,214,129,41,203,112,1,183,30,194,141,42,192,66,13,182,87,240,167,44,205,104,0,236,123,232,136,13,
    164,4,228,68,92,161,28,210,164,4,193,60,50,175,5,187,216,126,132,36,103,237,13,173,205,109,141,45,77,237,13,173,205,109,141,
    118,150,54,86,246,22,255,144,118,233,73,63,191,90,250,154,58,233,95,63,231,90,250,169,99,195,54,23,184,82,182,169,9,255,127,
    211,115,19,179,96,214,182,110,211,115,32,234,74,165,182,44,254,55,32,179,83,214,182,22,246,86,78,179,14,192,182,22,211,46,32,
    74,160,222,125,156,33,65,232,92,224,141,38,162,40,72,232,8,168,200,104,136,40,72,232,8,168,200,104,136,40,72,232,8,168,200,
    177,209,14,238,88,24,189,93,253,157,14,248,88,64,189,93,206,196,36,139,88,31,167,94,250,148,2,212,99,7,180,67,185,216,91,
    218,122,154,58,90,250,26,186,218,122,154,58,90,250,26,186,218,122,154,58,31,180,94,144,218,122,154,58,90,250,26,186,218,122,154,
    67,227,3,163,195,38,205,103,105,227,3,163,195,99,131,35,67,227,3,163,195,38,205,103,74,201,3,163,195,99,131,35,67,227,3,
    236,12,172,152,45,223,103,66,187,77,229,152,100,157,60,69,198,12,172,204,108,140,44,76,236,73,226,136,70,140,44,76,236,73,226,
    81,188,255,48,219,113,92,223,63,202,156,28,252,36,60,156,124,220,196,57,217,121,68,138,106,160,132,111,244,113,17,134,80,246,129,
    247,145,48,150,65,18,178,119,215,183,23,247,47,18,239,97,215,183,50,143,65,28,246,8,171,203,119,151,20,33,183,119,215,207,23,
    78,46,142,22,235,139,43,150,88,56,242,86,189,166,35,195,83,2,191,83,197,136,63,143,88,11,171,110,206,174,14,238,54,11,246,
    47,153,121,252,193,15,210,56,70,229,6,185,220,112,196,127,3,164,66,249,158,55,152,79,25,188,92,161,156,97,129,89,28,188,121,
    144,102,236,215,59,204,96,52,176,87,201,139,48,218,124,80,245,25,255,140,55,218,109,16,182,87,177,143,56,213,48,115,249,25,185,
    98,206,109,1,163,78,162,189,46,147,75,43,139,107,238,142,11,203,107,83,157,125,182,211,98,159,34,22,173,76,247,143,32,199,112,
    131,125,10,167,2,129,203,107,139,43,2,173,11,212,135,122,226,66,34,130,71,231,162,34,194,58,52,148,31,186,203,63,195,110,5,
    30,84,244,20,180,212,116,148,52,43,189,88,248,197,56,133,37,61,184,88,221,189,11,193,58,22,161,77,217,157,58,228,102,29,183,
    24,253,0,189,162,49,140,84,52,148,116,241,145,20,212,116,76,130,98,169,204,87,157,61,93,253,29,189,221,125,226,66,52,177,81,
    185,15,151,79,47,143,121,217,158,110,143,12,70,230,6,166,131,40,194,12,3,168,66,175,236,25,207,79,47,247,111,207,175,15,151,
    35,195,99,94,144,112,186,158,117,238,107,11,155,74,247,155,13,192,119,71,144,67,227,166,6,230,70,38,254,67,190,176,6,230,99,
    137,71,26,240,14,173,207,113,148,56,12,183,75,236,138,49,214,127,80,135,81,244,148,105,212,41,73,145,84,244,177,17,231,109,86,
    67,244,152,12,192,121,49,179,72,226,132,104,141,33,7,180,79,226,149,40,206,111,73,183,64,237,200,75,129,33,65,225,77,238,130,
    235,134,106,245,102,91,131,99,195,163,38,198,67,3,163,27,213,181,126,155,42,87,234,94,229,132,63,199,104,15,184,2,252,139,38,
    218,89,147,51,83,243,90,245,211,12,223,34,58,154,122,218,159,63,250,122,26,226,108,204,199,98,147,103,27,182,93,153,211,115,147,
    124,156,60,92,252,99,245,144,48,141,112,77,237,117,240,144,21,245,67,9,242,94,233,133,17,221,100,44,174,85,255,153,124,129,60,
    154,73,180,172,12,236,76,9,169,108,236,140,116,250,90,81,244,47,165,197,101,133,37,69,229,5,218,186,12,201,105,58,140,20,204,
    103,199,177,17,214,38,71,196,14,174,206,110,203,96,10,196,75,224,138,103,164,81,7,135,103,191,167,7,231,71,95,162,66,226,223,
    200,168,98,198,45,54,179,83,195,146,47,195,85,24,175,31,200,155,59,254,94,62,158,126,166,155,102,232,94,62,187,6,200,149,127,
    54,85,248,9,172,192,31,201,108,12,241,76,177,209,9,204,108,41,137,127,245,206,34,213,121,51,176,69,227,137,38,201,99,35,161,
    27,229,9,239,156,39,202,125,0,166,71,161,159,40,197,32,99,233,9,169,201,22,192,101,5,248,69,184,216,0,197,101,32,128,118,
    167,28,240,135,43,225,98,23,177,91,244,155,49,241,115,0,242,15,178,132,51,222,24,82,242,18,178,173,13,251,126,30,141,123,163,
    114,210,178,4,228,99,83,242,49,254,149,63,146,17,36,178,114,210,202,18,242,82,50,234,87,247,151,106,228,68,78,170,1,218,159,
    192,80,11,163,67,232,129,108,251,104,8,141,109,205,173,13,149,104,85,155,109,205,136,117,251,102,76,242,17,189,205,104,132,91,13,
    97,1,252,65,188,220,4,193,97,36,132,114,248,195,44,216,121,2,143,88,244,174,44,223,126,65,237,75,248,131,46,217,100,2,163,
    94,137,127,223,169,9,135,122,71,186,95,250,154,58,135,73,68,189,31,156,214,118,150,54,41,191,90,250,199,58,135,39,63,186,90,
    150,118,192,138,113,222,106,11,176,125,234,134,28,222,109,12,255,2,191,160,22,246,64,32,238,83,174,147,54,211,115,19,238,96,173,
    35,162,40,72,232,8,239,141,60,206,109,6,190,0,161,198,41,221,124,7,138,93,241,171,41,218,123,72,245,8,215,161,1,247,87,
    128,125,64,189,88,253,157,61,128,78,67,186,59,177,209,113,145,78,46,152,93,253,174,24,128,88,56,152,110,206,137,121,152,27,81,
    58,90,250,78,251,137,49,148,105,10,187,77,244,210,60,207,116,25,174,83,245,148,114,147,16,90,250,26,186,218,122,154,58,13,178,
    234,143,38,131,100,6,183,69,230,141,53,139,42,77,162,86,247,140,1,214,122,32,162,81,240,195,39,204,9,67,227,3,163,195,99,
    204,108,140,44,76,236,92,239,141,32,192,36,10,185,66,239,152,37,195,98,68,229,38,172,204,108,140,44,76,236,12,172,204,108,140,
    117,149,53,85,185,90,246,148,57,149,74,25,156,89,220,153,100,252,121,25,228,106,163,195,117,136,53,7,176,68,224,156,39,208,61,
    217,127,19,187,4,217,155,42,237,123,12,168,87,253,155,118,225,114,18,151,119,215,183,23,143,114,79,129,119,215,146,111,225,124,86,
    17,177,215,110,142,41,35,166,83,230,201,4,198,117,52,175,72,247,162,41,211,117,14,162,84,174,237,103,135,39,71,231,7,167,199,
    176,208,112,144,48,80,240,16,252,159,51,209,124,80,143,92,252,185,25,217,124,65,185,92,252,175,25,239,38,71,240,13,176,175,60,
    176,53,240,117,72,144,85,245,200,6,143,47,87,154,88,235,138,16,215,74,17,182,73,147,217,121,153,57,89,249,25,185,217,121,153,
    66,226,2,162,194,46,205,97,3,174,2,221,171,46,147,93,14,174,78,179,139,115,203,110,83,157,20,186,194,127,130,121,31,200,2,
    235,11,171,203,107,139,43,75,235,11,171,203,107,139,43,7,164,72,234,135,107,244,66,7,167,66,194,162,2,226,84,34,130,26,194,
    125,203,194,109,148,41,84,179,85,249,145,110,243,113,0,135,81,230,130,61,215,113,92,139,88,248,189,29,253,93,61,229,88,165,171,
    212,180,49,140,66,31,245,11,171,204,116,148,51,49,178,94,252,145,13,209,124,4,184,79,167,187,52,211,121,59,180,79,238,137,30,
    110,15,170,66,174,185,42,202,79,47,143,111,207,215,42,151,89,47,143,74,183,185,36,142,48,80,244,15,175,236,102,134,38,70,230,
    79,239,15,175,207,111,143,47,79,239,15,230,137,111,240,70,3,163,70,198,166,6,230,80,38,134,30,198,166,16,153,54,79,174,65,
    188,24,199,177,52,212,113,49,145,113,209,167,17,241,41,49,145,103,174,193,98,254,113,22,188,126,241,138,43,204,91,16,177,84,252,
    105,254,109,13,136,104,200,168,8,144,109,80,158,104,200,141,112,254,99,73,247,23,178,200,104,129,117,9,164,79,139,193,97,129,33,
    138,42,74,234,10,170,202,106,138,42,74,234,10,170,202,106,204,101,24,234,117,166,202,21,198,85,91,166,70,213,181,38,198,85,94,
    32,83,186,93,179,131,50,218,97,0,251,108,218,159,63,218,90,58,154,122,204,186,26,130,90,58,140,5,170,221,28,196,125,22,183,
    63,189,78,239,198,27,217,104,63,180,85,240,152,46,217,114,84,245,21,188,152,51,182,60,92,252,28,188,220,124,156,60,92,252,28,
    197,101,133,37,69,229,5,165,197,101,133,37,58,140,73,180,186,41,201,105,84,172,20,236,137,116,250,51,93,158,122,233,186,116,201,
    34,241,81,2,162,113,186,221,96,224,111,3,171,115,174,211,110,218,124,27,171,36,174,206,110,142,46,78,238,14,174,206,110,142,46,
    151,55,87,247,23,183,215,50,217,115,125,247,23,183,215,119,151,55,87,247,23,183,215,119,151,55,87,178,89,243,253,119,151,55,87,
    0,160,192,96,128,32,64,224,0,160,192,96,198,111,18,224,127,172,192,31,204,95,81,172,76,223,191,44,204,95,84,243,0,233,142,
    169,153,40,192,123,26,225,118,229,133,0,224,96,5,248,64,229,133,22,224,86,95,254,0,169,141,38,163,41,73,233,9,169,201,105,
    210,114,146,50,82,242,18,178,210,114,146,50,82,187,84,178,156,61,198,50,21,183,70,244,151,60,196,58,91,252,83,231,134,61,240,
    46,194,88,26,169,72,187,143,51,222,117,91,185,73,254,154,48,155,126,21,191,49,187,219,123,155,59,91,251,27,187,219,123,155,59,
    228,4,164,196,100,132,36,8,171,71,229,136,100,251,77,59,141,72,205,173,27,149,77,59,155,18,229,196,121,132,91,8,155,21,232,
    65,210,178,33,193,82,89,254,3,221,159,36,206,104,59,172,65,248,136,109,194,127,77,253,39,173,205,109,141,45,77,237,13,173,205,
    182,214,118,150,54,86,246,22,182,214,58,217,117,23,186,22,201,191,63,218,39,71,186,90,250,154,31,255,122,31,137,0,244,214,107,
    223,0,211,64,78,179,83,192,160,51,211,64,75,236,17,209,158,50,218,63,16,173,31,189,221,85,159,63,95,255,31,191,223,127,159,
    72,232,8,168,200,104,136,40,72,232,8,225,142,104,247,97,4,164,25,228,217,121,225,100,4,129,97,215,157,102,202,125,17,155,88,
    180,82,248,151,56,210,82,16,163,17,239,204,113,147,51,81,176,95,245,209,14,216,125,29,224,93,160,192,24,221,125,56,152,110,228,
    20,248,143,35,233,106,31,185,83,252,147,57,249,123,8,250,68,167,218,5,243,115,22,235,11,246,150,54,214,83,51,182,83,197,204,
    193,35,23,171,70,237,233,99,131,35,67,227,3,163,195,99,131,35,67,227,3,163,195,99,131,35,67,227,3,163,195,32,204,109,23,
    101,2,185,73,134,204,108,140,44,76,236,12,172,204,108,140,44,76,236,12,172,204,108,140,44,9,162,72,134,204,108,140,44,76,236,
    85,245,21,181,213,117,149,53,85,245,21,181,213,117,220,115,85,138,124,202,188,57,252,92,42,228,124,202,170,99,212,53,75,232,21,
    129,87,242,146,111,210,47,79,151,82,242,183,23,225,107,80,188,75,231,179,55,208,78,12,183,93,251,222,63,208,122,94,129,119,193,
    14,203,78,46,152,22,206,184,24,145,102,71,251,26,167,184,46,203,107,86,171,22,182,174,43,203,78,46,152,82,169,133,50,222,74,
    209,104,32,162,89,243,149,112,196,120,21,190,58,176,208,112,144,48,80,240,16,176,208,112,144,48,80,240,16,176,208,112,144,48,80,
    57,89,176,95,185,151,54,205,57,38,144,85,168,166,53,213,117,72,176,8,240,149,104,230,47,65,130,102,208,144,53,136,40,21,181,
    238,142,11,235,110,11,157,20,224,191,98,214,106,7,172,40,162,194,98,130,34,66,226,2,162,194,98,130,34,66,226,2,162,194,98,
    203,107,139,43,75,235,11,171,203,39,196,104,10,167,11,212,218,2,226,66,52,167,71,231,135,34,199,58,34,148,29,232,203,118,139,
    51,213,121,17,238,115,241,128,7,209,102,2,189,87,241,220,11,216,120,61,157,125,221,189,101,216,37,43,157,125,248,197,11,214,60,
    139,43,73,244,20,167,187,52,211,121,59,180,79,238,137,30,213,116,17,185,21,194,145,49,244,84,52,148,116,172,145,108,226,84,52,
    74,183,185,36,142,48,80,243,15,175,236,102,134,38,70,230,6,166,198,102,134,38,70,230,6,166,198,102,134,38,70,230,6,166,198,
    175,207,111,143,47,79,239,15,238,129,43,143,104,14,162,74,161,189,42,223,99,6,172,78,251,138,43,252,123,0,189,78,232,138,97,
    170,61,213,119,12,189,75,162,190,49,214,124,62,177,74,235,140,27,208,113,20,188,16,199,148,52,241,81,49,145,113,169,148,105,231,
    40,136,77,176,190,35,137,55,87,247,8,168,235,97,129,33,65,225,1,161,193,97,129,33,65,225,1,161,193,97,129,33,65,225,1,
    234,10,170,202,106,138,42,74,234,10,235,132,46,138,109,11,167,79,164,184,47,218,102,3,169,75,254,143,46,249,126,5,184,75,237,
    86,189,161,54,222,124,7,182,64,189,160,54,193,101,26,176,86,224,201,21,218,125,23,149,90,225,128,39,240,123,26,191,87,187,172,
    240,144,21,245,85,53,149,13,240,205,3,245,85,16,237,99,254,212,106,138,43,85,245,54,188,220,124,156,60,92,252,28,188,220,124,
    37,69,229,5,165,197,101,133,37,69,229,5,165,197,101,133,37,69,229,5,165,132,43,193,37,2,164,72,224,203,23,192,117,9,172,
    13,175,90,235,138,29,218,97,28,175,73,235,192,28,203,99,1,186,75,253,192,29,203,124,24,167,77,235,157,96,237,111,28,157,70,
    184,71,196,146,37,193,126,20,178,13,209,158,57,211,81,30,165,68,227,180,63,222,123,19,255,104,251,155,30,254,94,62,158,6,251,
    113,255,73,41,172,17,223,130,104,150,54,88,233,9,138,192,96,128,32,64,224,0,160,192,96,128,32,64,224,0,160,192,96,128,32,
    137,41,73,233,9,169,201,105,192,111,73,150,24,192,160,0,246,101,5,165,69,224,133,120,224,86,95,170,9,253,129,44,199,3,73,
    50,82,242,18,178,210,114,146,50,82,242,18,178,210,114,146,50,82,242,18,178,210,114,146,50,82,242,18,178,210,114,222,125,17,179,
    23,251,100,210,178,106,210,119,74,146,114,247,151,50,215,42,74,132,10,168,215,123,228,82,50,146,100,242,178,55,138,68,23,183,87,
    136,27,145,111,68,249,4,244,135,37,200,104,76,162,81,234,135,48,205,107,10,236,13,142,196,100,132,36,68,228,4,164,196,100,132,
    109,141,45,77,237,13,173,205,109,141,45,77,237,13,173,205,109,141,45,77,237,13,173,205,109,223,104,25,184,95,227,205,18,156,68,
    255,95,41,186,90,250,154,63,218,39,63,137,0,245,204,31,216,96,25,189,83,197,147,36,192,115,4,254,105,250,169,103,218,122,41,
    64,19,179,96,171,204,113,246,123,86,213,31,191,223,127,159,63,95,255,31,191,223,127,159,63,95,255,31,191,223,127,159,63,95,255,
    168,200,104,136,40,72,232,8,237,134,44,129,2,72,232,8,168,200,104,136,40,72,232,8,168,200,104,136,40,72,232,8,168,200,104,
    209,113,145,49,81,241,17,177,209,113,216,119,81,142,120,216,192,56,221,32,56,152,93,253,152,61,128,32,46,224,2,177,133,57,212,
    52,176,58,90,250,26,186,218,122,154,58,90,250,26,186,218,122,154,58,90,250,26,186,218,122,154,58,90,250,26,186,218,122,154,58,
    227,3,163,147,49,202,109,23,235,124,239,143,10,234,74,42,138,18,239,210,28,234,74,15,242,124,225,203,117,149,58,74,227,13,173,
    12,211,165,37,192,61,93,160,64,224,128,5,229,96,5,147,26,238,204,98,130,44,51,160,64,197,165,5,229,69,93,160,29,211,165,
    220,153,100,234,119,93,227,2,165,220,117,155,59,85,138,124,202,188,57,252,92,42,228,124,202,170,99,212,60,127,245,21,181,213,117,
    222,126,158,62,94,254,30,190,222,126,158,62,94,254,30,190,222,126,158,62,94,254,30,190,222,126,158,62,94,254,30,193,183,50,143,
    56,171,75,235,214,46,150,110,11,246,120,177,223,28,248,78,14,171,22,182,139,43,203,107,46,142,75,238,184,113,197,90,71,250,7,
    164,66,229,149,90,144,48,80,240,16,176,208,112,144,48,80,240,16,176,208,112,144,48,80,240,16,176,208,112,144,48,80,240,16,176,
    25,185,156,53,202,124,115,249,25,185,217,121,153,57,89,249,25,185,217,121,153,57,89,249,25,185,217,121,153,57,89,249,25,185,217,
    130,34,66,226,2,162,194,98,213,99,16,172,10,221,142,46,235,75,43,139,107,179,142,115,253,75,43,174,19,221,128,106,148,53,83,
    34,75,229,5,171,180,2,194,103,90,250,71,231,135,39,226,66,7,162,116,189,137,107,133,37,75,233,17,171,201,107,133,37,75,191,
    27,167,64,230,157,58,211,60,43,157,125,221,171,61,253,120,69,139,88,248,152,56,235,33,31,253,29,158,212,116,148,52,84,244,20,
    253,29,189,221,125,157,61,93,253,29,189,221,125,157,61,93,253,29,189,221,125,157,61,93,253,88,243,153,87,157,61,93,253,29,189,
    102,134,38,70,230,6,166,198,102,134,38,70,230,6,166,198,102,134,38,70,230,6,227,138,53,195,12,70,230,6,166,198,102,134,38,
    143,47,79,239,15,175,207,111,143,47,79,239,15,175,207,111,143,47,79,239,15,175,207,111,216,110,29,161,7,208,131,35,230,70,38,
    81,49,233,84,169,167,17,241,116,73,135,90,176,206,111,138,49,81,210,24,184,216,120,152,56,88,248,24,184,216,120,152,56,88,248,
    161,193,97,129,33,65,225,1,161,193,97,129,100,15,165,43,161,193,97,129,33,65,225,1,161,193,97,129,33,65,225,1,161,193,97,
    202,106,138,42,74,175,68,238,224,106,138,42,74,234,10,170,202,106,138,42,74,234,10,170,202,106,138,42,74,175,68,238,224,106,138,
    115,147,51,83,243,19,179,211,115,147,51,83,243,19,246,157,55,185,51,83,243,19,179,211,115,147,51,83,243,19,246,157,55,154,25,
    156,60,92,252,28,188,220,124,156,60,92,252,72,253,143,55,146,107,29,181,72,180,201,117,182,60,92,252,28,188,220,124,156,121,18,
    65,143,197,101,133,37,0,171,65,172,239,32,203,97,76,207,47,143,239,41,202,102,4,169,5,218,212,41,250,105,9,169,73,204,172,
    226,223,7,231,98,95,145,24,234,206,115,142,81,39,135,113,209,167,7,159,71,95,162,31,191,177,125,214,52,45,188,75,239,154,43,
    163,54,213,63,40,187,91,222,190,30,254,94,70,187,6,200,190,30,219,38,40,181,31,161,192,100,158,59,87,245,55306,56951,213,126,189,
    63,241,76,223,140,44,204,108,41,137,76,177,169,9,204,49,63,246,68,186,161,36,196,66,21,180,84,239,142,104,255,108,12,137,105,
    128,96,192,216,37,152,86,32,128,69,184,182,43,129,63,94,253,0,165,201,47,220,103,10,189,64,230,135,97,128,3,73,233,9,169,
    84,253,128,114,237,62,82,141,94,163,187,27,222,126,59,141,109,251,173,27,251,77,71,183,18,251,156,114,194,115,27,160,65,186,133,
    244,137,48,200,107,26,184,94,161,188,62,207,95,30,168,88,254,149,63,218,117,15,168,19,178,210,123,223,116,113,251,27,187,219,123,
    36,68,228,77,226,196,27,200,53,45,141,72,232,173,27,251,109,59,141,109,219,209,33,158,77,23,133,12,219,136,40,237,77,45,141,
    36,252,65,188,178,4,228,97,92,146,79,165,219,122,152,36,68,237,89,229,136,35,167,45,77,237,13,173,205,109,141,45,77,237,13,
    162,87,229,157,120,197,102,23,161,88,190,144,35,216,117,2,191,89,248,222,127,188,54,86,246,22,182,214,118,150,54,86,246,22,182,
    31,191,223,56,222,114,26,241,111,243,158,38,218,109,12,241,115,240,156,62,211,79,19,190,70,250,141,101,237,122,14,170,90,236,139,
    251,124,26,173,73,229,169,58,199,125,6,172,105,251,145,38,203,32,55,164,25,193,161,36,196,65,55,151,65,215,161,1,247,61,13,
    63,38,190,67,253,149,1,216,103,30,165,31,193,158,34,216,101,24,190,95,189,209,96,152,27,81,241,17,177,209,113,145,49,81,241,
    90,250,95,244,158,115,176,58,90,250,26,186,218,122,154,58,90,250,26,238,155,41,209,52,13,187,83,238,210,115,176,58,90,250,26,
    195,99,131,35,6,173,71,137,195,99,131,35,6,173,71,137,134,45,199,42,105,156,18,239,188,47,207,111,15,138,106,239,210,10,234,
    32,157,83,90,168,22,205,136,40,224,109,14,169,64,164,179,32,192,69,37,133,101,197,221,32,157,83,37,133,64,189,179,46,132,58,
    130,35,92,252,63,202,196,57,234,121,25,185,89,220,188,57,132,92,60,185,4,202,195,49,143,84,17,177,113,231,154,37,209,122,2,
    112,86,129,82,242,207,50,210,119,18,178,82,242,146,111,247,65,33,176,22,183,210,126,225,114,18,151,119,215,183,23,143,114,79,129,
    206,174,43,150,88,5,239,17,176,208,110,139,39,1,178,73,228,147,46,200,105,79,152,110,206,184,24,150,107,86,171,78,235,139,43,
    193,15,130,123,89,218,16,176,208,112,217,118,80,143,121,217,175,15,129,124,65,188,89,252,156,60,129,79,66,187,16,238,205,112,239,
    53,213,80,48,144,112,208,200,53,136,70,48,144,85,168,166,59,145,47,78,225,16,185,141,49,220,119,115,249,25,185,217,121,153,57,
    226,68,237,144,98,253,46,66,157,78,179,171,11,206,110,43,157,125,235,189,11,235,93,87,167,2,235,140,98,210,99,11,176,81,170,
    92,228,153,32,216,123,10,168,78,165,185,42,200,110,24,241,108,238,159,8,195,98,7,175,89,238,133,99,130,34,75,175,68,129,203,
    180,212,116,148,52,84,244,20,180,212,116,221,114,84,139,88,165,189,29,216,120,61,139,107,253,171,29,253,75,65,177,26,218,149,57,
    152,125,128,32,93,130,116,212,162,2,140,113,76,177,84,241,145,49,140,66,79,182,29,233,149,56,211,23,93,253,29,189,221,125,157,
    70,230,6,166,198,102,134,38,70,170,73,229,135,42,134,89,10,170,74,217,138,119,202,89,10,143,23,217,210,116,134,59,70,161,71,
    162,74,161,191,35,206,118,10,189,92,161,163,32,204,110,3,159,67,238,150,42,221,33,44,167,78,253,142,44,219,106,29,197,15,175,
    24,184,216,120,152,56,88,248,24,184,216,120,152,56,17,190,24,199,148,52,212,71,20,233,84,199,148,17,137,71,76,234,24,249,150,
    197,33,62,173,77,237,190,45,144,109,62,173,104,176,190,117,147,59,39,168,79,229,167,40,211,114,21,130,73,232,141,37,137,94,13,
    102,35,131,99,195,163,123,198,59,53,131,99,230,219,21,200,34,92,253,19,163,195,106,222,98,15,164,32,170,202,106,138,42,74,234,
    83,243,19,179,211,115,147,51,83,243,19,179,211,63,220,112,18,191,19,204,186,26,250,90,58,154,108,250,194,26,250,34,44,230,80,
    214,28,188,220,124,156,60,92,252,28,188,220,124,156,60,92,252,28,188,220,124,213,122,92,131,80,173,181,21,208,112,53,131,99,245,
    26,236,76,58,240,64,191,163,44,203,97,35,172,87,246,145,6,205,108,9,161,106,227,166,41,196,118,22,237,122,233,137,12,236,76,
    231,71,95,162,31,209,167,7,194,63,49,172,6,184,214,126,135,39,78,186,70,235,128,68,142,46,78,238,14,174,206,110,142,46,78,
    55,87,247,23,183,215,119,151,55,87,247,23,183,168,30,254,94,62,158,126,200,158,102,254,94,70,136,2,244,215,106,151,72,27,230,
    201,169,44,204,73,63,159,73,223,169,9,255,53,5,250,102,233,142,36,230,105,18,179,84,195,136,41,204,100,47,166,99,236,129,51,
    154,97,246,101,5,128,96,192,160,0,152,101,88,150,96,192,133,120,246,107,65,255,17,184,192,96,135,74,47,187,72,228,140,67,137,
    114,146,50,82,242,18,178,210,114,146,50,82,242,18,178,210,114,146,50,23,190,65,247,248,114,146,50,82,242,18,178,210,114,146,50,
    155,59,91,251,27,187,219,123,155,59,91,251,27,196,178,18,242,82,50,146,100,242,202,18,242,42,36,238,88,187,198,123,228,119,74,
    109,205,136,40,237,91,59,173,123,205,173,27,145,97,94,131,65,240,180,45,210,107,16,236,13,142,196,100,132,36,68,228,4,164,196,
    173,205,109,141,45,77,237,13,173,205,109,200,99,9,199,13,173,205,109,141,45,77,237,13,173,205,109,141,45,77,237,13,173,205,109,
    159,48,150,73,26,186,90,201,154,103,218,73,26,159,7,201,194,100,152,94,3,187,87,248,153,63,210,56,37,179,87,226,166,55,196,
    43,159,34,66,255,81,246,147,127,203,119,26,177,53,191,223,127,159,63,95,255,31,191,223,127,159,63,95,255,31,191,223,127,159,63,
    232,8,168,183,36,196,100,55,164,25,228,183,36,225,57,55,252,26,166,160,61,197,105,6,167,65,236,186,39,199,124,56,169,90,252,
    31,210,183,35,208,124,20,241,12,177,174,24,248,88,56,152,120,206,152,96,248,88,64,142,4,242,251,113,145,49,81,241,17,177,209,
    186,218,122,154,58,90,250,26,186,218,122,154,127,22,169,95,144,218,122,154,58,90,250,26,186,218,122,154,58,90,250,26,186,218,122,
    35,67,227,3,163,195,47,204,96,2,175,3,220,143,28,146,111,15,156,124,239,143,28,151,48,67,254,3,220,143,47,207,92,15,242,
    0,147,64,197,221,19,152,62,66,132,89,225,141,34,195,101,8,226,127,233,141,56,252,109,30,184,2,220,141,62,201,98,24,226,124,
    180,71,240,155,33,191,53,85,245,21,181,213,117,149,53,85,245,21,181,213,117,149,53,85,245,21,181,213,117,149,74,25,138,4,249,
    82,193,161,50,210,65,74,237,4,206,151,40,209,106,42,177,22,193,183,23,247,87,55,151,97,247,207,23,247,47,33,235,93,183,244,
    135,39,71,231,7,167,199,103,135,39,71,231,7,167,199,103,135,39,71,231,66,233,131,77,135,39,71,231,7,167,199,103,135,39,71,
    48,80,240,16,176,149,62,212,26,80,240,16,176,208,112,144,48,80,240,16,176,208,112,144,48,18,162,85,241,155,90,144,48,80,240,
    89,249,25,185,217,121,153,57,28,183,93,147,217,121,153,57,89,249,25,185,156,55,221,19,89,249,25,185,156,55,221,19,28,183,93,
    203,72,253,51,14,157,78,238,142,46,235,75,14,243,107,203,142,115,253,52,6,248,99,230,134,22,205,101,5,174,71,170,189,46,206,
    2,226,66,34,130,26,231,218,20,226,66,7,250,116,233,195,125,147,57,66,231,11,237,138,39,216,110,71,235,77,254,133,40,223,98,
    219,122,92,139,125,221,171,11,133,120,69,184,93,248,152,56,133,75,70,191,29,158,212,116,148,52,19,177,64,242,145,58,194,60,93,
    51,28,168,73,242,177,50,210,109,60,177,81,189,192,125,226,84,52,130,98,172,145,108,209,116,17,177,81,172,162,111,214,23,93,253,
    166,198,25,249,79,10,170,121,207,215,15,239,79,57,153,94,174,207,76,134,38,70,230,82,231,149,45,136,117,22,167,81,232,206,32,
    154,33,204,123,6,160,65,167,198,69,143,47,79,239,15,175,207,111,216,103,6,163,74,175,136,42,219,105,10,161,89,167,198,97,206,
    45,204,119,52,183,87,232,185,52,212,56,28,183,50,184,216,120,152,56,88,248,24,184,216,120,152,104,27,185,84,244,208,62,205,118,
    162,85,232,142,47,137,40,107,225,1,161,193,97,129,33,65,225,1,161,193,97,129,33,65,173,78,226,128,45,129,94,62,168,77,237,
    70,187,219,35,195,59,53,149,30,237,202,119,138,109,11,167,79,176,173,47,222,89,15,184,92,227,137,47,130,85,6,166,99,195,163,
    218,186,98,223,34,44,154,122,255,194,12,209,59,69,235,0,186,218,105,245,122,29,183,117,250,129,32,199,80,27,186,95,247,219,12,
    144,48,245,85,53,149,117,173,144,109,227,85,53,176,13,195,158,116,138,36,72,245,21,150,220,124,156,60,92,252,28,188,220,124,156,
    69,229,5,165,197,41,202,102,4,169,5,218,140,26,201,52,44,140,108,236,172,12,201,105,9,154,16,246,197,120,133,90,58,172,73,
    162,66,191,223,39,199,63,49,145,26,233,206,47,192,106,78,145,113,231,130,34,194,63,95,167,71,191,177,17,154,105,84,136,71,224,
    83,209,158,37,196,99,52,191,94,251,147,127,232,123,27,158,126,222,190,30,134,123,70,136,126,222,155,102,232,117,95,225,15,162,222,
    137,10,64,224,0,160,192,96,128,32,64,224,0,160,192,96,128,32,12,175,67,225,140,96,255,108,12,172,76,201,169,113,201,108,12,
    96,5,248,96,214,220,49,137,52,73,150,64,214,133,120,224,64,32,160,96,192,133,37,197,86,92,186,9,232,135,45,137,86,0,150,
    30,227,123,219,187,59,251,91,30,190,94,205,199,33,136,84,27,188,86,212,155,32,193,102,49,186,91,254,150,122,237,126,30,155,123,
    146,114,210,202,55,138,68,50,146,87,170,164,57,147,45,67,237,18,178,219,58,213,127,91,132,82,196,151,106,242,82,50,178,114,210,
    40,200,104,59,241,87,170,176,54,203,116,12,189,119,225,133,55,203,106,54,161,73,235,144,33,215,62,34,173,74,224,162,45,214,119,
    217,78,5,164,65,233,197,18,193,97,36,132,100,196,164,124,193,60,50,132,100,225,220,18,207,37,91,245,26,164,196,71,141,45,77,
    54,86,246,22,182,214,118,150,54,86,246,22,182,159,48,150,73,26,186,90,250,191,31,135,127,26,186,95,250,199,31,233,35,14,246,
    11,183,90,241,245,127,159,63,95,255,31,191,223,127,159,63,95,255,31,191,223,127,159,63,95,185,80,237,223,51,218,105,26,179,31,
    213,104,153,36,72,253,24,168,140,39,162,40,72,232,8,168,200,104,136,40,72,232,8,168,200,104,136,40,72,232,8,168,200,104,136,
    56,215,49,31,190,69,177,150,52,197,119,20,191,71,185,216,127,208,100,5,190,125,254,158,33,240,125,29,241,69,249,148,63,145,115,
    200,127,27,177,26,255,148,62,176,58,90,250,26,186,218,122,154,58,90,250,26,186,218,122,154,58,90,250,26,186,218,122,154,69,22,
    79,239,143,10,234,50,10,175,79,234,143,114,234,92,86,187,25,202,141,53,204,104,6,144,70,241,149,38,209,43,15,166,85,230,143,
    160,204,19,192,96,37,133,101,197,165,125,192,61,51,133,101,224,221,19,206,36,90,244,20,165,197,70,140,44,76,236,12,172,204,108,
    213,117,149,53,85,245,21,181,213,117,149,53,85,245,21,181,170,57,217,121,25,156,124,164,156,57,217,124,25,228,124,202,192,45,143,
    23,208,104,17,181,91,205,155,44,200,123,12,246,82,251,136,59,210,50,94,129,82,242,183,23,247,87,55,239,82,175,161,23,247,114,
    246,120,229,207,113,159,62,78,238,45,167,199,103,135,39,71,231,7,167,199,103,135,39,71,231,7,167,199,103,135,39,71,231,7,243,
    81,227,155,126,199,113,25,164,24,160,222,96,133,57,122,240,16,176,208,112,144,48,80,240,16,176,208,112,144,48,80,240,16,176,208,
    252,151,61,179,57,89,249,25,185,217,121,153,57,89,249,25,185,217,121,153,124,23,189,51,185,217,121,153,57,89,249,25,185,217,121,
    34,66,226,2,162,142,45,193,99,14,226,125,179,142,115,203,110,83,157,107,203,139,29,235,75,61,244,71,162,223,98,253,107,61,174,
    90,130,98,194,130,2,226,103,7,167,116,190,152,107,202,101,15,235,116,226,180,39,154,66,34,130,66,194,162,39,199,103,52,254,88,
    238,114,253,154,48,242,125,6,167,64,215,156,61,216,112,92,139,88,248,189,29,253,93,61,229,88,165,171,29,253,120,69,139,86,188,
    11,164,205,116,148,61,28,179,89,189,162,52,226,113,76,148,116,212,148,20,244,113,17,177,98,168,142,115,254,114,19,174,72,240,156,
    196,106,3,149,67,244,144,47,197,99,52,163,75,233,146,35,213,60,32,175,72,226,160,47,212,117,18,133,78,239,138,34,142,89,10,
    99,38,134,102,198,166,126,195,62,48,134,102,227,222,16,205,39,89,246,30,166,198,69,143,47,79,239,15,175,207,111,143,47,79,239,
    88,248,24,184,145,62,152,71,73,180,9,241,148,105,231,81,49,177,103,209,177,7,142,125,88,172,80,253,150,82,152,56,88,248,24,
    193,97,129,33,65,225,1,161,193,97,129,33,65,225,1,237,142,34,192,109,65,158,16,176,141,112,232,109,13,136,16,237,190,116,207,
    106,151,42,53,163,70,230,219,38,155,59,35,166,70,195,163,21,223,36,1,163,94,201,133,63,196,126,74,165,88,170,219,64,138,42,
    147,51,83,243,19,179,211,115,147,51,83,243,19,179,211,115,147,51,21,188,65,179,154,115,142,51,66,255,19,204,194,98,223,34,58,
    112,16,149,13,240,163,105,210,60,24,179,54,188,220,124,156,60,92,252,28,188,220,124,156,60,92,252,28,188,220,124,156,60,92,252,
    165,140,35,133,107,10,177,5,226,128,49,195,96,11,179,13,172,203,36,208,113,10,137,74,234,149,4,201,105,69,177,77,224,139,101,
    140,60,203,111,5,238,75,224,138,68,142,46,78,238,14,174,206,110,142,46,78,238,14,174,206,110,142,46,78,238,14,174,206,110,194,
    56,212,118,27,247,104,251,198,59,219,123,27,136,126,251,155,59,254,123,70,136,1,164,215,106,151,108,40,187,91,222,190,30,254,94,
    241,76,177,191,9,233,108,81,159,66,168,214,121,146,41,76,224,127,236,140,9,233,73,41,137,17,236,209,31,233,73,12,241,127,226,
    1,191,208,122,128,37,73,150,69,229,160,0,224,64,32,248,69,184,182,0,224,101,88,150,75,161,223,112,157,32,69,233,118,229,133,
    219,187,27,251,91,67,190,3,205,187,27,222,35,45,176,26,164,203,103,155,62,82,141,94,254,187,27,251,91,59,227,94,163,173,27,
    178,55,138,68,25,243,13,162,205,114,198,17,91,251,27,187,219,123,155,59,91,251,27,187,219,123,155,59,91,251,27,187,219,123,155,
    68,162,75,246,196,27,136,36,15,173,80,164,141,42,132,109,20,165,77,246,151,108,251,104,85,168,72,232,136,27,237,104,8,168,109,
    161,28,210,219,126,132,45,9,162,39,173,205,109,141,45,77,237,13,173,205,109,141,45,77,237,13,173,205,109,141,45,77,237,13,173,
    22,182,214,63,208,54,24,185,66,182,145,51,194,112,19,184,64,190,223,120,215,99,2,185,122,249,153,38,247,122,26,246,66,254,147,
    241,223,61,205,122,30,180,31,250,145,59,181,63,95,255,31,191,223,127,159,63,95,255,31,191,223,127,159,63,95,255,31,191,223,127,
    40,72,232,8,168,183,121,196,57,1,164,25,215,161,1,193,87,33,129,119,190,141,114,225,102,30,167,67,237,187,45,218,126,13,186,
    89,186,88,229,216,91,145,49,81,241,17,177,209,113,145,49,81,241,17,177,209,113,145,49,81,241,17,177,209,113,145,49,81,241,69,
    187,73,241,212,45,219,115,14,242,10,180,202,111,147,16,90,250,26,186,218,122,154,58,90,250,26,186,218,122,154,58,90,250,26,186,
    99,131,35,67,166,77,231,233,99,131,35,67,227,3,163,195,99,131,35,67,227,3,163,195,99,131,35,67,227,3,163,195,55,194,112,
    199,34,27,173,69,248,196,124,130,61,69,198,12,172,204,108,140,44,76,236,12,172,204,108,140,44,76,236,12,172,204,108,201,98,8,
    31,85,245,21,181,213,117,149,53,85,245,21,181,213,117,149,53,16,187,81,159,213,117,149,53,85,245,21,181,213,117,149,53,85,245,
    94,254,82,241,157,63,210,62,33,151,119,247,151,50,210,119,55,151,97,242,146,50,210,65,75,164,30,163,222,57,223,115,27,228,121,
    130,51,244,98,21,177,78,228,130,111,248,107,11,142,110,206,174,14,150,107,86,152,110,206,139,118,248,101,79,241,30,176,206,110,157,
    22,217,126,20,150,89,226,131,36,243,120,25,188,84,184,175,60,220,89,57,153,121,217,193,60,129,79,57,153,92,161,175,50,152,38,
    128,33,80,240,51,185,217,121,153,57,89,249,25,185,217,121,153,57,89,249,25,185,217,121,153,120,23,189,25,254,152,52,220,55,43,
    71,242,142,43,193,99,22,167,70,209,150,45,208,99,5,167,12,198,131,54,195,96,3,177,71,241,216,4,203,108,6,132,75,240,145,
    255,168,35,194,103,15,227,116,231,135,2,226,66,34,130,26,231,218,20,226,66,7,250,116,233,195,125,146,50,66,226,33,171,203,107,
    212,116,148,52,84,244,20,180,212,116,148,52,84,244,20,180,212,53,218,112,84,179,85,249,145,122,230,113,4,184,93,247,149,32,209,
    57,238,105,18,175,92,250,152,115,249,124,9,188,95,252,142,56,206,51,46,173,84,243,147,56,207,110,71,155,84,243,153,27,212,111,
    181,82,197,142,47,202,98,78,153,74,234,175,15,239,79,47,247,74,183,185,15,239,106,87,153,68,174,209,118,150,47,79,204,6,166,
    15,175,207,111,143,47,79,239,15,175,207,111,143,47,6,169,15,208,166,6,198,102,3,163,70,198,166,16,195,99,3,163,112,186,149,
    184,140,48,221,118,114,248,24,184,216,120,152,56,88,248,24,184,216,120,152,56,88,248,24,184,216,52,215,123,25,180,24,199,201,105,
    109,80,136,77,237,168,112,205,94,84,175,1,188,193,30,200,109,13,240,77,176,208,8,205,109,40,136,126,244,207,50,209,104,15,130,
    5,191,68,254,202,37,216,42,91,192,10,170,202,106,138,42,74,234,10,170,202,106,138,42,74,234,10,170,202,106,198,101,9,171,70,
    243,87,246,159,50,202,51,78,243,108,250,159,63,130,127,66,226,122,255,159,26,250,76,6,253,64,227,154,61,247,118,31,178,74,179,
    83,238,220,108,146,47,118,252,28,188,220,124,156,60,92,252,28,188,220,124,156,60,92,252,28,188,220,58,211,110,92,181,28,161,220,
    148,41,69,154,20,180,137,116,236,105,9,140,20,233,186,112,203,37,1,170,47,165,197,101,133,37,69,229,5,165,197,101,133,37,69,
    46,78,238,14,174,206,110,142,46,78,167,72,174,128,33,218,46,9,171,90,232,139,32,216,38,71,224,79,251,154,33,226,97,1,190,
    54,187,91,183,131,63,210,121,87,181,69,242,150,60,151,114,25,179,61,183,215,119,151,55,87,247,23,183,215,119,151,55,87,247,23,
    192,96,128,32,64,224,0,160,191,9,233,105,9,172,76,233,169,9,255,108,12,172,76,223,213,58,154,73,14,182,79,235,133,19,197,
    59,223,108,27,225,118,229,133,0,224,64,32,128,24,229,216,22,224,64,5,248,118,235,193,126,153,56,64,229,9,214,133,37,224,64,
    251,91,59,227,94,163,173,27,251,126,67,141,80,186,197,98,128,59,91,216,18,178,210,114,146,50,82,242,18,178,210,114,146,50,82,
    59,91,251,27,187,219,123,155,59,36,146,114,242,146,55,215,114,50,146,100,247,151,55,215,68,78,161,1,210,149,45,212,112,30,136,
    225,150,50,193,118,76,155,72,232,173,13,237,77,45,245,72,181,187,13,237,104,85,155,70,172,211,116,151,45,72,228,123,232,136,13,
    164,4,228,68,92,161,28,210,164,4,193,60,50,175,5,186,221,121,132,36,103,237,13,173,205,109,141,45,77,237,13,173,205,109,141,
    118,150,54,86,246,22,182,214,118,150,98,23,165,93,184,129,55,223,98,94,178,83,250,151,47,159,28,86,246,22,182,214,118,150,54,
    159,63,95,255,31,191,223,127,159,63,95,255,90,241,155,85,159,63,95,255,31,191,223,127,159,63,95,255,31,191,223,127,218,115,12,
    77,130,200,104,136,40,72,232,8,168,200,104,136,40,72,232,8,168,200,104,136,40,4,167,75,233,132,104,247,65,33,129,97,228,217,
    160,157,96,221,78,46,142,7,161,209,108,145,78,24,142,93,160,184,24,248,120,56,152,93,253,157,14,132,98,81,176,95,245,209,14,
    147,5,214,43,51,147,115,243,179,19,214,118,22,133,15,233,192,28,211,116,30,156,83,232,137,46,249,114,19,182,94,178,165,54,214,
    42,138,106,202,170,114,207,50,60,138,106,239,210,28,193,43,84,243,22,170,202,99,194,109,7,227,124,234,188,47,146,74,42,138,74,
    133,101,224,128,32,243,57,31,226,127,252,133,34,194,105,30,158,73,225,131,56,201,127,86,138,69,226,136,10,197,126,31,184,111,228,
    92,249,145,125,234,121,25,156,124,220,188,28,132,121,68,138,124,220,153,100,234,119,93,226,5,163,220,124,191,53,85,245,21,181,213,
    190,222,126,158,62,94,254,30,190,222,126,158,62,94,183,88,190,161,23,247,87,55,178,15,175,146,111,210,65,33,129,8,174,222,42,
    111,2,169,45,167,199,103,135,39,71,231,7,167,199,103,135,39,71,231,7,167,199,103,135,39,71,231,7,235,136,36,198,107,71,152,
    65,225,92,161,185,60,220,89,65,188,111,165,158,112,141,48,47,185,92,252,193,60,129,33,57,188,92,217,185,15,197,62,3,160,89,
    183,122,246,140,55,205,57,22,171,25,168,243,121,153,57,89,249,25,185,217,121,153,57,89,249,25,185,217,121,153,57,89,249,25,185,
    98,206,109,1,163,78,162,134,39,206,99,27,226,31,162,189,43,206,110,83,174,19,179,171,46,206,75,43,157,87,172,145,50,203,108,
    239,110,7,170,82,171,132,57,139,59,69,248,33,171,203,107,139,43,75,235,11,171,203,107,139,43,75,235,11,171,203,107,139,43,75,
    52,84,178,91,230,212,61,148,41,84,229,24,180,171,101,133,120,69,157,88,248,189,101,216,75,65,186,20,240,155,94,148,52,84,244,
    93,253,29,189,221,125,157,61,93,253,29,189,221,125,157,61,93,253,29,189,221,125,157,61,20,187,29,243,146,41,157,122,24,169,91,
    131,40,208,46,79,232,71,243,146,41,234,105,9,182,103,234,138,102,210,110,3,168,6,228,148,35,199,109,70,163,72,226,236,102,134,
    111,143,47,79,239,15,175,207,111,143,47,79,239,15,175,207,111,143,47,79,239,15,175,207,111,143,80,38,134,102,198,131,126,158,99,
    137,116,39,135,103,174,200,98,241,118,14,183,83,253,171,61,202,110,29,170,16,199,148,52,241,81,49,145,113,169,148,105,231,81,49,
    77,176,190,35,137,54,81,246,8,168,235,97,129,33,65,225,1,161,193,97,129,33,65,225,1,161,193,97,129,33,65,225,1,161,193,
    170,202,106,138,85,35,131,99,195,134,123,155,102,91,166,117,213,181,124,154,48,35,164,92,229,129,47,249,111,24,188,79,248,194,21,
    159,63,250,90,58,154,122,162,159,98,236,90,58,191,2,204,145,123,132,35,75,250,26,153,211,115,147,51,83,243,19,179,211,115,147,
    124,156,60,92,252,28,188,220,124,156,60,92,252,28,188,220,124,200,125,15,183,18,235,157,53,200,52,24,185,80,253,133,117,182,60,
    229,5,165,197,101,133,37,69,229,5,165,197,101,133,37,69,229,5,165,197,101,133,37,0,171,65,143,197,101,133,37,69,229,5,165,
    14,174,206,110,142,46,78,238,14,174,206,110,203,96,10,196,14,174,206,110,142,46,78,238,14,174,206,110,142,46,78,238,75,224,138,
    157,215,119,151,55,87,247,23,183,215,119,151,55,18,185,83,190,253,119,151,55,87,247,23,183,215,119,151,55,87,163,86,228,156,121,
    119,1,169,84,168,211,105,170,32,64,224,0,160,192,96,128,101,14,164,42,160,192,96,128,101,14,164,9,138,133,46,196,41,106,159,
    88,165,118,229,133,37,197,64,32,165,24,192,160,37,152,86,95,173,19,200,141,45,253,102,14,174,69,236,193,22,197,101,32,128,96,
    155,123,163,158,99,237,91,59,190,3,205,144,122,133,34,75,251,30,178,148,51,222,97,23,254,18,244,135,60,209,102,27,189,92,186,
    100,210,178,4,228,42,23,234,87,242,151,55,215,42,36,233,80,178,241,123,155,59,91,188,94,239,157,62,213,109,83,242,21,248,151,
    197,109,9,144,75,239,129,42,215,36,89,228,123,205,173,27,251,53,8,245,72,237,136,40,200,53,59,246,79,142,196,100,132,36,59,
    82,36,161,65,210,164,124,228,68,36,146,114,245,197,100,167,45,77,237,13,249,140,62,198,35,30,189,76,250,131,101,203,120,3,174,
    2,191,89,248,222,127,188,54,86,246,22,182,214,118,150,97,30,191,90,243,214,49,211,98,16,179,88,224,222,127,152,117,26,183,95,
    178,107,240,148,58,209,108,95,187,80,149,223,127,159,63,95,255,31,191,223,127,159,63,15,188,94,243,147,119,217,106,17,188,75,246,
    39,198,32,65,194,8,168,200,104,136,40,72,232,8,168,200,104,136,40,72,232,68,231,139,41,196,40,55,151,97,225,132,36,196,100,
    238,88,56,224,93,253,174,100,196,49,76,241,86,240,156,52,139,86,20,165,98,244,131,39,216,114,20,249,110,253,157,24,248,88,56,
    83,75,182,11,197,179,19,214,43,37,184,18,173,203,106,147,51,84,136,95,247,149,46,223,105,84,137,95,232,140,51,217,127,9,244,
    215,145,44,211,107,26,144,70,226,144,44,205,81,6,174,76,247,134,48,141,64,15,162,74,238,175,38,213,102,15,145,70,244,130,49,
    136,70,140,44,76,236,12,172,204,108,140,44,76,236,12,172,204,108,202,99,30,236,64,250,128,108,145,44,93,224,12,185,220,108,200,
    58,191,53,85,245,21,181,213,117,149,53,85,245,21,181,213,117,149,53,85,245,21,202,170,28,220,121,25,185,89,202,188,28,132,121,
    210,65,75,171,4,215,144,40,209,117,27,141,91,236,136,59,204,54,18,168,82,178,222,1,210,114,55,151,119,215,183,111,210,47,33,
    110,206,139,118,248,101,79,240,22,182,206,110,173,39,71,231,7,167,199,103,135,39,71,231,7,167,199,103,135,98,9,163,45,167,199,
    176,208,112,144,48,80,240,16,176,208,53,222,116,89,218,16,176,208,112,144,48,80,240,16,176,208,112,196,113,3,187,30,231,145,57,
    141,113,140,48,115,249,25,185,217,121,153,57,89,188,87,253,243,121,153,57,89,188,87,253,208,83,220,119,29,240,51,198,200,53,230,
    14,174,78,238,171,11,206,51,43,139,78,179,189,116,198,56,35,166,70,214,141,37,197,110,7,234,125,238,142,11,235,75,43,139,19,
    167,26,212,162,2,199,58,52,169,3,188,218,121,130,39,75,173,74,231,152,46,135,43,13,190,69,232,159,34,196,101,67,148,98,194,
    107,203,197,56,133,120,29,184,88,248,197,11,134,127,93,222,20,180,212,116,211,113,0,178,81,250,130,124,157,58,21,161,64,251,161,
    237,154,47,220,121,24,150,84,233,221,96,157,66,52,148,98,194,204,49,140,113,20,177,81,241,204,2,143,118,119,253,29,189,221,2,
    89,47,170,74,217,175,119,239,79,47,153,121,254,206,111,172,38,70,230,6,242,135,53,205,40,21,182,71,241,136,110,192,115,8,165,
    27,166,64,225,199,102,165,47,79,239,15,175,207,111,143,120,7,166,67,234,207,40,202,123,9,170,65,249,199,102,129,110,26,187,64,
    141,72,255,138,57,220,125,51,177,76,184,156,55,178,56,88,248,24,184,216,120,152,56,88,248,24,232,155,57,212,116,80,190,77,246,
    34,213,104,14,175,9,168,235,97,129,33,65,225,1,161,193,97,129,33,65,225,1,161,193,45,206,98,0,173,1,222,141,112,205,48,
    227,67,91,131,70,230,219,3,245,60,88,234,23,170,141,43,199,111,80,141,79,254,185,47,216,124,3,169,79,162,181,38,198,67,35,
    90,58,154,2,255,194,12,250,90,31,226,108,241,219,100,130,32,90,250,29,193,150,62,220,103,22,160,29,192,150,33,197,122,16,182,
    15,242,127,243,146,47,201,113,29,190,80,249,175,57,206,106,21,191,89,206,153,49,211,104,25,175,18,223,147,50,207,105,17,185,54,
    197,101,133,37,69,229,5,165,197,101,133,37,69,229,5,165,140,35,133,90,9,244,73,180,172,12,148,76,9,169,20,204,186,115,151,
    110,218,102,11,160,36,174,206,110,142,46,78,238,14,174,206,110,142,46,78,238,14,174,206,110,142,81,2,255,66,191,167,7,159,71,
    219,123,70,158,104,161,197,109,254,121,1,184,92,242,164,50,197,97,18,165,31,200,155,59,254,94,62,158,126,166,155,102,232,94,62,
    76,177,191,34,136,55,81,244,9,169,234,96,128,32,64,224,0,160,192,96,128,32,64,224,0,160,192,37,206,100,106,224,0,160,192,
    169,201,105,137,41,73,233,9,236,135,45,128,3,73,233,9,169,201,105,137,41,73,233,9,169,157,40,218,98,71,190,72,224,157,97,
    192,123,184,50,82,242,18,178,210,114,146,119,28,182,56,178,210,114,146,119,28,182,27,152,151,60,214,59,120,141,3,254,173,62,222,
    55,215,82,50,183,10,210,178,55,138,68,77,191,1,218,159,63,239,116,28,188,87,254,211,4,215,119,50,146,114,210,178,106,215,42,
    155,109,205,136,117,251,102,76,243,21,177,205,104,132,91,13,168,72,181,136,117,149,77,8,168,109,205,187,49,138,101,17,176,75,215,
    64,236,159,57,254,104,1,161,1,173,139,56,195,110,25,164,66,227,197,18,228,68,50,146,28,225,220,33,196,97,1,161,28,210,223,
    253,223,92,150,54,86,246,105,255,154,58,135,122,71,231,127,250,154,31,255,73,3,248,87,227,130,57,229,123,23,164,66,197,147,58,
    147,127,130,63,32,150,118,192,160,110,211,46,19,182,83,243,147,110,224,45,20,213,31,191,223,127,216,122,11,185,90,241,137,119,150,
    70,187,69,233,154,60,251,109,4,164,8,181,200,23,225,65,55,151,25,228,217,36,193,100,4,164,25,215,218,35,162,40,72,232,8,
    142,110,216,157,61,238,88,64,152,120,216,174,14,201,57,88,219,17,177,209,113,197,112,2,186,31,226,129,48,198,127,89,183,68,255,
    89,238,147,53,212,50,83,208,26,186,218,122,154,58,90,250,77,242,147,54,223,58,29,191,78,252,159,52,204,50,83,244,73,247,155,
    209,119,48,166,79,239,195,39,204,9,67,227,3,163,195,99,131,35,67,227,3,163,151,34,208,104,77,180,66,234,151,107,145,42,105,
    44,76,236,12,172,204,108,140,44,76,236,12,252,143,45,192,96,68,170,89,226,143,56,197,99,2,228,5,134,204,108,140,44,76,236,
    85,245,21,181,213,117,149,53,85,245,89,250,150,52,217,53,1,172,86,250,154,59,191,53,85,245,21,181,213,117,149,53,85,245,21,
    254,30,190,222,56,209,108,94,129,18,190,161,50,143,87,55,178,82,215,161,1,215,65,55,151,97,171,155,126,215,112,94,174,95,247,
    53,212,47,16,168,85,236,148,55,198,100,2,233,115,254,132,40,200,105,20,253,96,226,147,3,194,116,4,162,73,227,134,41,211,116,
    152,57,89,240,84,255,250,112,144,48,80,240,16,176,208,112,144,48,80,240,16,176,208,112,144,48,80,185,86,176,175,60,129,89,57,
    117,21,144,102,198,144,6,240,80,38,236,92,183,183,56,212,124,89,228,4,185,166,53,213,80,48,144,112,208,200,53,136,70,48,144,
    238,211,29,192,42,85,243,20,171,194,35,204,102,66,157,78,179,171,11,206,110,43,157,125,235,189,11,235,93,87,167,24,203,145,3,
    195,20,199,103,34,130,98,194,162,122,199,58,52,130,98,231,218,20,201,35,92,250,28,162,194,107,202,101,15,235,3,248,159,57,194,
    58,211,58,18,189,90,240,220,11,216,37,61,157,88,248,189,11,235,125,43,157,125,203,193,49,154,68,21,166,81,250,128,122,250,117,
    208,120,81,253,98,241,145,20,244,84,52,148,12,241,204,2,244,84,17,236,98,255,213,106,140,37,84,244,29,242,143,125,206,105,15,
    79,232,129,104,192,111,8,162,14,217,138,119,239,79,10,170,111,217,185,47,249,79,47,153,19,227,200,22,199,116,3,168,82,168,168,
    238,130,42,131,47,48,163,67,198,166,6,230,70,94,163,30,208,166,6,195,62,48,173,7,184,222,118,134,38,70,239,78,225,139,111,
    167,52,137,81,49,180,84,209,167,7,209,71,49,145,103,173,157,118,238,121,20,173,93,184,197,101,152,127,25,181,93,182,168,52,217,
    24,164,83,242,207,13,206,98,0,173,113,237,128,56,196,115,79,143,64,236,132,97,213,105,4,175,43,161,193,97,129,33,65,225,1,
    234,10,170,202,106,138,42,74,234,10,170,202,106,138,42,74,190,83,233,133,37,196,42,87,234,117,230,219,3,227,102,6,131,117,213,
    90,204,186,26,236,38,22,253,99,242,129,54,221,103,121,243,19,179,211,115,147,51,83,243,19,179,211,115,147,51,83,243,19,179,211,
    188,220,124,156,126,14,185,93,247,246,124,156,60,92,252,28,188,220,124,156,60,92,252,28,188,220,124,156,60,92,185,82,248,246,124,
    37,69,229,5,165,197,101,133,37,69,229,5,165,197,101,192,107,1,207,5,165,197,101,133,37,69,229,5,165,197,101,133,37,69,229,
    7,168,14,250,151,45,193,97,0,238,79,224,138,110,218,119,13,161,65,224,212,8,199,96,10,136,71,252,157,58,237,102,7,162,74,
    255,104,251,155,30,254,94,62,158,6,251,198,8,254,94,27,230,104,245,223,96,133,39,94,254,23,227,159,50,217,29,87,247,23,183,
    96,128,32,64,224,0,160,192,96,128,32,64,224,0,160,192,44,207,99,1,172,0,227,149,51,212,111,13,165,82,138,192,96,128,32,
    137,41,73,233,9,169,201,105,137,41,73,233,9,169,201,105,207,102,27,233,118,165,201,22,197,56,32,128,69,229,160,22,246,96,54,
    91,59,141,7,247,210,59,220,50,2,179,91,224,129,122,198,107,17,189,93,252,220,22,215,115,30,183,64,225,154,59,194,40,53,183,
    15,152,83,242,151,63,201,126,21,243,18,178,219,63,212,17,91,251,27,187,219,123,155,59,91,251,27,187,219,123,155,59,91,251,27,
    196,100,132,36,68,173,66,164,187,40,149,77,45,168,72,205,187,27,205,91,45,141,123,177,129,126,237,119,37,236,123,232,136,13,237,
    4,228,68,92,161,28,210,164,4,193,60,50,175,5,186,223,124,132,36,77,172,67,233,205,18,193,60,36,132,65,225,164,18,242,100,
    233,95,63,137,3,243,216,6,196,127,27,183,68,239,166,55,196,98,86,183,88,242,214,9,218,39,63,159,90,250,191,9,233,127,41,
    86,54,128,10,250,209,15,205,118,18,190,77,230,175,62,205,107,81,145,94,242,154,127,130,34,95,128,83,243,182,22,246,86,54,238,
    228,217,23,225,65,4,249,119,234,192,127,154,58,65,232,92,224,141,38,162,40,72,232,8,168,200,104,136,40,72,232,8,168,200,104,
    209,113,145,49,81,241,17,177,209,113,145,49,81,178,68,226,133,62,220,116,3,241,12,177,174,61,128,88,56,189,93,216,174,14,216,
    5,243,83,37,239,95,144,218,122,154,58,90,250,26,186,218,122,154,58,90,250,26,186,218,122,154,58,90,250,26,186,218,122,154,58,
    161,81,230,130,40,169,35,67,227,3,163,195,99,131,35,67,227,3,163,195,99,131,35,67,227,3,163,195,99,131,102,13,167,41,163,
    12,172,204,108,140,44,76,236,12,172,204,108,140,44,76,236,12,172,204,41,194,104,102,236,12,172,204,108,140,44,76,236,12,172,204,
    181,213,117,149,53,85,245,21,252,147,117,214,96,6,161,90,248,144,39,149,97,29,176,91,159,213,117,149,53,85,245,21,181,213,117,
    222,126,158,62,94,254,30,190,222,126,158,62,94,254,82,241,157,63,210,62,33,183,82,242,146,55,215,47,79,129,82,175,161,106,219,
    71,250,7,228,146,52,211,104,10,162,85,189,160,34,211,70,19,179,85,238,133,50,211,98,79,152,75,235,174,14,238,78,46,246,75,
    225,111,217,185,60,129,79,18,248,7,162,195,121,153,42,47,153,92,252,193,60,220,89,28,225,92,207,153,15,133,124,88,242,11,178,
    16,147,217,121,153,57,89,249,25,185,217,121,153,57,89,249,25,185,217,121,153,57,89,249,25,185,149,54,218,120,21,249,102,198,166,
    206,51,14,174,75,179,142,115,203,75,43,157,22,228,194,127,130,93,11,174,78,179,142,115,147,75,14,174,107,203,189,55,140,111,11,
    101,56,174,71,231,187,57,194,104,14,235,68,249,203,123,161,43,75,235,11,171,203,107,139,43,75,235,11,171,203,107,139,43,75,235,
    84,244,20,180,212,56,219,119,21,184,20,231,145,56,209,119,0,177,80,215,149,38,190,52,84,244,20,180,212,116,148,52,84,244,20,
    253,29,189,221,125,157,61,93,253,29,189,221,49,210,126,28,177,29,240,156,37,237,111,20,190,88,189,192,125,141,23,93,253,29,189,
    102,134,38,70,230,6,166,198,102,134,38,70,230,6,166,198,102,134,38,70,160,73,244,198,25,138,38,57,170,23,207,175,42,202,79,
    240,80,6,144,102,198,176,122,202,47,6,161,15,255,142,38,221,124,71,189,74,254,154,38,221,106,71,168,78,226,138,117,232,106,27,
    75,29,170,78,241,155,61,144,71,20,180,113,209,177,17,241,41,20,233,103,209,177,52,137,71,26,240,15,170,204,113,145,54,60,185,
    245,128,111,226,96,19,146,73,238,145,4,207,117,19,168,68,242,200,111,226,96,19,178,104,239,178,41,206,113,72,225,69,238,235,97,
    202,106,138,42,74,234,10,170,202,106,138,42,74,234,10,170,202,106,138,42,74,234,10,170,202,106,138,99,12,234,117,230,219,3,227,
    63,223,90,44,140,90,204,186,26,236,38,22,253,99,225,154,48,214,69,18,191,70,246,211,50,221,119,83,140,95,162,186,26,223,127,
    245,67,35,181,99,213,181,3,137,121,82,140,78,245,159,57,234,125,16,169,89,188,194,124,200,115,18,169,81,254,153,46,148,67,21,
    73,233,137,44,204,52,84,154,73,180,186,113,192,94,84,152,12,165,132,43,193,37,58,169,20,204,172,41,201,76,58,154,76,218,172,
    199,177,123,203,32,62,188,71,237,139,24,207,98,27,171,14,178,206,58,193,96,27,163,76,235,156,102,241,103,2,162,66,231,135,127,
    198,8,219,38,40,227,82,204,197,10,158,55,3,191,82,249,253,119,151,55,87,247,23,183,215,119,151,55,87,247,23,183,215,119,151,
    64,224,0,160,192,96,128,32,64,224,0,160,192,96,201,102,64,159,76,177,169,9,204,108,41,159,127,233,191,9,233,95,85,165,14,
    153,91,224,138,44,255,104,5,188,76,169,215,116,137,86,54,150,69,184,133,37,192,56,5,248,64,192,160,22,157,111,73,168,71,237,
    18,205,158,99,251,91,30,190,123,205,173,59,237,91,59,141,7,247,220,2,192,123,17,183,100,243,158,39,215,50,76,242,95,243,138,
    203,137,50,216,126,91,175,83,254,149,81,155,59,91,251,27,187,219,123,155,59,91,251,27,187,219,123,155,59,91,251,27,187,219,123,
    36,68,228,4,164,196,100,132,36,68,228,4,233,133,60,244,118,13,167,65,164,217,100,251,104,85,141,109,232,136,13,251,91,13,155,
    36,132,114,184,136,99,253,127,4,174,72,219,140,33,216,104,103,237,13,173,205,109,141,45,77,237,13,173,205,109,141,45,77,237,13,
    246,22,182,214,118,150,54,86,246,22,182,214,118,150,54,86,246,22,229,147,58,211,117,2,179,82,213,151,36,150,43,86,137,90,167,
    118,214,147,51,246,64,32,182,96,214,182,0,138,122,117,255,31,191,223,127,159,63,95,255,31,191,223,127,159,63,95,255,31,191,223,
    136,40,72,232,8,168,200,104,136,40,72,232,77,230,140,66,136,40,72,232,8,168,200,104,136,40,72,232,8,168,200,104,136,40,72,
    49,81,241,17,177,209,113,145,49,20,191,85,155,209,113,145,49,81,241,17,177,209,113,145,49,81,241,17,177,209,113,145,49,81,241,
    90,250,95,244,158,80,154,58,90,250,26,186,218,122,154,58,90,250,26,186,218,122,154,58,90,250,26,186,218,122,211,124,90,169,95,
    143,38,192,119,6,167,96,226,145,99,215,107,6,173,41,163,195,99,131,35,67,227,3,163,195,99,131,35,67,227,3,163,195,99,131,
    108,140,44,76,236,12,172,204,32,195,111,13,160,12,211,179,37,192,96,0,253,29,229,133,125,243,83,88,171,12,177,204,43,205,97,
    208,47,50,176,65,198,144,39,195,124,22,176,29,202,153,57,252,92,60,156,124,164,153,100,234,92,60,185,4,202,151,125,130,39,64,
    55,87,240,108,251,147,49,202,123,13,240,122,251,159,50,219,108,13,182,87,238,189,43,205,106,17,179,91,236,189,49,208,106,12,177,
    235,139,34,213,41,41,151,100,207,134,41,195,107,2,181,45,167,199,103,135,39,71,231,7,167,199,103,135,39,71,231,7,167,199,103,
    208,112,144,48,80,240,16,176,208,60,223,115,17,188,16,207,175,25,217,124,65,185,92,161,185,97,239,36,24,240,13,176,147,37,195,
    45,214,116,28,171,3,222,156,45,248,109,13,171,80,251,140,45,220,49,38,181,85,208,176,16,240,80,72,181,8,198,176,16,213,40,
    157,64,170,213,112,148,43,75,200,2,162,194,98,130,34,66,226,2,162,194,98,130,34,66,226,2,162,194,98,130,34,66,226,2,162,
    11,171,180,20,194,103,7,167,26,186,130,34,154,84,52,255,76,177,173,34,217,110,56,174,89,253,142,57,131,112,48,148,71,231,162,
    221,189,29,253,37,24,229,107,221,189,56,133,75,22,252,3,166,195,125,233,52,73,244,107,248,152,29,253,93,61,157,5,248,197,11,
    180,20,209,44,34,191,21,170,207,101,148,49,93,134,98,241,145,20,244,84,52,148,12,241,204,2,244,84,17,236,98,255,213,106,143,
    95,239,123,166,219,102,249,89,47,175,74,183,143,42,151,79,87,153,18,238,155,111,172,38,70,230,6,166,198,102,134,38,70,230,6,
    239,15,175,207,111,143,47,79,239,15,175,207,111,143,47,79,187,78,252,132,97,216,110,6,187,7,191,193,122,134,5,79,239,15,175,
    24,184,216,120,152,56,88,248,24,184,216,120,152,56,88,248,24,184,216,120,152,56,88,248,103,199,145,52,212,116,73,233,81,241,201,
    254,94,85,166,27,199,136,51,196,82,4,179,87,228,147,105,218,11,65,225,1,161,193,97,129,33,65,225,1,161,193,97,129,33,65,
    42,74,234,10,170,202,106,138,42,74,234,10,170,202,106,241,85,6,166,99,195,163,3,227,59,6,251,117,195,163,38,155,85,8,226,
    68,224,3,186,174,115,142,51,44,140,122,250,159,98,218,127,66,154,2,204,199,59,159,25,83,243,19,179,211,115,147,51,83,243,19,
    252,28,188,220,124,156,60,92,252,28,188,220,124,156,60,92,252,28,188,220,124,231,67,16,176,117,213,181,21,245,45,16,237,99,213,
    12,201,52,58,167,13,178,214,116,140,88,69,248,5,218,137,41,236,76,44,140,108,180,137,116,250,76,44,169,20,218,135,109,146,54,
    156,39,66,196,14,174,206,110,142,46,78,238,14,174,206,110,142,46,78,238,14,174,206,110,142,46,78,238,14,174,206,110,142,46,78,
    55,44,136,91,251,190,30,254,94,62,230,91,166,168,30,254,123,70,136,85,191,192,100,132,62,42,247,10,183,140,93,151,55,87,247,
    160,192,96,128,32,64,224,0,160,192,96,128,32,64,224,0,160,192,96,128,32,64,224,0,160,192,96,128,32,64,224,0,219,191,44,
    133,0,224,64,32,128,24,229,216,22,224,64,5,248,118,235,193,126,154,61,64,148,9,180,201,58,204,101,12,170,93,236,141,10,200,
    32,156,91,22,254,56,178,210,114,146,50,82,242,18,178,210,114,146,50,82,242,18,178,210,114,146,50,82,242,18,178,210,114,146,50,
    155,59,91,251,27,187,219,0,228,119,23,146,114,210,178,18,138,119,74,132,114,210,151,106,228,121,83,236,8,174,210,6,155,38,91,
    71,241,151,48,203,105,1,182,30,195,129,48,229,112,16,182,77,230,145,48,193,44,59,168,72,205,173,13,237,77,85,168,21,219,173,
    196,129,124,242,111,69,250,30,187,196,100,129,7,77,237,13,173,205,109,141,45,77,237,13,173,205,109,141,45,77,237,13,173,205,109,
    214,118,150,54,86,246,22,182,214,118,150,54,86,246,109,201,154,58,255,95,63,159,127,167,154,103,233,95,63,186,7,201,148,126,129,
    108,136,54,34,255,2,191,156,42,204,107,16,178,90,237,197,24,218,107,62,171,75,237,150,61,202,107,26,247,96,243,147,22,246,86,
    129,97,185,132,121,247,65,33,164,25,215,138,96,159,59,80,225,1,164,226,104,136,40,72,232,8,168,200,104,136,40,72,232,8,168,
    17,177,209,113,145,49,81,241,17,177,209,113,145,49,81,241,17,177,209,113,145,74,46,189,93,216,184,24,248,88,64,189,0,206,184,
    211,150,107,229,120,82,237,9,163,211,7,154,39,90,185,79,233,142,53,215,127,8,224,125,255,142,27,206,110,8,179,88,239,142,63,
    43,60,175,79,202,170,10,234,74,82,175,18,220,170,10,207,50,60,161,11,180,215,115,138,42,79,201,3,163,195,99,131,35,67,227,
    76,236,12,172,204,108,140,44,76,236,12,172,204,108,140,44,76,236,12,172,204,108,140,44,76,236,12,172,183,19,192,96,37,133,101,
    156,124,164,153,100,234,92,60,185,4,202,151,125,130,33,68,252,104,181,200,117,214,96,6,161,90,248,144,39,143,82,16,161,116,225,
    74,236,151,60,203,106,27,246,97,242,146,23,247,87,55,151,15,242,207,1,247,87,18,239,97,252,214,105,138,44,87,247,52,190,222,
    135,39,71,231,7,167,199,103,135,39,71,231,7,167,199,103,135,39,71,231,7,167,199,103,135,39,71,231,7,167,154,77,135,39,71,
    48,80,240,16,176,208,112,144,48,80,240,16,176,208,112,144,48,80,240,16,176,208,112,144,48,13,249,58,176,208,112,144,48,80,240,
    89,249,25,185,217,121,153,57,89,249,25,185,217,121,153,57,89,249,25,185,217,45,216,106,18,247,78,248,144,45,145,41,87,236,16,
    232,98,130,34,66,226,2,162,194,98,130,34,66,226,2,162,194,98,130,34,66,226,2,162,194,98,130,34,66,157,125,235,142,46,206,
    122,154,98,2,250,116,212,223,44,145,77,2,185,78,216,142,57,221,110,25,227,80,208,180,39,199,66,34,130,98,194,218,39,154,84,
    253,93,24,229,107,246,220,99,128,39,93,137,20,169,212,11,216,120,61,157,125,221,189,101,216,37,43,157,125,248,197,11,214,60,67,
    41,73,244,17,189,166,2,209,113,52,148,116,212,180,108,209,44,34,148,116,241,204,2,223,53,74,233,8,180,160,125,128,61,34,130,
    207,143,42,151,111,10,247,111,183,185,114,206,123,79,204,6,166,198,102,134,38,70,230,6,166,198,102,134,38,70,230,6,166,198,102,
    207,111,143,47,10,161,75,133,207,111,143,47,79,239,15,175,207,111,143,47,79,239,15,175,207,111,143,47,10,161,75,133,207,111,143,
    120,152,56,88,248,24,184,216,120,152,56,88,248,93,246,156,82,152,56,88,248,24,184,216,120,152,56,88,248,93,246,156,113,178,56,
    225,1,161,193,97,129,33,4,175,69,139,193,97,129,33,4,175,69,168,235,36,207,101,72,203,126,176,141,30,205,109,13,173,104,200,
    70,187,163,3,198,59,53,252,78,176,171,46,206,89,15,169,94,227,133,36,130,85,6,166,99,195,163,3,227,59,6,251,117,195,163,
    255,194,12,209,59,68,231,5,186,218,89,236,34,31,140,95,255,159,63,250,90,31,226,122,218,159,98,236,37,23,233,114,247,151,7,
    153,36,200,94,19,164,20,195,144,48,245,85,53,149,117,173,144,109,227,85,53,176,13,195,158,116,139,40,75,245,16,188,163,53,208,
    9,244,73,180,212,12,201,105,44,140,122,240,203,38,202,107,22,176,72,224,172,49,192,104,73,229,67,240,139,38,209,108,10,171,13,
    184,79,226,199,68,142,46,78,238,71,232,206,56,207,98,78,175,64,234,206,56,207,98,78,176,19,174,204,108,142,122,6,171,64,132,
    23,183,215,119,151,55,87,247,104,254,155,59,134,123,70,230,126,251,155,30,254,72,2,249,84,248,153,36,194,122,18,158,67,242,154,
    128,61,64,182,65,236,234,96,128,32,64,224,0,160,192,31,255,73,12,172,127,201,209,9,233,73,63,159,88,168,201,74,128,32,64,
    41,12,167,77,131,140,39,205,32,99,150,24,229,182,37,197,101,5,128,96,229,216,0,224,101,88,150,31,237,211,8,205,109,61,166,
    21,181,94,247,218,13,222,126,59,155,123,219,187,99,222,35,45,155,123,254,195,13,208,58,69,230,10,187,222,114,237,123,30,190,3,
    183,10,170,178,55,215,82,50,132,78,181,154,46,207,116,56,180,85,232,142,54,222,55,91,189,78,245,152,47,210,116,21,243,100,210,
    13,251,91,85,168,21,232,141,40,200,104,85,155,22,239,205,78,132,36,68,228,123,237,136,40,149,104,85,245,109,232,136,13,237,91,
    216,35,12,184,89,226,174,34,195,126,24,160,72,173,208,109,242,68,36,146,114,188,129,124,193,100,1,161,65,188,178,127,198,7,77,
    54,86,246,81,243,130,48,211,120,0,254,31,184,151,35,194,121,53,185,88,229,131,59,211,54,75,246,105,223,191,9,233,39,26,231,
    19,182,83,243,147,110,224,45,20,213,31,191,223,127,224,64,54,179,83,192,182,110,246,86,54,128,96,231,215,118,181,63,95,255,31,
    156,41,219,99,70,187,88,233,159,38,128,110,29,166,75,252,129,39,198,32,65,194,8,168,200,104,136,40,72,232,95,224,129,36,205,
    113,214,116,5,183,84,255,135,121,152,63,16,164,69,254,178,62,223,98,4,188,84,177,149,62,187,49,81,241,17,177,209,113,145,49,
    154,58,90,170,89,251,150,54,146,124,15,180,89,238,147,53,212,50,83,208,26,186,218,122,154,58,90,250,26,186,218,122,154,58,90,
    3,239,140,32,194,111,67,156,79,178,143,114,234,74,82,138,79,239,210,10,252,53,81,227,30,163,132,34,206,102,89,132,70,247,176,
    233,158,58,197,111,9,228,115,224,128,5,229,69,37,133,29,224,221,19,229,69,0,253,115,238,196,123,152,53,69,229,2,222,137,33,
    154,33,208,102,91,134,80,231,131,60,214,112,6,251,118,250,155,38,192,120,20,183,89,240,166,48,199,99,28,182,80,199,144,56,218,
    42,219,109,80,157,81,240,141,43,211,123,116,254,30,190,222,126,158,62,94,254,30,190,222,126,158,62,94,183,88,190,161,50,143,114,
    246,110,206,214,14,203,107,86,142,120,177,213,103,211,111,2,169,45,167,199,103,135,39,71,231,7,167,199,103,135,39,71,231,7,167,
    16,176,208,15,220,33,28,225,121,217,193,25,220,124,65,153,111,166,194,106,249,126,6,191,91,245,163,53,194,102,21,162,24,207,153,
    245,149,104,213,40,72,144,85,245,176,16,230,108,87,186,86,247,138,44,212,124,48,173,92,244,208,83,153,57,89,249,25,185,217,121,
    34,66,226,2,162,194,98,130,103,12,166,40,162,194,98,130,34,66,226,2,162,194,98,130,103,12,166,11,136,194,98,130,34,66,226,
    75,235,11,171,203,107,223,106,24,160,5,252,138,34,223,35,89,226,33,171,203,107,139,43,75,235,11,238,133,47,161,43,75,235,11,
    177,90,240,221,94,209,122,16,253,62,203,197,56,235,120,24,184,88,221,189,56,133,93,61,184,5,203,194,48,142,85,16,176,96,241,
    69,233,191,50,197,53,34,177,81,212,180,20,244,84,76,177,12,194,180,20,209,44,34,191,21,170,200,109,148,49,93,130,84,241,145,
    151,106,87,247,111,234,138,15,239,89,19,232,86,243,148,37,206,103,21,163,111,242,131,43,138,38,0,179,72,229,146,47,201,104,78,
    121,14,163,6,133,207,111,143,47,6,169,15,249,142,35,143,110,1,171,15,249,142,35,143,113,82,239,13,173,207,59,199,106,1,197,
    88,248,24,184,216,120,152,56,39,177,84,244,201,52,137,41,49,180,84,209,177,7,205,54,8,173,74,251,144,57,203,125,49,172,93,
    140,97,156,33,23,160,77,139,193,97,129,33,65,225,1,161,190,30,232,109,13,158,104,176,168,8,232,94,62,185,9,168,235,97,129,
    106,138,111,4,174,32,239,132,46,131,0,53,251,70,213,134,38,198,102,35,131,70,187,163,3,198,59,53,252,78,176,171,46,206,94,
    220,116,20,191,86,187,172,63,223,90,58,154,122,218,194,63,130,76,58,154,95,162,172,49,155,36,70,226,26,191,211,12,218,127,31,
    45,16,237,13,213,144,48,245,85,35,169,18,253,137,40,211,76,9,174,95,244,157,47,217,48,92,186,73,242,159,40,213,115,18,244,
    218,172,12,250,90,84,169,20,233,140,41,201,105,84,154,23,238,204,79,133,37,69,229,122,236,137,41,148,105,84,244,108,233,137,12,
    167,17,219,32,15,187,90,225,190,59,220,109,6,175,93,235,206,115,142,81,39,135,113,209,223,34,159,98,7,162,66,226,223,17,156,
    60,189,55,87,247,23,240,146,35,209,114,25,161,31,190,217,54,194,99,24,135,66,229,148,63,214,100,18,247,10,183,168,30,254,72,
    159,17,236,209,44,201,108,12,172,17,223,210,43,170,32,64,224,0,223,191,9,204,108,63,137,17,201,169,9,255,95,24,232,9,138,
    9,169,201,105,221,104,26,162,7,250,153,40,222,103,65,175,92,231,138,61,192,102,7,225,0,131,201,105,137,41,73,233,9,169,158,
    250,155,62,215,50,21,183,70,244,151,60,196,58,91,252,83,231,134,61,226,103,0,177,90,243,129,55,146,118,29,216,18,178,210,114,
    219,123,155,59,91,251,27,187,139,56,218,119,23,243,93,238,149,56,207,114,20,181,19,178,241,123,155,59,91,251,27,187,219,123,155,
    68,228,4,164,196,100,211,101,22,170,12,219,136,40,237,77,45,141,109,181,136,117,251,77,45,168,21,219,134,108,147,49,86,237,13,
    199,13,173,205,109,141,45,77,237,13,173,205,109,200,99,9,228,39,173,205,109,141,45,77,237,13,173,205,109,141,121,12,190,70,163,
    65,247,159,34,158,35,95,220,22,182,214,118,150,54,86,246,83,248,146,92,150,54,86,246,83,248,146,127,188,115,24,178,31,156,169,
    174,147,0,211,115,19,179,118,214,147,110,246,86,19,238,96,169,155,101,254,123,27,139,80,248,152,51,218,55,32,179,83,214,182,22,
    65,33,249,68,185,183,1,225,100,89,151,74,160,223,125,155,33,68,232,78,233,132,59,205,36,72,174,93,230,139,60,193,103,6,224,
    46,152,120,206,174,96,221,32,29,184,93,253,157,96,238,35,26,248,59,177,209,113,145,118,20,165,87,244,159,39,153,56,95,179,93,
    181,89,241,187,52,219,118,3,174,83,249,137,122,135,58,37,147,115,197,165,107,214,43,22,179,86,246,150,107,229,40,17,208,26,186,
    99,131,119,2,176,72,173,144,51,194,116,13,235,69,246,141,32,215,106,12,173,11,170,233,99,131,35,67,227,3,163,195,52,203,106,
    192,105,76,171,73,248,138,41,194,122,68,229,2,238,128,35,207,103,45,162,77,224,149,56,197,111,31,236,72,227,230,108,140,44,76,
    53,85,245,21,181,213,117,149,97,20,166,94,187,130,52,220,97,93,228,5,188,255,117,149,53,85,245,21,181,213,48,219,113,127,245,
    94,254,30,251,144,58,151,20,27,176,90,183,244,1,143,114,33,178,82,242,146,23,247,114,79,151,119,242,207,1,136,122,68,159,90,
    131,5,210,115,19,168,73,175,184,43,203,78,46,142,110,206,214,43,150,88,46,142,75,182,184,37,143,48,82,243,14,171,199,33,210,
    62,211,100,25,191,94,184,217,90,144,48,80,240,64,226,153,62,196,56,47,188,92,217,185,25,249,89,65,188,1,207,185,25,220,33,
    230,123,81,238,12,172,208,112,179,57,89,249,25,245,150,58,216,117,89,191,76,247,154,45,208,118,23,249,102,240,176,16,240,80,38,
    78,179,142,115,203,93,61,244,68,170,146,35,208,103,12,182,14,162,139,44,198,103,12,182,11,136,194,98,130,34,66,226,2,162,139,
    229,143,46,197,127,75,246,11,226,133,47,206,101,31,235,68,249,203,105,137,1,75,235,11,171,203,107,139,43,13,164,89,171,180,103,
    212,55,220,125,24,176,20,253,154,116,196,117,29,166,71,188,132,53,198,113,26,160,14,211,145,32,247,124,29,184,80,230,145,58,156,
    116,148,61,25,178,55,189,221,125,157,61,93,253,29,189,221,125,157,116,27,253,94,245,148,49,217,39,52,174,124,181,162,49,209,84,
    143,111,207,175,119,202,55,57,143,111,234,215,25,196,46,81,243,16,175,207,102,201,116,70,165,78,239,138,34,156,79,21,135,14,217,
    67,227,166,6,230,70,38,254,67,190,176,6,230,99,94,144,77,167,216,122,152,38,70,239,64,253,207,44,199,102,3,171,21,198,156,
    217,208,7,212,116,49,145,113,209,177,105,212,41,39,145,113,244,201,7,218,48,79,237,0,177,209,120,204,112,29,182,50,184,216,120,
    33,65,225,1,161,193,97,129,33,65,225,1,161,145,51,200,111,21,233,72,239,133,36,207,117,65,239,15,161,130,41,200,109,5,251,
    45,175,94,204,159,38,198,68,11,167,79,162,195,99,160,42,74,234,10,170,202,106,138,42,74,234,10,239,132,46,160,42,74,234,10,
    243,19,179,211,115,147,51,83,186,85,179,208,48,219,122,31,183,9,212,150,39,240,123,26,191,87,225,150,61,155,58,83,237,19,163,
    28,232,148,57,210,22,92,252,28,188,220,124,156,60,92,252,28,188,220,124,156,60,35,181,117,213,181,21,227,112,77,176,13,245,163,
    250,51,3,237,70,237,140,41,193,41,69,172,75,225,128,43,209,37,75,235,5,167,197,101,135,44,111,229,5,165,197,101,133,37,69,
    46,78,238,14,235,128,42,164,46,78,238,14,174,206,110,142,107,0,170,36,174,206,110,142,107,0,170,36,174,206,110,142,81,7,135,
    62,158,126,200,155,102,219,38,30,136,104,161,145,127,208,118,26,178,13,208,146,35,228,114,5,161,94,244,146,127,232,123,27,158,126,
    169,9,233,49,12,241,127,201,169,44,145,95,2,232,23,181,217,105,137,41,106,224,0,160,192,48,210,105,14,180,8,223,140,44,233,
    0,224,64,32,248,69,184,182,0,224,101,88,150,75,161,222,127,153,32,64,195,76,231,141,96,163,86,88,165,118,229,133,37,197,64,
    251,126,67,155,123,254,195,13,132,118,72,147,86,246,176,39,198,102,29,188,26,205,158,62,251,91,59,155,123,163,158,99,237,91,59,
    119,74,132,89,179,204,109,138,50,87,251,93,238,149,56,207,114,20,181,19,178,241,123,155,59,91,132,100,210,151,55,228,82,74,146,
    205,173,27,251,124,76,237,46,164,196,100,132,116,22,173,74,240,204,27,200,104,45,141,109,205,173,117,200,53,59,141,109,232,213,27,
    143,101,154,59,95,228,4,135,136,35,201,36,103,146,28,225,178,33,193,97,1,132,100,225,220,4,228,97,92,146,27,233,215,12,201,
    50,244,99,2,162,89,248,222,9,218,122,63,159,127,223,191,103,218,39,41,159,127,250,199,9,212,62,65,224,5,191,218,118,208,99,
    209,124,11,182,80,241,215,118,181,63,95,255,31,192,150,0,211,86,78,150,118,243,147,110,224,105,87,246,53,191,223,127,159,111,13,
    65,230,156,96,247,100,4,129,97,193,161,1,153,100,89,151,97,193,132,121,247,106,64,255,30,188,193,97,162,109,6,172,1,130,226,
    155,251,54,212,101,23,180,95,231,217,120,159,78,56,189,0,206,157,96,248,88,56,152,93,253,174,96,238,37,70,241,12,177,174,56,
    150,54,139,118,75,235,115,246,150,19,243,69,15,244,94,232,147,44,223,73,10,191,95,254,240,61,223,110,28,191,84,236,210,115,148,
    17,162,64,230,176,51,198,102,7,227,30,163,188,42,207,111,82,175,18,178,170,47,207,74,42,156,86,173,145,34,192,102,48,179,70,
    169,72,134,139,41,216,106,9,162,90,164,197,98,243,96,93,160,64,211,128,125,192,61,0,160,101,224,221,19,152,99,76,241,12,211,
    92,249,153,100,217,36,68,156,89,249,188,28,234,96,91,177,80,249,156,35,208,103,12,134,65,244,135,38,191,114,16,161,83,240,155,
    232,214,119,144,109,19,191,82,242,155,44,158,35,94,129,87,242,146,111,210,47,79,151,82,242,183,23,225,107,80,186,91,242,151,40,
    98,21,190,106,238,137,10,200,105,2,190,45,224,130,51,193,98,9,177,15,174,201,37,206,96,0,162,85,167,218,103,248,110,11,171,
    65,188,1,161,185,60,220,89,57,143,69,190,148,53,220,121,6,181,66,233,189,49,200,93,31,190,85,233,250,55,213,100,22,181,94,
    175,17,176,215,62,203,120,15,249,4,185,142,54,203,114,10,169,88,250,156,119,254,107,24,175,80,237,128,83,179,105,11,176,87,237,
    106,253,110,14,139,107,203,171,11,147,110,83,157,107,203,142,115,253,96,74,245,20,183,203,107,168,8,66,226,2,162,135,44,198,8,
    214,1,28,163,66,231,142,107,244,66,2,130,98,194,180,20,226,103,7,148,116,185,153,107,213,54,75,251,11,239,132,65,139,43,75,
    52,24,187,87,245,152,116,235,103,0,177,68,180,201,116,235,93,61,184,5,248,197,11,235,120,24,139,5,203,198,39,239,75,61,189,
    52,148,116,194,162,20,209,113,34,130,15,239,160,87,157,61,93,253,84,251,221,2,206,105,24,173,29,233,149,56,211,23,93,253,29,
    198,102,134,38,70,153,111,239,175,15,239,89,57,143,74,234,185,25,148,116,70,251,6,182,236,102,134,38,70,230,6,166,198,25,213,
    59,202,127,71,230,37,175,207,111,143,106,3,188,74,133,207,111,143,47,79,239,15,175,141,61,202,110,4,197,15,175,207,111,202,97,
    220,18,29,182,92,146,148,55,219,121,20,248,103,252,157,59,215,97,39,237,9,169,216,101,152,48,30,173,86,251,140,49,215,118,80,
    8,161,147,36,213,116,19,175,1,169,135,52,207,98,21,168,78,239,201,104,129,115,4,181,84,243,143,97,149,57,84,247,1,228,143,
    238,195,106,207,100,14,227,2,163
}

local _1i_II_1IIi_me = (getgenv and getgenv()) or (getfenv and getfenv()) or _G
local _Il1IIIIl__l_mb = {}
local _1lll1llIIiII_mc = {}

local _ilII_iIl1l_mg = function(a, b)
    local res = 0
    local p = 1
    while a > 0 or b > 0 do
        local bitA, bitB = a % 2, b % 2
        if bitA ~= bitB then res = res + p end
        a = math.floor(a / 2)
        b = math.floor(b / 2)
        p = p * 2
    end
    return res
end

local _il1l1iiiIIIIII_mh = function(bc, k, s, m)
    local out = {}
    local len = #bc
    for i = 1, len do
        local raw = bc[i]
        local mask = (k + (((i - 1) % m) * s) + ((i - 1) * 3)) % 256
        out[i] = string.char(_ilII_iIl1l_mg(raw, mask))
    end
    return table.concat(out)
end

local _1_II_llIll1ll_md = {
    [13308] = "OP_LOADK",
    [21507] = "OP_LOADBOOL",
    [41197] = "OP_GETG",
    [29661] = "OP_SETG",
    [35564] = "OP_GETTABLE",
    [44096] = "OP_SETTABLE",
    [16794] = "OP_SELF",
    [16353] = "OP_CALL",
    [42354] = "OP_RET",
    [45491] = "OP_NEWTABLE",
    [44544] = "OP_MOVE",
    [45828] = "OP_ADD",
    [39068] = "OP_CONCAT",
    [11485] = "OP_JMP",
    [13228] = "OP_JMPIF",
    [47224] = "OP_SPAWN"
}

local _1Iil_1lll1_mf = function()
    local _vm_ctx = {
        PC = 1,
        Key = 105,
        Salt = 93,
        Mod = 35,
        Registers = _Il1IIIIl__l_mb,
        Stack = _1lll1llIIiII_mc,
        Env = _1i_II_1IIi_me,
        Halted = false
    }

    local _stream = _il1l1iiiIIIIII_mh(_II_lll1l1_l1i_m9, _vm_ctx.Key, _vm_ctx.Salt, _vm_ctx.Mod)
    local _executor_fn
    if syn and syn.run_secure then
        _executor_fn = syn.run_secure(_stream)
    elseif newcclosure and (identifyexecutor or checkcaller) then
        local chunk = (loadstring or load)(_stream)
        if chunk then
            if setfenv then pcall(setfenv, chunk, _1i_II_1IIi_me) end
            _executor_fn = newcclosure(chunk)
        end
    else
        local chunk = (loadstring or load)(_stream)
        if chunk then
            if setfenv then pcall(setfenv, chunk, _1i_II_1IIi_me) end
            _executor_fn = chunk
        end
    end

    if _executor_fn then
        return _executor_fn()
    else
        error("[Hardware Fault] Execution Failure")
    end
end

return _1Iil_1lll1_mf()
end)(...)